date,pair,open,high,low,close
2023-01-03,USDEGP,30.4812,30.5486,30.3962,30.437224241834127
2023-01-04,USDEGP,30.1865,30.2276,30.0607,30.21410248260819
2023-01-05,USDEGP,30.1834,30.223,30.1328,30.21972040591552
2023-01-06,USDEGP,30.4435,30.4759,30.3348,30.47331123324789
2023-01-09,USDEGP,30.6222,30.67,30.5968,30.648722654160927
2023-01-10,USDEGP,31.0649,31.2233,31.0047,31.14314922756221
2023-01-11,USDEGP,31.3379,31.4317,31.327,31.34017117702461
2023-01-12,USDEGP,31.1459,31.1985,31.1197,31.18464119383805
2023-01-13,USDEGP,31.4421,31.4582,31.2964,31.43179095308525
2023-01-16,USDEGP,31.4144,31.4993,31.284,31.373685991322
2023-01-17,USDEGP,31.5394,31.6005,31.3923,31.505665198838837
2023-01-18,USDEGP,31.5306,31.6295,31.5152,31.517430738283387
2023-01-19,USDEGP,31.2778,31.3062,31.2232,31.267694163353664
2023-01-20,USDEGP,31.1488,31.2007,31.121,31.154463737334652
2023-01-23,USDEGP,31.4775,31.5627,31.3911,31.4505825642602
2023-01-24,USDEGP,31.649,31.7331,31.6187,31.667
2023-01-25,USDEGP,31.4162,31.5025,31.3073,31.48079737798757
2023-01-26,USDEGP,31.4788,31.4973,31.4305,31.43266735437722
2023-01-27,USDEGP,31.1674,31.2342,31.1363,31.206392353834364
2023-01-30,USDEGP,31.6103,31.7446,31.501,31.65166878830672
2023-01-31,USDEGP,31.974,32.1492,31.9236,32.011564043918625
2023-02-01,USDEGP,31.8287,31.8859,31.8177,31.878945867988985
2023-02-02,USDEGP,32.4026,32.5087,32.3219,32.362823536331575
2023-02-03,USDEGP,32.8087,32.8527,32.7929,32.81813442951701
2023-02-07,USDEGP,32.4732,32.5105,32.4458,32.494475387907684
2023-02-08,USDEGP,32.3443,32.3586,32.2935,32.354175431447494
2023-02-10,USDEGP,31.7568,31.8157,31.6884,31.7406
2023-02-13,USDEGP,31.8823,31.9102,31.8599,31.91006002997229
2023-02-14,USDEGP,32.3676,32.3843,32.2881,32.34544994537276
2023-02-15,USDEGP,32.7616,32.7875,32.6819,32.748127220772616
2023-02-17,USDEGP,32.7692,32.888,32.7157,32.79251739191443
2023-02-20,USDEGP,32.6619,32.7282,32.5401,32.656406008080666
2023-02-22,USDEGP,32.6826,32.7502,32.632,32.67239453399486
2023-02-23,USDEGP,33.0578,33.1418,33.0234,33.08968369247919
2023-02-24,USDEGP,32.7303,32.7818,32.7279,32.7716
2023-02-27,USDEGP,32.0531,32.0898,32.0169,32.03820811529432
2023-02-28,USDEGP,31.4113,31.4211,31.3223,31.36590106564824
2023-03-01,USDEGP,30.9836,31.0204,30.9505,30.9684
2023-03-02,USDEGP,31.624,31.6959,31.5384,31.6361388070762
2023-03-06,USDEGP,31.9148,31.969,31.8856,31.886210169331942
2023-03-07,USDEGP,31.5455,31.5711,31.4989,31.53600622687689
2023-03-08,USDEGP,32.2193,32.2752,32.1925,32.24892353881741
2023-03-09,USDEGP,31.6729,31.7575,31.6671,31.673813825214165
2023-03-10,USDEGP,31.9582,32.0179,31.8719,31.896286581945898
2023-03-13,USDEGP,32.2983,32.3132,32.2241,32.30672540677563
2023-03-14,USDEGP,32.244,32.3462,32.2106,32.2982979027943
2023-03-15,USDEGP,32.091,32.2197,31.9505,32.149108550415406
2023-03-16,USDEGP,32.1267,32.1441,32.0814,32.10487791505097
2023-03-17,USDEGP,32.1631,32.2524,32.123,32.177508357955126
2023-03-20,USDEGP,32.6698,32.7361,32.6658,32.67513364623171
2023-03-21,USDEGP,32.6055,32.6352,32.5331,32.620323491039066
2023-03-22,USDEGP,33.0836,33.1649,32.8939,33.07148979765644
2023-03-23,USDEGP,33.1449,33.2166,33.1386,33.18591913853494
2023-03-24,USDEGP,33.5423,33.5584,33.4395,33.51720085509472
2023-03-27,USDEGP,33.6104,33.6864,33.5502,33.6105541937383
2023-03-28,USDEGP,33.8939,33.9407,33.8056,33.87765880079994
2023-03-29,USDEGP,33.8141,33.8474,33.7778,33.8038581431717
2023-03-30,USDEGP,33.6928,33.7833,33.6243,33.652979723801906
2023-03-31,USDEGP,33.5431,33.5705,33.471,33.4902856308502
2023-04-03,USDEGP,33.8185,33.9584,33.6835,33.770104156165
2023-04-04,USDEGP,33.9414,33.9558,33.8705,33.87837149026028
2023-04-05,USDEGP,33.7425,33.8544,33.6404,33.75475332097984
2023-04-06,USDEGP,34.1332,34.1737,34.1,34.14546130876902
2023-04-07,USDEGP,34.5508,34.6529,34.5159,34.597636131051864
2023-04-10,USDEGP,34.5319,34.6394,34.4344,34.511542217977635
2023-04-11,USDEGP,34.5058,34.5418,34.4626,34.506811163190534
2023-04-12,USDEGP,34.1028,34.2495,34.0444,34.12799878700798
2023-04-13,USDEGP,34.2713,34.3076,34.185,34.249073676501794
2023-04-14,USDEGP,34.3329,34.3946,34.2803,34.34225583216621
2023-04-17,USDEGP,34.7762,34.821,34.7667,34.81478202655688
2023-04-18,USDEGP,34.2782,34.325,34.2194,34.27955895840581
2023-04-19,USDEGP,34.1822,34.337,34.1556,34.19875831500879
2023-04-20,USDEGP,33.5121,33.5371,33.4743,33.50391772879812
2023-04-21,USDEGP,33.3906,33.4583,33.3516,33.38759598377983
2023-04-24,USDEGP,33.4592,33.466,33.4098,33.429504624278934
2023-04-25,USDEGP,33.0989,33.1897,32.9783,33.12206313519984
2023-04-26,USDEGP,32.849,32.9422,32.7979,32.9117934926847
2023-04-27,USDEGP,33.2027,33.3039,33.15,33.18343659107073
2023-04-28,USDEGP,33.3999,33.4333,33.3259,33.359761957603425
2023-05-01,USDEGP,33.2524,33.4223,33.2257,33.2787442568045
2023-05-02,USDEGP,33.0588,33.1721,33.0486,33.072182921961456
2023-05-03,USDEGP,32.9331,33.0448,32.8201,32.9287086539779
2023-05-04,USDEGP,32.5961,32.6008,32.5206,32.592172469678246
2023-05-05,USDEGP,32.4572,32.5432,32.3968,32.47405881942717
2023-05-09,USDEGP,32.7948,32.82,32.601,32.81685375630691
2023-05-10,USDEGP,32.987,33.0117,32.9449,32.984656521826864
2023-05-11,USDEGP,33.2432,33.3493,33.1878,33.2625
2023-05-12,USDEGP,32.9153,32.9581,32.8757,32.94396587657003
2023-05-15,USDEGP,33.1477,33.2388,33.0587,33.09809138565546
2023-05-16,USDEGP,32.7595,32.8194,32.7306,32.782593012171844
2023-05-17,USDEGP,32.7723,32.8482,32.6784,32.83363583720465
2023-05-18,USDEGP,32.6706,32.6928,32.6588,32.662360283430225
2023-05-19,USDEGP,32.6443,32.6494,32.6,32.60828657103466
2023-05-22,USDEGP,32.7687,32.8689,32.7319,32.824901680724686
2023-05-23,USDEGP,32.9518,32.974,32.9096,32.9163664005144
2023-05-24,USDEGP,32.782,32.8907,32.7563,32.84574745104008
2023-05-25,USDEGP,32.3854,32.4019,32.328,32.371177415267304
2023-05-26,USDEGP,32.675,32.7252,32.5359,32.62447122533739
2023-05-29,USDEGP,32.2,32.2132,32.0856,32.1578963818147
2023-05-30,USDEGP,32.4438,32.6076,32.374,32.436578884980186
2023-05-31,USDEGP,32.5598,32.615,32.4921,32.5209
2023-06-01,USDEGP,32.6492,32.7371,32.6059,32.68807337916488
2023-06-02,USDEGP,32.2876,32.3357,32.2721,32.27822519983999
2023-06-05,USDEGP,32.2448,32.3103,32.2316,32.27073554384928
2023-06-06,USDEGP,32.1685,32.1812,32.1379,32.14818207206325
2023-06-07,USDEGP,32.048,32.0912,31.8762,31.99095119246517
2023-06-08,USDEGP,31.6953,31.6973,31.6803,31.6949068703691
2023-06-09,USDEGP,31.9096,31.9922,31.7772,31.90418916863569
2023-06-12,USDEGP,31.9424,32.0731,31.8599,31.96400283105305
2023-06-13,USDEGP,31.4205,31.441,31.3677,31.37221125130012
2023-06-14,USDEGP,31.1656,31.178,31.1426,31.17313125571689
2023-06-15,USDEGP,31.5962,31.6699,31.5574,31.614577740274125
2023-06-16,USDEGP,31.1086,31.2611,31.0645,31.140709883830358
2023-06-19,USDEGP,30.5413,30.5497,30.4914,30.494605406847548
2023-06-20,USDEGP,30.537,30.5882,30.4975,30.511487295838958
2023-06-21,USDEGP,31.0348,31.0611,30.9736,31.0289356543342
2023-06-23,USDEGP,31.3916,31.5355,31.3394,31.460932930897968
2023-06-26,USDEGP,32.0901,32.1019,32.0141,32.0926081513482
2023-06-27,USDEGP,31.7565,31.7766,31.6853,31.733620285216382
2023-06-28,USDEGP,31.8496,31.8823,31.8384,31.85116707822849
2023-06-30,USDEGP,31.6623,31.7181,31.6205,31.65966759048396
2023-07-03,USDEGP,30.9943,31.0751,30.9915,31.026495730488524
2023-07-04,USDEGP,30.6095,30.7333,30.5698,30.658
2023-07-05,USDEGP,30.4236,30.5637,30.4154,30.47327784694974
2023-07-06,USDEGP,30.797,30.9486,30.7598,30.7851
2023-07-07,USDEGP,30.8562,30.915,30.7489,30.83487577498799
2023-07-10,USDEGP,30.9841,31.0717,30.9108,30.996158492646508
2023-07-11,USDEGP,31.0288,31.0415,30.9946,30.995
2023-07-12,USDEGP,31.0622,31.1423,31.0331,31.04810083091941
2023-07-13,USDEGP,31.2928,31.3177,31.2465,31.28403725502
2023-07-14,USDEGP,31.3344,31.3932,31.2833,31.30817139820373
2023-07-17,USDEGP,31.2856,31.3368,31.2151,31.25587579722544
2023-07-19,USDEGP,31.8409,31.8775,31.7627,31.85873699229474
2023-07-20,USDEGP,31.3903,31.5046,31.3785,31.390496654003115
2023-07-21,USDEGP,31.4073,31.4111,31.2365,31.36490603720673
2023-07-24,USDEGP,31.6918,31.7535,31.6294,31.69658081279137
2023-07-25,USDEGP,31.8132,31.8259,31.6667,31.797368371189275
2023-07-26,USDEGP,31.872,31.9514,31.8563,31.914116329690497
2023-07-27,USDEGP,31.6567,31.7266,31.65,31.6507
2023-07-28,USDEGP,32.1269,32.209,32.0718,32.15232790923775
2023-07-31,USDEGP,31.8404,31.8683,31.7487,31.8215014851402
2023-08-01,USDEGP,31.7618,31.8568,31.6481,31.76863573468436
2023-08-02,USDEGP,31.8619,31.8806,31.7222,31.7768124143424
2023-08-03,USDEGP,32.0804,32.1515,32.0699,32.083884390036026
2023-08-04,USDEGP,32.0309,32.0909,31.9567,32.00348190885453
2023-08-07,USDEGP,32.5368,32.542,32.4977,32.53527069143647
2023-08-09,USDEGP,33.1091,33.1417,32.9705,33.06862822678294
2023-08-10,USDEGP,32.6116,32.673,32.5115,32.59109126537037
2023-08-11,USDEGP,32.2752,32.3531,32.2671,32.303865820234584
2023-08-14,USDEGP,32.5911,32.5986,32.5778,32.59516841371289
2023-08-15,USDEGP,33.1309,33.2336,33.0843,33.10494849257524
2023-08-16,USDEGP,32.9787,33.0441,32.9158,33.01909733376623
2023-08-17,USDEGP,32.88,33.0338,32.7842,32.90193291505231
2023-08-18,USDEGP,31.9811,32.0142,31.9053,31.9903
2023-08-22,USDEGP,32.168,32.2019,32.093,32.139604256710534
2023-08-23,USDEGP,32.4456,32.5526,32.4282,32.436917617922035
2023-08-24,USDEGP,32.2506,32.2879,32.2071,32.28282483400272
2023-08-25,USDEGP,32.3431,32.419,32.2818,32.368789737705974
2023-08-28,USDEGP,32.1296,32.1598,32.053,32.09389480201881
2023-08-29,USDEGP,31.9726,32.1152,31.9542,32.04668577348785
2023-08-30,USDEGP,31.6608,31.8118,31.5001,31.749861083678766
2023-09-01,USDEGP,31.6635,31.7728,31.5703,31.66106313243396
2023-09-04,USDEGP,31.8482,31.8674,31.7787,31.856573935062706
2023-09-06,USDEGP,31.8431,31.9575,31.8227,31.878617572416644
2023-09-07,USDEGP,31.7459,31.8434,31.578,31.811111416175542
2023-09-08,USDEGP,31.0652,31.0823,30.8857,31.022777307960187
2023-09-11,USDEGP,30.6418,30.7405,30.5927,30.6443078300462
2023-09-12,USDEGP,31.1594,31.2233,31.1137,31.14614105668164
2023-09-13,USDEGP,31.1725,31.2277,31.0984,31.15179434532252
2023-09-14,USDEGP,30.941,30.9796,30.8537,30.885813405885184
2023-09-15,USDEGP,30.7656,30.8378,30.7138,30.72002659456674
2023-09-18,USDEGP,30.382,30.432,30.3621,30.379796710861115
2023-09-19,USDEGP,30.5388,30.5776,30.5082,30.516948956037368
2023-09-20,USDEGP,31.102,31.1342,31.0513,31.11698942901453
2023-09-21,USDEGP,30.8245,30.8501,30.7496,30.79230895550328
2023-09-22,USDEGP,30.9465,30.9676,30.8394,30.95762274892113
2023-09-25,USDEGP,30.3941,30.4207,30.3764,30.38803573407459
2023-09-27,USDEGP,30.2497,30.3149,30.1942,30.251182564194423
2023-09-28,USDEGP,30.127,30.1366,30.0698,30.13517513013816
2023-09-29,USDEGP,30.4548,30.4804,30.3863,30.42365048720853
2023-10-02,USDEGP,30.5824,30.5969,30.5772,30.5811
2023-10-03,USDEGP,30.2607,30.3492,30.2026,30.212028994217352
2023-10-04,USDEGP,30.2283,30.2706,30.1434,30.2583
2023-10-05,USDEGP,30.3138,30.3318,30.2429,30.31093169156163
2023-10-06,USDEGP,29.9447,29.9881,29.8616,29.9441
2023-10-10,USDEGP,30.1681,30.213,30.0982,30.178702309618163
2023-10-11,USDEGP,29.9763,30.007,29.9403,30.000344753195098
2023-10-12,USDEGP,29.9936,30.1252,29.9651,29.98672129558474
2023-10-13,USDEGP,30.2966,30.3219,30.1825,30.266453726590267
2023-10-16,USDEGP,29.9575,29.9844,29.9305,29.9844049860244
2023-10-17,USDEGP,29.9806,30.0468,29.9315,29.95126162343653
2023-10-18,USDEGP,30.2208,30.2549,30.1913,30.23295744990284
2023-10-19,USDEGP,30.074,30.1227,30.0111,30.091286885760603
2023-10-20,USDEGP,29.7984,29.8124,29.7346,29.79313983486679
2023-10-23,USDEGP,29.8736,29.9562,29.8589,29.895814569455748
2023-10-24,USDEGP,29.9415,30.0648,29.917,29.96
2023-10-25,USDEGP,30.2021,30.2892,30.1961,30.203905963107317
2023-10-26,USDEGP,30.6371,30.8296,30.6238,30.68067855179028
2023-10-27,USDEGP,30.5047,30.5823,30.4998,30.553231432266163
2023-10-30,USDEGP,30.6283,30.7268,30.581,30.64498866123536
2023-10-31,USDEGP,30.6532,30.7355,30.5041,30.69525940435487
2023-11-01,USDEGP,30.5378,30.5838,30.521,30.538798501924717
2023-11-02,USDEGP,30.9333,31.0874,30.8171,30.90760373844935
2023-11-03,USDEGP,30.8959,30.9696,30.8463,30.897230780663573
2023-11-06,USDEGP,31.1656,31.1994,31.1622,31.163284756989174
2023-11-07,USDEGP,31.1343,31.2116,31.1121,31.11684936891392
2023-11-08,USDEGP,31.6455,31.707,31.6233,31.661894802553302
2023-11-09,USDEGP,31.1133,31.1459,31.0579,31.120849747214912
2023-11-10,USDEGP,30.7631,30.8475,30.7139,30.80281668935389
2023-11-13,USDEGP,30.8616,30.9366,30.8307,30.891565693673023
2023-11-14,USDEGP,30.6363,30.6889,30.5388,30.682006171777072
2023-11-15,USDEGP,31.0359,31.1143,31.0184,31.0317
2023-11-16,USDEGP,30.7174,30.8283,30.6376,30.685417097142324
2023-11-17,USDEGP,30.6509,30.7364,30.6325,30.691071918711597
2023-11-20,USDEGP,30.4392,30.5122,30.4076,30.43851414024484
2023-11-21,USDEGP,30.9019,30.9485,30.7965,30.8958
2023-11-22,USDEGP,30.9614,31.0077,30.9287,30.949123040220705
2023-11-24,USDEGP,30.814,30.8605,30.734,30.8174
2023-11-27,USDEGP,31.1104,31.1236,31.0828,31.085974002587957
2023-11-28,USDEGP,31.3441,31.43,31.2349,31.32995795496862
2023-11-29,USDEGP,31.1363,31.1515,31.0317,31.07420137375344
2023-11-30,USDEGP,31.4008,31.4538,31.3578,31.3885404396484
2023-12-01,USDEGP,31.5374,31.6196,31.5038,31.581337857693068
2023-12-05,USDEGP,32.4236,32.5227,32.2531,32.41220785972957
2023-12-06,USDEGP,33.0042,33.0346,32.9964,33.032857677850984
2023-12-07,USDEGP,33.4858,33.5696,33.4063,33.52084079809413
2023-12-08,USDEGP,33.984,34.1031,33.9126,33.9485229186554
2023-12-11,USDEGP,33.5917,33.6211,33.5146,33.5966093671952
2023-12-12,USDEGP,33.512,33.6382,33.4716,33.58252018327683
2023-12-13,USDEGP,33.7566,33.8467,33.6698,33.71727136980498
2023-12-14,USDEGP,33.3427,33.4238,33.2996,33.315596705277216
2023-12-15,USDEGP,32.9123,32.9345,32.8981,32.911226966326446
2023-12-18,USDEGP,32.8659,32.9106,32.8506,32.91050601218254
2023-12-19,USDEGP,32.2336,32.2599,32.077,32.20593859019063
2023-12-20,USDEGP,32.2022,32.2936,32.1346,32.16987767739174
2023-12-21,USDEGP,32.3347,32.3666,32.2339,32.36274074538674
2023-12-22,USDEGP,32.6393,32.775,32.6109,32.65753603992022
2023-12-25,USDEGP,33.1489,33.2167,33.0071,33.16374695822072
2023-12-26,USDEGP,33.1291,33.1812,33.0431,33.132544468163715
2023-12-27,USDEGP,33.2009,33.2282,33.1319,33.21937214635929
2023-12-28,USDEGP,33.2778,33.3452,33.1502,33.29600723574018
2023-12-29,USDEGP,33.1732,33.2174,33.0901,33.10940291289292
2024-01-01,USDEGP,32.5726,32.6563,32.5085,32.58034077319598
2024-01-02,USDEGP,33.3795,33.4276,33.2787,33.3996905345169
2024-01-03,USDEGP,33.7258,33.7674,33.6651,33.72302010933914
2024-01-04,USDEGP,33.9277,33.9459,33.8451,33.84583780097495
2024-01-05,USDEGP,34.1682,34.1818,34.122,34.13945034871559
2024-01-08,USDEGP,34.6727,34.8862,34.6542,34.70926617627001
2024-01-09,USDEGP,34.7954,34.8946,34.7137,34.77479120987654
2024-01-10,USDEGP,34.9797,35.0121,34.9759,34.98223226204824
2024-01-11,USDEGP,34.8566,34.9163,34.7584,34.794149469379285
2024-01-12,USDEGP,34.209,34.2809,34.1091,34.151356724565375
2024-01-15,USDEGP,34.3048,34.4031,34.1869,34.31772799870044
2024-01-16,USDEGP,34.2514,34.3696,34.1778,34.20054087950248
2024-01-17,USDEGP,34.2676,34.3748,34.2502,34.33274878820076
2024-01-18,USDEGP,34.5573,34.6552,34.472,34.59896034314721
2024-01-19,USDEGP,34.8598,34.9203,34.8559,34.884776049638475
2024-01-22,USDEGP,34.9345,34.9707,34.86,34.881791818306894
2024-01-23,USDEGP,34.6427,34.7626,34.6157,34.65541943798496
2024-01-24,USDEGP,34.9607,35.0341,34.9416,34.96151867234995
2024-01-25,USDEGP,34.7162,34.7831,34.667,34.7458
2024-01-26,USDEGP,34.6404,34.7517,34.6139,34.67315901158279
2024-01-29,USDEGP,35.1113,35.1487,35.0778,35.092910242913085
2024-01-30,USDEGP,34.8803,35.0052,34.716,34.80898452198439
2024-01-31,USDEGP,34.8217,34.9331,34.8056,34.83184863426339
2024-02-01,USDEGP,34.3958,34.4698,34.3129,34.362472427271186
2024-02-02,USDEGP,34.8258,34.9063,34.7757,34.85406014320422
2024-02-05,USDEGP,34.8758,34.9424,34.8394,34.88963006592451
2024-02-06,USDEGP,34.5827,34.5975,34.5665,34.582472275999656
2024-02-07,USDEGP,34.7017,34.7701,34.6666,34.73899465621878
2024-02-08,USDEGP,35.153,35.2384,35.074,35.10520454039078
2024-02-09,USDEGP,35.2402,35.2615,35.1707,35.18739826474382
2024-02-12,USDEGP,34.9738,34.9773,34.9185,34.962814117309044
2024-02-13,USDEGP,35.2679,35.3343,35.2066,35.31594210261383
2024-02-15,USDEGP,35.1619,35.2606,35.1546,35.19189294015314
2024-02-16,USDEGP,34.8416,34.9114,34.7711,34.8261
2024-02-19,USDEGP,35.1085,35.1568,34.9701,35.10011630407088
2024-02-20,USDEGP,34.7124,34.7911,34.6572,34.69325687951936
2024-02-21,USDEGP,34.9296,35.0024,34.8655,34.952843593835205
2024-02-22,USDEGP,34.9432,35.0699,34.9255,34.971772192424204
2024-02-23,USDEGP,34.8939,34.9844,34.8054,34.91074940586471
2024-02-26,USDEGP,34.973,35.0323,34.9335,35.02225431009632
2024-02-28,USDEGP,35.0187,35.0711,34.9341,34.99664705660647
2024-03-01,USDEGP,35.0622,35.0822,35.0571,35.05758341083272
2024-03-04,USDEGP,35.4208,35.4323,35.3551,35.387065045441815
2024-03-05,USDEGP,35.2654,35.4235,35.1737,35.239846198913455
2024-03-06,USDEGP,35.3285,35.3301,35.2912,35.32787413471542
2024-03-07,USDEGP,35.3567,35.4091,35.333,35.363056584537574
2024-03-08,USDEGP,35.4574,35.4617,35.3702,35.41346866203087
2024-03-11,USDEGP,35.2948,35.401,35.176,35.3688
2024-03-12,USDEGP,34.5013,34.5176,34.4774,34.5102437355449
2024-03-13,USDEGP,34.1858,34.2437,34.148,34.207964202010274
2024-03-14,USDEGP,34.3481,34.3657,34.274,34.307188227643806
2024-03-15,USDEGP,33.9296,33.9501,33.862,33.891175028014985
2024-03-18,USDEGP,34.1355,34.3104,34.0137,34.088492077003934
2024-03-19,USDEGP,34.4445,34.5441,34.3549,34.415486232261046
2024-03-20,USDEGP,34.6791,34.8283,34.6095,34.71887826763172
2024-03-21,USDEGP,34.9968,35.0038,34.9288,34.9654
2024-03-22,USDEGP,34.952,35.0128,34.9071,34.97641518219796
2024-03-25,USDEGP,35.3317,35.4131,35.1291,35.38053174521762
2024-03-26,USDEGP,35.2981,35.3706,35.2931,35.3340423062993
2024-03-27,USDEGP,35.266,35.2717,35.2496,35.262239084219914
2024-03-28,USDEGP,35.0569,35.1958,34.9854,35.13232270794797
2024-03-29,USDEGP,35.2374,35.3914,35.1507,35.194978340460146
2024-04-01,USDEGP,35.1327,35.2398,35.088,35.14702302026372
2024-04-02,USDEGP,35.269,35.3175,35.2541,35.27189995684403
2024-04-03,USDEGP,35.6689,35.7084,35.6352,35.65682104076759
2024-04-04,USDEGP,35.7871,35.8835,35.7687,35.905160520383795
2024-04-05,USDEGP,36.2236,36.2883,36.1424,36.1535
2024-04-08,USDEGP,36.1715,36.2211,36.1148,36.13778341662218
2024-04-09,USDEGP,36.5472,36.6543,36.4474,36.54966075298227
2024-04-10,USDEGP,36.6276,36.6482,36.4714,36.643849310898666
2024-04-11,USDEGP,36.3157,36.3668,36.248,36.31775823724762
2024-04-12,USDEGP,36.6785,36.7603,36.5831,36.6803
2024-04-15,USDEGP,36.4389,36.512,36.4286,36.50466598375141
2024-04-16,USDEGP,36.6097,36.6104,36.54,36.566349978323125
2024-04-18,USDEGP,36.3876,36.4836,36.3674,36.41355818101659
2024-04-19,USDEGP,36.1464,36.1874,36.0833,36.10557993958777
2024-04-22,USDEGP,36.0965,36.1174,35.9808,36.084694335234495
2024-04-23,USDEGP,35.8169,35.8326,35.6225,35.764173074714336
2024-04-24,USDEGP,35.5808,35.6568,35.5183,35.6256
2024-04-25,USDEGP,36.2999,36.4298,36.1944,36.25815349471121
2024-04-26,USDEGP,36.3989,36.4158,36.3369,36.41369804481445
2024-04-29,USDEGP,36.8276,36.8752,36.8157,36.8525341038901
2024-04-30,USDEGP,37.0297,37.1183,36.9391,37.06141443305402
2024-05-01,USDEGP,36.9912,37.0856,36.9651,37.04176883852402
2024-05-02,USDEGP,36.7293,36.838,36.5712,36.66557669260146
2024-05-03,USDEGP,37.0922,37.2001,37.0102,37.1415
2024-05-06,USDEGP,37.4824,37.569,37.4595,37.52797928104627
2024-05-07,USDEGP,38.38,38.6307,38.3778,38.46739119629709
2024-05-08,USDEGP,38.6767,38.7001,38.5999,38.6868386605945
2024-05-09,USDEGP,37.8755,37.9027,37.8301,37.88457827952162
2024-05-10,USDEGP,37.5238,37.5527,37.4474,37.451305725349954
2024-05-13,USDEGP,37.0062,37.0287,36.9549,36.99312057857425
2024-05-14,USDEGP,36.7747,36.8604,36.6963,36.80824966935834
2024-05-15,USDEGP,36.0987,36.2383,36.0325,36.14828884225958
2024-05-16,USDEGP,36.4228,36.561,36.3711,36.37603130306893
2024-05-17,USDEGP,36.5183,36.5597,36.4606,36.52605847742708
2024-05-20,USDEGP,36.1533,36.2641,36.1511,36.17538110661512
2024-05-21,USDEGP,36.2647,36.3338,36.154,36.26712902728848
2024-05-22,USDEGP,36.4488,36.4782,36.3427,36.36590137919298
2024-05-23,USDEGP,35.535,35.6461,35.4739,35.5443
2024-05-24,USDEGP,36.0145,36.131,35.8614,35.97601120680028
2024-05-27,USDEGP,35.9941,36.0568,35.8625,36.04176757530984
2024-05-28,USDEGP,35.8572,35.9646,35.8381,35.840638558049314
2024-05-29,USDEGP,35.4744,35.5446,35.3667,35.40708914097208
2024-05-30,USDEGP,35.755,35.8804,35.6784,35.79642212646983
2024-05-31,USDEGP,35.5807,35.6298,35.5155,35.53542625529001
2024-06-04,USDEGP,34.7378,34.8442,34.7345,34.74477219432596
2024-06-05,USDEGP,35.1108,35.1477,35.0227,35.062552773054584
2024-06-07,USDEGP,34.2061,34.3166,34.1442,34.18361189948816
2024-06-11,USDEGP,34.1568,34.1826,34.0909,34.160463286756865
2024-06-12,USDEGP,34.591,34.6936,34.5671,34.6279
2024-06-13,USDEGP,34.5209,34.5336,34.4076,34.491
2024-06-14,USDEGP,34.5507,34.5953,34.4786,34.54346008118415
2024-06-17,USDEGP,34.5919,34.6354,34.5906,34.6056389884767
2024-06-18,USDEGP,34.6067,34.6366,34.3952,34.5923236287184
2024-06-19,USDEGP,34.4766,34.5965,34.4546,34.53811162646448
2024-06-20,USDEGP,34.4343,34.465,34.3688,34.40800625096286
2024-06-21,USDEGP,34.5947,34.6705,34.4912,34.60619767098936
2024-06-24,USDEGP,34.432,34.5486,34.3905,34.478156672474405
2024-06-25,USDEGP,34.4964,34.6416,34.3813,34.45345596109865
2024-06-27,USDEGP,35.5435,35.6388,35.5387,35.56058883754767
2024-07-01,USDEGP,34.9427,34.9635,34.8356,34.933799473422255
2024-07-02,USDEGP,34.9926,35.0141,34.925,34.9386
2024-07-03,USDEGP,35.1203,35.2444,35.0355,35.114942556648856
2024-07-04,USDEGP,34.7375,34.7599,34.6749,34.73451524068381
2024-07-05,USDEGP,34.8558,34.9578,34.7999,34.887921456708085
2024-07-08,USDEGP,35.5999,35.6182,35.569,35.605425388727845
2024-07-09,USDEGP,35.8295,35.9239,35.7925,35.84
2024-07-10,USDEGP,35.0872,35.156,35.0783,35.08209167902571
2024-07-11,USDEGP,35.3169,35.3605,35.2892,35.3079319989466
2024-07-12,USDEGP,35.5834,35.6896,35.5766,35.59374907095638
2024-07-15,USDEGP,35.2457,35.2507,35.1905,35.22759143160277
2024-07-16,USDEGP,34.5701,34.6427,34.4901,34.5553
2024-07-17,USDEGP,34.3906,34.4948,34.3404,34.37053624531072
2024-07-18,USDEGP,34.7349,34.7978,34.6456,34.77243378091352
2024-07-19,USDEGP,34.7897,34.8161,34.7734,34.78687640943659
2024-07-22,USDEGP,34.8602,34.8609,34.7405,34.8092885677278
2024-07-23,USDEGP,34.5339,34.6368,34.3356,34.45146806859555
2024-07-24,USDEGP,34.5412,34.5556,34.5145,34.54244219074564
2024-07-25,USDEGP,34.6374,34.6473,34.5353,34.64516077349867
2024-07-26,USDEGP,34.648,34.7005,34.5725,34.627143780270146
2024-07-29,USDEGP,34.3811,34.4435,34.2969,34.37188916569973
2024-07-30,USDEGP,34.7254,34.8555,34.5989,34.72965248050099
2024-07-31,USDEGP,34.4116,34.6059,34.3251,34.44637919851746
2024-08-01,USDEGP,34.536,34.5763,34.5225,34.54611348935673
2024-08-02,USDEGP,34.718,34.799,34.5674,34.70620152023519
2024-08-05,USDEGP,35.3983,35.4598,35.3039,35.4195
2024-08-06,USDEGP,35.2556,35.3136,35.2225,35.29622169891697
2024-08-07,USDEGP,35.4198,35.44,35.375,35.415591019497256
2024-08-08,USDEGP,35.1471,35.1662,35.1129,35.1528
2024-08-09,USDEGP,34.8998,34.9519,34.7324,34.91841493140107
2024-08-12,USDEGP,34.4303,34.4685,34.3364,34.39174690045107
2024-08-13,USDEGP,34.6691,34.6859,34.6638,34.6688
2024-08-14,USDEGP,34.8405,34.9181,34.7832,34.80295657602893
2024-08-15,USDEGP,34.1223,34.1937,34.0637,34.16030030565892
2024-08-16,USDEGP,34.5273,34.659,34.4656,34.55592251013845
2024-08-19,USDEGP,34.8246,34.8372,34.7334,34.808451963999445
2024-08-20,USDEGP,34.7211,34.7383,34.6601,34.706479538591125
2024-08-21,USDEGP,35.0465,35.1048,34.9468,34.9813278837055
2024-08-22,USDEGP,35.2069,35.2929,35.0607,35.15824008509529
2024-08-23,USDEGP,35.0433,35.0827,35.0167,35.06572831541276
2024-08-26,USDEGP,35.6635,35.7602,35.6392,35.65714062386657
2024-08-27,USDEGP,36.2191,36.3309,36.1641,36.18688343265512
2024-08-28,USDEGP,36.1926,36.3003,36.1489,36.19755273398485
2024-08-29,USDEGP,36.2942,36.3125,36.2445,36.26661241308168
2024-08-30,USDEGP,36.5687,36.7175,36.4259,36.60020647040167
2024-09-02,USDEGP,36.0574,36.0589,35.9783,36.0380895714386
2024-09-03,USDEGP,36.4773,36.5237,36.4138,36.50475210571947
2024-09-04,USDEGP,36.9148,36.9372,36.8234,36.82544818433723
2024-09-05,USDEGP,36.4204,36.5106,36.2934,36.36945183497971
2024-09-06,USDEGP,37.1542,37.1793,37.064,37.09847948551031
2024-09-09,USDEGP,36.6168,36.7126,36.5872,36.678776701152
2024-09-10,USDEGP,36.3332,36.4498,36.315,36.3550234322644
2024-09-11,USDEGP,37.0332,37.1305,37.0166,37.07106849520348
2024-09-12,USDEGP,37.2765,37.3751,37.2752,37.29897967831275
2024-09-13,USDEGP,37.5932,37.6999,37.4946,37.63552124225849
2024-09-16,USDEGP,37.8389,38.0191,37.6933,37.90704926625067
2024-09-17,USDEGP,37.8399,37.8821,37.621,37.8322
2024-09-18,USDEGP,37.2728,37.3748,37.1976,37.29290678098166
2024-09-19,USDEGP,37.2204,37.261,37.1765,37.1923326951946
2024-09-20,USDEGP,38.0892,38.1138,38.0411,38.04284029151256
2024-09-23,USDEGP,38.1543,38.2061,38.1407,38.170432589148376
2024-09-24,USDEGP,39.0337,39.0671,38.9728,39.03174621977539
2024-09-25,USDEGP,39.5846,39.5864,39.5316,39.582665168511774
2024-09-26,USDEGP,40.0723,40.1694,39.9905,40.11132370465703
2024-09-27,USDEGP,40.0239,40.0422,39.8988,40.00081189817769
2024-09-30,USDEGP,39.8453,39.9387,39.7073,39.78068086514725
2024-10-01,USDEGP,39.2183,39.2363,39.1362,39.222367956653954
2024-10-02,USDEGP,39.246,39.3749,39.1498,39.19987854050036
2024-10-03,USDEGP,39.1999,39.334,39.1105,39.24878369271646
2024-10-04,USDEGP,38.7591,38.8928,38.7522,38.764294430073576
2024-10-07,USDEGP,39.5235,39.6135,39.4614,39.50982979102022
2024-10-08,USDEGP,39.2691,39.3215,39.1662,39.3018922917396
2024-10-10,USDEGP,39.1494,39.2821,39.1486,39.21599484577381
2024-10-11,USDEGP,38.7647,38.7964,38.7374,38.73922612717684
2024-10-14,USDEGP,38.8165,38.9951,38.7074,38.82142882820308
2024-10-15,USDEGP,38.2771,38.3712,38.1262,38.33387787170196
2024-10-16,USDEGP,38.3868,38.4958,38.3047,38.4552871647208
2024-10-17,USDEGP,38.6139,38.6833,38.6131,38.63422805687603
2024-10-18,USDEGP,38.5269,38.6434,38.4592,38.59434675640442
2024-10-21,USDEGP,38.9125,39.0723,38.8874,38.90806116808375
2024-10-22,USDEGP,39.0246,39.0761,39.024,39.0265927795787
2024-10-23,USDEGP,39.5052,39.6698,39.3774,39.50172282934076
2024-10-24,USDEGP,40.0877,40.0934,40.0128,40.084334304133606
2024-10-25,USDEGP,40.2862,40.4086,40.1479,40.318833054875896
2024-10-28,USDEGP,40.0412,40.0747,39.9125,40.07206930509287
2024-10-29,USDEGP,40.4968,40.567,40.3937,40.45953564641263
2024-10-30,USDEGP,40.5717,40.6079,40.5123,40.60082512790176
2024-10-31,USDEGP,41.0597,41.0629,41.0409,41.04435740802221
2024-11-01,USDEGP,40.6867,40.727,40.6657,40.66831689316911
2024-11-04,USDEGP,41.0275,41.0832,40.9629,40.98943088710109
2024-11-05,USDEGP,40.685,40.8223,40.6809,40.78384817507834
2024-11-06,USDEGP,41.2371,41.2652,41.1654,41.23083892807946
2024-11-07,USDEGP,41.3175,41.3727,41.3152,41.339849485510754
2024-11-08,USDEGP,41.4028,41.4428,41.3795,41.38502349044221
2024-11-11,USDEGP,41.7251,41.8336,41.6094,41.71995451854926
2024-11-12,USDEGP,42.7854,42.8144,42.7404,42.780078972644255
2024-11-13,USDEGP,41.9623,42.0,41.7558,41.891989035726695
2024-11-14,USDEGP,42.5895,42.6305,42.5493,42.5542
2024-11-15,USDEGP,42.395,42.4755,42.299,42.36998566150147
2024-11-18,USDEGP,42.131,42.3212,42.044,42.157142898970186
2024-11-19,USDEGP,42.2373,42.2585,42.1424,42.15635708845008
2024-11-20,USDEGP,42.3902,42.448,42.3195,42.40557456836471
2024-11-21,USDEGP,42.3327,42.4274,42.2767,42.4154
2024-11-22,USDEGP,42.0424,42.0797,41.9971,42.059706994376455
2024-11-25,USDEGP,42.1662,42.2085,42.0904,42.18365581253039
2024-11-26,USDEGP,42.2633,42.3275,42.1342,42.23256092119122
2024-11-27,USDEGP,41.8964,42.0168,41.8332,41.95099280652871
2024-11-28,USDEGP,41.9152,41.9622,41.9012,41.91901584570447
2024-11-29,USDEGP,41.5202,41.5555,41.501,41.52664957911456
2024-12-02,USDEGP,42.3211,42.343,42.1359,42.2614954362118
2024-12-03,USDEGP,42.4003,42.5342,42.2921,42.45158531135722
2024-12-04,USDEGP,43.2847,43.3603,43.2148,43.22788350184173
2024-12-05,USDEGP,43.4288,43.4638,43.3888,43.4009
2024-12-06,USDEGP,43.6082,43.7413,43.519,43.65641725028252
2024-12-09,USDEGP,43.7856,43.8395,43.7515,43.81009876035259
2024-12-10,USDEGP,43.5609,43.7761,43.532,43.6181
2024-12-11,USDEGP,43.9617,44.0183,43.8121,44.00549365268165
2024-12-12,USDEGP,43.2857,43.4218,43.2453,43.40154459800911
2024-12-13,USDEGP,42.5602,42.58,42.4989,42.55423920564343
2024-12-16,USDEGP,42.4254,42.6256,42.3239,42.43158172936921
2024-12-17,USDEGP,42.501,42.7207,42.4143,42.5901000423256
2024-12-18,USDEGP,43.2459,43.4029,43.1733,43.19144252046164
2024-12-19,USDEGP,43.6715,43.7169,43.6129,43.65248105662265
2024-12-20,USDEGP,43.5644,43.6158,43.4548,43.58378170320136
2024-12-23,USDEGP,43.8535,43.9475,43.8432,43.8633
2024-12-24,USDEGP,43.5423,43.6241,43.5343,43.54008301783235
2024-12-25,USDEGP,43.0712,43.0996,42.9943,43.02338017197216
2024-12-26,USDEGP,42.6389,42.7756,42.5343,42.61521443239168
2024-12-27,USDEGP,41.9716,42.1392,41.886,41.98413443624194
2024-12-30,USDEGP,42.3032,42.4318,42.0548,42.15634439211318
2024-12-31,USDEGP,42.5333,42.5578,42.4811,42.55439919770996
2025-01-01,USDEGP,42.309,42.3735,42.0844,42.2565
2025-01-02,USDEGP,42.4533,42.649,42.3699,42.52475452475272
2025-01-03,USDEGP,42.1115,42.3067,41.9693,42.07362983860073
2025-01-06,USDEGP,41.7375,41.782,41.619,41.68194802717823
2025-01-07,USDEGP,41.8609,41.9869,41.8316,41.90462368468929
2025-01-08,USDEGP,42.9295,42.9696,42.7786,42.92807577850844
2025-01-09,USDEGP,42.5579,42.6705,42.4907,42.51838891509934
2025-01-10,USDEGP,42.5252,42.612,42.4132,42.45829772505426
2025-01-13,USDEGP,42.7898,42.848,42.7788,42.80330503732069
2025-01-14,USDEGP,43.0723,43.1139,43.0283,43.110597775793615
2025-01-15,USDEGP,43.5925,43.8167,43.5199,43.64158755032356
2025-01-16,USDEGP,43.7513,43.8963,43.7174,43.75192211340387
2025-01-17,USDEGP,44.1486,44.1634,44.0051,44.12758683591795
2025-01-20,USDEGP,44.1161,44.1779,44.0436,44.10260100421526
2025-01-21,USDEGP,43.927,43.9724,43.8294,43.91368760858664
2025-01-22,USDEGP,44.6835,44.7251,44.6336,44.68670872395708
2025-01-23,USDEGP,45.1442,45.243,45.0838,45.1998187487966
2025-01-24,USDEGP,45.9411,45.9915,45.9074,45.92675837011073
2025-01-27,USDEGP,45.8854,45.989,45.8843,45.92708479411835
2025-01-28,USDEGP,46.0068,46.1734,45.7889,45.948967032218434
2025-01-29,USDEGP,45.1661,45.3269,45.1257,45.20029887217561
2025-01-30,USDEGP,45.9454,45.9515,45.8448,45.90905183599278
2025-01-31,USDEGP,45.959,45.9643,45.7825,45.93280489206843
2025-02-03,USDEGP,45.5188,45.7003,45.4234,45.56075657427444
2025-02-04,USDEGP,46.1647,46.2591,46.1634,46.18907883080262
2025-02-05,USDEGP,45.8481,45.9661,45.8368,45.85529716739496
2025-02-06,USDEGP,45.9243,46.0501,45.8577,45.9817
2025-02-07,USDEGP,45.7951,45.8964,45.713,45.7526780402017
2025-02-10,USDEGP,46.2771,46.4061,46.106,46.30884036297428
2025-02-11,USDEGP,47.046,47.0813,47.0459,47.07298797010157
2025-02-12,USDEGP,46.4735,46.6428,46.3955,46.54936969211709
2025-02-13,USDEGP,46.5648,46.6327,46.5153,46.599130059450864
2025-02-14,USDEGP,46.5974,46.638,46.5761,46.636034267998326
2025-02-17,USDEGP,47.7876,47.8697,47.7669,47.76769948292776
2025-02-18,USDEGP,48.7773,48.8973,48.7052,48.780300890879225
2025-02-19,USDEGP,49.1146,49.1855,49.0753,49.15258538693725
2025-02-20,USDEGP,49.3497,49.3686,49.1798,49.36277691968254
2025-02-21,USDEGP,49.7663,49.8419,49.5592,49.6916308529628
2025-02-24,USDEGP,49.8632,49.9133,49.7372,49.86555804168945
2025-02-25,USDEGP,50.3954,50.5178,50.3076,50.43853453797113
2025-02-26,USDEGP,51.5143,51.7776,51.2499,51.35937428963954
2025-02-27,USDEGP,51.594,51.873,51.5748,51.64607880399239
2025-02-28,USDEGP,51.63,51.6457,51.5494,51.564883881511385
2025-03-04,USDEGP,51.1876,51.2111,51.0726,51.167463876346375
2025-03-05,USDEGP,50.6048,50.7487,50.5066,50.57860462742071
2025-03-06,USDEGP,51.5773,51.5951,51.5525,51.55726664558794
2025-03-07,USDEGP,52.8385,52.9762,52.8167,52.89282371501087
2025-03-10,USDEGP,53.6854,53.698,53.5875,53.68461725257558
2025-03-11,USDEGP,52.925,53.0304,52.8569,52.94292951991163
2025-03-12,USDEGP,52.7228,52.8614,52.6604,52.75139528545954
2025-03-13,USDEGP,53.4607,53.586,53.2361,53.3237760631403
2025-03-14,USDEGP,53.3052,53.4481,53.1259,53.28552289422077
2025-03-17,USDEGP,52.5937,52.838,52.5809,52.64853390715875
2025-03-18,USDEGP,53.2411,53.4178,53.1828,53.24554817757945
2025-03-19,USDEGP,52.9145,53.0927,52.7835,52.95529821865041
2025-03-20,USDEGP,51.6486,51.6891,51.4174,51.56659330436035
2025-03-21,USDEGP,51.6506,51.7026,51.5162,51.54719795953874
2025-03-24,USDEGP,52.4508,52.5195,52.2338,52.36411649920574
2025-03-25,USDEGP,53.244,53.2949,53.0515,53.15622290354208
2025-03-27,USDEGP,52.609,52.7599,52.3532,52.63111008601191
2025-03-28,USDEGP,52.492,52.5084,52.2987,52.50135151280855
2025-03-31,USDEGP,51.8299,51.8774,51.7098,51.80189069621952
2025-04-01,USDEGP,52.4579,52.5039,52.4027,52.44228419265773
2025-04-02,USDEGP,52.098,52.1246,51.8801,52.09157546624704
2025-04-03,USDEGP,51.4003,51.5594,51.2401,51.37984435051128
2025-04-04,USDEGP,50.945,50.9719,50.8628,50.936532530050094
2025-04-07,USDEGP,50.844,51.0682,50.7408,50.91677554253191
2025-04-08,USDEGP,50.3152,50.3706,50.1563,50.26761763875847
2025-04-09,USDEGP,50.8308,50.8593,50.6403,50.79809177949139
2025-04-10,USDEGP,50.6618,50.6803,50.3583,50.67608239182047
2025-04-14,USDEGP,51.3955,51.468,51.2978,51.45721012483453
2025-04-15,USDEGP,51.6572,51.7879,51.5771,51.69913115391223
2025-04-16,USDEGP,52.8013,53.0603,52.7277,52.80796722884215
2025-04-17,USDEGP,53.2366,53.2417,53.1838,53.2340420047024
2025-04-18,USDEGP,52.9742,52.9795,52.8318,52.94131745759312
2025-04-21,USDEGP,52.9544,53.0871,52.91,53.06154769643608
2025-04-22,USDEGP,53.4597,53.4915,53.384,53.41118310725295
2025-04-23,USDEGP,53.2693,53.3419,53.2283,53.32933207753688
2025-04-24,USDEGP,53.4874,53.552,53.4144,53.46658336079633
2025-04-25,USDEGP,53.8405,53.8851,53.7002,53.82477981810555
2025-04-28,USDEGP,53.364,53.4966,53.3472,53.4124
2025-04-29,USDEGP,53.359,53.4644,53.2502,53.4457
2025-04-30,USDEGP,54.2078,54.3409,54.1824,54.2243
2025-05-01,USDEGP,53.8859,54.0011,53.6716,53.94314296214706
2025-05-02,USDEGP,55.0689,55.0785,54.8889,55.00895144917218
2025-05-05,USDEGP,54.7423,54.8373,54.6521,54.71177760646266
2025-05-06,USDEGP,55.4954,55.5792,55.3482,55.53417066072085
2025-05-07,USDEGP,55.4769,55.627,55.398,55.44554762632779
2025-05-08,USDEGP,55.4127,55.4153,55.3159,55.36978585591049
2025-05-09,USDEGP,56.3462,56.5263,56.3201,56.36912894372414
2025-05-12,USDEGP,57.3555,57.6085,57.3238,57.4114262471254
2025-05-13,USDEGP,57.8307,57.9559,57.6298,57.91882964723106
2025-05-14,USDEGP,57.5021,57.6211,57.3686,57.50325509572601
2025-05-15,USDEGP,56.6022,57.027,56.5454,56.67368205295277
2025-05-16,USDEGP,57.4177,57.4822,57.3651,57.40085278061749
2025-05-19,USDEGP,57.4058,57.4982,57.3545,57.40965963316055
2025-05-20,USDEGP,56.7549,56.8162,56.6961,56.79077902437104
2025-05-21,USDEGP,56.7057,56.8065,56.3929,56.72837405973213
2025-05-22,USDEGP,56.1501,56.2293,56.1157,56.13422207588106
2025-05-23,USDEGP,55.5921,55.7617,55.4658,55.52836688416343
2025-05-26,USDEGP,54.7025,54.7583,54.5381,54.68643432813816
2025-05-27,USDEGP,54.7573,55.0692,54.5377,54.748306020350114
2025-05-28,USDEGP,55.7455,55.818,55.7119,55.71788227501793
2025-05-29,USDEGP,56.2638,56.3297,56.1629,56.27530394998399
2025-05-30,USDEGP,55.9666,56.0779,55.9031,56.05508038525376
2025-06-02,USDEGP,56.9236,57.0711,56.737,56.82008950374575
2025-06-03,USDEGP,56.8476,56.8892,56.6572,56.806601906111005
2025-06-04,USDEGP,56.2894,56.3144,56.2387,56.29281516067024
2025-06-05,USDEGP,56.3137,56.3595,56.2542,56.3226384546882
2025-06-06,USDEGP,56.4435,56.5326,56.2254,56.3858
2025-06-10,USDEGP,56.7605,57.0136,56.6534,56.67668599466971
2025-06-11,USDEGP,56.9463,57.0517,56.849,57.046626896120685
2025-06-13,USDEGP,56.1911,56.4236,56.1613,56.33575775752623
2025-06-16,USDEGP,56.6551,56.75,56.4196,56.56785057997874
2025-06-17,USDEGP,56.5806,56.6445,56.4483,56.6009
2025-06-18,USDEGP,55.6827,55.7249,55.5774,55.71768214676541
2025-06-19,USDEGP,55.1222,55.2565,54.8997,55.13040989930676
2025-06-20,USDEGP,54.8417,54.8614,54.6764,54.82749102395268
2025-06-23,USDEGP,55.0301,55.0541,54.8932,54.94032308351399
2025-06-24,USDEGP,54.7298,54.8074,54.7245,54.73738304162465
2025-06-25,USDEGP,54.1386,54.2945,54.1086,54.16277681118024
2025-06-26,USDEGP,53.9237,54.0286,53.8217,53.84546092514913
2025-06-27,USDEGP,54.1432,54.3239,54.1298,54.14875899522001
2025-06-30,USDEGP,54.38,54.4614,54.2275,54.30655713186784
2025-07-01,USDEGP,53.8018,53.8765,53.786,53.8312
2025-07-02,USDEGP,52.9127,53.0748,52.8887,52.91045885071261
2025-07-04,USDEGP,52.7561,52.7824,52.5989,52.74153718472382
2025-07-07,USDEGP,53.2336,53.4564,52.9996,53.301718147518
2025-07-08,USDEGP,53.3546,53.4932,53.2968,53.32588950875819
2025-07-09,USDEGP,52.6404,52.6726,52.4916,52.64820102746658
2025-07-10,USDEGP,52.633,52.7112,52.5756,52.686037603871625
2025-07-11,USDEGP,52.405,52.6412,52.3789,52.40277654436206
2025-07-15,USDEGP,53.3848,53.5516,53.304,53.3345
2025-07-16,USDEGP,53.777,53.8258,53.7225,53.76642502063535
2025-07-18,USDEGP,52.4561,52.5002,52.3627,52.38093491070773
2025-07-21,USDEGP,53.017,53.063,52.8757,53.03449517064536
2025-07-22,USDEGP,53.3501,53.6174,53.3116,53.39050814799406
2025-07-23,USDEGP,53.6768,53.7384,53.5963,53.60498575751207
2025-07-24,USDEGP,53.9297,54.0262,53.8692,53.91010009344825
2025-07-25,USDEGP,53.6007,53.7425,53.5851,53.68881552557063
2025-07-28,USDEGP,52.9012,53.0491,52.8226,52.87614125958388
2025-07-29,USDEGP,52.322,52.3538,52.1067,52.29467147923812
2025-07-30,USDEGP,52.2813,52.2964,52.1617,52.1848270218724
2025-07-31,USDEGP,52.0027,52.113,51.9595,52.030146301013325
2025-08-01,USDEGP,53.3545,53.5172,53.2566,53.31335509256401
2025-08-04,USDEGP,52.6641,52.7008,52.6146,52.67623975974132
2025-08-05,USDEGP,53.8003,53.8204,53.6771,53.67727036289743
2025-08-06,USDEGP,54.5176,54.6888,54.3507,54.452996138432496
2025-08-07,USDEGP,55.0266,55.2675,54.9856,55.09411745351254
2025-08-08,USDEGP,55.9605,56.1573,55.7519,55.918804648523015
2025-08-12,USDEGP,56.4029,56.4163,56.334,56.3551461885279
2025-08-13,USDEGP,57.0629,57.0998,56.9182,57.00355498450767
2025-08-14,USDEGP,56.9962,57.1004,56.9957,57.02537700973749
2025-08-15,USDEGP,56.2853,56.4538,56.1583,56.27261780055704
2025-08-18,USDEGP,56.6983,56.7273,56.616,56.6880907593719
2025-08-20,USDEGP,55.6177,55.8645,55.5957,55.678638273463896
2025-08-21,USDEGP,54.9845,55.1729,54.879,55.02319058215341
2025-08-22,USDEGP,55.3553,55.5828,55.234,55.25296178831053
2025-08-25,USDEGP,56.1313,56.1362,56.0494,56.09960071381978
2025-08-26,USDEGP,55.893,55.9402,55.7256,55.83699394647488
2025-08-27,USDEGP,55.9254,56.1443,55.8935,56.00648587489073
2025-08-28,USDEGP,56.2118,56.4035,56.123,56.2543
2025-08-29,USDEGP,56.0493,56.2206,56.0413,56.14875612692907
2025-09-01,USDEGP,55.1458,55.2529,54.9514,55.110055753562825
2025-09-02,USDEGP,53.9828,54.1126,53.9422,54.01176949132688
2025-09-04,USDEGP,53.9737,54.1592,53.7255,53.896882965238845
2025-09-05,USDEGP,54.6391,54.6482,54.3807,54.56430689020418
2025-09-08,USDEGP,55.4358,55.4783,55.4102,55.42544328901992
2025-09-09,USDEGP,55.1016,55.3401,55.0432,55.10779488663305
2025-09-10,USDEGP,56.702,56.9146,56.6837,56.721342962374415
2025-09-11,USDEGP,57.8384,58.0379,57.7896,57.88083906151181
2025-09-12,USDEGP,57.6554,57.8879,57.6373,57.73790228612536
2025-09-15,USDEGP,58.4293,58.4593,58.304,58.32019495810897
2025-09-16,USDEGP,58.7312,58.8145,58.6181,58.72608594260674
2025-09-17,USDEGP,58.4075,58.5618,58.3985,58.42105913609259
2025-09-18,USDEGP,57.8709,57.9519,57.8212,57.91718776315344
2025-09-19,USDEGP,57.2974,57.4698,57.0984,57.2678705940592
2025-09-22,USDEGP,57.4753,57.5221,57.3612,57.4498
2025-09-23,USDEGP,57.8986,57.9642,57.7094,57.90336144594879
2025-09-24,USDEGP,57.6044,57.8336,57.5827,57.63364747989649
2025-09-25,USDEGP,57.0379,57.1731,56.9221,56.96213861649777
2025-09-26,USDEGP,57.1901,57.2585,57.1834,57.24514265256928
2025-09-29,USDEGP,56.7976,56.8471,56.6528,56.79847742836635
2025-09-30,USDEGP,57.5917,57.6767,57.5014,57.6479
2025-10-01,USDEGP,57.9773,58.115,57.93,58.00184005740292
2025-10-02,USDEGP,57.7803,57.8679,57.682,57.79701673553242
2025-10-03,USDEGP,58.269,58.2857,58.0137,58.18237039529641
2025-10-06,USDEGP,58.5152,58.5988,58.465,58.52390333630562
2025-10-07,USDEGP,58.2784,58.5436,58.1473,58.390946873318754
2025-10-09,USDEGP,58.2008,58.4682,58.1662,58.28497944370105
2025-10-10,USDEGP,58.7146,58.8523,58.6383,58.82855507485379
2025-10-13,USDEGP,58.3004,58.3866,58.2114,58.227140387718094
2025-10-14,USDEGP,58.5773,58.5994,58.5554,58.55636530915054
2025-10-15,USDEGP,57.8118,57.8201,57.7181,57.76848449056208
2025-10-16,USDEGP,57.884,58.0419,57.7239,57.926694726186405
2025-10-17,USDEGP,57.7218,57.8197,57.5889,57.72820107209706
2025-10-20,USDEGP,56.9363,57.067,56.8299,56.868084775935216
2025-10-21,USDEGP,56.0312,56.2423,56.0034,56.11991510310611
2025-10-22,USDEGP,55.3792,55.4911,55.2397,55.38579563958422
2025-10-23,USDEGP,55.3018,55.4197,55.2771,55.29671145312233
2025-10-24,USDEGP,55.7752,55.8084,55.6885,55.6993434752131
2025-10-27,USDEGP,55.3056,55.4538,55.2466,55.377
2025-10-28,USDEGP,55.6357,55.6419,55.6127,55.6138
2025-10-29,USDEGP,55.6637,55.7085,55.4571,55.546756127664175
2025-11-03,USDEGP,56.9088,56.995,56.7913,56.94372637752276
2025-11-04,USDEGP,57.2341,57.2554,57.127,57.248490178171984
2025-11-05,USDEGP,58.3305,58.3956,58.305,58.34324039039075
2025-11-06,USDEGP,58.9854,59.0563,58.8825,58.98149854145471
2025-11-07,USDEGP,59.502,59.607,59.4224,59.53579841072077
2025-11-10,USDEGP,59.1633,59.1746,59.0605,59.14256018038307
2025-11-11,USDEGP,58.9954,59.1054,58.9205,59.09782596663179
2025-11-12,USDEGP,59.0957,59.2466,58.9448,59.13554327503186
2025-11-13,USDEGP,58.1123,58.4257,58.1088,58.18601768897139
2025-11-14,USDEGP,57.6811,57.7499,57.4647,57.623596445019565
2025-11-17,USDEGP,58.7743,58.7858,58.7236,58.77803090620667
2025-11-18,USDEGP,59.2177,59.3063,59.148,59.181837450160415
2025-11-19,USDEGP,59.4004,59.5728,59.2676,59.35625784491547
2025-11-20,USDEGP,60.1874,60.3163,60.1622,60.19368938920112
2025-11-21,USDEGP,60.4197,60.5017,60.304,60.44137938243654
2025-11-24,USDEGP,60.5005,60.5794,60.407,60.5720554836194
2025-11-25,USDEGP,61.2263,61.341,61.1197,61.12515373999457
2025-11-26,USDEGP,60.9886,61.0123,60.9305,60.95255425185265
2025-11-27,USDEGP,61.4609,61.5709,61.4573,61.46466593118249
2025-11-28,USDEGP,60.7803,60.8107,60.6298,60.75766703148624
2025-12-01,USDEGP,60.8789,61.1251,60.7182,60.99770594293831
2025-12-03,USDEGP,60.3005,60.3482,60.2385,60.27400758913937
2025-12-04,USDEGP,60.0858,60.1062,59.9879,60.10322031347356
2025-12-05,USDEGP,59.2053,59.2148,59.0302,59.17101035236836
2025-12-08,USDEGP,59.4087,59.5445,59.3967,59.52952588305391
2025-12-09,USDEGP,59.7324,59.9682,59.5794,59.68760778663231
2025-12-10,USDEGP,60.5194,60.6443,60.4278,60.56850203476343
2025-12-11,USDEGP,60.4027,60.6143,60.3676,60.44791488386047
2025-12-12,USDEGP,61.2531,61.304,61.1033,61.20816948803371
2025-12-15,USDEGP,60.2327,60.441,59.9673,60.2250455580813
2025-12-16,USDEGP,59.3561,59.4858,59.2611,59.38339121252267
2025-12-17,USDEGP,59.346,59.3877,59.1734,59.2686
2025-12-18,USDEGP,58.3838,58.3885,58.271,58.29713923592736
2025-12-19,USDEGP,58.3308,58.3849,58.1375,58.32838228974963
2025-12-22,USDEGP,57.9115,58.0897,57.8913,57.9067
2025-12-23,USDEGP,57.7699,57.9519,57.6848,57.86393295465645
2025-12-24,USDEGP,58.1894,58.2531,58.0344,58.2073
2025-12-25,USDEGP,58.6385,58.7036,58.6209,58.62305014428375
2025-12-29,USDEGP,59.2046,59.3099,59.1402,59.19677581109898
2025-12-30,USDEGP,59.0139,59.126,58.958,58.98412778868525
2025-12-31,USDEGP,58.8939,58.9124,58.817,58.836645498681314
2023-01-02,USDKES,123.6304,123.735,123.3137,123.68428846999949
2023-01-03,USDKES,123.8679,124.2118,123.2849,123.88539883766884
2023-01-04,USDKES,123.4897,123.6494,123.4532,123.54476060753171
2023-01-05,USDKES,122.437,122.7404,121.7266,122.2431007698058
2023-01-06,USDKES,123.4464,123.9239,122.9567,123.28234460981632
2023-01-09,USDKES,123.3985,123.5867,123.1887,123.47825387251108
2023-01-10,USDKES,124.8132,124.9949,124.5279,124.63635895758354
2023-01-11,USDKES,124.9107,124.9358,124.9028,124.93112781632784
2023-01-12,USDKES,124.4227,124.5565,124.1215,124.4486617332404
2023-01-13,USDKES,126.3246,126.366,126.2565,126.34475346966728
2023-01-16,USDKES,127.7371,128.052,127.5351,127.82764294291424
2023-01-17,USDKES,127.4664,127.8467,127.3593,127.48536030640396
2023-01-18,USDKES,128.339,128.5553,128.2456,128.44901060497398
2023-01-19,USDKES,129.0588,129.1571,128.7746,128.9559
2023-01-20,USDKES,128.9891,129.3308,128.3711,129.1127
2023-01-23,USDKES,128.451,128.6824,128.0744,128.4077591765299
2023-01-24,USDKES,129.2911,129.4957,128.979,129.00355908951954
2023-01-25,USDKES,129.5674,129.5945,129.3179,129.49670928968362
2023-01-26,USDKES,129.352,129.6108,129.0961,129.42855549217072
2023-01-27,USDKES,129.2668,129.9844,129.2495,129.48986044446875
2023-01-30,USDKES,128.3973,128.4567,128.2144,128.3856738241856
2023-01-31,USDKES,128.627,129.0634,128.5512,128.62597802176063
2023-02-01,USDKES,127.958,128.1621,127.7221,127.78582312563248
2023-02-02,USDKES,126.68,126.8725,126.1317,126.47014998949491
2023-02-03,USDKES,126.9892,127.3053,126.8187,127.06295118046742
2023-02-06,USDKES,126.7993,126.8632,126.5775,126.67224027555662
2023-02-07,USDKES,126.7097,126.9755,126.3726,126.83241037271156
2023-02-08,USDKES,126.5559,126.7789,126.3896,126.5655465915848
2023-02-09,USDKES,126.3653,126.669,126.0049,126.2309755793308
2023-02-10,USDKES,126.3992,126.4981,126.2011,126.32288593769704
2023-02-13,USDKES,125.4436,125.6038,125.2774,125.28257421525508
2023-02-14,USDKES,124.7204,124.9454,124.5732,124.92535701700878
2023-02-15,USDKES,124.8475,125.022,124.2478,124.76282283588522
2023-02-16,USDKES,125.6541,125.7588,125.6,125.66286405299276
2023-02-17,USDKES,127.1126,127.2395,126.6107,127.20355717380107
2023-02-20,USDKES,127.1579,127.2278,127.0045,127.2198
2023-02-21,USDKES,127.0643,127.1614,127.0586,127.11312782359164
2023-02-23,USDKES,129.0358,129.256,128.8125,128.8661915938035
2023-02-24,USDKES,128.0068,128.0362,127.8427,128.02366512431766
2023-02-27,USDKES,129.12,129.5828,128.9458,129.28685750721786
2023-02-28,USDKES,130.3231,130.4534,129.9354,129.9954
2023-03-02,USDKES,130.6481,131.0826,130.5474,130.74465254186117
2023-03-03,USDKES,131.0053,131.1157,130.798,131.09683406330728
2023-03-06,USDKES,132.2103,132.3961,131.9442,132.07235317074773
2023-03-07,USDKES,134.0734,134.5036,133.7122,133.90995360431964
2023-03-08,USDKES,134.4592,134.8422,134.2115,134.29398157605715
2023-03-09,USDKES,135.3409,135.7876,134.9321,135.5331456067775
2023-03-10,USDKES,135.0728,135.2233,134.859,135.1736338426827
2023-03-13,USDKES,137.0336,137.2827,136.7909,136.8590589915637
2023-03-14,USDKES,138.3307,138.6018,138.2077,138.45856025166876
2023-03-15,USDKES,137.3893,137.526,137.216,137.2705091460206
2023-03-16,USDKES,139.3413,139.5671,138.7061,139.51412394046486
2023-03-17,USDKES,140.0785,140.2349,139.8736,140.03388633165537
2023-03-20,USDKES,139.6637,139.8529,139.5842,139.7749480148021
2023-03-21,USDKES,140.2559,140.507,140.061,140.12649824482546
2023-03-22,USDKES,139.5843,139.8172,139.5591,139.56584513827838
2023-03-23,USDKES,139.2964,139.3993,139.0309,139.28443633961166
2023-03-24,USDKES,139.4135,139.7523,139.0119,139.28613498778896
2023-03-27,USDKES,139.4518,139.701,139.1057,139.5559494117227
2023-03-28,USDKES,139.0759,139.0782,138.6591,138.972
2023-03-29,USDKES,138.7305,138.9607,138.7028,138.8907711450337
2023-03-31,USDKES,137.2463,137.5915,136.9875,137.4091253396001
2023-04-03,USDKES,139.104,139.258,139.0016,139.0840256036902
2023-04-04,USDKES,138.1906,138.6087,138.1776,138.17975310547692
2023-04-05,USDKES,137.5875,138.0134,137.2033,137.69835002299146
2023-04-06,USDKES,138.0544,138.245,137.9194,138.0865039256903
2023-04-07,USDKES,138.1352,138.355,137.6424,138.172918612106
2023-04-10,USDKES,138.9354,139.0698,138.686,138.79795066654523
2023-04-11,USDKES,138.041,138.5581,137.7613,138.2021
2023-04-12,USDKES,137.3372,137.4148,137.1363,137.2313053791882
2023-04-13,USDKES,137.4173,137.5329,137.389,137.53185381713854
2023-04-14,USDKES,136.5983,137.0655,136.3187,136.756169025416
2023-04-17,USDKES,137.475,137.6405,137.3064,137.43778035273465
2023-04-18,USDKES,137.534,137.7816,137.4969,137.6932
2023-04-19,USDKES,136.8432,136.9388,136.79,136.831
2023-04-20,USDKES,137.275,137.3966,137.2136,137.25151017672775
2023-04-21,USDKES,136.9771,137.4888,136.5023,137.1137017548064
2023-04-24,USDKES,136.6347,136.8238,136.4211,136.80559497889126
2023-04-25,USDKES,136.6083,136.9882,136.4999,136.8491944147913
2023-04-27,USDKES,136.9454,137.2549,136.5946,136.94469481954806
2023-04-28,USDKES,137.9566,138.3563,137.8241,138.099984774058
2023-05-01,USDKES,137.3337,137.604,137.1386,137.14189312769554
2023-05-02,USDKES,137.6714,138.105,137.5152,138.03031317198366
2023-05-03,USDKES,138.4795,139.1264,138.2358,138.51262039224582
2023-05-04,USDKES,138.0048,138.2421,137.9833,138.13622881070157
2023-05-05,USDKES,138.3795,138.6212,137.9064,138.25861479484064
2023-05-08,USDKES,136.9632,137.3878,136.7959,136.86445998184877
2023-05-09,USDKES,136.1139,136.4745,135.8234,136.15895767820362
2023-05-10,USDKES,135.8675,136.005,135.3705,135.86442730085895
2023-05-11,USDKES,136.5516,136.7715,136.2597,136.59847330777214
2023-05-12,USDKES,136.9018,136.9558,136.7706,136.91741586667538
2023-05-15,USDKES,135.9072,136.184,135.8789,135.98800388998973
2023-05-16,USDKES,137.237,137.372,136.6495,137.1305123323276
2023-05-17,USDKES,136.7628,136.8341,136.6642,136.70510086559813
2023-05-18,USDKES,135.4518,135.8156,135.2497,135.4925
2023-05-19,USDKES,136.7282,136.7788,136.5778,136.579758084294
2023-05-22,USDKES,136.7701,136.8392,136.277,136.75404605477905
2023-05-23,USDKES,136.1184,136.4039,135.8389,135.9599911887965
2023-05-24,USDKES,135.4452,135.7376,134.9645,135.2453497728844
2023-05-25,USDKES,134.5841,135.2551,134.1891,134.84555159681406
2023-05-26,USDKES,134.8428,135.0048,134.5267,134.65866414601598
2023-05-30,USDKES,134.4017,134.7487,134.2805,134.39043513886514
2023-05-31,USDKES,134.4144,134.8113,134.1613,134.4701032774535
2023-06-01,USDKES,135.1816,135.5144,135.0185,135.07742191242534
2023-06-02,USDKES,133.8136,134.408,133.5075,133.86636983143092
2023-06-05,USDKES,134.3715,134.4182,134.2589,134.41218396435244
2023-06-06,USDKES,133.2607,133.6322,133.2221,133.52854431723682
2023-06-07,USDKES,132.9486,133.1156,132.8591,133.0536855160165
2023-06-08,USDKES,132.0998,132.6875,132.0306,132.2657592582961
2023-06-09,USDKES,131.2282,131.5672,131.0746,131.1920406965486
2023-06-12,USDKES,131.5563,131.6267,131.3852,131.39023034300254
2023-06-14,USDKES,131.2718,131.5099,131.2349,131.35701059539107
2023-06-15,USDKES,132.1802,132.3433,132.1581,132.1632663815799
2023-06-16,USDKES,132.2315,132.2739,131.9765,132.07288839653563
2023-06-19,USDKES,131.7671,132.2625,131.2789,131.7869284432691
2023-06-20,USDKES,131.3045,131.5535,131.0224,131.36896596591367
2023-06-21,USDKES,130.8065,131.2792,130.7807,130.80459705186155
2023-06-22,USDKES,132.2831,132.4263,132.0942,132.37085142126472
2023-06-23,USDKES,133.211,133.6041,132.9174,133.12469211045843
2023-06-26,USDKES,134.6112,134.7573,134.0631,134.59799119089246
2023-06-27,USDKES,133.9852,134.4315,133.9565,134.08256365229357
2023-06-28,USDKES,134.9308,135.2975,134.8274,135.10447514133904
2023-06-29,USDKES,136.5768,136.7348,136.2375,136.5343
2023-06-30,USDKES,136.002,136.0255,135.6583,135.92138646483247
2023-07-03,USDKES,135.3976,135.8768,135.2438,135.4750776923827
2023-07-04,USDKES,136.4461,136.9811,136.4329,136.53475696631963
2023-07-06,USDKES,136.5592,136.7979,136.5373,136.63631888469777
2023-07-07,USDKES,136.352,136.9403,135.9687,136.3010841489003
2023-07-10,USDKES,136.6395,136.6862,136.156,136.55389894551723
2023-07-11,USDKES,136.9812,137.5882,136.7333,136.8968785746421
2023-07-12,USDKES,138.8387,139.2153,138.6651,138.98171176708456
2023-07-13,USDKES,141.8754,141.9574,141.5618,141.7691839055091
2023-07-14,USDKES,142.3547,142.5822,142.0545,142.18156689600826
2023-07-17,USDKES,141.7772,142.0338,141.5825,141.79502802413583
2023-07-19,USDKES,139.8369,139.9743,139.381,139.96008286348035
2023-07-21,USDKES,140.3999,140.7602,140.1219,140.3124
2023-07-24,USDKES,141.3494,141.609,141.1312,141.20919298609445
2023-07-25,USDKES,141.5536,142.0922,141.4569,141.65231768402003
2023-07-26,USDKES,142.8067,142.9068,142.629,142.89601348646647
2023-07-27,USDKES,142.0506,142.305,141.388,141.94894819329556
2023-07-28,USDKES,142.0207,142.2669,141.5991,141.962223608816
2023-07-31,USDKES,143.9037,144.2885,143.6489,143.65075250509074
2023-08-01,USDKES,142.5248,142.6842,142.5229,142.6541007879099
2023-08-02,USDKES,142.0006,142.3509,141.7746,142.15079916356748
2023-08-03,USDKES,142.5809,143.1715,142.0528,142.48484645426294
2023-08-04,USDKES,144.5082,144.9362,143.7298,144.3321863715641
2023-08-07,USDKES,143.5205,143.6453,143.2915,143.4197
2023-08-08,USDKES,142.4868,142.7952,142.1693,142.53162809105328
2023-08-09,USDKES,144.3658,144.4689,143.9013,144.34848237621685
2023-08-10,USDKES,144.3385,144.8846,143.5627,143.98478448265564
2023-08-11,USDKES,144.0111,144.3042,143.7974,143.96419380892408
2023-08-14,USDKES,145.0171,145.672,144.6584,144.95780634936276
2023-08-15,USDKES,146.0288,146.5582,145.8238,146.25301971540736
2023-08-16,USDKES,146.7231,146.8909,146.4932,146.58035303573251
2023-08-17,USDKES,146.5284,146.9165,146.1119,146.62604310852996
2023-08-18,USDKES,145.778,146.5168,145.1646,146.20499567228802
2023-08-21,USDKES,143.5915,144.0403,142.8453,143.4506
2023-08-22,USDKES,142.8987,143.1026,142.4469,143.02808002959202
2023-08-23,USDKES,143.9372,144.2333,143.8252,143.88496192
2023-08-24,USDKES,143.8819,144.2597,143.7207,143.7802406185546
2023-08-25,USDKES,145.1359,145.2922,144.9835,145.04008383808997
2023-08-28,USDKES,147.0328,147.6368,147.0084,147.27711248202434
2023-08-29,USDKES,148.0423,148.6989,147.8231,148.25092649381176
2023-08-30,USDKES,146.9198,147.5167,146.7838,146.99375719447409
2023-08-31,USDKES,147.6402,147.9297,147.0262,147.79193257783788
2023-09-01,USDKES,148.5772,149.0214,148.1346,148.6057173985569
2023-09-04,USDKES,148.2693,148.5487,148.2541,148.40163198224027
2023-09-05,USDKES,147.6081,147.7308,147.2098,147.56782086274555
2023-09-07,USDKES,148.5538,149.1083,147.8369,148.64356198185493
2023-09-08,USDKES,148.9306,149.1009,148.4996,148.83279193122138
2023-09-11,USDKES,149.5111,149.5435,149.1312,149.43731694679514
2023-09-13,USDKES,151.145,151.373,150.6243,151.09153730245157
2023-09-14,USDKES,150.4142,150.453,150.2491,150.42357457814535
2023-09-15,USDKES,150.2913,150.4273,149.8655,150.31716310349856
2023-09-18,USDKES,149.7591,150.0964,149.4901,149.7317855299558
2023-09-19,USDKES,150.3802,150.4339,150.1312,150.255158795006
2023-09-20,USDKES,152.174,152.7917,151.92,152.46017739226176
2023-09-21,USDKES,150.8643,151.3733,150.5672,150.78977194706098
2023-09-22,USDKES,151.3601,151.7562,151.1661,151.52916098788117
2023-09-25,USDKES,152.5637,152.782,152.3243,152.368412946539
2023-09-26,USDKES,151.2039,151.5738,150.4991,151.4297704897937
2023-09-27,USDKES,149.7702,149.9552,149.4304,149.61784820195697
2023-09-28,USDKES,150.8088,151.0242,150.6834,151.01283771727216
2023-09-29,USDKES,150.2983,151.0072,149.6151,150.12450799568188
2023-10-02,USDKES,150.5679,151.0415,150.5352,150.78122595890989
2023-10-03,USDKES,152.7213,153.2155,152.422,152.63860391748648
2023-10-04,USDKES,151.3561,151.4853,150.836,151.21694556106024
2023-10-05,USDKES,149.7718,149.8136,149.2146,149.6251971895094
2023-10-06,USDKES,151.0363,151.5793,150.5063,150.89697492764708
2023-10-09,USDKES,150.863,151.0984,150.6215,150.88211840795788
2023-10-10,USDKES,151.4131,151.6364,151.2759,151.32205384288417
2023-10-11,USDKES,150.5362,150.8032,149.7536,150.48649042523425
2023-10-12,USDKES,150.4467,150.8114,150.1262,150.2567422685822
2023-10-13,USDKES,150.152,150.3678,149.659,150.00484920468784
2023-10-16,USDKES,149.8154,150.1564,149.7701,149.77830569191673
2023-10-17,USDKES,150.9452,151.5639,150.8366,151.0751429779965
2023-10-18,USDKES,151.1982,151.3318,150.7873,151.32798428983995
2023-10-19,USDKES,150.2959,150.6427,149.4637,150.3858626286065
2023-10-20,USDKES,151.3762,151.6357,151.216,151.3933546360805
2023-10-23,USDKES,151.5381,152.1162,151.071,151.62476035271973
2023-10-24,USDKES,151.2435,151.7516,151.0657,151.54161263339776
2023-10-25,USDKES,150.3988,150.8454,150.2426,150.4884
2023-10-26,USDKES,149.7894,150.1059,149.2037,149.70538393715256
2023-10-27,USDKES,150.4499,150.6188,150.2283,150.32177856588697
2023-10-30,USDKES,150.8851,150.9379,150.6153,150.83057995433816
2023-10-31,USDKES,152.0963,152.6599,151.6551,152.1534153106465
2023-11-01,USDKES,152.3834,152.6375,152.2318,152.29194389998577
2023-11-02,USDKES,151.6746,151.9857,151.5504,151.62085947350718
2023-11-06,USDKES,152.7684,152.8357,152.1098,152.51525424969782
2023-11-07,USDKES,153.4822,153.639,152.9439,153.28327260166864
2023-11-08,USDKES,153.3515,153.3592,152.3885,153.0936037285894
2023-11-09,USDKES,152.49,152.5815,152.2623,152.38082945444083
2023-11-10,USDKES,151.5111,151.8465,151.2688,151.53052845820963
2023-11-13,USDKES,150.6194,150.6254,150.3172,150.57793367968782
2023-11-14,USDKES,150.4533,150.7635,149.9788,150.56038241177498
2023-11-15,USDKES,149.733,149.9071,149.5936,149.86482245096354
2023-11-16,USDKES,149.4882,149.5386,148.8579,149.31096823398084
2023-11-17,USDKES,149.43,149.8218,149.2208,149.42801856086453
2023-11-20,USDKES,150.3127,150.3484,149.9963,150.16802716254594
2023-11-21,USDKES,152.3104,152.7321,151.8977,152.39553427022247
2023-11-22,USDKES,153.0344,153.0487,152.7271,153.02654360632755
2023-11-23,USDKES,152.4725,152.9936,152.0371,152.23728241877686
2023-11-24,USDKES,151.5543,151.8438,151.4816,151.65252349156236
2023-11-27,USDKES,150.2154,150.3598,149.7014,150.32208975066317
2023-11-28,USDKES,150.3457,150.5698,149.7566,150.1752
2023-11-29,USDKES,150.9429,151.2754,150.8174,150.95395946365426
2023-11-30,USDKES,150.3197,150.3365,149.7066,150.29047765423715
2023-12-01,USDKES,151.8967,152.4103,151.7198,152.04175196597552
2023-12-04,USDKES,151.8159,152.0107,151.4934,151.67705254438684
2023-12-05,USDKES,150.6282,150.8741,150.4305,150.60395987915055
2023-12-06,USDKES,150.637,150.8279,150.3548,150.5250598900504
2023-12-07,USDKES,150.6969,150.7525,150.1831,150.4608
2023-12-08,USDKES,149.1485,149.6349,148.4753,148.9960417057815
2023-12-11,USDKES,148.3219,148.6072,147.4135,148.4711984003291
2023-12-12,USDKES,148.4844,149.0681,148.4159,148.5482311781231
2023-12-13,USDKES,148.0709,148.2232,147.8339,148.06169480477865
2023-12-14,USDKES,145.5669,145.8638,145.5549,145.6828792906953
2023-12-15,USDKES,145.0213,145.1459,144.7846,145.1286962622514
2023-12-18,USDKES,146.0222,146.0641,145.4973,145.76475175422158
2023-12-19,USDKES,146.0431,146.3387,145.8436,145.96538624243624
2023-12-20,USDKES,145.529,145.5812,145.2948,145.4529656246086
2023-12-21,USDKES,145.2642,145.59,145.2035,145.4212592890582
2023-12-22,USDKES,143.3718,143.4725,143.0985,143.30545904373014
2023-12-25,USDKES,143.2058,143.2547,142.8301,143.2279
2023-12-26,USDKES,145.5614,145.7805,145.3594,145.47344754035714
2023-12-28,USDKES,144.6177,144.8089,144.6065,144.74194559935248
2023-12-29,USDKES,144.8201,144.8716,144.0492,144.65712853794838
2024-01-01,USDKES,145.7857,146.1573,145.7553,146.0380219836285
2024-01-02,USDKES,145.4483,146.0739,145.3499,145.47723659340892
2024-01-03,USDKES,146.639,147.3244,146.1467,146.78636418419646
2024-01-04,USDKES,146.4227,146.5221,146.2163,146.4258288698665
2024-01-05,USDKES,145.9764,146.2883,145.566,146.060066811673
2024-01-08,USDKES,146.0767,146.2762,145.691,145.8807145438426
2024-01-09,USDKES,147.0984,147.1774,146.5918,146.99197668062305
2024-01-10,USDKES,147.7283,147.8493,147.197,147.26070544327823
2024-01-11,USDKES,148.2552,148.3926,147.9786,148.28451144410184
2024-01-12,USDKES,148.7736,148.8765,148.5212,148.81173164100804
2024-01-15,USDKES,148.432,148.5616,148.2315,148.43399976280526
2024-01-16,USDKES,148.7531,148.767,148.3647,148.6583
2024-01-17,USDKES,149.7046,150.0045,149.6195,149.6236838698291
2024-01-18,USDKES,149.0106,149.0116,148.799,148.95616712621094
2024-01-19,USDKES,149.4721,149.7451,148.9391,149.36085674049357
2024-01-22,USDKES,149.7993,149.926,149.7457,149.8632
2024-01-23,USDKES,149.4877,149.7819,149.1433,149.7433
2024-01-24,USDKES,149.1304,149.9681,148.9606,149.49719992384652
2024-01-25,USDKES,150.4104,150.5771,150.3355,150.39307056034423
2024-01-26,USDKES,149.5167,149.6184,149.0013,149.508728357837
2024-01-29,USDKES,148.5504,149.0119,148.0813,148.7388
2024-01-30,USDKES,149.5478,149.8932,148.6555,149.09195558300974
2024-01-31,USDKES,148.7971,149.1808,148.5681,148.74134145260794
2024-02-01,USDKES,147.6399,147.7935,147.4113,147.60508347550393
2024-02-02,USDKES,146.8817,147.1907,146.6883,147.0356301956247
2024-02-05,USDKES,147.4862,147.7289,147.1811,147.34933478272762
2024-02-06,USDKES,150.0243,150.698,149.6428,150.25569655656506
2024-02-07,USDKES,150.6915,150.9304,150.2735,150.5955044967706
2024-02-08,USDKES,150.6034,150.9815,150.2161,150.60750375990557
2024-02-09,USDKES,150.0666,150.6562,149.5567,150.18546890399867
2024-02-12,USDKES,149.3418,150.0424,149.0268,149.1040859205269
2024-02-13,USDKES,149.2013,149.5846,148.993,149.03943306326218
2024-02-14,USDKES,149.67,149.7796,149.6443,149.68694422847133
2024-02-15,USDKES,148.6131,148.9262,148.4015,148.7831561446296
2024-02-16,USDKES,146.4456,146.723,146.1835,146.46487918141088
2024-02-19,USDKES,147.2197,147.3818,146.9371,147.12807841226075
2024-02-21,USDKES,148.5671,148.9733,148.1493,148.41280514404798
2024-02-22,USDKES,149.4248,149.4524,149.1607,149.3534789252073
2024-02-23,USDKES,150.5676,150.5898,150.5077,150.5224557700029
2024-02-27,USDKES,150.714,151.4222,150.1397,150.31386317006067
2024-02-28,USDKES,150.8809,151.1512,150.3628,150.7498439128881
2024-02-29,USDKES,148.9292,149.2744,148.68,149.02109755173143
2024-03-01,USDKES,148.5977,148.624,148.2834,148.56981969293025
2024-03-04,USDKES,147.9274,148.3231,147.5834,147.67571979094143
2024-03-05,USDKES,146.7478,147.2523,146.6832,147.02924431388206
2024-03-06,USDKES,146.4799,146.6139,146.3547,146.35838391125134
2024-03-07,USDKES,147.2969,147.4919,147.1072,147.311797583572
2024-03-08,USDKES,146.7237,146.8612,146.2959,146.82335503467587
2024-03-11,USDKES,145.7807,145.8796,145.2907,145.68624055168448
2024-03-12,USDKES,146.5279,146.8911,146.4783,146.5436095118308
2024-03-13,USDKES,146.5175,146.8946,145.7648,146.6497542752024
2024-03-14,USDKES,145.8608,146.7783,145.3979,145.6292
2024-03-15,USDKES,144.6454,144.6751,144.1679,144.65563037119475
2024-03-18,USDKES,145.6966,145.9831,144.8876,145.84165952435714
2024-03-19,USDKES,144.199,144.3856,143.6237,144.14848029738965
2024-03-20,USDKES,143.0144,143.2975,142.9385,142.99940796635778
2024-03-21,USDKES,143.7487,144.0979,143.5151,143.67957725766064
2024-03-22,USDKES,143.5912,143.7692,143.4041,143.67911542575786
2024-03-25,USDKES,143.7136,143.9395,143.2779,143.58209484104208
2024-03-26,USDKES,143.9714,144.3574,143.6788,143.90197775879727
2024-03-27,USDKES,145.7221,146.1075,144.8896,145.52289990466235
2024-03-28,USDKES,144.3058,144.5426,144.1428,144.34643611634846
2024-03-29,USDKES,143.7959,144.2485,143.7462,143.8944
2024-04-01,USDKES,144.6391,145.1349,144.5509,144.7192788633974
2024-04-02,USDKES,143.7327,144.2354,143.6243,143.79935659806176
2024-04-03,USDKES,143.558,143.7243,143.2689,143.5515668097052
2024-04-04,USDKES,144.6159,144.87,144.0678,144.4591203141198
2024-04-05,USDKES,144.5109,144.6522,144.3092,144.65063863816127
2024-04-08,USDKES,144.8237,145.1424,144.454,144.55
2024-04-10,USDKES,142.1887,142.5988,142.0053,142.15678491984977
2024-04-11,USDKES,142.8689,142.9023,142.5511,142.7793299788548
2024-04-12,USDKES,143.6777,143.8768,143.3527,143.78336964462125
2024-04-15,USDKES,143.5577,143.749,143.392,143.4738814702424
2024-04-16,USDKES,143.0604,143.2201,142.8599,143.20755300253282
2024-04-17,USDKES,143.6483,144.0869,143.4743,143.56241312762495
2024-04-18,USDKES,143.9765,144.1833,143.5037,143.85066153565796
2024-04-19,USDKES,145.4565,145.6176,145.2145,145.29149047337515
2024-04-22,USDKES,146.109,146.6268,146.0844,146.22657781566616
2024-04-23,USDKES,147.2376,147.2782,146.3778,147.0786545647939
2024-04-24,USDKES,147.6891,147.8832,147.2087,147.5430908579801
2024-04-25,USDKES,147.1984,147.5363,146.6964,147.43106500987716
2024-04-26,USDKES,147.3624,147.4278,146.9649,147.1137260758395
2024-04-29,USDKES,148.8156,149.0108,148.7167,148.8489
2024-04-30,USDKES,148.3498,148.3869,147.8762,148.09311322696317
2024-05-01,USDKES,147.5473,147.9959,147.1285,147.39704065055886
2024-05-02,USDKES,145.9404,146.3838,145.6402,145.77224975783756
2024-05-03,USDKES,147.1607,147.6272,147.0858,147.13747472993188
2024-05-06,USDKES,146.0851,146.4386,145.8196,146.13202869998022
2024-05-07,USDKES,145.8195,145.9757,145.5364,145.8474017222836
2024-05-08,USDKES,145.6394,146.1754,145.1911,145.5799624646494
2024-05-09,USDKES,144.9678,145.1752,144.6054,144.72255355152376
2024-05-10,USDKES,145.2257,145.4343,144.9868,145.1478
2024-05-13,USDKES,146.1891,146.3681,145.8407,145.9457446208049
2024-05-14,USDKES,144.7756,144.9387,144.6656,144.7980742169948
2024-05-15,USDKES,145.9527,146.2138,145.5986,145.73470504556678
2024-05-16,USDKES,146.8793,147.1712,146.5595,146.83080644420886
2024-05-17,USDKES,145.7843,146.0566,145.6772,145.90354371794038
2024-05-20,USDKES,146.8194,147.6284,146.4551,146.59179375511383
2024-05-21,USDKES,147.1198,147.3585,146.9122,147.21817588964282
2024-05-22,USDKES,147.6242,148.534,147.5262,147.5609994485557
2024-05-23,USDKES,147.9165,148.0254,147.5722,147.77483676108025
2024-05-24,USDKES,147.4309,147.5054,146.6979,147.29681970678644
2024-05-27,USDKES,147.1522,147.3271,147.0662,147.16413555791735
2024-05-28,USDKES,149.642,150.0691,149.4655,149.7806812118543
2024-05-30,USDKES,148.4198,148.4759,147.9539,148.1410969686229
2024-05-31,USDKES,148.2589,148.6069,147.5278,148.16844260869394
2024-06-03,USDKES,146.7482,146.91,146.7213,146.8771865936877
2024-06-04,USDKES,147.2743,147.438,146.9424,147.07490340191015
2024-06-05,USDKES,146.9602,147.3526,146.9327,147.22976135278262
2024-06-06,USDKES,146.7261,146.9492,146.6278,146.8518936513638
2024-06-07,USDKES,147.8948,147.9589,147.4615,147.78442238631337
2024-06-11,USDKES,149.2463,149.3263,149.0075,149.16612474081828
2024-06-12,USDKES,149.7048,150.2179,149.4304,149.65000287615595
2024-06-13,USDKES,147.8985,147.961,147.6745,147.9390091385386
2024-06-14,USDKES,147.7333,148.1471,147.5381,147.7056081462509
2024-06-18,USDKES,146.7065,147.2774,146.3946,146.72786779799227
2024-06-19,USDKES,147.8208,148.4903,147.814,147.86
2024-06-20,USDKES,150.0369,150.5304,149.7486,150.22083390648623
2024-06-21,USDKES,148.823,149.1403,148.5231,148.6983167323571
2024-06-24,USDKES,148.9255,149.2973,148.5713,148.66434260074695
2024-06-25,USDKES,150.6096,150.8047,150.4869,150.62205311529598
2024-06-26,USDKES,149.2875,149.3664,149.2146,149.2890964204871
2024-06-27,USDKES,146.4481,146.5404,145.9666,146.2679
2024-06-28,USDKES,146.1389,146.4907,145.931,146.34977329936748
2024-07-01,USDKES,146.8332,147.3376,146.2087,146.94337472326976
2024-07-02,USDKES,146.4753,146.6388,145.9289,146.2228692816098
2024-07-03,USDKES,149.9302,149.9811,149.6198,149.73094072345785
2024-07-05,USDKES,149.2581,149.5693,148.8366,149.35577238016847
2024-07-08,USDKES,149.47,149.9114,149.3836,149.65431354633472
2024-07-09,USDKES,149.1017,149.3867,148.7325,149.18701151912265
2024-07-10,USDKES,148.9999,149.4874,148.9824,149.1158128449056
2024-07-11,USDKES,148.0386,148.281,147.9638,148.2467050994642
2024-07-12,USDKES,149.6463,150.221,149.3509,149.84965455133053
2024-07-15,USDKES,149.1646,149.3801,148.3602,149.25789033876123
2024-07-16,USDKES,147.5585,147.908,147.0294,147.54496342995566
2024-07-17,USDKES,148.4041,148.4981,147.9344,148.46131918305596
2024-07-18,USDKES,149.0753,149.5314,148.7283,149.2100214291503
2024-07-19,USDKES,148.1665,149.0585,147.9145,148.15320690105676
2024-07-22,USDKES,148.8202,149.0493,148.7602,148.92199115068348
2024-07-23,USDKES,149.668,149.7168,149.2905,149.6869309167797
2024-07-24,USDKES,149.6419,149.8352,149.4805,149.61972817310368
2024-07-25,USDKES,147.7967,148.3027,147.5886,147.6681398683286
2024-07-26,USDKES,148.4195,148.7349,148.0432,148.6664886355992
2024-07-29,USDKES,147.9259,148.3539,147.5156,147.8303053242517
2024-07-30,USDKES,146.3625,146.5062,146.2058,146.5019373292391
2024-07-31,USDKES,144.1113,144.3032,143.8674,144.21130306229142
2024-08-01,USDKES,144.1335,144.6894,144.077,144.33269794407872
2024-08-02,USDKES,144.7535,144.8557,144.418,144.67677502266065
2024-08-05,USDKES,144.3516,144.7459,144.1347,144.1731097996782
2024-08-06,USDKES,143.7808,144.0435,143.229,143.72314461688816
2024-08-07,USDKES,143.6785,144.0887,143.6676,143.9524504275658
2024-08-08,USDKES,144.1677,144.1811,143.7929,144.14454632335065
2024-08-12,USDKES,142.3801,142.613,142.1367,142.45928398309337
2024-08-13,USDKES,144.3811,144.4481,144.139,144.2418
2024-08-15,USDKES,143.169,143.2948,143.0909,143.1686361435769
2024-08-16,USDKES,144.2114,144.3182,143.7549,143.9498556450553
2024-08-19,USDKES,143.3535,143.942,143.0211,143.3266236245932
2024-08-20,USDKES,143.8739,144.1299,143.3464,143.78296498604556
2024-08-21,USDKES,145.7064,146.4461,145.565,145.90251670929038
2024-08-22,USDKES,145.7754,145.8498,145.2944,145.78379622098822
2024-08-23,USDKES,147.6931,147.9962,147.5372,147.75022225322826
2024-08-26,USDKES,145.7687,145.8909,145.2122,145.567
2024-08-27,USDKES,147.3109,147.3876,147.147,147.2454
2024-08-28,USDKES,149.1566,149.2068,148.8496,149.13411784615607
2024-08-29,USDKES,149.5734,149.7432,149.4603,149.55887184803572
2024-08-30,USDKES,150.4822,150.5365,150.1256,150.3129760080405
2024-09-02,USDKES,149.7932,150.0639,149.4896,149.56239054029817
2024-09-03,USDKES,151.0468,151.2289,150.6739,150.72309865277498
2024-09-04,USDKES,151.2619,151.4737,151.2302,151.3853340411714
2024-09-05,USDKES,151.4695,151.4967,150.8909,151.3348659957025
2024-09-06,USDKES,149.5678,150.0403,149.3138,149.9500742422117
2024-09-09,USDKES,150.0024,150.3448,149.4766,150.2129831972332
2024-09-10,USDKES,152.3903,152.7266,152.1252,152.30704103369936
2024-09-11,USDKES,152.9655,153.0692,152.7447,152.85915753201775
2024-09-12,USDKES,152.475,152.6161,152.4205,152.59803084784107
2024-09-13,USDKES,150.5897,150.8394,150.0204,150.3526027437281
2024-09-16,USDKES,150.0285,150.1868,149.5017,150.00635929323172
2024-09-17,USDKES,150.3302,150.4443,149.865,150.36025375574232
2024-09-19,USDKES,148.6947,148.8343,148.4202,148.53504668108076
2024-09-24,USDKES,148.8944,148.9308,148.6128,148.82858156861843
2024-09-25,USDKES,148.6955,148.8911,148.4128,148.7473011866468
2024-09-26,USDKES,149.471,150.0873,149.3302,149.5921951133112
2024-09-27,USDKES,149.6091,150.1342,149.1751,149.50899945602438
2024-09-30,USDKES,148.3564,148.5231,148.007,148.3353738888237
2024-10-01,USDKES,149.3572,149.736,149.1579,149.34887960596956
2024-10-02,USDKES,149.3838,149.6311,149.1472,149.49742440644997
2024-10-03,USDKES,149.2915,149.736,149.0109,149.3100311408728
2024-10-04,USDKES,149.384,149.4421,149.1271,149.43818382803374
2024-10-07,USDKES,149.8079,150.0792,149.2895,149.54868578838355
2024-10-08,USDKES,148.1913,148.4742,147.7645,147.9555487086164
2024-10-09,USDKES,146.3246,146.704,146.1794,146.32943339438953
2024-10-10,USDKES,145.0696,145.3167,144.8791,145.1061983669917
2024-10-11,USDKES,143.0899,143.4118,142.9276,143.09278300923728
2024-10-14,USDKES,142.4182,143.1639,142.1297,142.5192797926684
2024-10-15,USDKES,143.1686,143.2151,142.4346,143.04344643020244
2024-10-16,USDKES,143.9429,143.9703,143.6839,143.7092
2024-10-17,USDKES,145.1796,145.602,144.6985,145.08262138029656
2024-10-18,USDKES,147.0666,147.3319,146.634,146.9521574415086
2024-10-21,USDKES,146.6343,147.3219,146.1028,146.75466231016122
2024-10-22,USDKES,146.5356,146.6677,146.3977,146.60876027228892
2024-10-23,USDKES,148.2912,148.9583,148.1793,148.66427273930714
2024-10-28,USDKES,147.1025,147.4563,146.9458,147.02736239965307
2024-10-29,USDKES,147.6636,148.0027,146.8131,147.38806636011
2024-10-30,USDKES,147.3308,148.0917,146.9128,147.41984693002814
2024-10-31,USDKES,146.7838,147.2958,146.3763,146.9009360212677
2024-11-01,USDKES,147.262,147.4759,146.9288,147.0207814600523
2024-11-04,USDKES,148.4725,148.5679,148.2747,148.30033611341565
2024-11-05,USDKES,149.4739,149.9978,149.4572,149.554737554049
2024-11-06,USDKES,151.7409,152.1254,151.354,151.5975962353713
2024-11-07,USDKES,151.5973,152.2287,151.4498,151.60731892337327
2024-11-08,USDKES,151.8639,151.9458,151.545,151.8677076901661
2024-11-11,USDKES,151.7678,151.9854,151.4801,151.71966522525378
2024-11-12,USDKES,153.1291,153.3637,152.3975,153.0822086539998
2024-11-13,USDKES,151.8262,152.1558,151.1329,151.7308419896259
2024-11-14,USDKES,152.5659,152.9132,152.3267,152.3860911406204
2024-11-15,USDKES,150.9175,151.0106,150.5085,150.7490007642918
2024-11-18,USDKES,150.2764,150.9313,149.9824,150.3358315973645
2024-11-19,USDKES,150.2688,150.6065,149.9387,150.14052055265591
2024-11-20,USDKES,151.3318,151.399,151.0184,151.28643160809162
2024-11-21,USDKES,150.9218,151.1856,150.4374,150.65755189697725
2024-11-22,USDKES,150.5106,151.0137,150.1467,150.6623
2024-11-25,USDKES,149.2337,149.2627,148.6713,149.21655428536496
2024-11-26,USDKES,147.042,147.2762,146.8188,147.10395140295145
2024-11-27,USDKES,147.4914,147.8129,146.6619,147.4008342056415
2024-11-28,USDKES,146.0914,146.2521,145.6691,145.8672055415313
2024-11-29,USDKES,145.4964,145.7547,145.2213,145.382922342453
2024-12-02,USDKES,148.2237,148.3523,147.9945,148.18344234180617
2024-12-03,USDKES,148.4472,148.4848,147.989,148.2807363019238
2024-12-04,USDKES,148.1252,148.7397,148.0388,148.10666310649472
2024-12-05,USDKES,147.6487,148.3198,147.6089,147.76876019318692
2024-12-06,USDKES,146.4328,147.0831,145.6657,146.6061057073466
2024-12-09,USDKES,145.8808,146.3689,145.7204,146.01745276511838
2024-12-10,USDKES,147.6315,148.138,147.476,147.64877761895644
2024-12-11,USDKES,148.5818,149.1777,148.2313,148.66179732095833
2024-12-12,USDKES,148.758,149.2878,148.6447,148.89811813647347
2024-12-13,USDKES,149.4223,150.0477,149.3231,149.39206046543248
2024-12-16,USDKES,148.0035,148.5876,147.8616,148.13644623396297
2024-12-17,USDKES,148.4734,148.5728,148.2298,148.36064818449424
2024-12-19,USDKES,146.3846,146.6646,146.0475,146.59527711157514
2024-12-20,USDKES,147.4213,147.5775,147.3447,147.49336514674326
2024-12-23,USDKES,146.1203,146.1665,145.9963,146.14399260067975
2024-12-24,USDKES,145.7768,146.2782,145.3501,145.96110761663442
2024-12-25,USDKES,148.8227,148.9875,148.7366,148.7955593306351
2024-12-26,USDKES,147.7229,148.0388,147.539,147.54002533508609
2024-12-27,USDKES,147.675,147.9532,147.2174,147.79820243582787
2024-12-30,USDKES,148.6607,149.0103,148.4269,148.6346511566576
2024-12-31,USDKES,148.4522,148.7044,148.2719,148.5996995703764
2025-01-01,USDKES,148.8495,148.9218,148.326,148.9196593569171
2025-01-02,USDKES,149.008,149.8125,148.4568,149.0902
2025-01-03,USDKES,150.9199,151.582,150.8718,150.90916730781225
2025-01-06,USDKES,150.9417,151.0344,150.9128,150.92015453519227
2025-01-07,USDKES,150.9999,151.1273,150.9631,151.0665655021071
2025-01-08,USDKES,152.2747,152.5777,151.6703,151.99724895421633
2025-01-09,USDKES,155.1819,155.3249,154.9304,155.00519116416766
2025-01-10,USDKES,154.7799,155.3465,154.4147,154.78351534655548
2025-01-13,USDKES,153.2052,153.4745,153.1466,153.2774482394279
2025-01-14,USDKES,152.385,152.7038,151.8251,152.37787772425446
2025-01-15,USDKES,153.3758,153.6905,153.3086,153.3129119088593
2025-01-16,USDKES,155.8782,155.8897,155.0808,155.6388898379189
2025-01-17,USDKES,156.309,156.5176,156.1138,156.16622585391892
2025-01-20,USDKES,156.7543,157.2077,156.4764,156.66167768091242
2025-01-21,USDKES,157.9681,158.1596,157.9247,157.93880221726027
2025-01-23,USDKES,157.3021,157.4885,156.9876,157.3490501023425
2025-01-24,USDKES,156.1735,156.5337,155.8321,156.14140529957314
2025-01-27,USDKES,155.275,155.9329,155.1864,155.38179215091057
2025-01-28,USDKES,156.2774,156.8247,156.2413,156.24312620329013
2025-01-29,USDKES,155.4094,155.4142,154.9064,155.31778717173603
2025-01-30,USDKES,153.2059,153.6948,153.1959,153.4292803313109
2025-01-31,USDKES,152.2223,152.4865,152.0825,152.38127089069948
2025-02-03,USDKES,152.1152,152.5948,151.8708,152.05162545891378
2025-02-04,USDKES,151.8804,152.0421,151.1854,151.78816917925792
2025-02-05,USDKES,153.5372,153.8152,153.2873,153.3902921913637
2025-02-06,USDKES,152.9809,153.3463,152.4584,153.2601
2025-02-07,USDKES,153.4635,153.4741,153.0029,153.4328
2025-02-10,USDKES,152.3311,152.6306,152.0344,152.11240472566692
2025-02-11,USDKES,151.7664,151.861,151.4362,151.47796221653064
2025-02-12,USDKES,151.9539,152.1428,151.364,151.9625
2025-02-13,USDKES,150.7416,151.1569,150.4784,150.79547527274394
2025-02-14,USDKES,150.4014,150.6034,150.1922,150.5015820401173
2025-02-17,USDKES,151.0644,151.2538,150.8508,151.14098864216083
2025-02-18,USDKES,152.9369,153.1991,152.4104,152.86965765399162
2025-02-19,USDKES,153.4659,153.9631,152.6969,153.3907
2025-02-20,USDKES,153.4137,153.728,153.2769,153.42535289478135
2025-02-21,USDKES,155.9603,156.1937,155.4238,155.98247800743138
2025-02-24,USDKES,155.1837,155.338,154.7157,155.19982888069106
2025-02-25,USDKES,154.4634,154.5616,153.5934,154.28678300739958
2025-02-26,USDKES,153.9193,154.2413,153.1741,153.61575890521928
2025-02-27,USDKES,151.2449,151.6028,151.0173,151.12231568633294
2025-02-28,USDKES,150.2613,150.6459,150.189,150.19948314828585
2025-03-03,USDKES,151.3095,151.8171,151.299,151.4031993553019
2025-03-04,USDKES,150.6564,151.1993,150.3233,150.70023153848328
2025-03-05,USDKES,149.9471,150.206,149.6856,149.99426098350992
2025-03-06,USDKES,149.8235,149.8515,149.7618,149.82072505391878
2025-03-07,USDKES,150.1433,150.2572,149.7958,150.04656741206125
2025-03-10,USDKES,148.715,149.0268,148.453,148.86390858847946
2025-03-11,USDKES,148.059,148.6211,147.5731,148.2260948521364
2025-03-12,USDKES,147.9009,148.4534,147.502,148.12530889456607
2025-03-13,USDKES,150.122,150.5067,149.9303,150.3543322565123
2025-03-14,USDKES,151.9784,152.0258,151.8895,152.00430328665055
2025-03-18,USDKES,150.606,150.9837,150.3209,150.56914642429192
2025-03-19,USDKES,150.047,150.069,149.885,150.0308578713615
2025-03-20,USDKES,146.6583,146.7681,146.5358,146.76144186672514
2025-03-21,USDKES,146.0625,146.4009,145.8242,145.89981335972382
2025-03-24,USDKES,147.9833,148.1575,147.8527,148.13588211093182
2025-03-25,USDKES,149.6685,150.0323,149.2903,149.70323100445606
2025-03-26,USDKES,148.739,149.0318,148.4541,148.72194397683742
2025-03-27,USDKES,149.0273,149.1605,148.425,148.75918572802524
2025-03-28,USDKES,148.7156,148.8526,148.5048,148.78603141482463
2025-03-31,USDKES,149.2572,149.8883,149.1827,149.2751217650271
2025-04-01,USDKES,149.7954,149.8083,149.2519,149.73344285343202
2025-04-02,USDKES,149.6856,149.9794,149.4394,149.9569
2025-04-03,USDKES,149.1553,149.3222,148.877,149.01654697554275
2025-04-04,USDKES,147.9314,148.1186,147.3662,147.8229019034905
2025-04-07,USDKES,149.5458,149.958,149.5416,149.66211743784973
2025-04-08,USDKES,150.1286,150.2322,149.9019,150.22098190946735
2025-04-09,USDKES,148.638,148.6777,148.6268,148.6355115109326
2025-04-10,USDKES,147.8933,147.9112,147.7146,147.7542937716036
2025-04-11,USDKES,147.5758,147.9083,146.9536,147.61751007365845
2025-04-14,USDKES,146.3171,146.6987,146.0736,146.18739846153753
2025-04-15,USDKES,144.8173,145.4461,144.7529,145.12663341974863
2025-04-16,USDKES,144.9068,145.2441,144.7867,144.86403010763877
2025-04-17,USDKES,145.0688,145.426,144.7268,145.0278320964462
2025-04-18,USDKES,144.6387,144.7824,144.371,144.55927274308854
2025-04-21,USDKES,145.0303,145.6471,144.8418,145.1639753507643
2025-04-22,USDKES,143.5731,143.6382,143.3468,143.51622958187235
2025-04-23,USDKES,142.9856,143.461,142.6888,143.1762
2025-04-24,USDKES,144.0532,144.2393,143.8585,144.22140122167744
2025-04-25,USDKES,144.9379,145.3467,144.7084,144.80710056459742
2025-04-28,USDKES,146.7319,146.7945,146.4441,146.73387982215667
2025-04-29,USDKES,145.9775,146.2207,145.5268,145.88879621231575
2025-04-30,USDKES,145.7599,145.8219,145.2262,145.6959283637474
2025-05-01,USDKES,145.796,145.8428,145.3361,145.70487332217348
2025-05-02,USDKES,146.851,147.2691,146.8089,146.87647179369628
2025-05-05,USDKES,147.1828,147.7008,146.2997,147.06245633278027
2025-05-06,USDKES,147.7427,147.9943,147.5552,147.88071087633483
2025-05-07,USDKES,146.8589,146.9373,146.3303,146.7651567400981
2025-05-08,USDKES,147.6914,148.0307,146.9721,147.62475121972182
2025-05-09,USDKES,147.6815,147.8889,147.5847,147.72061085957347
2025-05-12,USDKES,148.0663,148.262,147.5359,148.1382761446763
2025-05-13,USDKES,146.8916,147.0591,146.7443,146.90739391625792
2025-05-14,USDKES,147.0729,147.1893,147.0696,147.14061648832737
2025-05-15,USDKES,146.0745,146.1889,145.9475,146.0166298902256
2025-05-19,USDKES,146.6927,146.818,146.3634,146.4931330973108
2025-05-20,USDKES,144.6576,145.1337,143.9118,144.3568539851693
2025-05-21,USDKES,145.0577,145.1077,144.9133,145.0054
2025-05-22,USDKES,144.5942,144.9267,144.0671,144.80077716321512
2025-05-23,USDKES,143.9978,144.393,143.7063,144.0364491013519
2025-05-26,USDKES,144.7005,144.8651,144.6725,144.70314195688542
2025-05-28,USDKES,143.0429,143.3177,142.9016,143.02893317208583
2025-05-29,USDKES,142.8121,143.2464,142.5398,142.96901297878034
2025-05-30,USDKES,141.6488,141.8428,141.646,141.75604571813935
2025-06-02,USDKES,140.2647,140.2911,140.1497,140.25674950128356
2025-06-03,USDKES,140.7692,140.8201,140.3851,140.6647098887897
2025-06-04,USDKES,142.1764,142.5985,142.1489,142.3408597818998
2025-06-05,USDKES,142.0393,142.5308,141.6684,142.0876
2025-06-06,USDKES,143.3525,143.457,143.2229,143.4425
2025-06-09,USDKES,141.9227,142.2523,141.5683,142.011317374763
2025-06-11,USDKES,141.7493,141.9884,141.2127,141.47252583173662
2025-06-12,USDKES,143.4145,143.9324,143.3126,143.42170400422293
2025-06-13,USDKES,143.6019,144.1846,143.5204,143.80170984428008
2025-06-16,USDKES,144.6195,144.7408,144.3171,144.70060953954703
2025-06-17,USDKES,145.618,145.9336,145.2735,145.58649878631533
2025-06-18,USDKES,145.2547,145.6423,144.7203,144.96659370257902
2025-06-19,USDKES,145.5989,145.7053,145.3728,145.61056073825392
2025-06-23,USDKES,145.909,146.0353,145.5726,145.8986848801439
2025-06-24,USDKES,146.0997,146.4637,145.5687,146.11356670999896
2025-06-25,USDKES,146.6937,147.1233,146.4468,146.8532423201993
2025-06-26,USDKES,148.2893,148.7641,148.1201,148.36650949922517
2025-06-27,USDKES,149.5981,150.0862,149.5013,149.78685741741128
2025-06-30,USDKES,148.8905,149.4312,148.5918,148.73073105500322
2025-07-01,USDKES,146.9724,147.1953,146.8922,146.92685238057817
2025-07-02,USDKES,147.9908,148.1791,147.5713,148.104
2025-07-03,USDKES,149.1376,149.4355,148.6047,149.21990368529006
2025-07-04,USDKES,149.9164,150.5808,149.739,149.98243167391723
2025-07-07,USDKES,150.16,150.2335,149.8234,150.03555418960627
2025-07-08,USDKES,150.4336,150.4827,149.9581,150.30618971528423
2025-07-09,USDKES,149.3813,149.5307,149.1036,149.28456931384187
2025-07-10,USDKES,149.9813,150.3785,149.7571,150.0730017592087
2025-07-14,USDKES,150.9912,151.045,150.6786,150.81157869359456
2025-07-15,USDKES,149.5816,149.8518,149.4492,149.84391905428228
2025-07-16,USDKES,149.4815,149.7584,149.099,149.2753870954163
2025-07-17,USDKES,149.5082,149.5923,149.3378,149.4302927642671
2025-07-18,USDKES,148.651,148.9863,148.346,148.55275723276355
2025-07-21,USDKES,147.5596,147.7916,147.238,147.5518749531458
2025-07-22,USDKES,147.3039,147.5914,146.9427,147.38073381710913
2025-07-23,USDKES,147.9655,148.241,147.1436,148.14723459670122
2025-07-24,USDKES,149.1558,149.4196,148.6922,148.70885051886108
2025-07-25,USDKES,149.704,149.8113,149.5512,149.70954510869188
2025-07-28,USDKES,149.1468,149.6814,149.1385,149.2479501177237
2025-07-29,USDKES,149.9542,150.2224,149.7007,149.8094992917328
2025-07-30,USDKES,149.5638,149.8339,149.2765,149.43681466929343
2025-07-31,USDKES,149.2315,149.3674,149.0234,149.10476941830115
2025-08-01,USDKES,149.1802,149.4016,148.6821,148.96997856765913
2025-08-04,USDKES,148.6273,148.7765,148.251,148.33464803867554
2025-08-05,USDKES,149.29,149.5715,148.5407,149.0748
2025-08-06,USDKES,149.426,149.5898,149.0083,149.38291657544778
2025-08-07,USDKES,149.2138,149.5728,149.0171,149.30245041888213
2025-08-08,USDKES,149.9361,150.1067,149.7377,149.7750709902997
2025-08-11,USDKES,151.2946,151.3385,150.7773,150.99998021952862
2025-08-12,USDKES,149.6931,150.0027,149.1419,149.50351392016668
2025-08-13,USDKES,148.5722,148.9909,148.4827,148.54002246887435
2025-08-14,USDKES,148.532,148.8813,148.0179,148.7600014005827
2025-08-15,USDKES,149.2064,149.2753,148.8659,149.2514798782736
2025-08-18,USDKES,149.333,149.5748,149.1234,149.45637415405463
2025-08-19,USDKES,149.6547,150.0295,149.4009,149.5706
2025-08-20,USDKES,151.885,152.2442,151.1614,151.71184003154158
2025-08-21,USDKES,153.6272,153.6631,152.9538,153.331155024117
2025-08-22,USDKES,152.2852,152.5542,152.0423,152.29223214927777
2025-08-25,USDKES,152.6232,152.7001,151.7058,152.43974225872347
2025-08-26,USDKES,151.74,151.8091,151.2744,151.64938458088054
2025-08-27,USDKES,152.3528,152.4039,151.7315,152.3502139858009
2025-08-28,USDKES,151.4628,151.5679,151.2221,151.2348894446607
2025-08-29,USDKES,149.8673,150.0072,149.6299,149.95673120262805
2025-09-01,USDKES,149.3905,149.7049,149.2089,149.67601704614387
2025-09-02,USDKES,151.6844,151.7302,151.6779,151.68963199687593
2025-09-03,USDKES,151.9359,152.203,151.6427,151.77772416392597
2025-09-04,USDKES,152.5327,152.8945,152.386,152.64958319039036
2025-09-05,USDKES,152.1609,152.4562,151.9115,152.3429061756252
2025-09-08,USDKES,153.2679,153.372,152.7442,153.164805889237
2025-09-09,USDKES,153.7585,154.1732,153.6838,153.8990879205492
2025-09-10,USDKES,155.3669,155.6031,155.1455,155.5198
2025-09-11,USDKES,156.107,156.5421,155.912,156.25678820650631
2025-09-12,USDKES,155.9268,155.9685,155.3893,155.81137928565997
2025-09-15,USDKES,155.082,155.4832,154.7125,155.2155215648344
2025-09-16,USDKES,155.8303,156.0668,155.62,155.8042572928173
2025-09-18,USDKES,157.0375,157.4193,156.6892,156.92204766967532
2025-09-19,USDKES,158.0453,158.2223,157.654,157.76120237026538
2025-09-22,USDKES,156.373,156.6095,156.0972,156.3668520520222
2025-09-23,USDKES,154.869,155.1984,154.7224,154.8791987398266
2025-09-24,USDKES,154.7649,154.8514,154.2687,154.57318125490175
2025-09-25,USDKES,153.671,154.4935,153.3813,153.42290071143915
2025-09-26,USDKES,154.3867,154.4459,154.226,154.42130067753257
2025-09-29,USDKES,154.3836,154.8705,153.8765,154.22298125406243
2025-09-30,USDKES,152.9636,153.0711,152.8381,152.961932619134
2025-10-01,USDKES,153.7739,154.2972,153.7347,153.95160025010267
2025-10-02,USDKES,153.0923,153.5268,152.6652,152.95148460341528
2025-10-03,USDKES,151.8119,152.0215,151.4119,151.76136541380228
2025-10-07,USDKES,152.5716,152.9444,152.1023,152.5948
2025-10-08,USDKES,151.3951,151.6669,151.0798,151.52479764130132
2025-10-09,USDKES,152.4329,152.5508,152.1416,152.35754675763116
2025-10-10,USDKES,151.7315,151.9703,151.4761,151.8171
2025-10-13,USDKES,152.8212,153.3941,152.7941,152.80982843312913
2025-10-14,USDKES,152.3324,152.5748,152.2621,152.27499043739243
2025-10-15,USDKES,153.0369,153.0734,152.3705,152.84642854826689
2025-10-16,USDKES,152.4917,152.5597,152.393,152.50062225629193
2025-10-17,USDKES,152.4364,152.536,151.858,152.13953197014422
2025-10-20,USDKES,153.4832,153.6621,153.3452,153.48657809754286
2025-10-21,USDKES,152.3152,152.4764,152.1776,152.24956095868566
2025-10-22,USDKES,149.7771,149.9905,149.6873,149.854929249266
2025-10-24,USDKES,148.451,148.5199,148.2862,148.38104194618234
2025-10-27,USDKES,147.55,147.8271,147.3942,147.73132657945007
2025-10-29,USDKES,149.4319,149.5167,149.2483,149.40350906820942
2025-10-30,USDKES,149.5954,149.9265,149.5014,149.6964037987676
2025-10-31,USDKES,149.501,149.6418,148.9482,149.5704042258042
2025-11-03,USDKES,149.3545,149.4535,148.8195,149.22658729665204
2025-11-04,USDKES,151.4631,151.5385,150.8523,151.36594551740924
2025-11-05,USDKES,150.0537,150.4171,149.635,150.08110022316944
2025-11-06,USDKES,150.774,151.0689,150.5437,150.54639478629022
2025-11-07,USDKES,150.0339,150.2014,149.9543,150.10445128423328
2025-11-10,USDKES,150.613,150.8274,150.3514,150.70537263277052
2025-11-11,USDKES,150.2767,150.9442,150.1195,150.37051152844057
2025-11-12,USDKES,149.0344,149.5267,149.0099,149.1958734829869
2025-11-13,USDKES,148.1703,148.6006,147.8577,148.4503393235984
2025-11-14,USDKES,146.5918,146.5982,146.408,146.41860358714578
2025-11-17,USDKES,144.717,145.3337,144.4024,144.84535984143866
2025-11-18,USDKES,143.7616,144.3301,143.6585,144.15641415624157
2025-11-19,USDKES,145.3293,145.5478,144.9095,145.2694127251082
2025-11-20,USDKES,145.2433,145.3979,144.4967,145.03075595116147
2025-11-21,USDKES,144.7419,145.5494,144.2135,145.03903593728518
2025-11-24,USDKES,146.5343,146.7711,145.8889,146.4330637255177
2025-11-25,USDKES,145.5429,145.869,145.257,145.65831904361852
2025-11-26,USDKES,145.042,145.2518,144.5829,144.7838459431434
2025-11-27,USDKES,144.2181,144.5135,143.4387,144.17673979647464
2025-11-28,USDKES,142.969,143.6151,142.9572,143.2965628571357
2025-12-01,USDKES,143.2828,143.2933,143.2502,143.2573041129117
2025-12-02,USDKES,141.7354,141.8119,141.6214,141.73746508682513
2025-12-03,USDKES,141.6858,141.7131,141.2121,141.69564307068757
2025-12-04,USDKES,140.219,140.2746,139.8916,140.03585581145262
2025-12-05,USDKES,139.7372,139.9604,139.5062,139.92013725212664
2025-12-08,USDKES,140.8527,141.1378,140.8399,140.8480865778184
2025-12-09,USDKES,141.516,141.9876,141.2873,141.48832064645504
2025-12-10,USDKES,140.2037,140.6927,140.0234,140.24737931111582
2025-12-11,USDKES,139.0617,139.5909,138.6585,138.8352811771587
2025-12-12,USDKES,140.277,140.6512,139.8649,140.35039234829364
2025-12-16,USDKES,141.0769,141.3018,140.5343,141.1996
2025-12-17,USDKES,141.8728,142.6,141.2437,142.076400607023
2025-12-18,USDKES,142.4609,142.5507,142.1881,142.4178
2025-12-19,USDKES,141.6669,141.9976,141.3312,141.7164
2025-12-23,USDKES,142.8385,142.8636,142.7406,142.7862919639654
2025-12-24,USDKES,143.6178,143.7496,143.4416,143.6030924770718
2025-12-26,USDKES,143.7288,143.9132,143.2859,143.51232465948115
2025-12-29,USDKES,143.7094,143.8645,143.4536,143.7581249246084
2025-12-30,USDKES,143.769,144.1396,143.5455,143.64139191850668
2025-12-31,USDKES,143.3262,143.5156,143.0418,143.37937457116348
2023-01-02,USDNGN,466.6227,466.9416,466.3801,466.43625189236354
2023-01-03,USDNGN,470.4728,472.4477,469.2678,470.1525770424112
2023-01-04,USDNGN,469.9424,471.4937,469.0417,469.3032726331072
2023-01-05,USDNGN,477.9792,480.1128,477.9041,478.2443971692047
2023-01-06,USDNGN,477.4376,478.0309,477.1244,477.800575070254
2023-01-09,USDNGN,473.8281,474.947,473.6119,473.81288902138647
2023-01-10,USDNGN,475.7689,476.6794,474.1687,475.32189132975367
2023-01-11,USDNGN,471.9934,473.4015,471.316,471.3354946812496
2023-01-12,USDNGN,483.7284,486.3628,482.7752,484.3309021731277
2023-01-13,USDNGN,476.3287,477.1636,476.143,476.3671824883496
2023-01-16,USDNGN,482.2521,483.2399,481.2557,482.3898048470798
2023-01-17,USDNGN,478.3202,480.3835,477.6102,478.92194729990297
2023-01-19,USDNGN,496.4,497.8837,495.7095,496.8623
2023-01-23,USDNGN,498.4181,498.4823,497.3296,497.6008392906163
2023-01-24,USDNGN,493.4034,495.0958,492.6681,493.4000321805785
2023-01-25,USDNGN,488.8841,488.9437,488.7738,488.82222092719127
2023-01-26,USDNGN,499.499,500.0562,498.8228,499.6697895616756
2023-01-27,USDNGN,504.8367,505.8984,503.0531,505.0737
2023-01-30,USDNGN,504.8185,504.8328,503.6287,504.20674446957497
2023-01-31,USDNGN,517.1251,519.0343,516.3977,516.5439222043482
2023-02-01,USDNGN,505.7415,507.5817,505.1887,506.0869566317711
2023-02-02,USDNGN,496.7753,497.5261,495.8576,496.3241905165582
2023-02-06,USDNGN,499.2366,501.7519,498.8865,499.6164
2023-02-07,USDNGN,494.8163,495.0471,494.3096,494.86878426713486
2023-02-09,USDNGN,496.6498,498.2854,496.4313,497.0858434385608
2023-02-13,USDNGN,508.1732,509.7154,507.0325,507.242198847716
2023-02-14,USDNGN,521.4444,521.9722,520.175,520.8989762480443
2023-02-15,USDNGN,523.4728,524.9151,522.1555,523.007237894255
2023-02-16,USDNGN,522.8809,524.1678,521.6488,522.6439901581264
2023-02-17,USDNGN,518.6806,521.4539,517.7742,519.6667795340522
2023-02-20,USDNGN,545.769,546.2396,544.1384,545.0801757361414
2023-02-21,USDNGN,575.5952,576.3243,574.9067,575.4087681563617
2023-02-22,USDNGN,578.9871,579.129,577.8717,577.9521608345519
2023-02-23,USDNGN,594.7374,595.671,593.6857,594.8186367377143
2023-02-24,USDNGN,587.5014,588.5344,586.5766,587.663184666937
2023-02-27,USDNGN,587.8143,590.1149,587.4427,587.8300760598983
2023-03-01,USDNGN,569.2167,569.6312,567.8401,569.1610116796674
2023-03-02,USDNGN,569.3631,570.5086,567.4776,569.6223085581929
2023-03-03,USDNGN,571.3045,572.4482,570.606,571.2206173825091
2023-03-06,USDNGN,570.9459,571.2498,569.8169,570.3188564980569
2023-03-07,USDNGN,583.5369,584.0211,583.2539,583.6518221834943
2023-03-09,USDNGN,598.6446,599.1184,597.6985,598.1344316452893
2023-03-10,USDNGN,598.3878,599.459,597.0648,598.8464195352929
2023-03-13,USDNGN,592.1656,594.959,591.7525,592.7916
2023-03-14,USDNGN,598.5507,598.6748,597.8594,597.9215874891013
2023-03-15,USDNGN,587.4523,588.8267,587.4517,587.4618583532581
2023-03-16,USDNGN,591.456,592.1228,590.6669,591.8667199314382
2023-03-17,USDNGN,584.6321,584.6769,583.7516,584.2410581068549
2023-03-20,USDNGN,577.6006,579.3141,575.3714,577.3817695952612
2023-03-21,USDNGN,581.3487,581.4311,580.4153,581.4296
2023-03-22,USDNGN,576.0827,577.4653,574.5189,575.9908668928704
2023-03-23,USDNGN,585.1966,586.0962,582.1272,585.2498439417423
2023-03-24,USDNGN,578.4396,581.5328,578.2434,579.0451515601992
2023-03-27,USDNGN,574.9089,575.6517,574.4617,574.8265437019128
2023-03-29,USDNGN,554.8257,556.4485,553.0339,554.4041012644747
2023-03-30,USDNGN,565.9143,567.5911,565.1224,566.377982688615
2023-03-31,USDNGN,567.4078,567.8343,566.2276,567.8024756825696
2023-04-03,USDNGN,587.3997,588.3057,586.0355,586.5373483976049
2023-04-05,USDNGN,566.7064,568.1101,564.8667,567.776096617473
2023-04-06,USDNGN,564.0184,566.0,562.3647,563.1994388411764
2023-04-07,USDNGN,562.2409,563.8923,560.3365,562.9324
2023-04-10,USDNGN,557.1512,559.9405,556.166,558.0122043129694
2023-04-11,USDNGN,562.2898,563.7096,559.8703,562.6921951976194
2023-04-12,USDNGN,572.5228,574.0149,572.1739,572.8221950597979
2023-04-13,USDNGN,569.0912,569.4521,568.7602,569.4213864585636
2023-04-14,USDNGN,561.7205,562.6163,561.5559,562.579
2023-04-17,USDNGN,561.3101,563.1292,560.5924,561.7414366184404
2023-04-19,USDNGN,565.8732,566.0435,564.5622,565.4881884210661
2023-04-20,USDNGN,578.0882,578.2851,576.8989,577.4362668007112
2023-04-21,USDNGN,574.5179,575.4308,573.4542,574.0640263699667
2023-04-24,USDNGN,572.541,574.2838,571.3631,574.1204
2023-04-25,USDNGN,575.7867,576.9305,575.1127,576.2121677495784
2023-04-26,USDNGN,575.1108,576.5192,573.8112,574.4660810516706
2023-04-28,USDNGN,580.665,581.8731,579.9369,581.0570736456583
2023-05-01,USDNGN,585.0883,586.893,584.0898,584.8084020839894
2023-05-02,USDNGN,590.5784,591.8374,588.6878,591.1314759718931
2023-05-03,USDNGN,600.6809,601.661,600.3777,601.1945721474236
2023-05-04,USDNGN,597.5073,598.3602,597.0329,597.6213309655382
2023-05-05,USDNGN,595.0944,596.4109,594.3691,596.1767629284418
2023-05-08,USDNGN,603.9164,604.2888,601.6114,604.0260364638548
2023-05-09,USDNGN,606.9583,607.8476,604.5728,607.4597679372739
2023-05-10,USDNGN,601.911,603.3988,601.1847,602.5643747884262
2023-05-11,USDNGN,584.8451,585.2365,583.8074,584.0995646541924
2023-05-12,USDNGN,575.4199,575.4696,574.4864,575.4211297770487
2023-05-15,USDNGN,577.0836,578.4321,576.2157,577.2305977012412
2023-05-16,USDNGN,571.6002,572.7656,571.1084,572.0409504627768
2023-05-17,USDNGN,560.6128,561.6374,559.0644,560.3251750521384
2023-05-18,USDNGN,562.8619,565.6783,560.8522,562.4415803500054
2023-05-19,USDNGN,566.1543,568.3456,564.0663,566.1522536942729
2023-05-22,USDNGN,561.4599,562.925,560.2615,562.3367090043039
2023-05-23,USDNGN,561.0959,561.5868,560.5384,561.2686539734375
2023-05-24,USDNGN,569.2565,570.8941,567.7881,570.0910065115187
2023-05-25,USDNGN,576.8313,577.8881,574.0233,577.3580776809483
2023-05-26,USDNGN,555.8698,557.2003,555.2371,555.5395123793263
2023-05-29,USDNGN,566.8221,569.0055,565.7078,566.798239578576
2023-05-30,USDNGN,565.2288,566.0444,562.9217,565.5206014567547
2023-05-31,USDNGN,566.2545,568.1539,565.2031,566.8607172102026
2023-06-01,USDNGN,573.8179,574.6261,572.8763,573.8818006814272
2023-06-02,USDNGN,593.4989,594.6231,593.0014,593.5015122966076
2023-06-05,USDNGN,594.5262,595.1141,593.0933,594.3553640188347
2023-06-06,USDNGN,588.2996,589.6725,587.1356,588.4523
2023-06-07,USDNGN,583.5326,584.6485,582.5655,583.4213812922097
2023-06-08,USDNGN,577.8708,578.0192,577.3461,577.5316591750554
2023-06-09,USDNGN,589.2973,590.0899,588.379,589.4803996934423
2023-06-12,USDNGN,579.8868,580.5457,577.0306,578.32014048663
2023-06-14,USDNGN,570.2308,570.906,568.6079,570.4469832781878
2023-06-15,USDNGN,587.5665,587.9069,586.4144,586.489
2023-06-16,USDNGN,579.2568,579.2801,578.2972,579.2517376125411
2023-06-19,USDNGN,575.5536,578.3972,573.0361,575.7242085943847
2023-06-20,USDNGN,569.0604,569.983,567.8185,569.2017633777056
2023-06-21,USDNGN,571.2025,572.3221,568.9175,570.8593543112919
2023-06-22,USDNGN,581.7193,582.9511,579.4003,581.4106918598951
2023-06-23,USDNGN,581.9837,582.5453,580.8906,581.6317251499016
2023-06-26,USDNGN,574.3755,575.4439,573.0445,574.2238173303522
2023-06-27,USDNGN,579.985,580.9299,578.0227,578.6065610072094
2023-06-28,USDNGN,593.1489,593.1855,591.6427,592.0622945142919
2023-06-29,USDNGN,587.4226,588.9125,586.2991,586.9485235111642
2023-06-30,USDNGN,586.1947,589.6837,586.0833,587.5205927528903
2023-07-03,USDNGN,597.9443,600.4817,596.0592,597.4611976336193
2023-07-04,USDNGN,597.1718,597.8406,596.3265,597.8098266928602
2023-07-05,USDNGN,608.219,611.1786,608.0471,608.9592511192503
2023-07-06,USDNGN,600.5403,603.2897,599.5808,601.4575565833482
2023-07-07,USDNGN,610.0706,611.4904,606.8514,610.6346959739468
2023-07-10,USDNGN,595.7083,596.8926,594.7233,596.7990127889061
2023-07-12,USDNGN,578.9468,580.9418,576.1713,579.3480434680457
2023-07-13,USDNGN,578.5272,580.3986,577.3275,579.8996956062342
2023-07-14,USDNGN,571.3388,571.996,568.983,571.0464064483783
2023-07-17,USDNGN,567.3289,569.123,566.9007,568.7037678156225
2023-07-18,USDNGN,553.3212,553.9243,553.1054,553.34916871131
2023-07-19,USDNGN,545.3171,545.9463,544.9672,545.0139857200335
2023-07-20,USDNGN,570.3748,571.1674,570.1269,570.5886841179951
2023-07-21,USDNGN,565.7236,566.3299,565.1668,565.5559550911909
2023-07-24,USDNGN,567.4162,568.0285,566.5424,567.774
2023-07-25,USDNGN,575.8422,576.8779,574.8831,575.0324583349235
2023-07-26,USDNGN,572.1774,573.2058,571.4771,571.5577705647062
2023-07-27,USDNGN,580.6705,582.5271,577.9533,580.1427491978035
2023-07-28,USDNGN,578.9368,580.7165,578.5659,579.7558769157721
2023-07-31,USDNGN,594.5781,595.6681,593.9157,595.1367916799508
2023-08-01,USDNGN,609.6716,611.6271,609.3599,610.7610356913107
2023-08-02,USDNGN,610.0302,610.3167,607.6562,609.5761676745464
2023-08-03,USDNGN,617.1734,618.551,615.8762,617.6067222647368
2023-08-04,USDNGN,619.3749,620.0114,617.7383,618.7194075782544
2023-08-07,USDNGN,625.1515,627.5778,623.5026,625.2379429279198
2023-08-08,USDNGN,626.4093,626.8884,625.7114,625.7931634616161
2023-08-09,USDNGN,619.302,619.8512,618.0957,619.0979
2023-08-10,USDNGN,613.4737,614.9933,612.7583,613.3446525702337
2023-08-11,USDNGN,597.3095,600.5671,596.725,598.0928335871529
2023-08-14,USDNGN,599.5925,600.0621,598.3081,599.4352772442891
2023-08-15,USDNGN,589.3971,590.868,589.1831,590.0240914276626
2023-08-16,USDNGN,581.9819,582.1165,580.8574,581.2919757727079
2023-08-17,USDNGN,581.4093,583.7945,581.3385,581.8580213502341
2023-08-18,USDNGN,583.684,584.1192,582.8928,583.7947944305014
2023-08-21,USDNGN,579.6825,580.8903,577.236,579.1466321028714
2023-08-22,USDNGN,582.7477,583.8807,581.8667,582.0589277542897
2023-08-23,USDNGN,578.347,578.8658,577.6958,578.8456343883678
2023-08-24,USDNGN,569.8768,570.3195,569.5338,570.2454
2023-08-25,USDNGN,569.0197,570.6895,567.5361,567.8846748655817
2023-08-28,USDNGN,565.4754,566.9854,565.232,565.809382377139
2023-08-29,USDNGN,575.4014,576.9875,573.8919,575.4852882223851
2023-08-30,USDNGN,578.9008,580.4499,576.8629,578.9724017285806
2023-08-31,USDNGN,587.8222,588.6292,587.6006,588.0013932476744
2023-09-01,USDNGN,603.1488,603.593,602.6299,602.7218064775735
2023-09-04,USDNGN,593.1468,595.1969,591.9472,592.9403
2023-09-05,USDNGN,607.9617,608.3734,606.7882,608.0467921053656
2023-09-06,USDNGN,596.1817,597.5811,595.6203,597.259884504031
2023-09-07,USDNGN,606.5937,608.3489,606.3,606.6241430019393
2023-09-08,USDNGN,607.535,608.2908,605.9906,607.8282614940416
2023-09-11,USDNGN,623.9658,625.2249,623.0116,624.873791240031
2023-09-13,USDNGN,643.9225,644.4976,642.6004,644.4289897331308
2023-09-14,USDNGN,629.9442,630.8679,628.6457,630.3667945867809
2023-09-15,USDNGN,636.2786,636.3138,634.5144,635.3806823623346
2023-09-18,USDNGN,637.5583,638.8128,636.8247,637.7352584277376
2023-09-19,USDNGN,628.3509,629.3904,628.0116,628.5664994948196
2023-09-20,USDNGN,621.0631,621.5389,620.8847,621.400082688622
2023-09-21,USDNGN,626.7293,627.1986,625.6968,627.1367
2023-09-25,USDNGN,631.91,633.4715,630.3455,631.1637
2023-09-26,USDNGN,641.0983,642.0998,639.2364,641.4747735841885
2023-09-27,USDNGN,654.3051,654.6935,653.4129,654.1805170080977
2023-09-28,USDNGN,644.388,644.5943,643.1231,644.0400588147098
2023-09-29,USDNGN,642.4495,644.1143,641.5706,643.3469
2023-10-02,USDNGN,656.3034,657.2254,656.0174,656.8605403355397
2023-10-03,USDNGN,668.9215,670.017,665.7856,668.5637048201068
2023-10-04,USDNGN,674.7366,675.4973,673.5176,674.4240782694683
2023-10-05,USDNGN,683.569,685.8285,682.83,683.5944820079905
2023-10-06,USDNGN,688.3856,689.8453,687.7411,689.2261928513175
2023-10-11,USDNGN,690.9913,691.3666,689.7068,690.4309111994362
2023-10-12,USDNGN,712.6978,713.0337,709.8413,711.6647975240813
2023-10-13,USDNGN,706.3731,706.5552,705.2779,706.1512035707221
2023-10-16,USDNGN,701.5007,704.5992,700.384,702.1914279454853
2023-10-17,USDNGN,699.833,701.3793,699.4921,701.242291599505
2023-10-18,USDNGN,706.3708,706.9299,703.7482,706.0295538232889
2023-10-23,USDNGN,707.0806,712.2122,704.1762,708.5903
2023-10-24,USDNGN,715.5806,717.835,715.3405,715.9195487778862
2023-10-25,USDNGN,713.1894,715.585,711.6643,713.1176034334011
2023-10-26,USDNGN,708.6553,710.3364,706.6702,709.7872661239327
2023-10-27,USDNGN,690.324,690.3512,689.577,689.866322624077
2023-10-30,USDNGN,697.8608,698.7519,697.3833,697.5902667801149
2023-10-31,USDNGN,697.5082,698.0339,696.1975,697.8322571888573
2023-11-02,USDNGN,696.9729,699.579,695.7249,697.0584243276833
2023-11-03,USDNGN,706.7944,708.501,705.1313,706.0153091371748
2023-11-06,USDNGN,714.5377,717.3739,713.43,714.4751844507695
2023-11-08,USDNGN,730.8581,731.2931,729.3499,729.8712401282897
2023-11-09,USDNGN,716.908,718.9939,715.1638,717.1243564193138
2023-11-13,USDNGN,721.8613,724.2417,719.3098,721.322842670691
2023-11-14,USDNGN,738.6506,738.9425,735.6379,737.6584
2023-11-15,USDNGN,740.433,742.9589,738.1629,741.7255977295395
2023-11-16,USDNGN,748.4533,750.0959,746.8557,748.1371682635363
2023-11-17,USDNGN,790.4393,792.0608,789.6556,789.9068038507603
2023-11-20,USDNGN,789.7889,792.3417,789.5868,790.9791009439663
2023-11-21,USDNGN,781.4212,783.0605,779.1634,780.5582680892246
2023-11-22,USDNGN,773.7117,774.2353,769.9697,773.9425368339614
2023-11-23,USDNGN,772.01,772.669,771.6578,772.4152865935682
2023-11-24,USDNGN,783.6686,785.7845,781.7023,782.937218722523
2023-11-27,USDNGN,779.7423,782.529,779.6366,780.4492901759902
2023-11-28,USDNGN,772.5165,775.6787,770.2312,772.9380890478635
2023-11-29,USDNGN,776.9458,778.3674,775.9555,776.7926869075305
2023-11-30,USDNGN,778.8246,781.4929,777.7273,779.7970326063462
2023-12-04,USDNGN,790.6988,791.8993,789.9856,790.6758016972587
2023-12-05,USDNGN,781.7712,785.5597,781.7505,782.3519937027745
2023-12-06,USDNGN,773.5349,774.2143,770.8364,773.4289606134727
2023-12-07,USDNGN,775.9971,776.2076,773.2681,774.3848278521816
2023-12-08,USDNGN,766.4002,767.3268,764.8031,766.8439
2023-12-11,USDNGN,770.8377,771.5491,768.8423,769.3490004732362
2023-12-12,USDNGN,780.2615,782.4691,779.7065,782.1293080598645
2023-12-13,USDNGN,778.7783,780.3363,778.5375,779.4525013029029
2023-12-14,USDNGN,798.6311,799.239,795.6083,796.7487899685168
2023-12-15,USDNGN,791.4109,793.3006,791.1916,791.7833439884035
2023-12-18,USDNGN,797.2808,797.5759,796.5388,797.0542668038709
2023-12-19,USDNGN,807.0017,809.6735,805.0883,807.0352
2023-12-20,USDNGN,806.1751,808.0106,805.0869,807.9854678951427
2023-12-21,USDNGN,809.901,813.2271,808.008,810.5148277480702
2023-12-22,USDNGN,818.9228,820.2723,817.7714,819.2906649971615
2023-12-25,USDNGN,813.0072,814.6944,811.6644,812.5323188723964
2023-12-26,USDNGN,808.9487,810.8905,807.8362,808.8464433201514
2023-12-27,USDNGN,804.9392,807.3636,804.02,804.7168354189104
2023-12-28,USDNGN,801.539,805.9371,800.7975,802.4191113806007
2023-12-29,USDNGN,782.4118,785.426,781.2023,783.784994472859
2024-01-01,USDNGN,783.848,786.261,781.3831,783.3330614654342
2024-01-02,USDNGN,803.1265,804.9975,801.6689,802.1435529602688
2024-01-03,USDNGN,822.1308,824.4421,820.1594,823.0478751616207
2024-01-04,USDNGN,828.0034,829.0316,827.5851,828.8045
2024-01-05,USDNGN,825.3483,826.0198,819.7422,823.463717503627
2024-01-08,USDNGN,808.6956,810.9021,805.9958,808.9415861382068
2024-01-09,USDNGN,782.7665,784.1326,781.6459,782.0927468208178
2024-01-10,USDNGN,786.1383,787.033,784.0672,786.4619556858731
2024-01-11,USDNGN,790.0873,790.8869,788.2503,789.3383163682158
2024-01-12,USDNGN,796.2115,797.5229,793.5091,795.1061069402406
2024-01-15,USDNGN,789.4744,791.1447,788.0121,789.7960333941351
2024-01-16,USDNGN,796.8813,800.0488,793.2373,797.5472060436932
2024-01-17,USDNGN,796.1793,798.5128,794.0676,796.4700125648054
2024-01-18,USDNGN,797.9152,800.1114,797.6951,798.4668721218728
2024-01-19,USDNGN,785.1078,787.0474,784.3768,785.3471317853044
2024-01-22,USDNGN,815.3441,815.7248,813.4861,813.5951004218124
2024-01-23,USDNGN,806.3252,810.0039,805.3876,806.9863
2024-01-24,USDNGN,806.527,808.1365,804.4512,806.1071241887543
2024-01-25,USDNGN,831.6561,832.579,829.9885,831.3057422884858
2024-01-26,USDNGN,829.7357,831.1158,828.4508,828.9385
2024-01-29,USDNGN,827.0215,829.1463,825.6174,827.7075206479672
2024-01-30,USDNGN,841.5835,844.424,839.6162,841.9263004586003
2024-01-31,USDNGN,851.7786,852.9076,849.3023,849.9915541805457
2024-02-01,USDNGN,840.7149,842.7368,839.9776,841.748167340476
2024-02-02,USDNGN,834.3162,837.8996,832.4293,832.869303107545
2024-02-05,USDNGN,823.6723,825.5944,819.31,821.8238727685447
2024-02-06,USDNGN,834.1764,835.1527,832.1706,834.5292348473722
2024-02-08,USDNGN,857.4884,863.4046,857.4638,857.7282831986454
2024-02-09,USDNGN,855.613,856.0596,852.944,854.414780534838
2024-02-12,USDNGN,859.8264,862.9774,858.652,861.2178256397526
2024-02-13,USDNGN,876.666,878.7079,873.5977,875.6903014171514
2024-02-14,USDNGN,894.6428,896.3744,893.0499,893.9244984912049
2024-02-15,USDNGN,899.1287,899.7181,897.762,898.9452392719296
2024-02-16,USDNGN,902.9682,904.5123,900.6038,902.9139273295416
2024-02-21,USDNGN,914.4752,917.8589,913.8739,914.5302153914398
2024-02-22,USDNGN,927.8184,928.7716,927.1679,928.5412279756296
2024-02-23,USDNGN,923.2318,928.0589,922.5035,924.8891086678826
2024-02-26,USDNGN,947.8681,949.6737,946.5167,948.6102626774032
2024-02-27,USDNGN,943.572,944.6399,941.7478,943.1273249684608
2024-02-28,USDNGN,948.4159,948.4304,946.6772,947.9510980122536
2024-02-29,USDNGN,948.4845,949.7952,946.7328,948.897403506456
2024-03-01,USDNGN,924.6924,927.6605,923.828,924.3300722746054
2024-03-04,USDNGN,944.3066,944.771,943.3595,944.1123304002352
2024-03-05,USDNGN,958.8571,962.252,955.5104,957.7555997887256
2024-03-06,USDNGN,942.4294,944.4526,941.958,943.3913078700464
2024-03-07,USDNGN,947.4635,950.2317,946.2245,949.1527714174384
2024-03-08,USDNGN,955.2077,957.8347,955.0434,955.2939225145244
2024-03-11,USDNGN,950.2942,953.0416,949.709,951.0832
2024-03-12,USDNGN,976.7663,979.4399,972.8382,975.9317936021728
2024-03-13,USDNGN,940.9447,942.1778,940.2092,940.9958
2024-03-14,USDNGN,931.6484,932.8727,928.5734,931.358564845366
2024-03-15,USDNGN,914.8809,915.6965,913.8612,915.4852283391518
2024-03-18,USDNGN,909.3764,909.5995,907.9733,908.3470133623636
2024-03-19,USDNGN,888.8875,891.7194,884.2639,887.9978763331039
2024-03-20,USDNGN,876.995,877.1206,873.4254,876.4921025379988
2024-03-21,USDNGN,886.3632,888.3251,883.9856,886.1406816749343
2024-03-22,USDNGN,887.3702,889.1212,884.4722,885.8302554580812
2024-03-25,USDNGN,873.9344,875.4898,872.4485,873.9539742960778
2024-03-26,USDNGN,892.4685,895.7292,891.9758,892.3308382194131
2024-03-27,USDNGN,884.7625,885.7159,881.1283,884.3005556974285
2024-03-28,USDNGN,893.3845,895.7315,889.9701,893.7533134229608
2024-03-29,USDNGN,882.7109,883.3562,879.9337,881.0992927697371
2024-04-02,USDNGN,883.3087,885.9077,882.0952,883.5540833450469
2024-04-03,USDNGN,878.155,878.9272,875.9117,877.3624526779325
2024-04-05,USDNGN,871.4338,875.366,869.386,871.074253887607
2024-04-08,USDNGN,873.8321,874.453,869.1037,872.7750194108105
2024-04-09,USDNGN,880.6415,882.6603,879.4932,879.9794706920687
2024-04-10,USDNGN,880.6642,882.5441,876.4927,881.7114289717609
2024-04-11,USDNGN,865.974,870.152,865.2622,867.9921485152371
2024-04-15,USDNGN,878.4399,881.5431,877.6452,880.0596969972142
2024-04-16,USDNGN,876.7408,880.0548,873.9769,877.8133092187736
2024-04-17,USDNGN,865.9515,866.8836,862.9835,864.318
2024-04-18,USDNGN,852.1388,852.6524,850.8228,852.2363775211442
2024-04-19,USDNGN,859.3155,860.7931,857.7225,860.540632650426
2024-04-22,USDNGN,858.885,861.2956,858.0096,858.1648184270737
2024-04-23,USDNGN,863.3861,863.9777,862.608,863.8134959970772
2024-04-24,USDNGN,880.755,882.4368,878.2928,880.189671951109
2024-04-25,USDNGN,871.7936,872.5404,871.4551,872.4842161019156
2024-04-26,USDNGN,849.2624,852.1491,848.4284,850.6304756733095
2024-04-29,USDNGN,886.7288,888.8452,885.8087,868.6866878366548
2024-04-30,USDNGN,885.5977,886.9661,884.2022,886.7429
2024-05-01,USDNGN,903.5311,904.5042,902.8575,904.2172366360224
2024-05-02,USDNGN,890.6214,893.523,889.9077,892.0709880178143
2024-05-03,USDNGN,894.0659,897.0959,893.6105,895.0880049481436
2024-05-06,USDNGN,894.5753,897.1363,894.3872,896.3870770241145
2024-05-07,USDNGN,930.0804,931.3942,930.0067,930.068200272072
2024-05-08,USDNGN,918.3884,920.0011,917.4019,917.75918364559
2024-05-09,USDNGN,911.4103,912.4691,910.2487,911.8089214829192
2024-05-10,USDNGN,941.0628,943.353,938.8643,941.1359372135538
2024-05-13,USDNGN,945.184,949.7666,944.7122,945.674
2024-05-14,USDNGN,968.6156,970.981,966.9004,970.5026140418116
2024-05-15,USDNGN,950.5722,953.0397,950.4415,951.819289066714
2024-05-16,USDNGN,939.2965,939.9866,936.0978,939.0596670848136
2024-05-17,USDNGN,943.0095,946.141,942.0989,944.593129626043
2024-05-20,USDNGN,939.8437,941.2706,937.9141,939.3009304449644
2024-05-21,USDNGN,934.0001,937.6469,930.6353,931.963219672286
2024-05-22,USDNGN,947.3139,947.6204,945.3252,947.0093944865127
2024-05-23,USDNGN,927.457,927.9082,927.2279,927.881488305532
2024-05-24,USDNGN,924.0761,924.9831,923.2407,923.506692701044
2024-05-27,USDNGN,944.7357,947.7663,942.2083,946.2390911841546
2024-05-28,USDNGN,969.3683,970.6561,967.6565,969.9498275030212
2024-05-29,USDNGN,985.5865,987.3161,985.4086,986.3290758454152
2024-05-30,USDNGN,1011.956,1012.0682,1008.6923,1011.088181022068
2024-05-31,USDNGN,1001.3245,1001.7414,997.3673,1000.91930232015
2024-06-03,USDNGN,1006.9386,1009.9993,1006.4039,1008.3425
2024-06-04,USDNGN,997.5999,998.1892,996.0587,997.854014906586
2024-06-05,USDNGN,991.6393,992.5853,990.9683,991.8993804222838
2024-06-06,USDNGN,1001.4247,1003.3193,999.3235,1002.3916598477404
2024-06-07,USDNGN,998.5021,1000.8565,997.0646,999.4895491385352
2024-06-10,USDNGN,968.6265,969.5623,966.7405,968.74428364628
2024-06-11,USDNGN,984.7161,986.9152,981.2904,983.9579543324692
2024-06-12,USDNGN,981.8452,982.5903,980.0245,981.3683119187112
2024-06-13,USDNGN,1017.7063,1021.092,1017.0607,1018.0383722592634
2024-06-14,USDNGN,1019.9122,1022.1853,1019.6841,1020.480103295608
2024-06-17,USDNGN,993.2892,997.1561,992.6778,993.982061262252
2024-06-18,USDNGN,979.4033,980.0761,978.3407,979.1193172595856
2024-06-19,USDNGN,1002.8826,1003.7125,1002.4861,1003.3694802402696
2024-06-20,USDNGN,991.6075,995.6922,987.7148,990.0551896933854
2024-06-24,USDNGN,1058.1964,1060.3757,1057.4438,1057.8605241463772
2024-06-25,USDNGN,1059.1904,1059.5479,1056.9051,1058.0755805568565
2024-06-26,USDNGN,1066.0953,1067.2561,1063.9795,1065.7599677102955
2024-06-27,USDNGN,1018.3587,1019.9123,1017.9646,1019.1817975769096
2024-07-01,USDNGN,972.9764,975.159,966.3605,972.0208038837864
2024-07-02,USDNGN,976.3384,979.075,972.8513,977.679363372256
2024-07-03,USDNGN,975.6136,979.2131,974.8674,977.0256745197574
2024-07-04,USDNGN,998.908,1003.5512,996.8351,999.7959360724184
2024-07-05,USDNGN,1007.1173,1009.7498,1005.4007,1007.400335085092
2024-07-08,USDNGN,998.5376,998.9262,996.5109,996.8311955550412
2024-07-09,USDNGN,1010.0635,1013.1392,1007.8408,1010.5500630435872
2024-07-10,USDNGN,991.9865,992.8367,989.9815,992.5311489806502
2024-07-11,USDNGN,1028.692,1031.148,1028.0875,1029.0686252026223
2024-07-12,USDNGN,1035.7308,1038.657,1035.0037,1038.1787474109017
2024-07-15,USDNGN,1035.2708,1035.5653,1031.9159,1034.0698642455195
2024-07-16,USDNGN,1028.9887,1029.9756,1026.3899,1026.902557994472
2024-07-17,USDNGN,1041.1191,1042.3005,1038.576,1040.0901699305305
2024-07-18,USDNGN,1037.0974,1038.63,1036.6971,1036.7582785425827
2024-07-19,USDNGN,1053.2563,1054.7248,1049.8234,1053.7581858763976
2024-07-22,USDNGN,1038.7218,1038.8197,1033.8338,1037.4856267905418
2024-07-23,USDNGN,1051.3632,1051.6019,1050.0942,1050.5951351750127
2024-07-24,USDNGN,1039.3807,1042.2638,1038.1624,1038.457056668219
2024-07-25,USDNGN,1034.9775,1036.2764,1032.2026,1036.19993076284
2024-07-26,USDNGN,1006.0804,1006.7769,1005.78,1006.012426415896
2024-07-29,USDNGN,1028.2847,1028.4023,1024.2081,1025.8583029392512
2024-07-30,USDNGN,1021.6584,1021.6641,1020.8421,1021.3939858948742
2024-07-31,USDNGN,1023.9184,1025.8272,1020.7927,1023.60757609647
2024-08-01,USDNGN,1036.232,1038.9951,1034.3837,1036.8341363596985
2024-08-02,USDNGN,1019.0611,1023.4608,1015.8147,1018.7843788385728
2024-08-05,USDNGN,1037.5053,1037.9786,1036.9917,1037.1984336861258
2024-08-06,USDNGN,1023.0448,1023.6828,1019.334,1021.5597573597046
2024-08-07,USDNGN,1037.1232,1038.7884,1032.3483,1035.145594267462
2024-08-08,USDNGN,1032.147,1032.2688,1031.8109,1032.0586712938796
2024-08-09,USDNGN,1010.6696,1011.6198,1008.5672,1010.3312685322628
2024-08-15,USDNGN,988.4257,992.2601,986.9407,988.5410213027652
2024-08-16,USDNGN,1011.006,1012.99,1008.5923,1011.3542713220704
2024-08-19,USDNGN,1038.0443,1039.3342,1037.0517,1038.5017913366682
2024-08-20,USDNGN,1042.4837,1045.0011,1041.0975,1044.154461017638
2024-08-21,USDNGN,1027.695,1030.0959,1026.3049,1026.343911972108
2024-08-22,USDNGN,1057.8636,1059.3025,1057.5743,1057.7085764736112
2024-08-23,USDNGN,1051.5248,1051.6584,1046.6847,1050.1143
2024-08-26,USDNGN,1055.4421,1059.1535,1053.7349,1054.3213
2024-08-27,USDNGN,1059.6587,1063.0445,1057.2144,1060.4582588388866
2024-08-28,USDNGN,1070.1365,1071.7411,1068.9639,1070.346411987182
2024-08-29,USDNGN,1051.0225,1054.7735,1048.8172,1053.360903102342
2024-08-30,USDNGN,1059.3259,1060.8315,1059.2775,1059.6586174879408
2024-09-02,USDNGN,1071.5273,1072.7873,1069.5747,1072.2349746415898
2024-09-03,USDNGN,1075.0704,1080.7375,1073.875,1075.2822707107623
2024-09-04,USDNGN,1058.0967,1061.5944,1055.5104,1059.144482543163
2024-09-05,USDNGN,1056.593,1060.0768,1053.5719,1057.0145170613453
2024-09-06,USDNGN,1051.3195,1052.0687,1047.0764,1048.7437427900916
2024-09-09,USDNGN,1048.8388,1051.0609,1047.4671,1048.2492407491025
2024-09-10,USDNGN,1110.247,1111.8746,1108.3395,1108.7958927852246
2024-09-11,USDNGN,1104.9498,1106.4953,1101.9112,1106.2626628285404
2024-09-12,USDNGN,1133.1026,1136.6264,1131.1139,1132.8464093982354
2024-09-13,USDNGN,1149.2365,1152.3728,1145.4637,1150.5172236792448
2024-09-16,USDNGN,1151.0269,1153.0024,1148.8496,1150.418371474555
2024-09-17,USDNGN,1152.6697,1155.0201,1151.9148,1152.8552
2024-09-18,USDNGN,1168.8498,1169.2428,1163.3321,1167.0080503789425
2024-09-19,USDNGN,1144.3044,1144.9145,1141.7696,1142.506104041093
2024-09-20,USDNGN,1153.7923,1153.8468,1149.041,1152.669628024473
2024-09-23,USDNGN,1167.6358,1169.1255,1165.776,1166.4422660108055
2024-09-24,USDNGN,1179.9944,1180.8042,1175.6101,1178.8016591134135
2024-09-25,USDNGN,1183.4043,1185.3456,1179.8582,1183.2333945520488
2024-09-26,USDNGN,1190.469,1190.7918,1184.4816,1190.2557563545597
2024-09-27,USDNGN,1195.828,1196.1576,1191.2061,1192.5270284810797
2024-09-30,USDNGN,1167.354,1167.7351,1163.6453,1167.0367649679652
2024-10-01,USDNGN,1154.8876,1156.5399,1152.054,1152.642955273637
2024-10-02,USDNGN,1151.9008,1152.6168,1151.7015,1152.2491724726394
2024-10-03,USDNGN,1118.8618,1123.1923,1116.7925,1117.808200221208
2024-10-04,USDNGN,1097.3416,1098.463,1096.0054,1097.332600384464
2024-10-07,USDNGN,1085.2934,1085.9565,1084.7282,1085.6056
2024-10-08,USDNGN,1096.7287,1097.6687,1092.3595,1096.044001505332
2024-10-09,USDNGN,1081.1734,1083.0487,1078.0572,1082.2170008515086
2024-10-10,USDNGN,1076.6728,1077.3029,1075.0322,1075.4903765233164
2024-10-11,USDNGN,1084.8098,1087.4635,1081.8552,1083.214223259171
2024-10-14,USDNGN,1065.0505,1065.5411,1061.6302,1064.6759950229512
2024-10-15,USDNGN,1070.3158,1071.3827,1068.9737,1069.178675697595
2024-10-16,USDNGN,1069.7283,1070.8578,1068.7937,1069.163686658205
2024-10-17,USDNGN,1056.636,1059.3627,1054.631,1056.2118615902195
2024-10-18,USDNGN,1062.5188,1064.8044,1061.2454,1063.4788890104544
2024-10-21,USDNGN,1072.2714,1076.7204,1069.9423,1073.925063640064
2024-10-22,USDNGN,1046.5708,1047.0248,1045.017,1046.9711661250824
2024-10-23,USDNGN,1038.8207,1041.4995,1034.1578,1039.6150432790923
2024-10-24,USDNGN,1050.449,1052.468,1049.2726,1052.2870666363533
2024-10-25,USDNGN,1057.8611,1058.4987,1052.698,1058.432318685064
2024-10-28,USDNGN,1076.6757,1078.4224,1075.1129,1078.1455038996164
2024-10-29,USDNGN,1083.9929,1085.4118,1083.3071,1084.1798520798166
2024-10-31,USDNGN,1101.2483,1105.6973,1100.7226,1103.7658796500905
2024-11-01,USDNGN,1114.6143,1115.0006,1114.5495,1114.6216968036924
2024-11-04,USDNGN,1128.5161,1128.5716,1126.2866,1128.0116374959507
2024-11-05,USDNGN,1140.9475,1142.0508,1139.8933,1141.7496159271
2024-11-06,USDNGN,1157.8463,1159.5471,1155.8142,1157.9485110682087
2024-11-07,USDNGN,1136.2478,1138.6183,1135.1865,1136.8202225339287
2024-11-08,USDNGN,1145.9828,1148.8811,1145.7612,1147.5400373406917
2024-11-11,USDNGN,1113.4155,1117.1513,1110.09,1112.265740188712
2024-11-12,USDNGN,1130.1577,1130.7542,1129.4589,1130.1676699626692
2024-11-13,USDNGN,1135.7735,1136.5168,1133.2364,1135.2904169538533
2024-11-14,USDNGN,1136.4488,1139.6837,1135.5642,1136.5073056298463
2024-11-15,USDNGN,1143.7086,1145.5298,1143.546,1144.562943477353
2024-11-18,USDNGN,1155.062,1156.5034,1154.0098,1155.2000553972885
2024-11-19,USDNGN,1116.3506,1119.9853,1115.5273,1117.9293628870305
2024-11-20,USDNGN,1145.3873,1145.9407,1138.8831,1143.857875640305
2024-11-21,USDNGN,1169.725,1169.9125,1164.9993,1168.0137402628409
2024-11-22,USDNGN,1192.2077,1192.4258,1189.8112,1190.0858710182242
2024-11-25,USDNGN,1168.7059,1169.9899,1168.3467,1168.841682471817
2024-11-26,USDNGN,1201.5229,1201.6641,1197.2702,1201.4253747131104
2024-11-28,USDNGN,1251.4103,1256.4079,1250.4051,1252.8939143026205
2024-11-29,USDNGN,1235.8052,1237.4241,1235.5,1236.3385660967697
2024-12-02,USDNGN,1231.296,1236.4674,1227.1848,1233.6859698655392
2024-12-03,USDNGN,1226.668,1230.2837,1224.134,1226.7871491273438
2024-12-04,USDNGN,1217.323,1218.009,1215.2398,1217.585685358571
2024-12-05,USDNGN,1218.0856,1221.7884,1215.2783,1216.214685043543
2024-12-06,USDNGN,1223.3812,1223.6909,1218.9118,1221.3281133242222
2024-12-09,USDNGN,1229.6954,1233.5381,1227.0514,1228.7450569766006
2024-12-10,USDNGN,1254.4246,1256.2457,1252.283,1255.7530551089444
2024-12-11,USDNGN,1232.1183,1234.6857,1229.111,1233.5562085727604
2024-12-12,USDNGN,1260.1772,1262.1364,1260.0535,1260.9137974763537
2024-12-13,USDNGN,1284.1138,1284.9412,1278.4344,1283.2245216930055
2024-12-16,USDNGN,1288.5633,1292.4183,1286.2841,1290.1283917633257
2024-12-17,USDNGN,1273.9032,1277.8069,1271.5604,1273.8472944749724
2024-12-18,USDNGN,1260.5669,1260.8658,1256.8729,1259.9676026377497
2024-12-19,USDNGN,1278.2611,1281.8477,1276.0786,1277.2496314437883
2024-12-20,USDNGN,1245.6181,1246.0838,1244.8802,1244.8824471794665
2024-12-23,USDNGN,1262.8393,1264.4081,1260.5142,1263.8715283021004
2024-12-24,USDNGN,1266.1289,1269.2354,1263.4648,1264.272395626217
2024-12-25,USDNGN,1263.4633,1264.4536,1263.0387,1263.4718514791468
2024-12-26,USDNGN,1265.6203,1270.4044,1263.5775,1263.5901194781336
2024-12-27,USDNGN,1248.3404,1253.8641,1247.5805,1248.5376592118594
2024-12-30,USDNGN,1224.0277,1225.5246,1223.7926,1223.921712872372
2024-12-31,USDNGN,1251.6254,1257.129,1249.9754,1254.0603906015876
2025-01-01,USDNGN,1243.388,1244.1287,1241.4721,1242.2301787049728
2025-01-02,USDNGN,1266.7283,1267.209,1265.5067,1265.893741984548
2025-01-03,USDNGN,1294.1502,1297.0056,1292.6653,1294.5328967987566
2025-01-06,USDNGN,1305.4078,1307.9272,1303.2412,1305.6929452174934
2025-01-07,USDNGN,1304.7147,1309.1307,1300.9801,1302.2886348083732
2025-01-08,USDNGN,1276.4395,1277.7473,1274.7614,1275.3056868308768
2025-01-09,USDNGN,1271.7548,1276.9223,1268.0998,1272.2188979350424
2025-01-10,USDNGN,1300.6724,1301.0989,1297.7022,1300.9707787779414
2025-01-13,USDNGN,1337.7984,1338.4145,1335.9842,1337.3708938564698
2025-01-14,USDNGN,1352.3084,1355.4083,1349.2199,1351.254703447651
2025-01-15,USDNGN,1376.8348,1383.6809,1374.2231,1374.4902080336826
2025-01-16,USDNGN,1344.0593,1347.8484,1343.5427,1344.506778874059
2025-01-17,USDNGN,1334.9194,1339.1115,1334.5371,1336.8954703087609
2025-01-20,USDNGN,1359.7653,1362.2889,1359.5595,1359.747549468026
2025-01-21,USDNGN,1375.1446,1377.9383,1370.7628,1376.49034993359
2025-01-22,USDNGN,1403.68,1404.1125,1399.6116,1402.05323421437
2025-01-23,USDNGN,1396.7683,1399.1418,1396.4238,1396.831269036075
2025-01-24,USDNGN,1386.0662,1387.0737,1383.7969,1386.4347117728032
2025-01-27,USDNGN,1362.1985,1364.2439,1360.2079,1361.2222825409924
2025-01-28,USDNGN,1338.704,1339.9894,1333.7483,1339.9521786173289
2025-01-29,USDNGN,1356.8453,1359.9489,1355.8016,1357.3971127530856
2025-01-30,USDNGN,1395.7382,1398.1733,1392.7906,1396.1332156277356
2025-01-31,USDNGN,1391.9924,1394.0083,1389.9644,1392.7151682884073
2025-02-03,USDNGN,1403.9776,1407.1334,1401.326,1404.450178054392
2025-02-04,USDNGN,1350.1314,1351.3744,1348.2879,1349.0217060329817
2025-02-05,USDNGN,1334.2569,1336.5335,1332.0257,1335.408377645061
2025-02-06,USDNGN,1330.708,1336.0764,1329.7535,1332.4218649879465
2025-02-07,USDNGN,1325.0157,1332.2135,1324.9624,1326.9479685428994
2025-02-10,USDNGN,1328.4984,1329.845,1326.0342,1326.896897790864
2025-02-11,USDNGN,1336.0802,1336.5341,1334.5579,1334.9845378652174
2025-02-12,USDNGN,1307.3498,1310.3561,1305.3672,1308.1905681086898
2025-02-13,USDNGN,1303.2603,1304.2947,1302.1911,1303.236304231954
2025-02-14,USDNGN,1307.6961,1310.5545,1303.9883,1306.5807882104953
2025-02-17,USDNGN,1327.0762,1328.514,1319.3422,1323.8547830934324
2025-02-18,USDNGN,1340.2181,1341.9815,1336.8092,1339.3646315776837
2025-02-19,USDNGN,1381.7169,1384.8829,1379.8438,1381.1519784595384
2025-02-20,USDNGN,1395.9213,1399.4344,1394.2088,1396.4310991331445
2025-02-21,USDNGN,1412.0402,1416.3202,1411.0915,1413.306971006624
2025-02-24,USDNGN,1401.5621,1405.6863,1399.5905,1404.4433052540628
2025-02-25,USDNGN,1382.4392,1382.8133,1379.9377,1382.1503781612678
2025-02-26,USDNGN,1399.4985,1403.2215,1396.9293,1400.6657796726424
2025-02-27,USDNGN,1367.4729,1372.3897,1364.6344,1365.5638986880283
2025-02-28,USDNGN,1359.3394,1361.1255,1357.6985,1359.9176340617628
2025-03-03,USDNGN,1357.97,1358.645,1355.8074,1358.4936586630806
2025-03-04,USDNGN,1389.7518,1393.307,1386.1035,1389.9024068232611
2025-03-05,USDNGN,1371.6903,1373.6834,1367.6428,1371.210429680874
2025-03-06,USDNGN,1399.8132,1400.7254,1393.8035,1399.3433623588187
2025-03-07,USDNGN,1391.5982,1396.2804,1390.9487,1393.316957989918
2025-03-10,USDNGN,1398.4092,1400.4739,1397.8871,1399.4701355283494
2025-03-11,USDNGN,1415.1913,1416.886,1413.6181,1415.463791606155
2025-03-12,USDNGN,1411.8541,1418.4007,1408.7794,1413.605
2025-03-13,USDNGN,1411.034,1411.6234,1408.5061,1410.7764661953197
2025-03-14,USDNGN,1401.1496,1403.021,1397.4015,1401.779023315016
2025-03-17,USDNGN,1415.448,1418.0956,1413.0415,1416.6896543044595
2025-03-18,USDNGN,1421.8243,1426.9939,1421.715,1421.96982120963
2025-03-19,USDNGN,1454.8146,1457.8402,1454.2276,1455.0861887725064
2025-03-20,USDNGN,1449.0984,1457.6114,1447.2704,1450.41927677425
2025-03-21,USDNGN,1475.6467,1479.8908,1470.9916,1475.155184223878
2025-03-24,USDNGN,1501.8135,1504.0704,1499.3809,1501.4548990812468
2025-03-25,USDNGN,1517.8208,1519.4864,1517.1548,1518.9502329883198
2025-03-26,USDNGN,1528.7089,1529.1966,1527.8204,1528.605675390337
2025-03-27,USDNGN,1546.7855,1552.9504,1543.3803,1543.4300278698106
2025-03-28,USDNGN,1555.0608,1558.9662,1551.0427,1552.5484079456592
2025-03-31,USDNGN,1571.7569,1577.5139,1566.8392,1570.6814387323354
2025-04-01,USDNGN,1562.8102,1564.6268,1557.9606,1561.1118061795246
2025-04-02,USDNGN,1502.4296,1503.0217,1500.0691,1502.9922552019714
2025-04-03,USDNGN,1517.8086,1519.8603,1514.2809,1519.0383830128426
2025-04-04,USDNGN,1495.5501,1498.4036,1490.3091,1496.553382135121
2025-04-07,USDNGN,1500.091,1505.6832,1498.5905,1498.8756282347415
2025-04-08,USDNGN,1475.865,1479.8303,1474.7621,1475.6351477217595
2025-04-09,USDNGN,1463.7599,1468.2435,1462.8682,1463.5806167480866
2025-04-10,USDNGN,1470.7233,1473.8513,1469.2717,1469.3035
2025-04-11,USDNGN,1478.1319,1483.3246,1477.0215,1478.0899801499854
2025-04-14,USDNGN,1464.9599,1467.7382,1462.8326,1464.4109347579797
2025-04-15,USDNGN,1450.8708,1452.4606,1450.6556,1451.1196989495272
2025-04-16,USDNGN,1484.8197,1489.2587,1482.7436,1484.224426378953
2025-04-17,USDNGN,1476.59,1480.8788,1469.2013,1476.2825904083709
2025-04-18,USDNGN,1464.5457,1467.6609,1464.4463,1465.478101658102
2025-04-21,USDNGN,1470.0171,1474.683,1469.9155,1470.973584563896
2025-04-22,USDNGN,1468.6137,1473.0666,1463.3418,1470.039595075008
2025-04-23,USDNGN,1484.7749,1485.4414,1481.1905,1483.644728821082
2025-04-24,USDNGN,1500.0642,1503.1564,1498.0685,1499.648314647418
2025-04-25,USDNGN,1467.7806,1472.7098,1467.1083,1470.2135279262664
2025-04-28,USDNGN,1479.5793,1482.0003,1478.9338,1481.0268925940468
2025-04-29,USDNGN,1514.4444,1515.8363,1505.8154,1512.1192079416269
2025-04-30,USDNGN,1489.3828,1499.193,1489.222,1491.9661264506135
2025-05-01,USDNGN,1480.2488,1482.4572,1477.6761,1480.9111883154312
2025-05-02,USDNGN,1462.7999,1463.0199,1456.6579,1460.969592985012
2025-05-05,USDNGN,1450.7492,1451.9998,1445.7713,1449.0633046625987
2025-05-06,USDNGN,1451.9961,1453.7665,1449.9441,1453.10689023617
2025-05-07,USDNGN,1413.3492,1414.4782,1411.2597,1411.9901721355789
2025-05-08,USDNGN,1453.7052,1457.1648,1451.0297,1455.7002080889654
2025-05-09,USDNGN,1485.176,1488.8308,1481.9241,1487.2546043791438
2025-05-12,USDNGN,1493.8872,1497.5461,1492.7589,1494.832650229902
2025-05-13,USDNGN,1480.7746,1483.1287,1478.7778,1481.3582807261123
2025-05-14,USDNGN,1499.6173,1505.9749,1491.7089,1498.4993499961697
2025-05-15,USDNGN,1517.2249,1518.0315,1516.3148,1517.4195769457317
2025-05-16,USDNGN,1475.7535,1477.6529,1473.8894,1474.8217834736854
2025-05-19,USDNGN,1479.1108,1482.8011,1473.1311,1477.430125913867
2025-05-20,USDNGN,1470.9635,1475.8192,1470.9087,1472.102324890457
2025-05-23,USDNGN,1526.9416,1528.6751,1520.7781,1521.7195761852615
2025-05-26,USDNGN,1509.6832,1511.4094,1509.3616,1510.1506563731975
2025-05-27,USDNGN,1494.8322,1495.4558,1491.5484,1495.1911703460112
2025-05-28,USDNGN,1476.3915,1476.9426,1475.6482,1476.224342563641
2025-05-29,USDNGN,1430.4283,1436.5432,1427.3824,1429.438922653978
2025-05-30,USDNGN,1429.379,1429.6957,1426.4861,1428.7760076507395
2025-06-02,USDNGN,1412.4037,1415.7508,1409.0843,1413.5821212249837
2025-06-03,USDNGN,1454.2005,1458.1703,1453.146,1453.5475877181018
2025-06-04,USDNGN,1454.2046,1456.709,1453.4272,1455.816213978625
2025-06-05,USDNGN,1465.2066,1470.3245,1464.851,1465.5616766393423
2025-06-06,USDNGN,1444.6916,1448.7194,1443.6806,1446.132945683442
2025-06-09,USDNGN,1491.8319,1495.6798,1491.1876,1493.471958000025
2025-06-10,USDNGN,1474.629,1477.3079,1474.0936,1476.4496835814043
2025-06-11,USDNGN,1460.5613,1463.8974,1460.0386,1461.0237668867576
2025-06-12,USDNGN,1454.5588,1458.4084,1453.0695,1454.6532618431916
2025-06-13,USDNGN,1482.924,1486.9443,1481.8688,1482.7022
2025-06-16,USDNGN,1504.6284,1508.217,1501.9486,1504.044338122918
2025-06-17,USDNGN,1450.3967,1451.2989,1445.0141,1449.193
2025-06-18,USDNGN,1462.6456,1464.4545,1459.3565,1462.7200840126718
2025-06-19,USDNGN,1481.1184,1486.0118,1477.4203,1482.2663461111792
2025-06-23,USDNGN,1464.0905,1467.1589,1461.0389,1462.7164807835804
2025-06-24,USDNGN,1447.4306,1450.2894,1440.2076,1445.38
2025-06-25,USDNGN,1456.7685,1461.5962,1454.2322,1457.2223742174042
2025-06-26,USDNGN,1413.6689,1414.0002,1413.3504,1413.6251
2025-06-27,USDNGN,1418.0125,1422.9099,1416.1572,1421.9499100942332
2025-06-30,USDNGN,1442.7919,1447.612,1441.586,1443.6535
2025-07-01,USDNGN,1473.8974,1477.2805,1467.0567,1472.1099211780534
2025-07-02,USDNGN,1457.5239,1458.0771,1457.3537,1458.0754551855766
2025-07-03,USDNGN,1467.0441,1470.6326,1466.6479,1467.7722489386902
2025-07-04,USDNGN,1466.9599,1469.9242,1466.6604,1466.917995310894
2025-07-07,USDNGN,1483.2666,1484.1557,1481.7471,1483.095619254576
2025-07-08,USDNGN,1495.8252,1497.7331,1492.6341,1496.15715800999
2025-07-09,USDNGN,1470.6693,1473.4536,1469.2144,1471.640825683569
2025-07-10,USDNGN,1452.1162,1456.6935,1451.4345,1454.1455989586598
2025-07-11,USDNGN,1462.7204,1467.4032,1453.6385,1458.2257694206774
2025-07-14,USDNGN,1472.3725,1472.4435,1466.9913,1471.603007059842
2025-07-15,USDNGN,1505.9966,1507.3771,1505.7002,1507.1178352565105
2025-07-16,USDNGN,1514.4088,1515.2101,1509.8451,1513.1708285527643
2025-07-17,USDNGN,1508.9356,1513.2385,1506.2022,1509.922886628896
2025-07-21,USDNGN,1500.9467,1508.0132,1497.4872,1501.2395
2025-07-22,USDNGN,1478.5296,1481.0637,1477.5925,1479.1274271388409
2025-07-25,USDNGN,1468.2539,1469.4076,1465.9205,1468.101523684311
2025-07-28,USDNGN,1473.0501,1474.765,1472.5447,1472.6742837639397
2025-07-29,USDNGN,1489.5517,1495.3105,1487.2618,1489.1679497929556
2025-07-30,USDNGN,1529.3016,1529.4121,1526.2191,1527.830675876551
2025-07-31,USDNGN,1509.3147,1515.7348,1508.3857,1509.1400851843623
2025-08-01,USDNGN,1482.3972,1484.3777,1478.3105,1481.5337464667589
2025-08-04,USDNGN,1465.8416,1470.9136,1464.3745,1466.10944087455
2025-08-05,USDNGN,1496.4222,1497.2114,1492.0368,1496.8981898538027
2025-08-06,USDNGN,1528.3087,1532.423,1527.6687,1529.724273747073
2025-08-07,USDNGN,1525.92,1527.5407,1522.9647,1526.0345633087295
2025-08-08,USDNGN,1503.9782,1506.8353,1499.0807,1505.9545099488687
2025-08-11,USDNGN,1547.0626,1548.6265,1545.4963,1547.2648196891626
2025-08-13,USDNGN,1553.679,1555.3617,1549.5584,1552.418732569481
2025-08-14,USDNGN,1580.5354,1587.7927,1575.4457,1579.931136160507
2025-08-15,USDNGN,1585.4251,1588.8006,1585.1386,1586.1766613675488
2025-08-18,USDNGN,1594.0678,1599.4444,1592.3459,1593.4662
2025-08-19,USDNGN,1589.6937,1591.0384,1583.4775,1589.197992508454
2025-08-20,USDNGN,1613.376,1613.6768,1608.92,1612.1076252945245
2025-08-21,USDNGN,1589.846,1591.1847,1583.8108,1587.3910618329055
2025-08-22,USDNGN,1604.1923,1609.4883,1601.9075,1604.2689642368289
2025-08-25,USDNGN,1582.9125,1588.2192,1577.5052,1582.1509486866416
2025-08-26,USDNGN,1586.623,1590.773,1583.9379,1587.977829781374
2025-08-27,USDNGN,1586.1721,1588.7291,1584.7415,1585.3958566382023
2025-08-28,USDNGN,1591.9463,1596.3414,1589.7282,1592.737779535832
2025-08-29,USDNGN,1587.0023,1592.5254,1586.3794,1590.1366
2025-09-02,USDNGN,1614.0536,1616.9615,1613.4319,1594.3343912691198
2025-09-03,USDNGN,1598.7957,1601.4679,1598.3064,1598.5321825382398
2025-09-04,USDNGN,1598.4013,1600.0963,1595.5766,1596.7809216914343
2025-09-05,USDNGN,1611.6719,1614.6428,1610.2772,1611.2624207056317
2025-09-08,USDNGN,1619.5237,1621.2165,1618.3876,1618.720709017884
2025-09-09,USDNGN,1617.8454,1620.238,1617.343,1624.3993416384824
2025-09-10,USDNGN,1629.7634,1636.7006,1625.7886,1630.077974259081
2025-09-11,USDNGN,1621.0785,1626.1806,1620.5911,1623.225666403272
2025-09-15,USDNGN,1648.3607,1650.1879,1647.6018,1648.8391070492903
2025-09-17,USDNGN,1656.1447,1659.1353,1654.699,1654.863548871147
2025-09-18,USDNGN,1673.1234,1676.37,1669.2553,1673.8666390562985
2025-09-19,USDNGN,1617.5046,1619.1049,1615.021,1618.238788175722
2025-09-22,USDNGN,1626.1712,1626.7243,1622.9614,1624.212690993623
2025-09-23,USDNGN,1670.3093,1673.3219,1667.1528,1670.5516035782528
2025-09-24,USDNGN,1652.2941,1653.3492,1648.0248,1651.717875881741
2025-09-25,USDNGN,1595.7854,1599.2319,1594.5782,1595.8746
2025-09-26,USDNGN,1560.2117,1561.1392,1556.5513,1560.6059946036814
2025-09-29,USDNGN,1502.4273,1505.259,1498.6305,1501.8137622016795
2025-09-30,USDNGN,1472.5395,1475.1262,1471.0952,1474.7270782458745
2025-10-01,USDNGN,1474.8445,1475.5891,1470.8085,1472.5738842543049
2025-10-02,USDNGN,1509.5547,1516.9034,1507.7668,1510.9065243548498
2025-10-03,USDNGN,1469.4739,1469.8422,1468.6957,1468.8810778567615
2025-10-06,USDNGN,1489.1389,1489.8927,1483.7944,1488.2902765085994
2025-10-07,USDNGN,1479.213,1480.9149,1478.0346,1480.042636569067
2025-10-08,USDNGN,1480.0881,1482.3633,1477.2177,1480.0108220597365
2025-10-09,USDNGN,1471.052,1472.2565,1465.9155,1468.0270117747452
2025-10-10,USDNGN,1462.0687,1462.5898,1454.6224,1458.5302244681395
2025-10-13,USDNGN,1448.8753,1454.5922,1446.0589,1450.2828244746174
2025-10-14,USDNGN,1459.8378,1461.6215,1456.3067,1458.9717508619278
2025-10-15,USDNGN,1463.2968,1464.9767,1462.7742,1463.094061783133
2025-10-16,USDNGN,1495.7734,1496.1503,1492.5287,1495.3563603666637
2025-10-17,USDNGN,1474.1552,1476.4276,1468.2349,1471.1908302910624
2025-10-20,USDNGN,1448.729,1450.1752,1446.712,1449.1477612375318
2025-10-21,USDNGN,1457.7158,1460.3051,1456.0342,1457.601078912471
2025-10-22,USDNGN,1495.9919,1500.3186,1493.4185,1494.7448727517767
2025-10-23,USDNGN,1494.1358,1497.2996,1492.1569,1493.22157671759
2025-10-24,USDNGN,1483.0126,1484.8547,1481.5658,1484.58655741409
2025-10-27,USDNGN,1500.0579,1501.1698,1498.9575,1499.3265046218353
2025-10-28,USDNGN,1513.4585,1520.4656,1509.6569,1512.936206877475
2025-10-29,USDNGN,1499.4525,1503.6726,1498.4632,1501.2319416825414
2025-10-30,USDNGN,1529.3672,1534.5266,1524.1309,1526.9482470291473
2025-10-31,USDNGN,1554.7253,1558.4324,1553.465,1557.1417721188827
2025-11-03,USDNGN,1550.0279,1553.7845,1549.4925,1551.1151756015274
2025-11-04,USDNGN,1565.2917,1566.8122,1564.0159,1565.385429615966
2025-11-05,USDNGN,1547.1594,1548.4654,1547.1134,1548.407088660315
2025-11-06,USDNGN,1589.038,1595.143,1585.019,1590.804016372423
2025-11-07,USDNGN,1576.5662,1579.0714,1574.023,1575.163331990832
2025-11-10,USDNGN,1629.905,1637.9812,1626.7819,1633.6201989346823
2025-11-11,USDNGN,1630.1904,1633.7099,1626.3607,1629.0764007822456
2025-11-12,USDNGN,1654.7071,1656.3424,1650.9153,1653.7269705846643
2025-11-13,USDNGN,1632.3197,1634.7813,1630.6761,1632.5410270036416
2025-11-14,USDNGN,1647.2823,1648.2356,1645.2449,1646.4554896669574
2025-11-17,USDNGN,1623.0326,1625.7794,1614.8903,1621.9465104121457
2025-11-18,USDNGN,1628.5493,1629.1431,1624.9345,1627.100412428469
2025-11-19,USDNGN,1689.2745,1691.6822,1687.2041,1688.5840472531413
2025-11-20,USDNGN,1739.3971,1746.9876,1736.1255,1740.7459
2025-11-21,USDNGN,1741.4393,1746.3898,1739.2435,1739.84907188052
2025-11-24,USDNGN,1748.3635,1756.7131,1743.4684,1747.2057925515178
2025-11-25,USDNGN,1697.2034,1703.4025,1696.4624,1700.119500400966
2025-11-26,USDNGN,1691.6053,1692.5087,1685.3729,1691.4875635273986
2025-11-27,USDNGN,1707.4063,1707.4912,1703.2858,1707.1507355868705
2025-11-28,USDNGN,1715.7995,1719.0182,1712.8469,1715.6586651271084
2025-12-01,USDNGN,1718.1773,1720.7475,1715.7317,1716.3989701065404
2025-12-02,USDNGN,1712.6624,1713.384,1709.7617,1712.4309265586223
2025-12-04,USDNGN,1757.5749,1759.1379,1755.0537,1755.4816027323288
2025-12-05,USDNGN,1776.3212,1778.9499,1771.1493,1774.431750905878
2025-12-08,USDNGN,1802.1712,1807.8929,1798.0871,1803.620861171482
2025-12-09,USDNGN,1813.0224,1815.8146,1809.3334,1811.018309566144
2025-12-10,USDNGN,1796.5884,1798.4912,1792.3722,1794.4896813918415
2025-12-11,USDNGN,1762.0159,1767.114,1760.102,1762.9790133726665
2025-12-12,USDNGN,1783.0867,1784.998,1775.1458,1782.329559557581
2025-12-16,USDNGN,1764.1764,1764.8038,1754.0285,1760.9385353300593
2025-12-17,USDNGN,1760.753,1767.2006,1755.1472,1760.2622158196648
2025-12-18,USDNGN,1757.5566,1761.0671,1753.7095,1759.5864918978089
2025-12-19,USDNGN,1734.138,1736.4495,1730.2044,1733.9822875222417
2025-12-22,USDNGN,1748.4176,1751.9912,1740.9266,1746.2363182693105
2025-12-23,USDNGN,1762.3701,1765.0307,1757.3537,1759.412104225196
2025-12-24,USDNGN,1713.8765,1716.0385,1710.4819,1712.4033486037656
2025-12-25,USDNGN,1695.546,1702.1919,1694.5135,1698.6361645295951
2025-12-26,USDNGN,1754.814,1756.9224,1751.511,1755.3513127296362
2025-12-29,USDNGN,1737.9354,1738.194,1736.0247,1736.1388257617878
2025-12-30,USDNGN,1743.4784,1745.3053,1738.1176,1740.6924497588031
2025-12-31,USDNGN,1783.836,1785.9195,1776.9011,1782.6445921013246
2023-01-02,USDZAR,17.1325,17.1604,17.1149,17.11753083195181
2023-01-03,USDZAR,17.6434,17.6674,17.6379,17.6539
2023-01-05,USDZAR,17.908,17.9251,17.9053,17.922763822236178
2023-01-06,USDZAR,17.7324,17.7561,17.7161,17.73281411359442
2023-01-09,USDZAR,17.7468,17.7713,17.7139,17.738754004531785
2023-01-10,USDZAR,18.0494,18.0871,18.0253,18.051892463276005
2023-01-12,USDZAR,17.5131,17.5583,17.5023,17.53907088606232
2023-01-13,USDZAR,17.6371,17.6557,17.6281,17.65036703243476
2023-01-16,USDZAR,17.2392,17.2602,17.1629,17.245935509481257
2023-01-17,USDZAR,17.0252,17.0818,16.9958,17.0383
2023-01-18,USDZAR,17.1481,17.208,17.1039,17.163636209297827
2023-01-19,USDZAR,17.109,17.1255,17.0979,17.122879471885156
2023-01-23,USDZAR,16.4586,16.4887,16.448,16.46190655579878
2023-01-24,USDZAR,16.6924,16.7207,16.6626,16.702843562653936
2023-01-25,USDZAR,16.7297,16.7508,16.7143,16.719203344768175
2023-01-26,USDZAR,16.83,16.8462,16.7801,16.832282624886826
2023-01-27,USDZAR,16.646,16.6487,16.6058,16.615122606790212
2023-01-30,USDZAR,16.7458,16.7806,16.7347,16.770621890066135
2023-01-31,USDZAR,16.5262,16.5398,16.4428,16.535023549453413
2023-02-01,USDZAR,16.7826,16.8326,16.7624,16.79332609166714
2023-02-02,USDZAR,16.5063,16.5185,16.4985,16.50804510003446
2023-02-03,USDZAR,16.487,16.5554,16.468,16.517336750058416
2023-02-06,USDZAR,16.2783,16.2905,16.2584,16.277403775660005
2023-02-07,USDZAR,16.3582,16.3908,16.3423,16.344493503407804
2023-02-08,USDZAR,16.103,16.1447,16.0781,16.1108143691794
2023-02-09,USDZAR,16.1681,16.1916,16.1643,16.167810287756105
2023-02-13,USDZAR,16.186,16.1936,16.1495,16.178457473885047
2023-02-14,USDZAR,16.3149,16.3485,16.2501,16.33200384411019
2023-02-15,USDZAR,16.5448,16.5857,16.4998,16.516661084691723
2023-02-16,USDZAR,16.5994,16.6159,16.5857,16.607683493922917
2023-02-17,USDZAR,16.5306,16.5784,16.5118,16.524603095020705
2023-02-21,USDZAR,16.4526,16.4789,16.39,16.466103256347303
2023-02-22,USDZAR,16.5089,16.5323,16.4553,16.503861744418632
2023-02-23,USDZAR,16.5984,16.6843,16.5875,16.600542516776986
2023-02-24,USDZAR,16.7946,16.7946,16.7722,16.78870936598868
2023-02-27,USDZAR,16.9705,17.0037,16.9245,16.97257321823268
2023-02-28,USDZAR,17.1038,17.1673,17.0411,17.057938898138456
2023-03-01,USDZAR,17.2187,17.271,17.2107,17.234569674133457
2023-03-02,USDZAR,17.452,17.4743,17.4427,17.4496
2023-03-03,USDZAR,17.5277,17.5881,17.5119,17.541973472259254
2023-03-06,USDZAR,17.5954,17.6282,17.5707,17.59397912637636
2023-03-08,USDZAR,17.6,17.6292,17.5763,17.587811994584147
2023-03-09,USDZAR,17.5692,17.61,17.5196,17.58227672231174
2023-03-10,USDZAR,17.6965,17.7595,17.6557,17.709477014024785
2023-03-13,USDZAR,17.4491,17.509,17.4277,17.45633155032169
2023-03-14,USDZAR,17.3562,17.3984,17.3314,17.358315830733222
2023-03-15,USDZAR,17.4979,17.5637,17.4736,17.520865091940376
2023-03-16,USDZAR,17.3326,17.3576,17.3029,17.322110217666605
2023-03-17,USDZAR,17.4588,17.5215,17.4172,17.440657093674943
2023-03-20,USDZAR,17.6586,17.7212,17.6288,17.656718614178523
2023-03-21,USDZAR,17.8522,17.9052,17.8308,17.855274869887165
2023-03-22,USDZAR,17.8753,17.9482,17.8695,17.891143036301884
2023-03-23,USDZAR,18.1933,18.2392,18.1471,18.194666639647384
2023-03-24,USDZAR,18.416,18.519,18.3238,18.438146393048907
2023-03-27,USDZAR,18.1693,18.1995,18.1225,18.16752341070494
2023-03-28,USDZAR,18.2632,18.3181,18.2329,18.275817650781462
2023-03-29,USDZAR,18.2555,18.3,18.2362,18.2721393253534
2023-03-30,USDZAR,18.2379,18.2795,18.1767,18.25440867009285
2023-03-31,USDZAR,18.0656,18.0672,18.0187,18.0436
2023-04-03,USDZAR,18.311,18.3324,18.2162,18.32375999273504
2023-04-04,USDZAR,18.3628,18.3786,18.35,18.368649271093485
2023-04-05,USDZAR,18.3533,18.4044,18.3126,18.34831023265601
2023-04-06,USDZAR,18.4405,18.4638,18.3989,18.4136
2023-04-10,USDZAR,18.7375,18.7692,18.6757,18.71099137880001
2023-04-11,USDZAR,18.4912,18.5389,18.4735,18.484990228114302
2023-04-12,USDZAR,18.6396,18.6792,18.5879,18.609134149277565
2023-04-13,USDZAR,18.8229,18.8589,18.8167,18.83754131993376
2023-04-14,USDZAR,18.3816,18.4278,18.3591,18.36865506618923
2023-04-17,USDZAR,18.4219,18.4464,18.3367,18.402473723518185
2023-04-18,USDZAR,18.1529,18.2034,18.1395,18.155159031474508
2023-04-19,USDZAR,18.2646,18.2744,18.2402,18.25436179361029
2023-04-21,USDZAR,17.9394,17.9779,17.9199,17.972213679090622
2023-04-24,USDZAR,17.5535,17.5771,17.5144,17.561828337735264
2023-04-25,USDZAR,17.6268,17.6318,17.615,17.62552816069619
2023-04-26,USDZAR,17.2254,17.2763,17.2155,17.216708107550954
2023-04-27,USDZAR,17.3046,17.3404,17.291,17.304827879381982
2023-04-28,USDZAR,17.0131,17.0245,16.9966,17.001788915238116
2023-05-01,USDZAR,16.4661,16.5837,16.4576,16.48
2023-05-02,USDZAR,16.4672,16.4995,16.4374,16.438368845767148
2023-05-03,USDZAR,16.7676,16.8552,16.7271,16.797846914722374
2023-05-04,USDZAR,17.1143,17.1734,17.0612,17.07013853498416
2023-05-05,USDZAR,16.5825,16.6337,16.563,16.589585597841985
2023-05-08,USDZAR,16.5603,16.5643,16.5281,16.563641049909208
2023-05-09,USDZAR,16.5106,16.55,16.4417,16.489470233865678
2023-05-10,USDZAR,16.3913,16.4263,16.3876,16.4109
2023-05-12,USDZAR,16.1311,16.1638,16.0205,16.11142602391658
2023-05-15,USDZAR,16.0268,16.1175,16.0183,16.0675008858175
2023-05-16,USDZAR,16.1532,16.1782,16.1235,16.149281533006846
2023-05-17,USDZAR,15.9294,15.941,15.9161,15.93345491157093
2023-05-18,USDZAR,16.0484,16.0845,16.0242,16.04101394685179
2023-05-19,USDZAR,16.0133,16.0374,15.9559,16.02380987151252
2023-05-22,USDZAR,15.5162,15.551,15.4602,15.493897004738232
2023-05-23,USDZAR,15.5401,15.5463,15.5317,15.537567159692832
2023-05-24,USDZAR,15.5419,15.5497,15.4902,15.52434830623433
2023-05-26,USDZAR,15.66,15.6752,15.6551,15.662191584726475
2023-05-29,USDZAR,15.5907,15.6075,15.5551,15.578178130332258
2023-05-30,USDZAR,15.7578,15.7949,15.7355,15.779073235255147
2023-05-31,USDZAR,15.5373,15.5621,15.5292,15.532721678235667
2023-06-02,USDZAR,15.9038,15.9674,15.8755,15.903311800058496
2023-06-05,USDZAR,16.5203,16.5586,16.4463,16.494607516332092
2023-06-06,USDZAR,16.2655,16.2695,16.2422,16.242826919700875
2023-06-08,USDZAR,15.9115,15.9894,15.889,15.915046211995085
2023-06-09,USDZAR,15.9364,15.9561,15.9057,15.923075789308358
2023-06-12,USDZAR,15.9413,15.9856,15.915,15.937638707358593
2023-06-13,USDZAR,15.8492,15.8846,15.824,15.8454
2023-06-14,USDZAR,15.8842,15.9004,15.8313,15.87101719588615
2023-06-15,USDZAR,15.7638,15.8388,15.7614,15.763989125596654
2023-06-16,USDZAR,15.7481,15.7684,15.7394,15.745397062310111
2023-06-19,USDZAR,15.6357,15.671,15.5917,15.6489
2023-06-20,USDZAR,15.4683,15.5009,15.4444,15.4468
2023-06-21,USDZAR,15.5279,15.543,15.4818,15.5337338792709
2023-06-22,USDZAR,15.3582,15.3738,15.34,15.353566602283458
2023-06-23,USDZAR,15.2828,15.3736,15.2555,15.29601879663415
2023-06-26,USDZAR,15.4333,15.4381,15.3693,15.418487250371692
2023-06-27,USDZAR,15.8987,15.9183,15.8847,15.889692782297836
2023-06-28,USDZAR,15.7555,15.759,15.6603,15.728498569353595
2023-06-29,USDZAR,15.7352,15.7738,15.7178,15.739581239013871
2023-06-30,USDZAR,15.5452,15.6076,15.5272,15.548262005161154
2023-07-04,USDZAR,15.8098,15.8107,15.7596,15.776789751371298
2023-07-05,USDZAR,15.785,15.8165,15.7667,15.792457829911465
2023-07-06,USDZAR,15.97,15.9844,15.9542,15.978021472880023
2023-07-07,USDZAR,15.7253,15.7431,15.7109,15.716525487694849
2023-07-10,USDZAR,15.6356,15.6564,15.626,15.63507440423822
2023-07-11,USDZAR,15.5287,15.5599,15.5148,15.517
2023-07-12,USDZAR,15.79,15.8219,15.7352,15.775328232743291
2023-07-13,USDZAR,15.8192,15.8439,15.784,15.796567544437965
2023-07-14,USDZAR,16.0201,16.0521,16.0002,16.04199946578091
2023-07-17,USDZAR,15.8553,15.8893,15.8427,15.854968576042102
2023-07-18,USDZAR,15.8165,15.8222,15.7907,15.81750931868706
2023-07-19,USDZAR,15.5145,15.524,15.4903,15.51875967544438
2023-07-20,USDZAR,15.4673,15.5097,15.4464,15.487231879567434
2023-07-21,USDZAR,15.3557,15.3677,15.31,15.32877564248862
2023-07-24,USDZAR,15.4612,15.4909,15.4069,15.473691067475109
2023-07-25,USDZAR,15.358,15.3914,15.2919,15.376095602676726
2023-07-26,USDZAR,15.21,15.211,15.1827,15.205934954662489
2023-07-27,USDZAR,14.9848,14.9937,14.9629,14.967444558600665
2023-07-28,USDZAR,14.9073,14.9733,14.8222,14.881577300299508
2023-07-31,USDZAR,14.849,14.9091,14.8252,14.86310767269346
2023-08-01,USDZAR,15.2209,15.2427,15.2026,15.21947465061999
2023-08-02,USDZAR,15.6689,15.6852,15.6067,15.63725163511962
2023-08-03,USDZAR,15.7762,15.7935,15.7625,15.784095969036164
2023-08-04,USDZAR,15.9492,16.0591,15.9276,15.9844655418823
2023-08-07,USDZAR,16.0429,16.0909,16.0074,16.067461718964147
2023-08-08,USDZAR,16.1512,16.1693,16.114,16.1231
2023-08-09,USDZAR,16.2688,16.2994,16.2172,16.284549395735425
2023-08-10,USDZAR,16.1819,16.1901,16.1464,16.17582348019579
2023-08-11,USDZAR,16.2913,16.3293,16.2821,16.2838885259138
2023-08-14,USDZAR,15.8842,15.9313,15.8486,15.861101275345138
2023-08-15,USDZAR,15.9569,16.012,15.9473,15.994526670948092
2023-08-16,USDZAR,16.1198,16.1704,16.1025,16.13628286575477
2023-08-17,USDZAR,16.3609,16.3926,16.3282,16.35843491087009
2023-08-18,USDZAR,16.4743,16.4996,16.4498,16.488119759332218
2023-08-22,USDZAR,16.7904,16.8047,16.7669,16.76805169665557
2023-08-23,USDZAR,16.6514,16.6729,16.6148,16.621536276994068
2023-08-24,USDZAR,16.5355,16.5423,16.4745,16.530795540506798
2023-08-25,USDZAR,16.7917,16.8166,16.7834,16.79305998048654
2023-08-28,USDZAR,16.8134,16.8159,16.7563,16.79410483257933
2023-08-29,USDZAR,16.9991,17.0027,16.9352,16.990376031882583
2023-08-30,USDZAR,17.4853,17.5439,17.4263,17.491628003900722
2023-08-31,USDZAR,17.7912,17.8176,17.7661,17.776912801635376
2023-09-01,USDZAR,17.691,17.7135,17.6906,17.70686303978883
2023-09-04,USDZAR,17.6047,17.6706,17.5854,17.616834489812547
2023-09-05,USDZAR,17.6116,17.6259,17.5495,17.59852057993188
2023-09-06,USDZAR,17.6185,17.6522,17.5269,17.58876667083999
2023-09-07,USDZAR,17.881,17.9164,17.8606,17.876286812609905
2023-09-08,USDZAR,17.8528,17.8831,17.8326,17.850920734084237
2023-09-11,USDZAR,17.6626,17.689,17.6239,17.6764
2023-09-12,USDZAR,17.629,17.6376,17.5773,17.629829741767246
2023-09-13,USDZAR,17.3875,17.4206,17.3746,17.39829127961915
2023-09-14,USDZAR,17.3412,17.3671,17.2941,17.294701346891213
2023-09-15,USDZAR,17.1163,17.1333,17.1005,17.10865343794832
2023-09-18,USDZAR,17.0898,17.1078,17.0856,17.089052458086357
2023-09-19,USDZAR,17.2158,17.2242,17.1605,17.198923785003387
2023-09-20,USDZAR,17.2524,17.2757,17.1987,17.223683234234652
2023-09-21,USDZAR,17.3504,17.3916,17.3266,17.362434016929768
2023-09-22,USDZAR,17.0261,17.0484,17.01,17.03685167856305
2023-09-25,USDZAR,17.2782,17.3145,17.2375,17.280225450168036
2023-09-26,USDZAR,17.3732,17.3996,17.3361,17.365434316058135
2023-09-27,USDZAR,17.4064,17.4378,17.3391,17.416899423292893
2023-09-28,USDZAR,17.4476,17.5056,17.4415,17.45085738424423
2023-09-29,USDZAR,17.3053,17.3168,17.3006,17.31572162225457
2023-10-02,USDZAR,17.4557,17.4923,17.4338,17.45196047057259
2023-10-03,USDZAR,17.14,17.1889,17.1285,17.1485457679318
2023-10-04,USDZAR,17.4866,17.5576,17.4666,17.48039499184678
2023-10-05,USDZAR,17.6247,17.6303,17.599,17.613919234978944
2023-10-06,USDZAR,17.51,17.5199,17.4959,17.509719102079654
2023-10-09,USDZAR,17.1456,17.1564,17.1034,17.15229878797161
2023-10-10,USDZAR,17.0279,17.0711,17.0268,17.0318
2023-10-11,USDZAR,17.1631,17.1902,17.1454,17.1700039943171
2023-10-12,USDZAR,17.2853,17.2991,17.2734,17.280103687662493
2023-10-13,USDZAR,17.3332,17.3719,17.3267,17.337568129031183
2023-10-16,USDZAR,17.2403,17.2436,17.225,17.229812548193028
2023-10-17,USDZAR,16.8505,16.8573,16.8242,16.83606094945172
2023-10-18,USDZAR,17.0584,17.1045,17.0448,17.08107309976382
2023-10-19,USDZAR,16.8875,16.9569,16.7981,16.85660378644674
2023-10-20,USDZAR,16.6555,16.7064,16.6336,16.675050509439597
2023-10-23,USDZAR,16.725,16.7452,16.6872,16.71381380448288
2023-10-24,USDZAR,16.4548,16.4553,16.4402,16.44503648191079
2023-10-25,USDZAR,16.761,16.7702,16.7354,16.745583677848753
2023-10-26,USDZAR,16.6456,16.7094,16.589,16.59531549139789
2023-10-27,USDZAR,16.7812,16.8139,16.7509,16.797320351332274
2023-10-30,USDZAR,16.7978,16.8428,16.778,16.814093962035244
2023-10-31,USDZAR,16.6829,16.6838,16.6776,16.679329592993017
2023-11-01,USDZAR,16.6037,16.647,16.5911,16.625765939251753
2023-11-02,USDZAR,16.9259,16.9327,16.9167,16.92192343827618
2023-11-03,USDZAR,16.6539,16.6849,16.6392,16.66074699494568
2023-11-07,USDZAR,16.4282,16.4868,16.356,16.4088
2023-11-08,USDZAR,16.1025,16.1699,16.0776,16.092089116545406
2023-11-09,USDZAR,16.2921,16.3509,16.2456,16.264767707195098
2023-11-10,USDZAR,16.3471,16.3999,16.3039,16.35287362911307
2023-11-13,USDZAR,16.3484,16.3626,16.2766,16.352283695600473
2023-11-14,USDZAR,16.2274,16.245,16.1646,16.213615950130155
2023-11-15,USDZAR,15.8445,15.859,15.8189,15.82615973516995
2023-11-16,USDZAR,15.9381,15.9958,15.9246,15.936344737609325
2023-11-20,USDZAR,16.655,16.6801,16.6257,16.64265763307418
2023-11-21,USDZAR,16.5629,16.6405,16.5166,16.554563931901455
2023-11-22,USDZAR,16.6066,16.6201,16.5594,16.59580511780375
2023-11-23,USDZAR,16.7325,16.7568,16.652,16.7191
2023-11-24,USDZAR,16.3997,16.4633,16.3792,16.42413064860377
2023-11-27,USDZAR,16.4103,16.4731,16.3585,16.43194019931986
2023-11-28,USDZAR,16.2983,16.3022,16.2641,16.28423104356004
2023-11-29,USDZAR,16.2298,16.2349,16.2166,16.226038132103398
2023-11-30,USDZAR,15.998,16.0386,15.9863,16.002762495731186
2023-12-01,USDZAR,16.0389,16.0596,16.0204,16.036498527127684
2023-12-04,USDZAR,16.132,16.2001,16.0973,16.121060661005618
2023-12-05,USDZAR,16.367,16.3811,16.3539,16.367199454212923
2023-12-06,USDZAR,16.5248,16.5583,16.5058,16.520985985792237
2023-12-07,USDZAR,16.2546,16.3459,16.2498,16.268959519309707
2023-12-08,USDZAR,16.2869,16.3176,16.2526,16.293601473271337
2023-12-11,USDZAR,16.3216,16.3605,16.3002,16.323075258010103
2023-12-12,USDZAR,16.3274,16.4019,16.3002,16.31153063378483
2023-12-13,USDZAR,16.5614,16.6002,16.4999,16.57567887398366
2023-12-14,USDZAR,16.6839,16.7008,16.6087,16.643535525473595
2023-12-15,USDZAR,16.7458,16.7562,16.7267,16.73319372922264
2023-12-18,USDZAR,16.6009,16.6141,16.5884,16.59392408203821
2023-12-19,USDZAR,16.5494,16.5683,16.5187,16.553117427195147
2023-12-20,USDZAR,16.5098,16.5777,16.4631,16.54597693566352
2023-12-21,USDZAR,16.6929,16.7585,16.6888,16.710652225669687
2023-12-22,USDZAR,16.8016,16.8344,16.7481,16.821893819493802
2023-12-25,USDZAR,16.9806,17.0164,16.958,16.958377613068247
2023-12-27,USDZAR,17.0432,17.0498,17.029,17.042388049590492
2023-12-28,USDZAR,17.1833,17.2244,17.1533,17.193582168262957
2023-12-29,USDZAR,17.1996,17.2535,17.1689,17.224099191616894
2024-01-01,USDZAR,17.4885,17.5013,17.4648,17.480786246260273
2024-01-02,USDZAR,17.4896,17.5469,17.4102,17.447471654283497
2024-01-03,USDZAR,17.3123,17.3454,17.2951,17.326396547939176
2024-01-04,USDZAR,17.5338,17.566,17.4799,17.539425726461676
2024-01-05,USDZAR,17.7195,17.745,17.6879,17.743770383293324
2024-01-08,USDZAR,17.6654,17.711,17.6296,17.647191141992426
2024-01-09,USDZAR,17.7079,17.8027,17.6983,17.71373155947157
2024-01-10,USDZAR,17.523,17.5316,17.503,17.518282568274937
2024-01-11,USDZAR,17.5874,17.6127,17.5715,17.583657338857414
2024-01-12,USDZAR,17.4589,17.4619,17.4049,17.440185564610807
2024-01-15,USDZAR,17.7431,17.7751,17.6991,17.724794488355606
2024-01-16,USDZAR,17.8293,17.8837,17.7987,17.828587980093307
2024-01-17,USDZAR,17.982,17.9931,17.9806,17.99277393527662
2024-01-18,USDZAR,18.0245,18.0433,18.0143,18.04200156636685
2024-01-19,USDZAR,17.9829,17.996,17.907,17.98519265440581
2024-01-22,USDZAR,18.2784,18.3597,18.2002,18.30123467476129
2024-01-23,USDZAR,18.2637,18.2864,18.2251,18.269575706220664
2024-01-24,USDZAR,18.8513,18.9003,18.8483,18.89732028881804
2024-01-25,USDZAR,18.9221,18.9495,18.8834,18.8852012397548
2024-01-26,USDZAR,19.2372,19.2521,19.2054,19.209479702327545
2024-01-29,USDZAR,19.1356,19.1768,19.1077,19.145614124999742
2024-01-31,USDZAR,19.2497,19.2763,19.2109,19.25506022099162
2024-02-01,USDZAR,18.7094,18.7244,18.7072,18.71227668814416
2024-02-02,USDZAR,18.6189,18.6938,18.6038,18.61130974208581
2024-02-05,USDZAR,18.5516,18.6119,18.5515,18.56300745133398
2024-02-06,USDZAR,18.7304,18.7399,18.7034,18.734917981463447
2024-02-08,USDZAR,18.8511,18.876,18.8211,18.82317270843261
2024-02-09,USDZAR,18.9589,18.9912,18.9571,18.970625745851564
2024-02-12,USDZAR,19.3422,19.3679,19.3038,19.329486450025875
2024-02-13,USDZAR,19.497,19.5401,19.4885,19.512
2024-02-14,USDZAR,19.4731,19.4911,19.4015,19.462254641372112
2024-02-15,USDZAR,19.7096,19.7096,19.6297,19.686884093491575
2024-02-19,USDZAR,20.2418,20.278,20.2261,20.228490328951946
2024-02-20,USDZAR,19.9263,19.9504,19.9083,19.917567497222443
2024-02-21,USDZAR,19.707,19.7251,19.6822,19.698929918840964
2024-02-22,USDZAR,19.3552,19.3817,19.3324,19.36552261728501
2024-02-23,USDZAR,19.7565,19.8228,19.7236,19.772184570274227
2024-02-26,USDZAR,19.7099,19.7252,19.6954,19.71222615977341
2024-02-27,USDZAR,19.7221,19.7546,19.6472,19.671974947322504
2024-02-28,USDZAR,19.3859,19.3925,19.331,19.39240414810653
2024-02-29,USDZAR,19.5643,19.5924,19.5064,19.5282173566554
2024-03-01,USDZAR,19.3506,19.3961,19.3412,19.35499398275292
2024-03-04,USDZAR,19.6367,19.6842,19.6325,19.654900141758823
2024-03-05,USDZAR,20.2668,20.2914,20.2666,20.28924553771936
2024-03-06,USDZAR,20.1057,20.1885,20.0563,20.121769941392287
2024-03-07,USDZAR,20.4762,20.5092,20.4177,20.485202522564062
2024-03-08,USDZAR,20.2958,20.3555,20.2858,20.28864854202229
2024-03-11,USDZAR,20.1581,20.2552,20.1336,20.188168981671883
2024-03-12,USDZAR,20.335,20.3848,20.2848,20.33691248476981
2024-03-13,USDZAR,20.3848,20.3949,20.3205,20.391155417473616
2024-03-14,USDZAR,19.9879,20.0261,19.9429,19.995287256423104
2024-03-15,USDZAR,20.041,20.0992,20.0268,20.064344842549247
2024-03-18,USDZAR,19.8559,19.8879,19.8115,19.88362927111144
2024-03-19,USDZAR,20.1477,20.1902,20.1046,20.138040234570088
2024-03-20,USDZAR,20.5162,20.5719,20.4494,20.50502658895229
2024-03-21,USDZAR,20.4348,20.4506,20.4282,20.431457672938137
2024-03-22,USDZAR,20.4948,20.5434,20.3928,20.45305863946291
2024-03-25,USDZAR,20.2593,20.2834,20.2166,20.23934485788899
2024-03-26,USDZAR,20.1769,20.2667,20.0959,20.15386808162181
2024-03-27,USDZAR,20.4913,20.5042,20.4583,20.4759
2024-03-28,USDZAR,20.3354,20.3495,20.2912,20.34058794897449
2024-03-29,USDZAR,20.4662,20.5261,20.4625,20.469807746683088
2024-04-01,USDZAR,20.4075,20.431,20.333,20.350412545726492
2024-04-02,USDZAR,20.6144,20.68,20.5991,20.620521629597743
2024-04-03,USDZAR,20.4785,20.5144,20.4093,20.49606475908157
2024-04-04,USDZAR,20.471,20.506,20.4461,20.4757626133818
2024-04-08,USDZAR,19.8856,19.9305,19.8747,19.89748295351968
2024-04-09,USDZAR,19.9959,20.0521,19.9757,20.033219543980174
2024-04-10,USDZAR,20.2339,20.2498,20.1758,20.2291
2024-04-11,USDZAR,20.383,20.4399,20.3097,20.417385634191724
2024-04-12,USDZAR,20.9224,20.9873,20.857,20.93621153811631
2024-04-15,USDZAR,21.192,21.2342,21.1781,21.213108996860896
2024-04-16,USDZAR,21.1314,21.1368,21.0861,21.113394022308658
2024-04-17,USDZAR,21.1838,21.2666,21.1032,21.15051787955894
2024-04-18,USDZAR,21.2906,21.3253,21.2267,21.295110124287607
2024-04-19,USDZAR,20.9884,21.0142,20.9797,21.00195964899809
2024-04-22,USDZAR,21.127,21.1304,21.0686,21.11378255725681
2024-04-23,USDZAR,21.1352,21.1626,21.1005,21.132552614696763
2024-04-24,USDZAR,20.808,20.8092,20.7607,20.80079116958719
2024-04-25,USDZAR,20.5894,20.6229,20.5429,20.605155107045636
2024-04-26,USDZAR,20.6982,20.7652,20.6456,20.654966647643118
2024-04-29,USDZAR,20.5855,20.5894,20.5487,20.573862446811997
2024-04-30,USDZAR,20.7931,20.8178,20.7656,20.81731773411509
2024-05-01,USDZAR,20.6986,20.7507,20.6758,20.724421078912385
2024-05-03,USDZAR,20.8675,20.9448,20.8645,20.88500169045041
2024-05-06,USDZAR,20.8034,20.8805,20.7945,20.803917120350587
2024-05-07,USDZAR,20.8123,20.8513,20.8102,20.820492280092463
2024-05-08,USDZAR,20.3617,20.3724,20.3006,20.36328938277298
2024-05-09,USDZAR,20.5598,20.5854,20.4611,20.514537392231
2024-05-10,USDZAR,19.9551,20.0095,19.9228,19.99413614822429
2024-05-13,USDZAR,19.9921,19.9979,19.961,19.977585401735784
2024-05-14,USDZAR,19.946,19.9501,19.9156,19.939754403548264
2024-05-15,USDZAR,19.5668,19.6111,19.5515,19.60620701644404
2024-05-16,USDZAR,19.0804,19.0819,19.0209,19.06668717650956
2024-05-17,USDZAR,18.8092,18.8194,18.7188,18.79117408095533
2024-05-21,USDZAR,18.9466,19.028,18.8845,18.921841725962363
2024-05-22,USDZAR,19.4389,19.5289,19.3824,19.427482808404392
2024-05-23,USDZAR,19.3477,19.3704,19.2879,19.34149163402113
2024-05-24,USDZAR,19.6163,19.6639,19.5913,19.61480548506209
2024-05-27,USDZAR,19.2204,19.2461,19.1655,19.224191661706183
2024-05-28,USDZAR,19.1738,19.1817,19.1662,19.17745123144641
2024-05-29,USDZAR,18.7409,18.7658,18.7118,18.765482143992045
2024-05-30,USDZAR,18.6805,18.7576,18.6526,18.71309931786387
2024-05-31,USDZAR,18.9264,18.9675,18.8618,18.90640263672491
2024-06-03,USDZAR,19.1174,19.1218,19.087,19.088277581222844
2024-06-05,USDZAR,19.3265,19.4923,19.3243,19.32579188376147
2024-06-06,USDZAR,19.0392,19.0692,18.9675,19.05124552326276
2024-06-07,USDZAR,19.4336,19.4866,19.3941,19.411
2024-06-11,USDZAR,19.0271,19.076,19.0089,19.01595887705526
2024-06-12,USDZAR,19.2071,19.2146,19.1754,19.193631412412937
2024-06-13,USDZAR,19.0591,19.0908,19.0561,19.07840161150063
2024-06-14,USDZAR,19.3257,19.3581,19.3013,19.34195332718852
2024-06-17,USDZAR,18.8067,18.8388,18.7851,18.823951247297988
2024-06-19,USDZAR,18.9296,18.9854,18.9177,18.94928138129165
2024-06-20,USDZAR,19.01,19.0655,18.9377,18.998346879946418
2024-06-21,USDZAR,18.8694,18.9073,18.8613,18.868567538702933
2024-06-24,USDZAR,18.7105,18.7519,18.6503,18.70237938799809
2024-06-25,USDZAR,19.1463,19.1819,19.1297,19.137061960803592
2024-06-26,USDZAR,19.5004,19.5254,19.4576,19.474
2024-06-27,USDZAR,19.3237,19.3266,19.3029,19.31395560238693
2024-06-28,USDZAR,19.3339,19.3517,19.3075,19.33096385637795
2024-07-01,USDZAR,19.2307,19.2635,19.2111,19.242519817326123
2024-07-02,USDZAR,19.1011,19.1389,19.0568,19.099661654981706
2024-07-03,USDZAR,19.1334,19.2435,19.1263,19.161590754910744
2024-07-04,USDZAR,19.0925,19.1301,19.0426,19.12002510312179
2024-07-05,USDZAR,19.0052,19.0263,18.9804,18.99273650576943
2024-07-08,USDZAR,18.9876,19.0651,18.9734,19.023382196907743
2024-07-09,USDZAR,19.1703,19.2087,19.1471,19.185390032361763
2024-07-10,USDZAR,19.5426,19.6036,19.5413,19.55290908921489
2024-07-11,USDZAR,19.736,19.737,19.6919,19.726206487409375
2024-07-12,USDZAR,19.7866,19.8308,19.7126,19.78198358180208
2024-07-15,USDZAR,19.8423,19.8768,19.8185,19.83679778715627
2024-07-16,USDZAR,19.624,19.643,19.5971,19.61623625080392
2024-07-17,USDZAR,19.5671,19.6813,19.5134,19.606408132345408
2024-07-18,USDZAR,19.4528,19.491,19.393,19.45522198145097
2024-07-19,USDZAR,19.6618,19.687,19.62,19.659120232822232
2024-07-22,USDZAR,19.9077,19.9686,19.8975,19.905696472796684
2024-07-23,USDZAR,20.1908,20.2245,20.16,20.16875989863744
2024-07-24,USDZAR,20.1024,20.1924,20.0554,20.13008130566955
2024-07-25,USDZAR,20.4012,20.4387,20.3583,20.39264511378171
2024-07-26,USDZAR,20.309,20.341,20.242,20.295570421570677
2024-07-29,USDZAR,20.2672,20.2857,20.2209,20.276976447084174
2024-07-30,USDZAR,20.2318,20.2628,20.2174,20.236857981053515
2024-07-31,USDZAR,20.232,20.264,20.216,20.23581987640046
2024-08-01,USDZAR,20.2256,20.2494,20.2116,20.235773570174228
2024-08-02,USDZAR,20.137,20.2066,20.1029,20.15272975853164
2024-08-06,USDZAR,19.8134,19.9224,19.7887,19.844376836247697
2024-08-07,USDZAR,19.4923,19.5476,19.4693,19.469505734291875
2024-08-08,USDZAR,19.2675,19.3149,19.2076,19.257622488807733
2024-08-09,USDZAR,19.7776,19.7813,19.7711,19.771518987033225
2024-08-12,USDZAR,19.9404,20.0005,19.9232,19.950748949392437
2024-08-13,USDZAR,19.6919,19.7334,19.6787,19.7029419608976
2024-08-14,USDZAR,19.4892,19.5331,19.3705,19.46159968049744
2024-08-15,USDZAR,19.232,19.2424,19.1937,19.21402181880305
2024-08-16,USDZAR,19.3942,19.406,19.3433,19.378116949484788
2024-08-19,USDZAR,19.7499,19.8,19.6768,19.73537200624146
2024-08-20,USDZAR,19.7955,19.8253,19.7913,19.797927963107625
2024-08-21,USDZAR,20.2073,20.2569,20.2006,20.2169
2024-08-22,USDZAR,20.0299,20.0627,20.0041,20.0196
2024-08-23,USDZAR,20.2031,20.2291,20.1538,20.20381536724861
2024-08-26,USDZAR,20.0241,20.0467,19.9665,19.99540476370868
2024-08-27,USDZAR,20.3011,20.3722,20.2451,20.317808510101955
2024-08-28,USDZAR,19.8789,19.9626,19.8698,19.881077009444358
2024-08-29,USDZAR,19.8576,19.9236,19.8512,19.85747168748568
2024-08-30,USDZAR,19.7846,19.796,19.7803,19.7957
2024-09-02,USDZAR,19.975,19.9962,19.9628,19.97806130700109
2024-09-03,USDZAR,19.9223,19.9821,19.8317,19.937175327077316
2024-09-04,USDZAR,20.0762,20.0869,20.0329,20.066427377190383
2024-09-05,USDZAR,20.2713,20.3081,20.2315,20.29505393078228
2024-09-06,USDZAR,20.6255,20.6561,20.6084,20.61614303791049
2024-09-09,USDZAR,20.8059,20.8185,20.7937,20.80730444092828
2024-09-10,USDZAR,20.7378,20.794,20.7116,20.71678314925505
2024-09-11,USDZAR,20.9324,20.9951,20.9306,20.946743455924228
2024-09-12,USDZAR,20.2262,20.283,20.2205,20.26432793875381
2024-09-13,USDZAR,20.2021,20.2395,20.1708,20.21841315792166
2024-09-16,USDZAR,20.0334,20.0881,19.9894,20.056446032065956
2024-09-17,USDZAR,20.3352,20.4332,20.3275,20.36345490816063
2024-09-18,USDZAR,20.1275,20.1328,20.083,20.119488822041355
2024-09-19,USDZAR,20.014,20.0361,19.9722,20.018827292104948
2024-09-20,USDZAR,19.6459,19.6608,19.5753,19.63056248800156
2024-09-23,USDZAR,19.8392,19.8535,19.7698,19.8418719435126
2024-09-24,USDZAR,20.127,20.1743,20.0647,20.147377918361094
2024-09-25,USDZAR,20.3838,20.3861,20.3082,20.357762740828555
2024-09-26,USDZAR,20.0976,20.1695,20.082,20.083299382171205
2024-09-27,USDZAR,19.9392,19.9556,19.8628,19.906959450418704
2024-09-30,USDZAR,20.1264,20.1738,20.0807,20.13756981172037
2024-10-01,USDZAR,20.0978,20.1131,20.0522,20.07133052729636
2024-10-02,USDZAR,19.8084,19.8285,19.7681,19.82533462709102
2024-10-03,USDZAR,20.0083,20.0605,20.0012,20.0111
2024-10-04,USDZAR,20.3014,20.3316,20.2375,20.31334782817818
2024-10-07,USDZAR,20.6436,20.6813,20.6144,20.66196419472319
2024-10-08,USDZAR,20.5049,20.5334,20.463,20.49815616623096
2024-10-10,USDZAR,20.3462,20.3897,20.3143,20.34651164151139
2024-10-11,USDZAR,20.0863,20.1414,20.0815,20.111823516416703
2024-10-14,USDZAR,20.13,20.1771,20.1082,20.152462813528157
2024-10-15,USDZAR,20.3434,20.3882,20.3058,20.355372788790024
2024-10-16,USDZAR,20.7934,20.7975,20.7589,20.78015513415866
2024-10-17,USDZAR,20.6395,20.7049,20.6225,20.6254
2024-10-18,USDZAR,21.0388,21.1072,20.9934,21.051699747997212
2024-10-21,USDZAR,21.3302,21.3665,21.3208,21.3251081112425
2024-10-22,USDZAR,21.2174,21.2929,21.1887,21.257710571214226
2024-10-23,USDZAR,21.3459,21.373,21.2819,21.36349899919088
2024-10-24,USDZAR,21.9061,21.9176,21.8391,21.888927147611533
2024-10-25,USDZAR,21.9444,21.9472,21.8815,21.941954944723808
2024-10-28,USDZAR,22.0855,22.0947,22.0498,22.056639772611625
2024-10-29,USDZAR,21.7311,21.7964,21.6759,21.75718188305242
2024-10-30,USDZAR,21.7704,21.8048,21.7029,21.79290374022061
2024-10-31,USDZAR,21.4498,21.474,21.4434,21.45016008119727
2024-11-01,USDZAR,21.9398,21.9742,21.9034,21.92680668384483
2024-11-04,USDZAR,21.9455,22.0034,21.9367,21.9929
2024-11-05,USDZAR,22.1302,22.1641,22.1144,22.11448513441249
2024-11-06,USDZAR,22.3009,22.3385,22.2439,22.28242115172593
2024-11-07,USDZAR,22.119,22.1671,22.0697,22.103864836377248
2024-11-08,USDZAR,21.7433,21.8236,21.7154,21.76196535834484
2024-11-11,USDZAR,21.9778,22.0854,21.9489,22.00213332086232
2024-11-12,USDZAR,21.7182,21.7313,21.6847,21.711156526686377
2024-11-13,USDZAR,22.0583,22.0963,22.01,22.053454182790997
2024-11-14,USDZAR,21.9865,22.0795,21.9571,22.02837832934102
2024-11-15,USDZAR,22.6445,22.6986,22.6301,22.6425
2024-11-18,USDZAR,22.1975,22.232,22.0733,22.18588585763122
2024-11-19,USDZAR,22.299,22.3134,22.2682,22.28315911460929
2024-11-20,USDZAR,22.3558,22.3939,22.3022,22.363783346371843
2024-11-21,USDZAR,22.6433,22.6773,22.5911,22.61122771295165
2024-11-22,USDZAR,22.6791,22.7304,22.5628,22.710857969192826
2024-11-25,USDZAR,22.8258,22.8378,22.754,22.810488225434003
2024-11-26,USDZAR,22.8825,22.916,22.8302,22.8556
2024-11-27,USDZAR,22.8532,22.8964,22.8309,22.84897763958909
2024-11-28,USDZAR,22.8677,22.9083,22.8346,22.85074373237547
2024-11-29,USDZAR,23.0047,23.1057,22.9601,23.01894019189701
2024-12-02,USDZAR,23.0038,23.0993,22.9632,23.030870985248445
2024-12-03,USDZAR,22.9316,22.9443,22.8749,22.9032
2024-12-04,USDZAR,23.4365,23.4826,23.4188,23.43220623410724
2024-12-06,USDZAR,23.0516,23.1015,23.0008,23.0682
2024-12-09,USDZAR,23.4008,23.4349,23.3273,23.43185373017058
2024-12-10,USDZAR,22.7656,22.805,22.6773,22.776893808354423
2024-12-11,USDZAR,22.9706,23.0075,22.9462,22.972363887077886
2024-12-12,USDZAR,23.0888,23.1433,23.0006,23.087388499432777
2024-12-13,USDZAR,23.2597,23.261,23.1521,23.2007
2024-12-16,USDZAR,23.1173,23.1467,23.0851,23.102705001513343
2024-12-17,USDZAR,23.2897,23.3067,23.2109,23.244277280832048
2024-12-20,USDZAR,23.9129,23.9719,23.8869,23.900233786938674
2024-12-23,USDZAR,24.0821,24.0971,24.0281,24.083286197025373
2024-12-25,USDZAR,24.102,24.1522,24.0969,24.1108
2024-12-27,USDZAR,24.127,24.1528,24.1214,24.12405825409078
2024-12-30,USDZAR,23.917,23.9595,23.8735,23.909316146701148
2024-12-31,USDZAR,24.2175,24.2388,24.1546,24.159142997971987
2025-01-01,USDZAR,24.2215,24.2907,24.1785,24.2027340670998
2025-01-02,USDZAR,24.4125,24.4791,24.4015,24.405301407413702
2025-01-03,USDZAR,24.2412,24.2499,24.2283,24.2369614353954
2025-01-07,USDZAR,24.921,24.9783,24.9013,24.91448387846356
2025-01-08,USDZAR,24.8575,24.9089,24.8298,24.86477916374556
2025-01-09,USDZAR,24.9073,24.9612,24.8976,24.89800943969564
2025-01-10,USDZAR,25.0583,25.1571,25.0416,25.055514330216628
2025-01-13,USDZAR,25.2504,25.3409,25.1899,25.30716395655737
2025-01-14,USDZAR,25.4638,25.4808,25.4076,25.42202121079045
2025-01-15,USDZAR,25.4705,25.5057,25.4249,25.438246600546183
2025-01-16,USDZAR,25.8937,25.9871,25.8472,25.922041131234536
2025-01-17,USDZAR,25.883,26.0135,25.8123,25.847824604969453
2025-01-21,USDZAR,25.5245,25.546,25.4776,25.54225987342825
2025-01-22,USDZAR,25.5592,25.6277,25.5177,25.565578063446893
2025-01-23,USDZAR,25.1936,25.2306,25.1333,25.172459336545906
2025-01-24,USDZAR,25.2847,25.2925,25.2792,25.2887
2025-01-27,USDZAR,25.3711,25.4143,25.3507,25.363486398905028
2025-01-28,USDZAR,25.0496,25.0975,24.9535,24.99412533213308
2025-01-29,USDZAR,25.1624,25.231,25.1251,25.15712970987588
2025-01-31,USDZAR,25.2396,25.2658,25.2075,25.25182765267133
2025-02-03,USDZAR,25.0561,25.1067,25.0003,25.07395881705032
2025-02-04,USDZAR,25.4705,25.5166,25.4449,25.45115655633769
2025-02-05,USDZAR,24.733,24.8562,24.6393,24.777258445598427
2025-02-07,USDZAR,25.1639,25.2085,25.1212,25.19053207399824
2025-02-10,USDZAR,24.6727,24.6932,24.5901,24.64070742296285
2025-02-11,USDZAR,25.0476,25.1146,24.9635,25.048611175125416
2025-02-12,USDZAR,25.1371,25.1503,25.1241,25.13566808887301
2025-02-13,USDZAR,25.0981,25.1051,24.9919,25.100258769527045
2025-02-14,USDZAR,25.0155,25.0231,24.908,24.99069336362199
2025-02-17,USDZAR,24.7508,24.8167,24.7216,24.78995354967256
2025-02-18,USDZAR,25.0141,25.0343,24.9723,25.011090142711907
2025-02-19,USDZAR,25.2685,25.3641,25.2238,25.25814870921789
2025-02-20,USDZAR,25.3058,25.3374,25.2901,25.309566626316965
2025-02-21,USDZAR,25.1263,25.2858,25.1026,25.189776104488192
2025-02-24,USDZAR,24.6599,24.6809,24.556,24.62022181988901
2025-02-25,USDZAR,24.3963,24.4516,24.3643,24.381854865416685
2025-02-27,USDZAR,24.0338,24.0377,23.9879,24.00946170419484
2025-02-28,USDZAR,23.9417,24.0812,23.9185,24.01828307663754
2025-03-03,USDZAR,23.6992,23.7257,23.5459,23.63971086170404
2025-03-04,USDZAR,23.726,23.7692,23.6699,23.74584319189169
2025-03-05,USDZAR,23.7933,23.845,23.7808,23.788949069159152
2025-03-06,USDZAR,23.9911,24.0175,23.9761,23.993090111486904
2025-03-07,USDZAR,24.4434,24.4704,24.3564,24.41566639820481
2025-03-10,USDZAR,24.3174,24.3752,24.2913,24.33730960552561
2025-03-11,USDZAR,23.9209,24.0294,23.9056,23.945100750141204
2025-03-12,USDZAR,24.4416,24.5234,24.4112,24.461365197320976
2025-03-13,USDZAR,24.0529,24.1163,23.9932,24.064548705962515
2025-03-14,USDZAR,23.9902,24.0377,23.897,23.94009569704593
2025-03-17,USDZAR,23.7472,23.7932,23.6598,23.759021808473197
2025-03-18,USDZAR,23.7014,23.754,23.6826,23.71077494022893
2025-03-19,USDZAR,23.8896,23.9445,23.8679,23.90991637336071
2025-03-20,USDZAR,24.0955,24.1626,24.0773,24.11848771759218
2025-03-21,USDZAR,24.51,24.5855,24.4314,24.51919017570787
2025-03-24,USDZAR,24.7578,24.7987,24.6676,24.77615261421738
2025-03-25,USDZAR,24.6563,24.7459,24.5888,24.6911942157011
2025-03-26,USDZAR,24.8464,24.9428,24.749,24.871395755157227
2025-03-27,USDZAR,25.3568,25.3938,25.3051,25.3895736643847
2025-03-28,USDZAR,25.5737,25.6258,25.5562,25.573886799497192
2025-03-31,USDZAR,25.3071,25.3737,25.2843,25.3570684259564
2025-04-01,USDZAR,25.7739,25.792,25.6997,25.76236923495549
2025-04-02,USDZAR,26.0534,26.0823,26.0522,26.07836607508513
2025-04-03,USDZAR,25.9566,25.9661,25.9008,25.946901349850155
2025-04-04,USDZAR,26.2569,26.2578,26.2164,26.2484300787818
2025-04-07,USDZAR,25.7328,25.7935,25.6821,25.72275287340065
2025-04-09,USDZAR,26.7939,26.8437,26.7713,26.785851448261205
2025-04-10,USDZAR,26.0957,26.1157,26.0879,26.095112741068625
2025-04-11,USDZAR,25.8112,25.8177,25.7255,25.77752976010269
2025-04-14,USDZAR,26.2462,26.2767,26.2145,26.2357323733182
2025-04-15,USDZAR,26.241,26.2705,26.2233,26.2511069791386
2025-04-16,USDZAR,26.3506,26.4996,26.3059,26.332123882682325
2025-04-17,USDZAR,25.9721,26.0269,25.8854,26.01334533430526
2025-04-18,USDZAR,26.2009,26.2012,26.1715,26.19106803657181
2025-04-21,USDZAR,25.9638,25.9771,25.9373,25.9396
2025-04-22,USDZAR,26.0162,26.0319,25.9583,26.02935474637531
2025-04-23,USDZAR,26.3585,26.3681,26.3185,26.343611317276824
2025-04-24,USDZAR,26.2012,26.2979,26.1619,26.2465
2025-04-28,USDZAR,26.6677,26.6967,26.6338,26.67523470014984
2025-04-29,USDZAR,26.5963,26.6276,26.5798,26.59665551032595
2025-04-30,USDZAR,26.6829,26.7365,26.56,26.724478657743564
2025-05-01,USDZAR,26.4391,26.5568,26.4236,26.4638717905264
2025-05-02,USDZAR,26.5149,26.5434,26.5107,26.5424
2025-05-05,USDZAR,26.7395,26.7978,26.7077,26.749737854392706
2025-05-06,USDZAR,27.8208,27.8559,27.8136,27.84908796012516
2025-05-07,USDZAR,28.7525,28.765,28.7092,28.749905677605955
2025-05-08,USDZAR,28.7945,28.7972,28.7437,28.77699688719729
2025-05-12,USDZAR,28.9246,28.9375,28.8502,28.85763655384914
2025-05-13,USDZAR,27.7316,27.7598,27.7294,27.755396184080706
2025-05-14,USDZAR,27.5849,27.6263,27.5515,27.61068733440972
2025-05-15,USDZAR,27.9079,28.025,27.8492,27.93601227978924
2025-05-16,USDZAR,27.811,27.8733,27.7069,27.73077463011165
2025-05-19,USDZAR,27.0662,27.0793,27.0289,27.045222493011547
2025-05-20,USDZAR,27.385,27.454,27.3669,27.41075154333421
2025-05-21,USDZAR,27.3058,27.3553,27.2827,27.307917436523997
2025-05-22,USDZAR,27.0445,27.0799,27.0181,27.05947966542135
2025-05-23,USDZAR,26.9705,26.9887,26.9643,26.974545431102147
2025-05-26,USDZAR,27.2761,27.3887,27.1904,27.25173071750496
2025-05-27,USDZAR,27.5531,27.6234,27.5122,27.5538
2025-05-28,USDZAR,27.1792,27.3381,27.1531,27.165672225596328
2025-05-29,USDZAR,26.7833,26.837,26.6664,26.752933165274165
2025-05-30,USDZAR,27.161,27.1848,27.0818,27.146243242451117
2025-06-02,USDZAR,27.1287,27.1682,27.0584,27.12806692167279
2025-06-03,USDZAR,27.2137,27.3445,27.1928,27.19469136419912
2025-06-04,USDZAR,27.7588,27.7596,27.686,27.721780217916844
2025-06-05,USDZAR,27.4027,27.4663,27.3225,27.36053245425465
2025-06-09,USDZAR,26.5911,26.6731,26.5689,26.624
2025-06-10,USDZAR,26.7261,26.7497,26.6575,26.6614
2025-06-11,USDZAR,26.6136,26.6632,26.5887,26.59044592655122
2025-06-12,USDZAR,26.0118,26.0134,25.8472,25.98282841464138
2025-06-13,USDZAR,26.4126,26.4245,26.386,26.40222516103276
2025-06-16,USDZAR,26.1734,26.2215,26.1019,26.205302752428118
2025-06-17,USDZAR,26.1501,26.1555,26.0782,26.133917294582947
2025-06-18,USDZAR,25.3383,25.3406,25.303,25.309204530529463
2025-06-20,USDZAR,26.2989,26.3714,26.2253,26.319247868436925
2025-06-23,USDZAR,26.5057,26.5921,26.4559,26.5184
2025-06-25,USDZAR,26.9278,26.9974,26.907,26.92379594441047
2025-06-26,USDZAR,26.531,26.5678,26.498,26.550164816032964
2025-06-27,USDZAR,26.5296,26.5702,26.5171,26.530419929428803
2025-06-30,USDZAR,26.2518,26.2943,26.2329,26.24745730603686
2025-07-01,USDZAR,26.0598,26.0855,26.0191,26.069308495259808
2025-07-02,USDZAR,25.9148,25.9953,25.8034,25.91824007042684
2025-07-03,USDZAR,26.3137,26.3735,26.2567,26.29734442423596
2025-07-04,USDZAR,26.2713,26.3279,26.2506,26.306437790455934
2025-07-07,USDZAR,26.319,26.3686,26.2707,26.30734171214891
2025-07-08,USDZAR,26.3758,26.4525,26.3677,26.424742812387954
2025-07-09,USDZAR,26.1411,26.191,26.1001,26.13192925854849
2025-07-10,USDZAR,26.0787,26.0877,26.0048,26.05593197217224
2025-07-11,USDZAR,26.6831,26.7391,26.621,26.67971617485389
2025-07-14,USDZAR,26.8949,26.9161,26.7888,26.9119
2025-07-16,USDZAR,26.3908,26.446,26.3482,26.4054
2025-07-17,USDZAR,27.2228,27.2319,27.1476,27.218374613336405
2025-07-21,USDZAR,26.9365,26.9427,26.8985,26.916638733807712
2025-07-22,USDZAR,27.058,27.0768,27.0218,27.04003848082984
2025-07-23,USDZAR,27.5508,27.5585,27.4579,27.517862729709822
2025-07-24,USDZAR,27.4011,27.4105,27.3407,27.408673730301054
2025-07-25,USDZAR,27.2402,27.2899,27.1703,27.24371189999564
2025-07-28,USDZAR,27.482,27.4948,27.4723,27.47501799624554
2025-07-29,USDZAR,27.4158,27.4515,27.3485,27.364271318177924
2025-07-30,USDZAR,27.5795,27.6837,27.5114,27.6061
2025-07-31,USDZAR,27.6204,27.7007,27.5189,27.63155677686923
2025-08-01,USDZAR,27.1224,27.1355,27.0703,27.133406051516754
2025-08-04,USDZAR,27.6525,27.71,27.5898,27.65017638928945
2025-08-05,USDZAR,28.2144,28.2312,28.2084,28.23069230391296
2025-08-06,USDZAR,27.4273,27.4434,27.3433,27.41039848771693
2025-08-07,USDZAR,27.1538,27.1792,27.1071,27.16931679969265
2025-08-08,USDZAR,26.8326,26.9168,26.7875,26.843861372143795
2025-08-11,USDZAR,26.4046,26.4243,26.3307,26.396731780161502
2025-08-12,USDZAR,26.029,26.09,25.9501,26.046235781676305
2025-08-13,USDZAR,26.1957,26.2002,26.1804,26.190166958157597
2025-08-14,USDZAR,26.3393,26.4279,26.339,26.363112548078085
2025-08-15,USDZAR,26.35,26.3544,26.2994,26.347163299188637
2025-08-18,USDZAR,26.4426,26.4781,26.3787,26.45795124612123
2025-08-19,USDZAR,26.6312,26.6837,26.6239,26.672508078763137
2025-08-20,USDZAR,27.2332,27.3718,27.1793,27.265001875020285
2025-08-21,USDZAR,26.8776,26.9064,26.8316,26.86173462978537
2025-08-22,USDZAR,26.6574,26.6995,26.5856,26.6425
2025-08-25,USDZAR,26.4848,26.5227,26.4402,26.501440560955576
2025-08-26,USDZAR,26.3895,26.4491,26.3447,26.38165797144689
2025-08-27,USDZAR,26.6349,26.6997,26.6081,26.665065990110264
2025-08-28,USDZAR,26.3345,26.3791,26.288,26.356663292219007
2025-08-29,USDZAR,26.8421,26.8898,26.8003,26.871527738303325
2025-09-01,USDZAR,26.8551,26.9001,26.8057,26.87490396598161
2025-09-02,USDZAR,26.3575,26.4406,26.2992,26.368621738108963
2025-09-03,USDZAR,25.9588,26.0031,25.8953,25.97296113853961
2025-09-04,USDZAR,25.8712,25.8912,25.8483,25.86816936399814
2025-09-05,USDZAR,26.155,26.1816,26.0975,26.154013898088053
2025-09-08,USDZAR,25.9703,26.0496,25.8796,25.96642465181361
2025-09-09,USDZAR,26.1235,26.1921,26.0555,26.141664917879755
2025-09-10,USDZAR,25.4749,25.489,25.4642,25.4664212663621
2025-09-11,USDZAR,25.3321,25.373,25.2688,25.276552828881517
2025-09-15,USDZAR,26.178,26.1942,26.1269,26.1562
2025-09-16,USDZAR,26.1153,26.1161,26.0335,26.106827289312445
2025-09-17,USDZAR,25.9632,26.0815,25.9294,25.99460501704489
2025-09-18,USDZAR,26.5294,26.57,26.5137,26.536634344790976
2025-09-19,USDZAR,26.174,26.2075,26.166,26.18545487595356
2025-09-22,USDZAR,26.4691,26.4795,26.3851,26.467771105667985
2025-09-23,USDZAR,26.5554,26.5623,26.49,26.5227
2025-09-24,USDZAR,27.0555,27.0751,26.9904,27.047646885475544
2025-09-25,USDZAR,26.987,27.0406,26.9311,26.96334443058251
2025-09-26,USDZAR,27.0724,27.1019,26.9941,27.02023483874836
2025-09-29,USDZAR,27.2214,27.2379,27.2002,27.22546328654276
2025-09-30,USDZAR,27.5879,27.654,27.5353,27.58907488259657
2025-10-01,USDZAR,27.5362,27.5845,27.505,27.545220036881897
2025-10-02,USDZAR,28.2016,28.2926,28.074,28.216853532031408
2025-10-03,USDZAR,28.2738,28.3023,28.0412,28.24113879881219
2025-10-06,USDZAR,28.7748,28.859,28.7274,28.7397671300659
2025-10-07,USDZAR,28.4312,28.4384,28.3915,28.402357328416457
2025-10-08,USDZAR,28.7938,28.8388,28.7485,28.787221719206343
2025-10-09,USDZAR,28.7927,28.8572,28.775,28.821639278267863
2025-10-10,USDZAR,28.0835,28.1648,27.989,28.1128
2025-10-13,USDZAR,28.4509,28.4979,28.4097,28.474557318441985
2025-10-14,USDZAR,28.4315,28.5129,28.363,28.38145478990164
2025-10-15,USDZAR,28.167,28.1901,28.114,28.142375469167053
2025-10-17,USDZAR,27.7421,27.7581,27.7138,27.74829848101892
2025-10-20,USDZAR,27.5187,27.5652,27.4585,27.51272609426352
2025-10-21,USDZAR,27.3498,27.3729,27.3398,27.35401829419254
2025-10-22,USDZAR,26.9097,27.0319,26.8838,26.9052
2025-10-24,USDZAR,25.9722,25.9871,25.9496,25.954999750956446
2025-10-27,USDZAR,26.1687,26.2642,26.1448,26.15474242278337
2025-10-28,USDZAR,26.2677,26.3269,26.2299,26.26803076328421
2025-10-29,USDZAR,26.3896,26.4211,26.3858,26.412115199946346
2025-10-30,USDZAR,26.436,26.4641,26.267,26.359
2025-10-31,USDZAR,26.1159,26.17,26.0545,26.115040178588487
2025-11-03,USDZAR,26.2146,26.2898,26.1566,26.17083292926774
2025-11-04,USDZAR,25.7938,25.8321,25.715,25.758134927912213
2025-11-05,USDZAR,25.2474,25.3114,25.2162,25.251852465916087
2025-11-06,USDZAR,24.9695,25.0294,24.8869,24.938298943424662
2025-11-07,USDZAR,24.8034,24.805,24.7826,24.80058752423877
2025-11-10,USDZAR,24.9009,24.9434,24.8777,24.9141
2025-11-11,USDZAR,25.064,25.0679,24.999,25.014613368446938
2025-11-12,USDZAR,25.2606,25.3716,25.2187,25.23977185845842
2025-11-13,USDZAR,25.198,25.2712,25.1814,25.186511660904188
2025-11-14,USDZAR,24.5636,24.6444,24.4783,24.52583083465261
2025-11-18,USDZAR,24.8788,24.8879,24.8472,24.85384297110757
2025-11-19,USDZAR,24.7048,24.7739,24.6191,24.656025180006196
2025-11-20,USDZAR,24.4988,24.6122,24.4835,24.56325287167554
2025-11-21,USDZAR,23.9456,23.9952,23.8756,23.931494703925388
2025-11-24,USDZAR,24.0271,24.0899,23.9621,24.045609957984205
2025-11-25,USDZAR,24.37,24.4398,24.3509,24.38115611966919
2025-11-26,USDZAR,25.0923,25.0994,25.0636,25.087291436411476
2025-11-27,USDZAR,25.4281,25.4881,25.3087,25.471232305772887
2025-11-28,USDZAR,25.1984,25.2157,25.1804,25.20968028985167
2025-12-01,USDZAR,25.09,25.1343,25.0673,25.10425119976655
2025-12-02,USDZAR,25.0297,25.0526,24.9987,25.0076532732669
2025-12-03,USDZAR,24.7107,24.7937,24.6267,24.684075359957927
2025-12-04,USDZAR,24.1794,24.2544,24.078,24.23192507067249
2025-12-05,USDZAR,24.2407,24.3538,24.1415,24.20130930060732
2025-12-08,USDZAR,24.5423,24.5883,24.5147,24.54998334235304
2025-12-09,USDZAR,24.7003,24.7492,24.6845,24.698607119012237
2025-12-11,USDZAR,24.4325,24.4693,24.4098,24.432600642977363
2025-12-12,USDZAR,24.0061,24.0499,23.9511,23.985715672471592
2025-12-15,USDZAR,24.085,24.149,24.0316,24.096159895686203
2025-12-16,USDZAR,23.8038,23.8453,23.7934,23.835786125749262
2025-12-17,USDZAR,24.2319,24.3175,24.206,24.245345250114287
2025-12-18,USDZAR,24.2348,24.3001,24.1383,24.259413572228677
2025-12-19,USDZAR,24.7606,24.788,24.6851,24.76172232546862
2025-12-22,USDZAR,24.826,24.8581,24.7355,24.80096596068749
2025-12-23,USDZAR,25.2532,25.3054,25.2395,25.246965955695757
2025-12-24,USDZAR,25.5543,25.5837,25.543,25.566415747325127
2025-12-25,USDZAR,25.6885,25.7548,25.6382,25.67597494359367
2025-12-26,USDZAR,25.598,25.659,25.5753,25.62191182006017
2025-12-29,USDZAR,25.6673,25.7084,25.6644,25.668434931714184
2025-12-30,USDZAR,25.3531,25.3732,25.2452,25.2914
2025-12-31,USDZAR,25.1345,25.201,25.1133,25.13520431706397
