date,pair,open,high,low,close,daily_return,vol_7d,vol_30d,vol_7d_annualized,vol_30d_annualized
2023-01-03,USDEGP,30.4812,30.5486,30.3962,30.437224241834127,,,,,
2023-01-04,USDEGP,30.1865,30.2276,30.0607,30.21410248260819,-0.0073305554229635694,,,,
2023-01-05,USDEGP,30.1834,30.223,30.1328,30.21972040591552,0.00018593712358527803,,,,
2023-01-06,USDEGP,30.4435,30.4759,30.3348,30.47331123324789,0.008391567622933138,,,,
2023-01-09,USDEGP,30.6222,30.67,30.5968,30.648722654160927,0.005756231069554918,,,,
2023-01-10,USDEGP,31.0649,31.2233,31.0047,31.14314922756221,0.01613204501147969,,,,
2023-01-11,USDEGP,31.3379,31.4317,31.327,31.34017117702461,0.006326333538807072,,,,
2023-01-12,USDEGP,31.1459,31.1985,31.1197,31.18464119383805,-0.00496263987545098,0.008128908822908518,,0.12904242705440838,
2023-01-13,USDEGP,31.4421,31.4582,31.2964,31.43179095308525,0.007925368058941729,0.006652237548923466,,0.10560099729946415,
2023-01-16,USDEGP,31.4144,31.4993,31.284,31.373685991322,-0.0018486048679179357,0.006969151257445704,,0.11063184645836648,
2023-01-17,USDEGP,31.5394,31.6005,31.3923,31.50566519883884,0.004206684785247994,0.0068470401477444,,0.10869339268683981,
2023-01-18,USDEGP,31.5306,31.6295,31.5152,31.517430738283387,0.0003734420260703697,0.007020603774354078,,0.11144862984277389,
2023-01-19,USDEGP,31.2778,31.3062,31.2232,31.267694163353664,-0.007923760569302218,0.005903431463936057,,0.09371406921293267,
2023-01-20,USDEGP,31.1488,31.2007,31.121,31.15446373733465,-0.0036213231915170896,0.005472688102094624,,0.08687623032698663,
2023-01-23,USDEGP,31.4775,31.5627,31.3911,31.4505825642602,0.009504860344320187,0.0063206023168749315,,0.10033645119953843,
2023-01-24,USDEGP,31.649,31.7331,31.6187,31.667,0.006881190047835162,0.006146195409104633,,0.09756782737018652,
2023-01-25,USDEGP,31.4162,31.5025,31.3073,31.48079737798757,-0.005880020905435601,0.006635913627170304,,0.10534186307518328,
2023-01-26,USDEGP,31.4788,31.4973,31.4305,31.43266735437722,-0.0015288692669520598,0.006454413112065109,,0.10246063172039248,
2023-01-27,USDEGP,31.1674,31.2342,31.1363,31.206392353834364,-0.0071987209355093285,0.006936618010862123,,0.11011539717955629,
2023-01-30,USDEGP,31.6103,31.7446,31.501,31.65166878830672,0.014268757164352053,0.008377357920128451,,0.1329864342026231,
2023-01-31,USDEGP,31.974,32.1492,31.9236,32.011564043918625,0.011370498598951118,0.00867873345203392,,0.13777062245459318,
2023-02-01,USDEGP,31.8287,31.8859,31.8177,31.878945867988985,-0.0041428208802197775,0.008746861050195263,,0.13885211454752353,
2023-02-02,USDEGP,32.4026,32.5087,32.3219,32.362823536331575,0.015178596881664008,0.009996706242928486,,0.15869279189133373,
2023-02-03,USDEGP,32.8087,32.8527,32.7929,32.81813442951701,0.014068948362131906,0.009834768701195368,,0.1561221131112279,
2023-02-07,USDEGP,32.4732,32.5105,32.4458,32.494475387907684,-0.00986220110422309,0.011294393861056407,,0.17929294419341912,
2023-02-08,USDEGP,32.3443,32.3586,32.2935,32.354175431447494,-0.004317655687169575,0.010826573604323196,,0.17186652784785234,
2023-02-10,USDEGP,31.7568,31.8157,31.6884,31.7406,-0.018964335306506208,0.013220831919740102,,0.2098742003101018,
2023-02-13,USDEGP,31.8823,31.9102,31.8599,31.91006002997229,0.005338904430675084,0.012573128014296065,,0.1995922195680405,
2023-02-14,USDEGP,32.3676,32.3843,32.2881,32.34544994537276,0.013644283808664781,0.013453821319886358,,0.21357279237550844,
2023-02-15,USDEGP,32.7616,32.7875,32.6819,32.748127220772616,0.012449271105516191,0.01304688224772221,,0.20711283487329823,
2023-02-17,USDEGP,32.7692,32.888,32.7157,32.79251739191443,0.001355502586225965,0.011881534453373336,0.008910708334270222,0.18861351214482966,0.14145310954745768
2023-02-20,USDEGP,32.6619,32.7282,32.5401,32.656406008080666,-0.004150684200516008,0.011276165493013357,0.008807737577972456,0.17900357782152831,0.13981849946660094
2023-02-22,USDEGP,32.6826,32.7502,32.632,32.67239453399486,0.0004895984545953969,0.01105932583894825,0.008805003765908766,0.175561355027327,0.13977510154549067
2023-02-23,USDEGP,33.0578,33.1418,33.0234,33.08968369247919,0.01277191844785519,0.007086312010897677,0.008938935860278706,0.11249171576067171,0.14190120763112804
2023-02-24,USDEGP,32.7303,32.7818,32.7279,32.7716,-0.009612775251504946,0.009239842779277042,0.00919956662894633,0.14667795688381755,0.14603859281856485
2023-02-27,USDEGP,32.0531,32.0898,32.0169,32.03820811529432,-0.022378885519952707,0.012375134120440398,0.009862406310499278,0.196449163942532,0.15656084655753094
2023-02-28,USDEGP,31.4113,31.4211,31.3223,31.36590106564824,-0.02098453968544922,0.012634889034711268,0.010586909036702423,0.20057264537245775,0.16806197078386198
2023-03-01,USDEGP,30.9836,31.0204,30.9505,30.9684,-0.01267303192777025,0.012370061913715208,0.01080493545525148,0.19636864515697303,0.17152303288019932
2023-03-02,USDEGP,31.624,31.6959,31.5384,31.6361388070762,0.021561940787260703,0.016766576846917947,0.01142643913668144,0.2661611560487902,0.18138909796004804
2023-03-06,USDEGP,31.9148,31.969,31.8856,31.886210169331942,0.007904610729543515,0.017351291225659888,0.011502308934863236,0.27544320905371905,0.18259349366810618
2023-03-07,USDEGP,31.5455,31.5711,31.4989,31.53600622687689,-0.01098292774824261,0.015939480536772965,0.011671341947675223,0.25303140916713357,0.18527680955966924
2023-03-08,USDEGP,32.2193,32.2752,32.1925,32.24892353881741,0.022606455199546627,0.019274051559210578,0.012374145171176801,0.30596608309384743,0.1964334648596676
2023-03-09,USDEGP,31.6729,31.7575,31.6671,31.673813825214165,-0.017833454593019105,0.018540995942931775,0.012742905557124266,0.29432918594673,0.2022873545072027
2023-03-10,USDEGP,31.9582,32.0179,31.8719,31.896286581945898,0.0070238701900380285,0.01654670314790314,0.01277211287074498,0.26267076928416794,0.2027510062370308
2023-03-13,USDEGP,32.2983,32.3132,32.2241,32.30672540677563,0.01286791877089688,0.015416752257108961,0.012864994428911451,0.24473335497962415,0.20422545526278676
2023-03-14,USDEGP,32.244,32.3462,32.2106,32.2982979027943,-0.0002608591206695321,0.013917667421133248,0.012817940688513932,0.2209361209585454,0.20347850029070338
2023-03-15,USDEGP,32.091,32.2197,31.9505,32.149108550415406,-0.004619108809631456,0.013993827815131834,0.012797543970716101,0.22214512973218312,0.20315471243357325
2023-03-16,USDEGP,32.1267,32.1441,32.0814,32.10487791505097,-0.0013757966350784745,0.013031282002433434,0.012796622290788963,0.20686518865674397,0.20314008121831958
2023-03-17,USDEGP,32.1631,32.2524,32.123,32.177508357955126,0.0022622868430253185,0.009668076264492623,0.01270937184313266,0.15347595271352285,0.20175502330065376
2023-03-20,USDEGP,32.6698,32.7361,32.6658,32.67513364623171,0.015465003776576003,0.0075495794083950685,0.012753910790370766,0.11984585770648494,0.2024620571689457
2023-03-21,USDEGP,32.6055,32.6352,32.5331,32.620323491039066,-0.0016774271158631615,0.007774013205326601,0.012614722220993855,0.12340863378135777,0.20025250712946072
2023-03-22,USDEGP,33.0836,33.1649,32.8939,33.07148979765644,0.013830834839553718,0.007978650049907051,0.012801966341496157,0.12665714298040284,0.20322491539330934
2023-03-23,USDEGP,33.1449,33.2166,33.1386,33.18591913853494,0.0034600600571255136,0.007818387327556386,0.012540130757052213,0.12411305113375853,0.19906840434835374
2023-03-24,USDEGP,33.5423,33.5584,33.4395,33.51720085509472,0.009982598799715081,0.007077382152687377,0.012413866507424034,0.11234995865626657,0.1970640215243877
2023-03-27,USDEGP,33.6104,33.6864,33.5502,33.6105541937383,0.0027852367220990715,0.006507140210258313,0.012253806260394646,0.1032976484554323,0.19452314387382375
2023-03-28,USDEGP,33.8939,33.9407,33.8056,33.87765880079994,0.007947045607221925,0.006226125623831745,0.012267994202570704,0.09883668019263409,0.19474837047350543
2023-03-29,USDEGP,33.8141,33.8474,33.7778,33.8038581431717,-0.0021784462161976714,0.005983121941848055,0.011665359891088724,0.09497911633142288,0.1851818473553297
2023-03-30,USDEGP,33.6928,33.7833,33.6243,33.652979723801906,-0.004463349086686219,0.006557031946462496,0.011710652255664604,0.10408965521427332,0.1859008413530768
2023-03-31,USDEGP,33.5431,33.5705,33.471,33.4902856308502,-0.0048344632269408105,0.005881324550526434,0.011553307104451568,0.09336313284211006,0.1834030645124075
2023-04-03,USDEGP,33.8185,33.9584,33.6835,33.770104156165,0.008355214655351828,0.006379572500073551,0.011439770420057782,0.10127257383660725,0.18160072552287482
2023-04-04,USDEGP,33.9414,33.9558,33.8705,33.87837149026028,0.0032060112576086652,0.005512474005183219,0.011446248899640096,0.08750781195853786,0.1817035681979665
2023-04-05,USDEGP,33.7425,33.8544,33.6404,33.75475332097984,-0.0036488816859446827,0.005800180897543595,0.011438600097166888,0.09207501728452656,0.18158214722293708
2023-04-06,USDEGP,34.1332,34.1737,34.1,34.14546130876902,0.011574902772177653,0.006661481174754775,0.011593971215456123,0.10574773531043721,0.18404858726242898
2023-04-07,USDEGP,34.5508,34.6529,34.5159,34.597636131051864,0.013242603993366409,0.007827342108658165,0.011610007804014954,0.12425520387680052,0.18430316021365617
2023-04-10,USDEGP,34.5319,34.6394,34.4344,34.511542217977635,-0.002488433393198153,0.007528784073646525,0.011445463892104081,0.11951574200143501,0.18169110658966084
2023-04-11,USDEGP,34.5058,34.5418,34.4626,34.506811163190534,-0.0001370861596743378,0.006825091363191685,0.010507933781811873,0.10834496653380009,0.166808277478852
2023-04-12,USDEGP,34.1028,34.2495,34.0444,34.12799878700798,-0.010977901562420844,0.00859349601565112,0.009875541070460696,0.13641752010022373,0.15676935440786158
2023-04-13,USDEGP,34.2713,34.3076,34.185,34.249073676501794,0.003547670352704646,0.00860550570909119,0.009429511329433357,0.13660816807321102,0.1496888517752803
2023-04-14,USDEGP,34.3329,34.3946,34.2803,34.34225583216621,0.0027207204651595873,0.008290518775132368,0.008783822629023913,0.13160790551227242,0.13943886142139303
2023-04-17,USDEGP,34.7762,34.821,34.7667,34.81478202655688,0.013759323112026989,0.00871917400954735,0.00896485299370781,0.13841259640296125,0.14231262936962255
2023-04-18,USDEGP,34.2782,34.325,34.2194,34.27955895840581,-0.015373443031836298,0.0096689742875867,0.009232367525346091,0.15349020838819397,0.14655929090648742
2023-04-19,USDEGP,34.1822,34.337,34.1556,34.19875831500879,-0.002357108605016256,0.009666362324091828,0.00848257670874745,0.1534487447531479,0.13465673069024717
2023-04-20,USDEGP,33.5121,33.5371,33.4743,33.50391772879812,-0.020317713871667697,0.012002775706358468,0.008692338340119544,0.1905381573690728,0.13798659335752975
2023-04-21,USDEGP,33.3906,33.4583,33.3516,33.38759598377983,-0.0034718848691031035,0.011619525160903843,0.008690663854247903,0.18445424357045603,0.13796001171838823
2023-04-24,USDEGP,33.4592,33.466,33.4098,33.429504624278934,0.001255215874765625,0.011432714474120614,0.00842420563432089,0.18148871585359044,0.13373011861009323
2023-04-25,USDEGP,33.0989,33.1897,32.9783,33.12206313519984,-0.009196710885623127,0.011255684013430215,0.00863209104404167,0.17867844441277048,0.13703019718201295
2023-04-26,USDEGP,32.849,32.9422,32.7979,32.9117934926847,-0.006348325635901486,0.007618549669760115,0.008675712265658657,0.12094072666307118,0.13772266260771326
2023-04-27,USDEGP,33.2027,33.3039,33.15,33.18343659107073,0.008253670479744901,0.008916618231952245,0.008769366941873682,0.1415469262647005,0.13920938450201265
2023-04-28,USDEGP,33.3999,33.4333,33.3259,33.359761957603425,0.0053136559876423295,0.009676803216211498,0.008800482447938551,0.15361448877723372,0.13970332784780604
2023-05-01,USDEGP,33.2524,33.4223,33.2257,33.2787442568045,-0.0024286054829134596,0.006251668403884297,0.008400483530409146,0.09924215925550774,0.133353541884939
2023-05-02,USDEGP,33.0588,33.1721,33.0486,33.072182921961456,-0.006207005085560269,0.006515734292749082,0.008483947218661109,0.10343407528553639,0.1346784868606525
2023-05-03,USDEGP,32.9331,33.0448,32.8201,32.9287086539779,-0.004338215845083648,0.006487788625025458,0.008140577603441109,0.10299045156342626,0.12922766320276416
2023-05-04,USDEGP,32.5961,32.6008,32.5206,32.592172469678246,-0.01022014521844905,0.0066820490567761764,0.008314869322099738,0.10607424031538089,0.13199445846165675
2023-05-05,USDEGP,32.4572,32.5432,32.3968,32.47405881942717,-0.0036239882554917058,0.006482091660875545,0.008087503415649696,0.10290001506121393,0.12838513659116724
2023-05-09,USDEGP,32.7948,32.82,32.601,32.81685375630691,0.010555962184642942,0.007110665103692517,0.008334308051764492,0.11287830912381426,0.13230303872863247
2023-05-10,USDEGP,32.987,33.0117,32.9449,32.984656521826864,0.005113310580167951,0.007078699508622786,0.008247801038423467,0.11237087103342606,0.13092978246485268
2023-05-11,USDEGP,33.2432,33.3493,33.1878,33.2625,0.008423415838490822,0.007994240970758468,0.008414675443432277,0.1269046411761029,0.13357883151986377
2023-05-12,USDEGP,32.9153,32.9581,32.8757,32.94396587657003,-0.00957637349657936,0.008511951890734967,0.008548359536266632,0.13512304724778457,0.13570100070317362
2023-05-15,USDEGP,33.1477,33.2388,33.0587,33.09809138565546,0.004678413936648695,0.008520734745306461,0.008565134580745705,0.1352624707417691,0.13596729627871568
2023-05-16,USDEGP,32.7595,32.8194,32.7306,32.782593012171844,-0.00953222256254782,0.008375660779412193,0.008560331515792056,0.1329594929289725,0.1358910499863262
2023-05-17,USDEGP,32.7723,32.8482,32.6784,32.83363583720465,0.001557009996550729,0.008138670483152857,0.008537968185897828,0.12919738860674615,0.13553604313000167
2023-05-18,USDEGP,32.6706,32.6928,32.6588,32.662360283430225,-0.005216466267203734,0.0073963070338740125,0.008559455931124612,0.11741273419145054,0.13587715051063518
2023-05-19,USDEGP,32.6443,32.6494,32.6,32.60828657103466,-0.0016555359724874652,0.006945940568866263,0.008220096214002296,0.11026338819992787,0.13048998201164191
2023-05-22,USDEGP,32.7687,32.8689,32.7319,32.824901680724686,0.0066429467006230425,0.0065375714289766405,0.007893734980802768,0.10378072907636014,0.12530915804793208
2023-05-23,USDEGP,32.9518,32.974,32.9096,32.9163664005144,0.002786443069330513,0.005729198976623359,0.007934704853205686,0.09094821422250698,0.12595953460967707
2023-05-24,USDEGP,32.782,32.8907,32.7563,32.84574745104008,-0.0021454053772232973,0.005347333567304847,0.007930881814445793,0.08488628877837896,0.12589884575080965
2023-05-25,USDEGP,32.3854,32.4019,32.328,32.371177415267304,-0.014448446834104622,0.006774730905514689,0.008095797134684314,0.10754551905225174,0.12851679529922388
2023-05-26,USDEGP,32.675,32.7252,32.5359,32.62447122533739,0.00782467090463701,0.007647644955159302,0.008228482655263108,0.12140260000001535,0.13062311263940768
2023-05-29,USDEGP,32.2,32.2132,32.0856,32.1578963818147,-0.014301376420787104,0.009131648318336825,0.008503574437759282,0.14496042306252252,0.13499005930462177
2023-05-30,USDEGP,32.4438,32.6076,32.374,32.436578884980186,0.008666067576580616,0.0100214188057054,0.008221075482636087,0.15908509166353446,0.13050552741927235
2023-05-31,USDEGP,32.5598,32.615,32.4921,32.5209,0.0025995686943069973,0.009636034617165917,0.007885263849866507,0.15296730733098304,0.1251746830132472
2023-06-01,USDEGP,32.6492,32.7371,32.6059,32.68807337916488,0.0051404905511496235,0.009840845167969915,0.0079827149213087,0.15621857403084027,0.12672167081344418
2023-06-02,USDEGP,32.2876,32.3357,32.2721,32.27822519983999,-0.012538156488174135,0.010789169194609823,0.007458620920937267,0.17127275125161978,0.11840193648182136
2023-06-05,USDEGP,32.2448,32.3103,32.2316,32.27073554384928,-0.0002320343186262841,0.00939986103652227,0.007448258238107737,0.14921816796722256,0.11823743399172709
2023-06-06,USDEGP,32.1685,32.1812,32.1379,32.14818207206325,-0.003797665895142077,0.00870450942675281,0.0074501389073409864,0.138179803368032,0.1182672886902644
2023-06-07,USDEGP,32.048,32.0912,31.8762,31.99095119246517,-0.0048908171306741854,0.007073869804471149,0.0073328157808098685,0.11229420185687858,0.11640484179523698
2023-06-08,USDEGP,31.6953,31.6973,31.6803,31.6949068703691,-0.00925400186805947,0.00631174739269555,0.007422737052346498,0.10019588363599659,0.11783229772760077
2023-06-09,USDEGP,31.9096,31.9922,31.7772,31.90418916863569,0.0066030261304299565,0.0070694008737055515,0.007355843599969775,0.11222325978028576,0.11677039709163667
2023-06-12,USDEGP,31.9424,32.0731,31.8599,31.96400283105305,0.001874790238397983,0.006553954454514433,0.007275854164104185,0.10404080154413506,0.11550060416276045
2023-06-13,USDEGP,31.4205,31.441,31.3677,31.37221125130012,-0.018514313832371676,0.008167342117645346,0.00791873431336178,0.12965253669403934,0.12570601014929453
2023-06-14,USDEGP,31.1656,31.178,31.1426,31.17313125571689,-0.006345743179801522,0.008019035448385255,0.007921355788818599,0.1272982413062323,0.12574762478205537
2023-06-15,USDEGP,31.5962,31.6699,31.5574,31.614577740274125,0.014161121028747337,0.01081660479940276,0.008431738420902146,0.17170827797572438,0.1338496978899332
2023-06-16,USDEGP,31.1086,31.2611,31.0645,31.14070988383036,-0.01498890354749538,0.011838883414996762,0.008647462585274704,0.18793644790061115,0.13727421283423524
2023-06-19,USDEGP,30.5413,30.5497,30.4914,30.494605406847548,-0.020747904572281484,0.013416494857927043,0.00933185457510727,0.21298025316151087,0.14813859886052494
2023-06-20,USDEGP,30.537,30.5882,30.4975,30.51148729583896,0.0005536024738206358,0.012687827867904867,0.009039981267906965,0.2014130232964269,0.14350525374938516
2023-06-21,USDEGP,31.0348,31.0611,30.9736,31.0289356543342,0.016959132587607728,0.015314161586782808,0.009618979472456053,0.24310477857651364,0.15269656530212392
2023-06-23,USDEGP,31.3916,31.5355,31.3394,31.460932930897968,0.01392240073511597,0.015143407491289614,0.009873302386614309,0.24039414134438905,0.15673381640353176
2023-06-26,USDEGP,32.0901,32.1019,32.0141,32.0926081513482,0.020078082930270025,0.01639372283209831,0.010531190019109205,0.2602422820575217,0.16717745880077106
2023-06-27,USDEGP,31.7565,31.7766,31.6853,31.733620285216382,-0.011185998484100734,0.01664401983158152,0.010643349858990644,0.2642156237447511,0.16895794106126175
2023-06-28,USDEGP,31.8496,31.8823,31.8384,31.85116707822849,0.003704172166793862,0.015147928782871195,0.010566433827560378,0.24046591462316708,0.16773693691527067
2023-06-30,USDEGP,31.6623,31.7181,31.6205,31.65966759048396,-0.006012322477044418,0.011926049737752383,0.010595916277004711,0.18932017037687932,0.1682049562908951
2023-07-03,USDEGP,30.9943,31.0751,30.9915,31.026495730488524,-0.019999321161089822,0.015362086779337944,0.011121819670643589,0.24386556742272827,0.1765534138501754
2023-07-04,USDEGP,30.6095,30.7333,30.5698,30.658,-0.011876807928599464,0.014688556117346733,0.011277423538280089,0.2331735996306956,0.17902354867101133
2023-07-05,USDEGP,30.4236,30.5637,30.4154,30.47327784694974,-0.006025251257429143,0.013008639300487393,0.01117969411498318,0.20650574690658527,0.17747214217210702
2023-07-06,USDEGP,30.797,30.9486,30.7598,30.7851,0.010232642337210107,0.0101240864648009,0.01138000579441224,0.16071489022546956,0.18065199150293293
2023-07-07,USDEGP,30.8562,30.915,30.7489,30.83487577498799,0.001616878781877773,0.010162239367917617,0.011400953568210755,0.1613205487861214,0.18098452710288077
2023-07-10,USDEGP,30.9841,31.0717,30.9108,30.996158492646508,0.0052305291850516245,0.010370625433477873,0.011227248629883538,0.16462857502310324,0.178227046692975
2023-07-11,USDEGP,31.0288,31.0415,30.9946,30.995,-3.737536207215619e-05,0.010407217691012952,0.011095857165518624,0.1652094591031927,0.176141271858338
2023-07-12,USDEGP,31.0622,31.1423,31.0331,31.04810083091941,0.0017132063532636632,0.007244241959050244,0.010848529811407505,0.1149987759649578,0.1722150718299282
2023-07-13,USDEGP,31.2928,31.3177,31.2465,31.28403725502,0.007599061384960137,0.005363817439312545,0.010817066989503858,0.0851479621342337,0.17171561501612
2023-07-14,USDEGP,31.3344,31.3932,31.2833,31.30817139820373,0.0007714523220578862,0.003890948058210921,0.010800360230556805,0.061766885557774605,0.17145040343979318
2023-07-17,USDEGP,31.2856,31.3368,31.2151,31.25587579722544,-0.001670349900450896,0.0031867621889677886,0.010733654672654906,0.05058828143707555,0.17039148553614772
2023-07-19,USDEGP,31.8409,31.8775,31.7627,31.85873699229474,0.019287931619014653,0.007174866653591537,0.011162784322353613,0.11389747713272053,0.17720370753599
2023-07-20,USDEGP,31.3903,31.5046,31.3785,31.390496654003115,-0.014697391751746891,0.01023137598648674,0.011464699045355525,0.1624180585814524,0.18199645518126206
2023-07-21,USDEGP,31.4073,31.4111,31.2365,31.36490603720673,-0.0008152345303247266,0.010259506597290862,0.011451250994306416,0.1628646181839487,0.1817829739890954
2023-07-24,USDEGP,31.6918,31.7535,31.6294,31.69658081279137,0.010574709683210726,0.010788545093545944,0.011605876697301147,0.17126284395437183,0.18423758092763096
2023-07-25,USDEGP,31.8132,31.8259,31.6667,31.797368371189275,0.0031797612175641365,0.01060275520776601,0.01149446222331936,0.16831352095106303,0.18246893098397765
2023-07-26,USDEGP,31.872,31.9514,31.8563,31.914116329690497,0.0036716232971971685,0.010586264161459483,0.011450278122773983,0.1680517337067451,0.1817675301323008
2023-07-27,USDEGP,31.6567,31.7266,31.65,31.6507,-0.008253912687704035,0.011315898065143104,0.011544284853675316,0.1796343128503538,0.18325984072148738
2023-07-28,USDEGP,32.1269,32.209,32.0718,32.15232790923775,0.015848872512701062,0.010476101434208986,0.011374536103723994,0.1663029546264244,0.18056516285507568
2023-07-31,USDEGP,31.8404,31.8683,31.7487,31.8215014851402,-0.010289345923300885,0.00943043277927515,0.011483210222605678,0.14970347933804232,0.18229031101013568
2023-08-01,USDEGP,31.7618,31.8568,31.6481,31.76863573468436,-0.0016613216846642631,0.009477654840224597,0.01120602677633395,0.15045310631605135,0.17789016021186274
2023-08-02,USDEGP,31.8619,31.8806,31.7222,31.7768124143424,0.00025738214653991953,0.0086652528965984,0.01083184069933573,0.13755662527128876,0.1719501403890618
2023-08-03,USDEGP,32.0804,32.1515,32.0699,32.083884390036026,0.009663397690418796,0.009333494385734371,0.010154246233468205,0.14816463004722424,0.16119366171042712
2023-08-04,USDEGP,32.0309,32.0909,31.9567,32.00348190885453,-0.0025060083188201965,0.009366030850283754,0.010181948844547005,0.14868113040965789,0.161633427027917
2023-08-07,USDEGP,32.5368,32.542,32.4977,32.53527069143647,0.01661659141016192,0.010199827009461447,0.010164357574696819,0.16191723409748787,0.16135417427630047
2023-08-09,USDEGP,33.1091,33.1417,32.9705,33.06862822678294,0.01639321032257013,0.01030682082644642,0.010276773746526338,0.16361570828687066,0.16313872568031734
2023-08-10,USDEGP,32.6116,32.673,32.5115,32.59109126537037,-0.014440785330968153,0.011338434176300748,0.010080270576179287,0.1799920625242036,0.160019334556873
2023-08-11,USDEGP,32.2752,32.3531,32.2671,32.303865820234584,-0.008813004842246008,0.012170058678971677,0.009993837050212563,0.1931936922337339,0.15864724486899462
2023-08-14,USDEGP,32.5911,32.5986,32.5778,32.59516841371289,0.009017576877620614,0.0123556494675104,0.010096530380007643,0.19613985466632092,0.16027745094065216
2023-08-15,USDEGP,33.1309,33.2336,33.0843,33.10494849257524,0.015639743669736195,0.013024416344488279,0.010361748332557107,0.20675619971568568,0.1644876554147058
2023-08-16,USDEGP,32.9787,33.0441,32.9158,33.01909733376623,-0.0025933028963407434,0.013032346876591532,0.009571183142906422,0.20688209300994342,0.15193782209270384
2023-08-17,USDEGP,32.88,33.0338,32.7842,32.90193291505231,-0.00354838345608266,0.012115908577156538,0.009267123131425711,0.19233408601650379,0.1471110190485994
2023-08-18,USDEGP,31.9811,32.0142,31.9053,31.9903,-0.02770757929043277,0.014426598203228594,0.010683962575395016,0.22901514666236472,0.16960264794729832
2023-08-22,USDEGP,32.168,32.2019,32.093,32.139604256710534,0.0046671727589466805,0.014065218737227336,0.010578056908800752,0.2232784254865768,0.16792144760985264
2023-08-23,USDEGP,32.4456,32.5526,32.4282,32.436917617922035,0.009250685193157748,0.014242609432189393,0.010672596717384629,0.22609441546917597,0.16942222054490416
2023-08-24,USDEGP,32.2506,32.2879,32.2071,32.28282483400272,-0.004750537203762506,0.013843607782753514,0.010715678077046648,0.21976046064650448,0.17010611592775357
2023-08-25,USDEGP,32.3431,32.419,32.2818,32.368789737705974,0.0026628680775393487,0.01193579715864243,0.0107144222313285,0.18947490588647536,0.17008617999502185
2023-08-28,USDEGP,32.1296,32.1598,32.053,32.09389480201881,-0.008492592337085214,0.012097474709258938,0.010868409292407517,0.1920414574355554,0.17253064880744262
2023-08-29,USDEGP,31.9726,32.1152,31.9542,32.04668577348785,-0.0014709660146323689,0.012135488210162243,0.010809164775924569,0.19264490305467383,0.17159017126449372
2023-08-30,USDEGP,31.6608,31.8118,31.5001,31.749861083678766,-0.009262258565740589,0.006943580142553529,0.010966083304891867,0.11022591759385834,0.17408117568696704
2023-09-01,USDEGP,31.6635,31.7728,31.5703,31.66106313243396,-0.0027967981028570454,0.006475454568548912,0.01097578468786528,0.10279465448686487,0.17423518036729332
2023-09-04,USDEGP,31.8482,31.8674,31.7787,31.856573935062706,0.006175118056236828,0.005623419020446479,0.01044977328003141,0.08926900947607097,0.165885008135825
2023-09-06,USDEGP,31.8431,31.9575,31.8227,31.878617572416644,0.0006919650995387272,0.005646620059726454,0.010071721151056999,0.0896373145566293,0.15988361664051615
2023-09-07,USDEGP,31.7459,31.8434,31.578,31.811111416175542,-0.0021175998641644878,0.005297349895480532,0.010080672198251484,0.08409282258681294,0.1600257101096174
2023-09-08,USDEGP,31.0652,31.0823,30.8857,31.022777307960187,-0.024781721641278343,0.009933832764881054,0.010898282217015744,0.15769470636948263,0.1730048667841279
2023-09-11,USDEGP,30.6418,30.7405,30.5927,30.6443078300462,-0.012199729062197018,0.010160640085285893,0.0110718538839972,0.16129516096140353,0.17576023157700704
2023-09-12,USDEGP,31.1594,31.2233,31.1137,31.14614105668164,0.016376066622832974,0.01311714254580858,0.01149821672871692,0.20822818252796504,0.18252853190944562
2023-09-13,USDEGP,31.1725,31.2277,31.0984,31.15179434532252,0.00018150847742570697,0.013160374018896696,0.0114111344725656,0.20891446088757787,0.18114614394914869
2023-09-14,USDEGP,30.941,30.9796,30.8537,30.885813405885184,-0.008538222116161176,0.012761423479543631,0.011072412399438658,0.20258131741231808,0.17576909773477595
2023-09-15,USDEGP,30.7656,30.8378,30.7138,30.72002659456674,-0.0053677333712977005,0.012567153246852225,0.010970300700078673,0.19949737307525342,0.17414812476003566
2023-09-18,USDEGP,30.382,30.432,30.3621,30.379796710861115,-0.011075181938996037,0.012655911762057834,0.011120076373081381,0.20090637082309373,0.17652573985931067
2023-09-19,USDEGP,30.5388,30.5776,30.5082,30.516948956037368,0.004514587325306962,0.01020397630983981,0.011169392948700918,0.1619831021989842,0.17730861622692629
2023-09-20,USDEGP,31.102,31.1342,31.0513,31.11698942901453,0.019662531593233057,0.012000868702550002,0.01164643649797585,0.1905078846221141,0.18488144780250063
2023-09-21,USDEGP,30.8245,30.8501,30.7496,30.79230895550328,-0.010434186580032923,0.01097581381091303,0.011772145431943007,0.17423564268134395,0.18687701526363745
2023-09-22,USDEGP,30.9465,30.9676,30.8394,30.95762274892113,0.005368671562003824,0.011285265856854085,0.01135631757612881,0.17914804161890494,0.18027595269545194
2023-09-25,USDEGP,30.3941,30.4207,30.3764,30.38803573407459,-0.018398926153539552,0.012905655133845785,0.01123203662567348,0.2048709239431197,0.17830305376980668
2023-09-27,USDEGP,30.2497,30.3149,30.1942,30.251182564194423,-0.004503521421317602,0.012874924787582809,0.011019986797421867,0.2043830948196313,0.1749368671031603
2023-09-28,USDEGP,30.127,30.1366,30.0698,30.13517513013816,-0.0038348065835142053,0.012314572948096358,0.01095772875702691,0.19548778513575887,0.1739485513511647
2023-09-29,USDEGP,30.4548,30.4804,30.3863,30.42365048720853,0.009572712148663287,0.012835582312545247,0.010977872499913903,0.20375855239016435,0.17426832335608275
2023-10-02,USDEGP,30.5824,30.5969,30.5772,30.5811,0.005175234078424129,0.009900086307337588,0.010548099379347087,0.15715899796374616,0.1674458865728829
2023-10-03,USDEGP,30.2607,30.3492,30.2026,30.212028994217352,-0.012068598113954332,0.010136594419304918,0.010689246492506537,0.160913447847636,0.16968652753105049
2023-10-04,USDEGP,30.2283,30.2706,30.1434,30.2583,0.0015315424790405263,0.0097248262267816,0.010718843726253606,0.1543768304362964,0.17015636905099166
2023-10-05,USDEGP,30.3138,30.3318,30.2429,30.31093169156163,0.0017394133696087,0.007113542114602376,0.009647663146830642,0.1129239802561345,0.15315190451662025
2023-10-06,USDEGP,29.9447,29.9881,29.8616,29.9441,-0.012102290199933252,0.008330318846705412,0.009748270663889967,0.13223971206154148,0.1547489993375962
2023-10-10,USDEGP,30.1681,30.213,30.0982,30.178702309618163,0.007834675599472485,0.008915204103337232,0.009693640814375725,0.1415244776688774,0.1538817773617428
2023-10-11,USDEGP,29.9763,30.007,29.9403,30.000344753195098,-0.005910047244351624,0.008097072797103526,0.009705817485049511,0.12853704581233252,0.15407507601614023
2023-10-12,USDEGP,29.9936,30.1252,29.9651,29.98672129558474,-0.0004541100351490579,0.007528565706347244,0.009666403374208637,0.11951227552802482,0.1534493964035501
2023-10-13,USDEGP,30.2966,30.3219,30.1825,30.266453726590267,0.009328543399198308,0.00747018754245538,0.009831582833899922,0.11858555090609817,0.15607153903578505
2023-10-16,USDEGP,29.9575,29.9844,29.9305,29.9844049860244,-0.009318856550348809,0.008252263514955992,0.009923599740097573,0.13100062208367183,0.1575322621370603
2023-10-17,USDEGP,29.9806,30.0468,29.9315,29.95126162343653,-0.001105353352962024,0.008148819087680068,0.00983383459464915,0.1293584927091462,0.1561072846295119
2023-10-18,USDEGP,30.2208,30.2549,30.1913,30.23295744990284,0.00940514059166997,0.007598182514224647,0.010045321382007857,0.12061740809230743,0.15946453329907473
2023-10-19,USDEGP,30.074,30.1227,30.0111,30.091286885760603,-0.004685964460373837,0.007297960912179353,0.009954912015979095,0.11585153790897995,0.15802932910685602
2023-10-20,USDEGP,29.7984,29.8124,29.7346,29.79313983486679,-0.009908085753384643,0.007930834337922509,0.010049229923785341,0.1258980920843673,0.1595265794762675
2023-10-23,USDEGP,29.8736,29.9562,29.8589,29.895814569455748,0.0034462542436966004,0.00810756346641775,0.01010207823240239,0.12870358002488483,0.1603655203671341
2023-10-24,USDEGP,29.9415,30.0648,29.917,29.96,0.0021469704528416234,0.007056811442978273,0.00916235638323375,0.11202340876317222,0.1454478984802903
2023-10-25,USDEGP,30.2021,30.2892,30.1961,30.20390596310732,0.008141053508255114,0.006887937704774977,0.009066343794413607,0.10934262127763775,0.1439237458837927
2023-10-26,USDEGP,30.6371,30.8296,30.6238,30.68067855179028,0.015785130216777743,0.008717326983427087,0.009029108154001986,0.1383832757722857,0.14333264841716845
2023-10-27,USDEGP,30.5047,30.5823,30.4998,30.553231432266163,-0.0041539863373288854,0.008686604930748873,0.009053110902373119,0.1378955783053738,0.14371368023500092
2023-10-30,USDEGP,30.6283,30.7268,30.581,30.64498866123536,0.003003192286636258,0.008243115542253541,0.00894907578114112,0.13085540251904526,0.14206217388462297
2023-10-31,USDEGP,30.6532,30.7355,30.5041,30.69525940435487,0.0016404229636117762,0.0062216033493134055,0.008901469211020037,0.09876489131021875,0.14130644301274412
2023-11-01,USDEGP,30.5378,30.5838,30.521,30.53879850192472,-0.005097233431685999,0.007178438230312662,0.008709572708083336,0.11395417415547543,0.13826018046734317
2023-11-02,USDEGP,30.9333,31.0874,30.8171,30.90760373844935,0.012076612526238817,0.00791023499446402,0.008944684007793975,0.12557108764459313,0.14199245664407634
2023-11-03,USDEGP,30.8959,30.9696,30.8463,30.897230780663573,-0.0003356118408128772,0.007906095803627021,0.008176687238027633,0.1255053800270907,0.12980088588106029
2023-11-06,USDEGP,31.1656,31.1994,31.1622,31.16328475698917,0.008610932747154187,0.006319822334579022,0.008093929000447449,0.10032406936444638,0.12848713958758531
2023-11-07,USDEGP,31.1343,31.2116,31.1121,31.11684936891392,-0.001490067187633004,0.005938694065630102,0.008046374914638282,0.09427384566091407,0.12773224187832882
2023-11-08,USDEGP,31.6455,31.707,31.6233,31.661894802553302,0.017516086772714434,0.008195353730192256,0.007852832500307435,0.13009720725776547,0.12465985129955415
2023-11-09,USDEGP,31.1133,31.1459,31.0579,31.120849747214912,-0.017088208356208612,0.011678700544446346,0.008489371136450683,0.18539362366199802,0.13476458888626974
2023-11-10,USDEGP,30.7631,30.8475,30.7139,30.80281668935389,-0.010219292225125853,0.012341167297546286,0.008691844384951453,0.19590995734530323,0.13797875206232826
2023-11-13,USDEGP,30.8616,30.9366,30.8307,30.891565693673023,0.0028811976909179915,0.011460324761820148,0.008542663916204372,0.1819270155828699,0.1356105855376913
2023-11-14,USDEGP,30.6363,30.6889,30.5388,30.682006171777072,-0.006783713197770047,0.01174571166700244,0.00859795420696079,0.1864573922541502,0.13648829169323895
2023-11-15,USDEGP,31.0359,31.1143,31.0184,31.0317,0.011397358642884159,0.012163099030780352,0.008515469894624362,0.19308321124377342,0.13517889382820075
2023-11-16,USDEGP,30.7174,30.8283,30.6376,30.685417097142324,-0.011159005238439268,0.012820118921120262,0.008795060684898468,0.20351307866134738,0.13961726002777655
2023-11-17,USDEGP,30.6509,30.7364,30.6325,30.6910719187116,0.00018428367948764013,0.009745161600498212,0.00879211487025669,0.1546996444863267,0.13957049667007274
2023-11-20,USDEGP,30.4392,30.5122,30.4076,30.43851414024484,-0.008229030876982235,0.008288906252602108,0.008628302535926195,0.13158230751068106,0.13697005648013197
2023-11-21,USDEGP,30.9019,30.9485,30.7965,30.8958,0.015023264856103946,0.01000519335520798,0.008931168158582995,0.15882752062197747,0.14177789918945571
2023-11-22,USDEGP,30.9614,31.0077,30.9287,30.949123040220705,0.0017258993203186357,0.009968317637925734,0.008841060809328763,0.15824213675790177,0.14034748936490007
2023-11-24,USDEGP,30.814,30.8605,30.734,30.8174,-0.004256115433368568,0.009711059042367534,0.008890862564515248,0.1541582831590173,0.14113806771936785
2023-11-27,USDEGP,31.1104,31.1236,31.0828,31.08597400258796,0.008715011733240408,0.009259621825372365,0.008871608733001052,0.1469919395066474,0.14083242261953763
2023-11-28,USDEGP,31.3441,31.43,31.2349,31.32995795496862,0.00784868289346008,0.008052162222164082,0.008740510250400216,0.12782411253717232,0.1387512987262192
2023-11-29,USDEGP,31.1363,31.1515,31.0317,31.07420137375344,-0.008163323474062345,0.009090190621639712,0.008906501650789492,0.1443023025301819,0.14138633051745145
2023-11-30,USDEGP,31.4008,31.4538,31.3578,31.3885404396484,0.01011575686577304,0.008326127226603265,0.00892980911487406,0.13217317215525703,0.14175632503940747
2023-12-01,USDEGP,31.5374,31.6196,31.5038,31.581337857693068,0.006142286813729525,0.007016546498848329,0.008898732422926032,0.11138422259084178,0.14126299784861718
2023-12-05,USDEGP,32.4236,32.5227,32.2531,32.41220785972957,0.026308891845571614,0.01112666901679806,0.009697395005588439,0.17663039483385137,0.15394137329968097
2023-12-06,USDEGP,33.0042,33.0346,32.9964,33.032857677850984,0.019148643647091346,0.010807071324013207,0.010143745163493543,0.1715569387456589,0.16102696239250885
2023-12-07,USDEGP,33.4858,33.5696,33.4063,33.52084079809413,0.014772658333170652,0.010927343226775766,0.01035057842055004,0.17346619601216853,0.16431033855868277
2023-12-08,USDEGP,33.984,34.1031,33.9126,33.9485229186554,0.012758693110871633,0.010857550991338035,0.010451172843982691,0.1723582786216995,0.1659072255247791
2023-12-11,USDEGP,33.5917,33.6211,33.5146,33.5966093671952,-0.010366093167099688,0.011535975262295247,0.010520882687436901,0.18312793004775801,0.1670138349830576
2023-12-12,USDEGP,33.512,33.6382,33.4716,33.58252018327683,-0.00041936326860803064,0.012368630830499322,0.010454166562364933,0.19634592741520498,0.16595474933078777
2023-12-13,USDEGP,33.7566,33.8467,33.6698,33.71727136980498,0.004012539433989826,0.012498075185873507,0.010455106324630826,0.19840079285285195,0.1659696675942702
2023-12-14,USDEGP,33.3427,33.4238,33.2996,33.315596705277216,-0.011913024044035825,0.012256876763126168,0.010813410734499443,0.19457188659358907,0.17165757376729093
2023-12-15,USDEGP,32.9123,32.9345,32.8981,32.911226966326446,-0.01213755054510901,0.011492315350208969,0.01106399191771956,0.1824348504298986,0.17563542673148738
2023-12-18,USDEGP,32.8659,32.9106,32.8506,32.91050601218254,-2.1906024489593e-05,0.009389928412671915,0.010924614262711217,0.14906049245177622,0.17342287505065876
2023-12-19,USDEGP,32.2336,32.2599,32.077,32.20593859019063,-0.02140858672094259,0.008955744477633708,0.011737366402817547,0.14216803615955312,0.18632491529220002
2023-12-20,USDEGP,32.2022,32.2936,32.1346,32.16987767739174,-0.0011196976202976217,0.009136577608006142,0.011666899877264622,0.14503867311015378,0.18520629387799312
2023-12-21,USDEGP,32.3347,32.3666,32.2339,32.36274074538674,0.005995144586158574,0.010079442171893523,0.011689044436230136,0.1600061840465221,0.18555782785348884
2023-12-22,USDEGP,32.6393,32.775,32.6109,32.65753603992022,0.009109095451858451,0.011000156936114619,0.01138557936737298,0.17462207781384903,0.1807404692307421
2023-12-25,USDEGP,33.1489,33.2167,33.0071,33.16374695822072,0.015500585153813029,0.012673502427479548,0.011142946075446497,0.20118561397970572,0.17688878512940764
2023-12-26,USDEGP,33.1291,33.1812,33.0431,33.132544468163715,-0.0009408614200413501,0.011636316219025103,0.010913283706906257,0.18472079335468697,0.1732430080534024
2023-12-27,USDEGP,33.2009,33.2282,33.1319,33.21937214635929,0.0026206160616188967,0.01163988670711308,0.010913065904473563,0.1847774730959264,0.1732395505469713
2023-12-28,USDEGP,33.2778,33.3452,33.1502,33.29600723574018,0.0023069397291208826,0.005964648960979109,0.010772213718055635,0.09468586685130316,0.171003591405682
2023-12-29,USDEGP,33.1732,33.2174,33.0901,33.10940291289292,-0.005604405402908408,0.0068754828410673525,0.01075070673851235,0.10914490644573627,0.1706621786897399
2024-01-01,USDEGP,32.5726,32.6563,32.5085,32.58034077319598,-0.01597921113494083,0.010132765236381833,0.010990867892046657,0.16085266145320165,0.17447461881072093
2024-01-02,USDEGP,33.3795,33.4276,33.2787,33.3996905345169,0.02514859396421687,0.013519270598338254,0.011762130777790076,0.21461176746114247,0.1867180375575076
2024-01-03,USDEGP,33.7258,33.7674,33.6651,33.72302010933914,0.009680615887386557,0.012803409659423793,0.011632117641427716,0.20324782735510527,0.1846541430015896
2024-01-04,USDEGP,33.9277,33.9459,33.8451,33.84583780097495,0.003641954108428047,0.012717301517596698,0.011426669864637163,0.20188090298031106,0.18139276065279614
2024-01-05,USDEGP,34.1682,34.1818,34.122,34.13945034871559,0.008674997187754219,0.012882764451074974,0.011468058267770382,0.20450754561940748,0.18204978118391163
2024-01-08,USDEGP,34.6727,34.8862,34.6542,34.70926617627001,0.01669083191832521,0.013692846289776578,0.011626266455522385,0.2173671961402938,0.18456125830490774
2024-01-09,USDEGP,34.7954,34.8946,34.7137,34.77479120987654,0.0018878253799363698,0.012901230759073182,0.011598331375895802,0.20480068917098818,0.18411780266362737
2024-01-10,USDEGP,34.9797,35.0121,34.9759,34.98223226204824,0.005965270960786917,0.008146654478003628,0.011580799111593059,0.1293241305958099,0.18383948659603788
2024-01-11,USDEGP,34.8566,34.9163,34.7584,34.794149469379285,-0.005376523466542937,0.006913678144774893,0.011492811427528523,0.10975123809490069,0.18244272541321022
2024-01-12,USDEGP,34.209,34.2809,34.1091,34.151356724565375,-0.0184741617374381,0.011197265574883302,0.012122559800696769,0.17775108045051544,0.19243967091691427
2024-01-15,USDEGP,34.3048,34.4031,34.1869,34.31772799870044,0.004871586083003088,0.011239471177621698,0.01211300904262266,0.1784210736231917,0.19228805733273688
2024-01-16,USDEGP,34.2514,34.3696,34.1778,34.20054087950248,-0.0034147691596132512,0.010974716961453608,0.011317020695737036,0.17421823073597212,0.1796521340585482
2024-01-17,USDEGP,34.2676,34.3748,34.2502,34.33274878820076,0.003865667188249544,0.008596575737679002,0.010845816741056318,0.13646640917178163,0.17217200317329626
2024-01-18,USDEGP,34.5573,34.6552,34.472,34.59896034314721,0.007753866624216954,0.009246089927434791,0.0106194996061172,0.14677712728639022,0.16857933003440692
2024-01-19,USDEGP,34.8598,34.9203,34.8559,34.884776049638475,0.00826081777188059,0.00955683924854772,0.010480210851090199,0.151710119828872,0.16636818959703145
2024-01-22,USDEGP,34.9345,34.9707,34.86,34.881791818306894,-8.554537736849e-05,0.00929964039002462,0.010262909712481505,0.14762721452602115,0.16291864096281278
2024-01-23,USDEGP,34.6427,34.7626,34.6157,34.65541943798496,-0.006489700457507075,0.005622763957255207,0.01035744617297006,0.08925861067028813,0.16441936074849878
2024-01-24,USDEGP,34.9607,35.0341,34.9416,34.96151867234995,0.008832651265778146,0.00612410860080445,0.01044122112088936,0.09721721015808187,0.1657492468182499
2024-01-25,USDEGP,34.7162,34.7831,34.667,34.7458,-0.006170174538801088,0.006646977617089376,0.010242099902460182,0.10551749847018724,0.16258829546993125
2024-01-26,USDEGP,34.6404,34.7517,34.6139,34.67315901158279,-0.002090640837661306,0.006790025823463018,0.009942266774975853,0.10778831834753824,0.15782859212907768
2024-01-29,USDEGP,35.1113,35.1487,35.0778,35.092910242913085,0.012105941405283316,0.007614719973351417,0.01011127758870452,0.12087993211730541,0.16051155562111796
2024-01-30,USDEGP,34.8803,35.0052,34.716,34.80898452198439,-0.008090686094808341,0.007895456819491276,0.009299119271561641,0.12533649138973743,0.14761894202688128
2024-01-31,USDEGP,34.8217,34.9331,34.8056,34.83184863426339,0.0006568451390633889,0.007903549135860685,0.009280015501163542,0.12546495292960091,0.147315679073419
2024-02-01,USDEGP,34.3958,34.4698,34.3129,34.362472427271186,-0.01347548939824239,0.009172522911407124,0.009712066745193246,0.14560928711175236,0.15417427994545105
2024-02-02,USDEGP,34.8258,34.9063,34.7757,34.85406014320422,0.014305947192056356,0.010328345964986087,0.00988715788742573,0.1639574092679437,0.15695376566015543
2024-02-05,USDEGP,34.8758,34.9424,34.8394,34.88963006592451,0.0010205388575719176,0.010010819277605762,0.009564619874983684,0.15891682937133675,0.15183363344443515
2024-02-06,USDEGP,34.5827,34.5975,34.5665,34.582472275999656,-0.008803698673344296,0.01061835669410844,0.009746521285549974,0.16856118686873325,0.1547212288173767
2024-02-07,USDEGP,34.7017,34.7701,34.6666,34.73899465621878,0.004526061033749418,0.009462923728546258,0.009760445979807603,0.1502192571678329,0.15494227648590647
2024-02-08,USDEGP,35.153,35.2384,35.074,35.10520454039078,0.010541752511725067,0.009881365534716809,0.009897644589660937,0.15686181491151274,0.15712023689728066
2024-02-09,USDEGP,35.2402,35.2615,35.1707,35.18739826474382,0.00234135437833638,0.00988493463010423,0.00979813749162598,0.15691847254431626,0.15554061068676334
2024-02-12,USDEGP,34.9738,34.9773,34.9185,34.962814117309044,-0.006382516426620799,0.008337080046138987,0.009333957682855599,0.13234704277513598,0.14817198466101966
2024-02-13,USDEGP,35.2679,35.3343,35.2066,35.31594210261383,0.010100101900263336,0.00744932851505346,0.008429675900290218,0.11825442411152119,0.13381695639025457
2024-02-15,USDEGP,35.1619,35.2606,35.1546,35.19189294015314,-0.003512554248170874,0.007730870614435835,0.008353330327762965,0.12272376638288597,0.13260500799860683
2024-02-16,USDEGP,34.8416,34.9114,34.7711,34.8261,-0.010394238831517355,0.00809089709655483,0.008615635376298687,0.12843900960539179,0.1367689715549803
2024-02-19,USDEGP,35.1085,35.1568,34.9701,35.10011630407088,0.007868130628203573,0.008423262818737242,0.008592038533717674,0.13371515187669405,0.13639438329180611
2024-02-20,USDEGP,34.7124,34.7911,34.6572,34.69325687951936,-0.011591398188738555,0.008619256368872103,0.008354951859329548,0.13682645303007115,0.13263074901421615
2024-02-21,USDEGP,34.9296,35.0024,34.8655,34.952843593835205,0.007482339153608963,0.009214784670690286,0.008459892494569863,0.1462801717419403,0.13429662995384223
2024-02-22,USDEGP,34.9432,35.0699,34.9255,34.971772192424204,0.0005415467424898512,0.008896648322635179,0.008390212824628889,0.1412299137821557,0.13319049948523695
2024-02-23,USDEGP,34.8939,34.9844,34.8054,34.91074940586471,-0.0017449154770804443,0.007719702952017047,0.00833562673012222,0.12254648523796977,0.13232397209859548
2024-02-26,USDEGP,34.973,35.0323,34.9335,35.02225431009632,0.0031939991586911187,0.007860784000000332,0.007570276933711394,0.12478607744397861,0.1201744207349337
2024-02-28,USDEGP,35.0187,35.0711,34.9341,34.99664705660647,-0.0007311709081636586,0.006617271398134147,0.007537125489452587,0.10504592686370183,0.11964815787226517
2024-03-01,USDEGP,35.0622,35.0822,35.0571,35.05758341083272,0.0017412054968490853,0.005877590873408847,0.00749920811779053,0.09330386255533639,0.1190462382575431
2024-03-04,USDEGP,35.4208,35.4323,35.3551,35.387065045441815,0.009398298529250226,0.0041823608943238845,0.007642522442602751,0.06639292091701615,0.12132128263414071
2024-03-05,USDEGP,35.2654,35.4235,35.1737,35.239846198913455,-0.004160244607438135,0.004340603837729502,0.007590826566585486,0.06890494976690895,0.12050063604364486
2024-03-06,USDEGP,35.3285,35.3301,35.2912,35.32787413471542,0.0024979659475552474,0.004355830589973631,0.00746316207927698,0.06914666696518791,0.11847402513560763
2024-03-07,USDEGP,35.3567,35.4091,35.333,35.363056584537574,0.0009958835815591094,0.004137829758082102,0.007463109223631353,0.0656860110444468,0.11847318607824535
2024-03-08,USDEGP,35.4574,35.4617,35.3702,35.41346866203087,0.0014255576967105998,0.00409572446499514,0.007347087759800297,0.06501761023812126,0.11663140243798946
2024-03-11,USDEGP,35.2948,35.401,35.176,35.3688,-0.0012613467056042937,0.004150454224582544,0.007193586803138874,0.06588641823721701,0.11419465029396968
2024-03-12,USDEGP,34.5013,34.5176,34.4774,34.5102437355449,-0.024274396203860515,0.01058262949843602,0.008419640103965932,0.16799403521998746,0.13365764306255923
2024-03-13,USDEGP,34.1858,34.2437,34.148,34.207964202010274,-0.00875912485147945,0.009429277833301672,0.008558367508611952,0.14968514513910108,0.135859872338896
2024-03-14,USDEGP,34.3481,34.3657,34.274,34.307188227643806,0.0029006118296774908,0.009875102267343517,0.008253579905110275,0.15676238862432615,0.13102151912953122
2024-03-15,USDEGP,33.9296,33.9501,33.862,33.891175028014985,-0.012126123448776505,0.00987198686305524,0.008409239436393599,0.1567129331144449,0.13349253758336654
2024-03-18,USDEGP,34.1355,34.3104,34.0137,34.088492077003934,0.005822077541597359,0.010575017279384931,0.008493734628035992,0.16787319498878028,0.13483385716776564
2024-03-19,USDEGP,34.4445,34.5441,34.3549,34.415486232261046,0.009592508654194809,0.011804524968846573,0.008338526132097776,0.1873910244769231,0.13236999867806426
2024-03-20,USDEGP,34.6791,34.8283,34.6095,34.71887826763172,0.00881556730952937,0.012771176397175194,0.008071626979764329,0.20273614017998057,0.12813310598481478
2024-03-21,USDEGP,34.9968,35.0038,34.9288,34.9654,0.007100509713129588,0.008763349408399974,0.008176327021352679,0.13911385911954802,0.12979516761862014
2024-03-22,USDEGP,34.952,35.0128,34.9071,34.97641518219796,0.0003150309219388525,0.00750322943130286,0.008001354799319831,0.11911007463052779,0.1270175697035604
2024-03-25,USDEGP,35.3317,35.4131,35.1291,35.38053174521762,0.011553973182058419,0.008131654295324519,0.008225792190127276,0.12908601007787313,0.13058040282944466
2024-03-26,USDEGP,35.2981,35.3706,35.2931,35.3340423062993,-0.001313983612600711,0.004808573881759466,0.008015944375533093,0.07633374391209632,0.12724917204592506
2024-03-27,USDEGP,35.266,35.2717,35.2496,35.262239084219914,-0.0020321258874642645,0.005688416733865388,0.00801632658663502,0.09030081618903664,0.12725523945906925
2024-03-28,USDEGP,35.0569,35.1958,34.9854,35.13232270794797,-0.0036842917422700294,0.006050047154344788,0.007955972442087735,0.09604152114366192,0.12629714711668427
2024-03-29,USDEGP,35.2374,35.3914,35.1507,35.194978340460146,0.0017834184500986616,0.005472968907793102,0.007740809113859359,0.08688068797925605,0.12288153517016479
2024-04-01,USDEGP,35.1327,35.2398,35.088,35.14702302026372,-0.0013625614351152615,0.005068022089629124,0.007717902707998765,0.08045235652884336,0.12251790725014013
2024-04-02,USDEGP,35.269,35.3175,35.2541,35.27189995684403,0.0035529875889721563,0.0051683348529594185,0.007487674249709942,0.0820447722794292,0.11886314377796792
2024-04-03,USDEGP,35.6689,35.7084,35.6352,35.65682104076759,0.01091296710397005,0.004955909320134017,0.00761129057785576,0.0786726214875708,0.12082549215153267
2024-04-04,USDEGP,35.7871,35.8835,35.7687,35.905160520383795,0.006964711726047401,0.005256310727509697,0.007339484756801689,0.08344134599202992,0.11651070850707988
2024-04-05,USDEGP,36.2236,36.2883,36.1424,36.1535,0.006916540018675699,0.0051118878048676,0.007323417860969479,0.08114870317046127,0.11625565444280304
2024-04-08,USDEGP,36.1715,36.2211,36.1148,36.13778341662218,-0.0004347181705179892,0.004446080775733469,0.007328393667563378,0.07057934424897538,0.1163346429237195
2024-04-09,USDEGP,36.5472,36.6543,36.4474,36.54966075298227,0.011397415597179217,0.005071070618212889,0.00754096049063689,0.08050075041982725,0.11970903662873299
2024-04-10,USDEGP,36.6276,36.6482,36.4714,36.643849310898666,0.0025770022477900056,0.004361739127984982,0.007537185284423305,0.06924046209832795,0.1196491070879982
2024-04-11,USDEGP,36.3157,36.3668,36.248,36.31775823724762,-0.008898930646842884,0.007159917162632262,0.007766003957871214,0.11366016132088903,0.1232814909196234
2024-04-12,USDEGP,36.6785,36.7603,36.5831,36.6803,0.009982492872606885,0.007021934651166295,0.007927503733649342,0.11146975685719862,0.1258452203806331
2024-04-15,USDEGP,36.4389,36.512,36.4286,36.50466598375141,-0.004788238270913681,0.007596600602474142,0.007865457210935255,0.12059229602178012,0.12486026236772634
2024-04-16,USDEGP,36.6097,36.6104,36.54,36.566349978323125,0.0016897564437152734,0.007330078112934359,0.007803667667260935,0.11636138266501166,0.12387938377060785
2024-04-18,USDEGP,36.3876,36.4836,36.3674,36.41355818101659,-0.004178480963976772,0.007637366294876104,0.007862186979453338,0.12123943132649381,0.12480834905234174
2024-04-19,USDEGP,36.1464,36.1874,36.0833,36.10557993958777,-0.008457790361980577,0.0068243671099361206,0.008051178754251813,0.10833346936979737,0.12780850046806266
2024-04-22,USDEGP,36.0965,36.1174,35.9808,36.084694335234495,-0.0005784591852068255,0.006593147492039001,0.008053473698490628,0.10466297172662643,0.12784493157843468
2024-04-23,USDEGP,35.8169,35.8326,35.6225,35.764173074714336,-0.008882471264477054,0.006590352465249216,0.008234261400393772,0.10461860205186523,0.13071484737444225
2024-04-24,USDEGP,35.5808,35.6568,35.5183,35.6256,-0.0038746338248851764,0.003836142333138006,0.006852434162097052,0.06089687164398155,0.10877902001011239
2024-04-25,USDEGP,36.2999,36.4298,36.1944,36.25815349471121,0.017755588529349886,0.009085435308692125,0.007238226052601845,0.1442268142773883,0.11490327641071925
2024-04-26,USDEGP,36.3989,36.4158,36.3369,36.41369804481445,0.004289919235019202,0.009261944155283478,0.007248839622041962,0.14702880535108973,0.11507176160228684
2024-04-29,USDEGP,36.8276,36.8752,36.8157,36.8525341038901,0.01205140050690745,0.010190315285334782,0.006960882073922676,0.16176624015801622,0.11050057723948156
2024-04-30,USDEGP,37.0297,37.1183,36.9391,37.06141443305402,0.005668004500723578,0.009178646863580374,0.006958646903980279,0.14570650183870001,0.11046509501664828
2024-05-01,USDEGP,36.9912,37.0856,36.9651,37.04176883852402,-0.0005300821576975645,0.009174839513095534,0.006863416828608218,0.14564606202347832,0.10895336443603781
2024-05-02,USDEGP,36.7293,36.838,36.5712,36.66557669260146,-0.010155890437157367,0.009475509984705898,0.007128147605550788,0.1504190577902475,0.11315583523708753
2024-05-03,USDEGP,37.0922,37.2001,37.0102,37.1415,0.01298011241957564,0.009400568662068318,0.0073548634395524835,0.14922940117451974,0.11675483752738205
2024-05-06,USDEGP,37.4824,37.569,37.4595,37.52797928104627,0.010405591617093313,0.008204125382310844,0.007502476693513894,0.13023645291832323,0.11909812528857552
2024-05-07,USDEGP,38.38,38.6307,38.3778,38.46739119629709,0.025032307447613533,0.01114222904317609,0.008418614103015377,0.1768774025949906,0.13364135580239872
2024-05-08,USDEGP,38.6767,38.7001,38.5999,38.6868386605945,0.0057047659711984,0.011007579953569005,0.0083970870087051,0.174739914562821,0.13329962377442978
2024-05-09,USDEGP,37.8755,37.9027,37.8301,37.88457827952162,-0.020737294874653256,0.0152521541842572,0.009420351450080376,0.24212044157734663,0.14954344319843624
2024-05-10,USDEGP,37.5238,37.5527,37.4474,37.451305725349954,-0.011436647149002832,0.01622768818680936,0.009696333495433366,0.2576065637747894,0.153924522348374
2024-05-13,USDEGP,37.0062,37.0287,36.9549,36.99312057857425,-0.01223415680446005,0.01649719761853898,0.010047405986378237,0.2618848933688469,0.15949762536755063
2024-05-14,USDEGP,36.7747,36.8604,36.6963,36.80824966935834,-0.004997440235495643,0.01577532261850188,0.010107485987144737,0.25042548300220946,0.160451365812331
2024-05-15,USDEGP,36.0987,36.2383,36.0325,36.14828884225958,-0.017929698723168408,0.015941401267838565,0.010706835474585756,0.2530618998275437,0.1699657439654288
2024-05-16,USDEGP,36.4228,36.561,36.3711,36.37603130306893,0.006300227980448714,0.010738130181607498,0.010590179803530312,0.17046253203822173,0.16811389259760043
2024-05-17,USDEGP,36.5183,36.5597,36.4606,36.52605847742708,0.004124341468374926,0.010416087657805825,0.010545026125932982,0.16535026546082077,0.1673971001873853
2024-05-20,USDEGP,36.1533,36.2641,36.1511,36.17538110661512,-0.00960074493196894,0.008911351289113446,0.010636031252639951,0.14146331613917418,0.16884176178717666
2024-05-21,USDEGP,36.2647,36.3338,36.154,36.26712902728848,0.0025361977639701827,0.009192010457967269,0.010644950998391899,0.14591864232291799,0.16898335836128214
2024-05-22,USDEGP,36.4488,36.4782,36.3427,36.36590137919298,0.0027234676290526227,0.008837850992806203,0.010445520260342074,0.14029653510726303,0.16581749354131073
2024-05-23,USDEGP,35.535,35.6461,35.4739,35.5443,-0.02259263067965811,0.011727422421789722,0.011205019636555062,0.18616705948715062,0.17787417236352024
2024-05-24,USDEGP,36.0145,36.131,35.8614,35.97601120680028,0.012145722571559325,0.01167584803721572,0.011348329551567072,0.1853483415135265,0.18014914673670973
2024-05-27,USDEGP,35.9941,36.0568,35.8625,36.04176757530984,0.0018277837454401258,0.011351704664768513,0.011191288908852936,0.18020272499777595,0.17765620381860162
2024-05-28,USDEGP,35.8572,35.9646,35.8381,35.840638558049314,-0.005580442658375873,0.011175446378134854,0.011202625018957099,0.17740471144009393,0.17783615898762437
2024-05-29,USDEGP,35.4744,35.5446,35.3667,35.40708914097208,-0.012096587408034987,0.011470146388324326,0.01138875432617934,0.1820829290700712,0.1807908701392891
2024-05-30,USDEGP,35.755,35.8804,35.6784,35.79642212646983,0.010995904914623988,0.012546485613080702,0.011578596989887566,0.19916928456036775,0.1838045289977013
2024-05-31,USDEGP,35.5807,35.6298,35.5155,35.53542625529001,-0.0072911161416554515,0.012516092482314318,0.011552894802267495,0.19868680856693266,0.1833965194181431
2024-06-04,USDEGP,34.7378,34.8442,34.7345,34.74477219432596,-0.022249741857151673,0.012428032278889835,0.012218527916099377,0.19728889617495501,0.19396311751979536
2024-06-05,USDEGP,35.1108,35.1477,35.0227,35.062552773054584,0.009146140805047942,0.011849869285876728,0.012270296953049795,0.18811084319431426,0.1947849255041001
2024-06-07,USDEGP,34.2061,34.3166,34.1442,34.18361189948816,-0.025067794671296273,0.01396551469005734,0.013051305824137757,0.22169567280546604,0.2071830569719044
2024-06-11,USDEGP,34.1568,34.1826,34.0909,34.160463286756865,-0.000677184517521523,0.014195926124783858,0.01254775409664485,0.2253533409385378,0.1991894211126852
2024-06-12,USDEGP,34.591,34.6936,34.5671,34.6279,0.01368355895291229,0.015827582694779813,0.012821967271852945,0.2512550859941815,0.20354242031959321
2024-06-13,USDEGP,34.5209,34.5336,34.4076,34.491,-0.003953459493645228,0.014572839999498028,0.012564975965307566,0.23133666320763852,0.19946280980224537
2024-06-14,USDEGP,34.5507,34.5953,34.4786,34.54346008118415,0.001520978840397591,0.01474186588173591,0.01249888197540764,0.23401986590484686,0.19841360023965807
2024-06-17,USDEGP,34.5919,34.6354,34.5906,34.6056389884767,0.001800019660636698,0.012376926174405433,0.0125172726085412,0.19647761191729693,0.1987055424900046
2024-06-18,USDEGP,34.6067,34.6366,34.3952,34.5923236287184,-0.0003847742780515029,0.011640361855883888,0.012429643524071238,0.18478501584882628,0.19731447389926188
2024-06-19,USDEGP,34.4766,34.5965,34.4546,34.53811162646448,-0.0015671685671011515,0.005715023196799681,0.01211025258213148,0.09072318069418384,0.19224429987898625
2024-06-20,USDEGP,34.4343,34.465,34.3688,34.40800625096286,-0.0037670089467752854,0.0060213155743374484,0.011869612096796489,0.09558542145082166,0.18842425060156462
2024-06-21,USDEGP,34.5947,34.6705,34.4912,34.60619767098936,0.0057600378987652245,0.0034425230653943673,0.010781848594543618,0.05464835948182344,0.17115654032828215
2024-06-24,USDEGP,34.432,34.5486,34.3905,34.478156672474405,-0.003699944146776102,0.003396056258226006,0.010641908799489518,0.05391072178590338,0.16893506495087518
2024-06-25,USDEGP,34.4964,34.6416,34.3813,34.45345596109865,-0.0007164162402997221,0.003328361753700191,0.010158395156422752,0.052836104841297124,0.1612595238205061
2024-06-27,USDEGP,35.5435,35.6388,35.5387,35.56058883754767,0.032134160291469316,0.012823807058833774,0.011893307032156818,0.20357162603249288,0.1888003960393357
2024-07-01,USDEGP,34.9427,34.9635,34.8356,34.933799473422255,-0.017625955717122443,0.015228824989260332,0.012097641357222435,0.24175010208785236,0.19204410288996282
2024-07-02,USDEGP,34.9926,35.0141,34.925,34.9386,0.00013741782028020566,0.015185124629678698,0.012087700139577526,0.24105638038590974,0.19188629095225726
2024-07-03,USDEGP,35.1203,35.2444,35.0355,35.114942556648856,0.00504721301508515,0.015016287951121638,0.01174469844560979,0.23837618120402093,0.18644130786318217
2024-07-04,USDEGP,34.7375,34.7599,34.6749,34.73451524068381,-0.010833772982864032,0.015798341864864368,0.011798984480030559,0.2507909022096691,0.18730307194362966
2024-07-05,USDEGP,34.8558,34.9578,34.7999,34.887921456708085,0.0044165353960257114,0.01572486458827231,0.01180388192904137,0.24962448660440772,0.187380816536477
2024-07-08,USDEGP,35.5999,35.6182,35.569,35.605425388727845,0.02056596959810575,0.017151287411695325,0.0123584593662526,0.2722682469356311,0.19618446042600773
2024-07-09,USDEGP,35.8295,35.9239,35.7925,35.84,0.006588170446249597,0.012447062111226342,0.012414298214036557,0.19759098539807693,0.19707087465440415
2024-07-10,USDEGP,35.0872,35.156,35.0783,35.08209167902571,-0.021146995562898896,0.013370811369028587,0.012965231463710324,0.2122550502576283,0.20581666886020483
2024-07-11,USDEGP,35.3169,35.3605,35.2892,35.3079319989466,0.006437481607059148,0.013539014587695805,0.012377036703610254,0.2149251935755128,0.19647936651402834
2024-07-12,USDEGP,35.5834,35.6896,35.5766,35.59374907095638,0.00809498194395264,0.013716858360781962,0.012259832413170472,0.217748375950357,0.19461880608346765
2024-07-15,USDEGP,35.2457,35.2507,35.1905,35.22759143160277,-0.010287133244201718,0.013632799505293666,0.012386764953982355,0.2164139829876685,0.19663379770108644
2024-07-16,USDEGP,34.5701,34.6427,34.4901,34.5553,-0.019084229272616438,0.01570253957732831,0.012808878999769756,0.24927008804256004,0.20333465044145121
2024-07-17,USDEGP,34.3906,34.4948,34.3404,34.37053624531072,-0.0053469006111735995,0.012407900797166064,0.012668248353106313,0.19696931880996896,0.20110220813473723
2024-07-18,USDEGP,34.7349,34.7978,34.6456,34.77243378091352,0.011693083073664345,0.013316743774180809,0.012691464962718748,0.2113967537979006,0.20147076038666067
2024-07-19,USDEGP,34.7897,34.8161,34.7734,34.78687640943659,0.0004153470710177576,0.011054202171000668,0.01263528414617122,0.17548001932018836,0.20057891757243684
2024-07-22,USDEGP,34.8602,34.8609,34.7405,34.8092885677278,0.0006442705009619409,0.010598601091993851,0.011957833873814135,0.16824757640756,0.18982472789481794
2024-07-23,USDEGP,34.5339,34.6368,34.3356,34.45146806859555,-0.010279454532259091,0.009942088918136796,0.011978754055598567,0.157825768739287,0.19015682548512114
2024-07-24,USDEGP,34.5412,34.5556,34.5145,34.54244219074564,0.0026406457329757327,0.009911652929947863,0.011052917881527425,0.15734261240536052,0.17545963185684266
2024-07-25,USDEGP,34.6374,34.6473,34.5353,34.64516077349867,0.0029736919638110315,0.0069079076142862725,0.011060665160828709,0.10965963376326585,0.17558261610305398
2024-07-26,USDEGP,34.648,34.7005,34.5725,34.627143780270146,-0.0005200435739441955,0.006466428418961406,0.01077854716358404,0.10265136880423481,0.17110413173654399
2024-07-29,USDEGP,34.3811,34.4435,34.2969,34.37188916569973,-0.007371518026151991,0.005128306397592967,0.010840271043150735,0.08140934024983512,0.17208396794826947
2024-07-30,USDEGP,34.7254,34.8555,34.5989,34.72965248050099,0.010408602014179591,0.006886263878314849,0.011005122675400447,0.10931605010632947,0.17470090648120432
2024-07-31,USDEGP,34.4116,34.6059,34.3251,34.44637919851746,-0.008156525094587974,0.007480991480475533,0.011106046291263903,0.11875705810518705,0.17630301921513306
2024-08-01,USDEGP,34.536,34.5763,34.5225,34.54611348935673,0.0028953490369623136,0.006487162386539199,0.011119226774386062,0.10298051033564992,0.17651225289813854
2024-08-02,USDEGP,34.718,34.799,34.5674,34.70620152023519,0.004634038816776931,0.006643274845176597,0.011146407172246244,0.1054587187883304,0.17694372833778155
2024-08-05,USDEGP,35.3983,35.4598,35.3039,35.4195,0.020552479053316253,0.010081235663495757,0.011716103606655112,0.16003465484307006,0.18598737886725805
2024-08-06,USDEGP,35.2556,35.3136,35.2225,35.29622169891697,-0.003480520647751284,0.010322808850135017,0.01170899180798401,0.1638695102946833,0.1858744825633095
2024-08-07,USDEGP,35.4198,35.44,35.375,35.415591019497256,0.003381929136736739,0.009310249514369253,0.011688088532050512,0.14779562915388553,0.1855426533450699
2024-08-08,USDEGP,35.1471,35.1662,35.1129,35.1528,-0.007420207087680208,0.0097929625962786,0.011784934543460754,0.15545846176986364,0.18708003611503005
2024-08-09,USDEGP,34.8998,34.9519,34.7324,34.91841493140107,-0.006667607376906859,0.009554634845037146,0.010249493722152099,0.1516751260080027,0.16270566871879324
2024-08-12,USDEGP,34.4303,34.4685,34.3364,34.39174690045107,-0.015082816101036234,0.011489537066626575,0.010113056179372172,0.18239074654531484,0.1605397898726627
2024-08-13,USDEGP,34.6691,34.6859,34.6638,34.6688,0.008055801886158287,0.011816635199695837,0.010232133690333444,0.1875832684318035,0.16243008675712728
2024-08-14,USDEGP,34.8405,34.9181,34.7832,34.80295657602893,0.003869663098490239,0.008035932171792914,0.010213521641106888,0.12756646847488337,0.1621346296352707
2024-08-15,USDEGP,34.1223,34.1937,34.0637,34.16030030565892,-0.01846556538856392,0.010082867006091577,0.010574953743188216,0.16006055160394017,0.16787218638292573
2024-08-16,USDEGP,34.5273,34.659,34.4656,34.55592251013845,0.011581344453637454,0.011538395008480248,0.010768976800512043,0.18316634232760648,0.1709522069326734
2024-08-19,USDEGP,34.8246,34.8372,34.7334,34.808451963999445,0.007307848713542731,0.012025676919083147,0.010138318026759643,0.19090170285062055,0.1609408092677346
2024-08-20,USDEGP,34.7211,34.7383,34.6601,34.706479538591125,-0.0029295306069280214,0.011831252730521779,0.010050780685058392,0.1878153145398871,0.15955119704829543
2024-08-21,USDEGP,35.0465,35.1048,34.9468,34.9813278837055,0.007919222830098827,0.010301522021836425,0.00942535381606924,0.16353159237140685,0.14962285329667702
2024-08-22,USDEGP,35.2069,35.2929,35.0607,35.15824008509529,0.005057332356791289,0.01009107388894679,0.009395904347836829,0.16019083183038377,0.14915535748156067
2024-08-23,USDEGP,35.0433,35.0827,35.0167,35.06572831541276,-0.0026312969437211065,0.010194169208321089,0.0092766785501135,0.1618274192887788,0.14726270661772536
2024-08-26,USDEGP,35.6635,35.7602,35.6392,35.65714062386657,0.01686582132657022,0.007182617725122931,0.009603317288122706,0.11402052157871857,0.1524479358337194
2024-08-27,USDEGP,36.2191,36.3309,36.1641,36.18688343265512,0.014856570087226295,0.0076833088924710856,0.009214196695405477,0.12196874745341763,0.14627083792365636
2024-08-28,USDEGP,36.1926,36.3003,36.1489,36.19755273398485,0.00029483891171744325,0.008030361405299063,0.00912508765650471,0.1274780352983549,0.1448562757846599
2024-08-29,USDEGP,36.2942,36.3125,36.2445,36.26661241308168,0.0019078549205895357,0.007349993144297243,0.008930907078789989,0.1166775239870411,0.14177375467622788
2024-08-30,USDEGP,36.5687,36.7175,36.4259,36.60020647040167,0.00919837931153622,0.007411894839105933,0.009039395342167276,0.11766018292822437,0.14349595246662133
2024-09-02,USDEGP,36.0574,36.0589,35.9783,36.0380895714386,-0.015358298577295093,0.011150988021181255,0.009562957337868255,0.17701644706023512,0.1518072414859181
2024-09-03,USDEGP,36.4773,36.5237,36.4138,36.50475210571947,0.012949147411263295,0.011256557184218476,0.009541695318196958,0.17869230556931742,0.15146971738739082
2024-09-04,USDEGP,36.9148,36.9372,36.8234,36.82544818433723,0.00878505016796205,0.010309009955766854,0.00962207047443135,0.16365045963748842,0.1527456334372958
2024-09-05,USDEGP,36.4204,36.5106,36.2934,36.36945183497971,-0.01238264221727714,0.010941090288260753,0.009980211972111193,0.17368442384785168,0.1584309534594943
2024-09-06,USDEGP,37.1542,37.1793,37.064,37.09847948551031,0.020045054674963092,0.013126295679473803,0.010516563789951697,0.20837348402033573,0.16694527461095462
2024-09-09,USDEGP,36.6168,36.7126,36.5872,36.678776701152,-0.011313207176650741,0.014307095099411362,0.010665823934736569,0.22711809370076036,0.16931470595348022
2024-09-10,USDEGP,36.3332,36.4498,36.315,36.3550234322644,-0.00882671937304369,0.014355312649025228,0.010734697087088645,0.2278835235714036,0.17040803335227614
2024-09-11,USDEGP,37.0332,37.1305,37.0166,37.07106849520348,0.01969590431630963,0.014572059533715946,0.011062870404754135,0.2313242736974414,0.17561762326509547
2024-09-12,USDEGP,37.2765,37.3751,37.2752,37.29897967831275,0.006147952901297105,0.014105784915395951,0.011082699382668261,0.22392239360102378,0.1759323985309757
2024-09-13,USDEGP,37.5932,37.6999,37.4946,37.63552124225849,0.009022808850222441,0.01412185149877343,0.011139048083858204,0.22417744270523554,0.17682690643127616
2024-09-16,USDEGP,37.8389,38.0191,37.6933,37.90704926625067,0.007214674196867277,0.012349458669820106,0.010660492226648435,0.19604157879968714,0.16923006771149385
2024-09-17,USDEGP,37.8399,37.8821,37.621,37.8322,-0.0019745474179470035,0.010893678331294766,0.010635753563146196,0.1729317823640343,0.16883735360312363
2024-09-18,USDEGP,37.2728,37.3748,37.1976,37.29290678098166,-0.014254873335897478,0.011567134444702889,0.01105699624498645,0.18362256673399832,0.17552437386965494
2024-09-19,USDEGP,37.2204,37.261,37.1765,37.1923326951946,-0.002696869042086769,0.01077781798383917,0.010954594840205745,0.17109255636694806,0.1738988019639345
2024-09-20,USDEGP,38.0892,38.1138,38.0411,38.04284029151256,0.02286782072230298,0.011615757321449378,0.011469469453818855,0.18439443097339686,0.18207218306793907
2024-09-23,USDEGP,38.1543,38.2061,38.1407,38.170432589148376,0.003353910924055903,0.011567971740765003,0.010953685977720331,0.18363585839692284,0.17388437421926034
2024-09-24,USDEGP,39.0337,39.0671,38.9728,39.03174621977539,0.022564942868158244,0.013622418740647454,0.01146822901058885,0.2162491934576331,0.18205249164212653
2024-09-25,USDEGP,39.5846,39.5864,39.5316,39.582665168511774,0.014114637496214888,0.014027956753503745,0.011615119303574445,0.22268690983283948,0.18438430275362236
2024-09-26,USDEGP,40.0723,40.1694,39.9905,40.11132370465703,0.013355809516480077,0.01371733021329588,0.010888675404437238,0.217755866376801,0.1728523633622795
2024-09-27,USDEGP,40.0239,40.0422,39.8988,40.00081189817769,-0.0027551273872946647,0.010951650964019297,0.010923695378248846,0.17385206937825506,0.17340828821203258
2024-09-30,USDEGP,39.8453,39.9387,39.7073,39.78068086514725,-0.005503164125537863,0.011534658453997352,0.011077534984459134,0.18310702636407455,0.17585041625097975
2024-10-01,USDEGP,39.2183,39.2363,39.1362,39.222367956653954,-0.014034775080545292,0.012875927546173003,0.011512075555771533,0.2043990131187594,0.18274853396854296
2024-10-02,USDEGP,39.246,39.3749,39.1498,39.19987854050036,-0.0005733824173607127,0.013016056205268117,0.011520596210926137,0.20662348661987112,0.18288379517582148
2024-10-03,USDEGP,39.1999,39.334,39.1105,39.24878369271646,0.0012475842792618597,0.01007839896094326,0.01152801154139689,0.15998962358608582,0.18300150989771133
2024-10-04,USDEGP,38.7591,38.8928,38.7522,38.764294430073576,-0.01234405800791194,0.009190795875757912,0.011845128357161522,0.1458993614280812,0.18803558328413075
2024-10-07,USDEGP,39.5235,39.6135,39.4614,39.50982979102022,0.019232527559388757,0.011015169695266237,0.011945255085904017,0.17486039797709757,0.18962504582718914
2024-10-08,USDEGP,39.2691,39.3215,39.1662,39.3018922917396,-0.005262930779010522,0.011080452017021429,0.011849765061815298,0.1758967227073364,0.18810918868863122
2024-10-10,USDEGP,39.1494,39.2821,39.1486,39.21599484577381,-0.002185580412468968,0.01099937780301583,0.011876643124912841,0.17460970945934334,0.18853586471270645
2024-10-11,USDEGP,38.7647,38.7964,38.7374,38.73922612717684,-0.012157506662064055,0.010674822210571935,0.012184316076354774,0.16945754915401268,0.19342002140064607
2024-10-14,USDEGP,38.8165,38.9951,38.7074,38.82142882820308,0.0021219500037603645,0.010771270192903672,0.012113904360414103,0.170988613408235,0.19230227006206005
2024-10-15,USDEGP,38.2771,38.3712,38.1262,38.33387787170196,-0.012558810203990411,0.01146140568264336,0.011985388096890238,0.1819441746689809,0.19026213762579172
2024-10-16,USDEGP,38.3868,38.4958,38.3047,38.4552871647208,0.0031671539577911023,0.010909338836575789,0.011812713174810894,0.1731803851783095,0.1875210082169153
2024-10-17,USDEGP,38.6139,38.6833,38.6131,38.63422805687603,0.004653219501098871,0.007113852001214919,0.011752443239435915,0.11292889955360301,0.18656425265369855
2024-10-18,USDEGP,38.5269,38.6434,38.4592,38.59434675640442,-0.0010322789525625264,0.007086527212127265,0.011463733539653652,0.11249513197428367,0.18198112825340262
2024-10-21,USDEGP,38.9125,39.0723,38.8874,38.90806116808375,0.008128506842191019,0.008169371031263872,0.011016222875359864,0.12968474469923685,0.17487711669277856
2024-10-22,USDEGP,39.0246,39.0761,39.024,39.0265927795787,0.003046453817960648,0.00661106221015276,0.010742231616943173,0.10494735906024741,0.1705276403057214
2024-10-23,USDEGP,39.5052,39.6698,39.3774,39.50172282934076,0.012174520395505262,0.007851755298759037,0.010688031172543465,0.12464275125510041,0.1696672349247365
2024-10-24,USDEGP,40.0877,40.0934,40.0128,40.084334304133606,0.01474901429767761,0.005568144041440044,0.010454390286387302,0.0883915463870189,0.16595830083954075
2024-10-25,USDEGP,40.2862,40.4086,40.1479,40.318833054875896,0.005850134592807921,0.005397247898552482,0.010451105840977472,0.08567865422241502,0.1659061618850457
2024-10-28,USDEGP,40.0412,40.0747,39.9125,40.07206930509287,-0.00612030981767675,0.0073079010397685065,0.010498335984710021,0.11600933254258687,0.16665591717325864
2024-10-29,USDEGP,40.4968,40.567,40.3937,40.45953564641263,0.009669237152934329,0.006879849923960903,0.010548642811535454,0.1092142317374831,0.167454513291432
2024-10-30,USDEGP,40.5717,40.6079,40.5123,40.60082512790176,0.003492118217171214,0.006951793364416189,0.010520720707775854,0.11035629844892551,0.16701126363565413
2024-10-31,USDEGP,41.0597,41.0629,41.0409,41.04435740802221,0.010924218380370831,0.0070081520560904675,0.010142953740730432,0.11125096494324817,0.16101439894563022
2024-11-01,USDEGP,40.6867,40.727,40.6657,40.66831689316911,-0.009161807824517143,0.008894568693029601,0.010340405503056174,0.14119690068562277,0.16414884849990227
2024-11-04,USDEGP,41.0275,41.0832,40.9629,40.98943088710109,0.007895925340984933,0.007856569590255066,0.009691065145959169,0.12471917576332521,0.153840889893203
2024-11-05,USDEGP,40.685,40.8223,40.6809,40.78384817507834,-0.005015505401599674,0.00831087218577049,0.009786675264103309,0.1319310058895551,0.15535865346578837
2024-11-06,USDEGP,41.2371,41.2652,41.1654,41.23083892807946,0.010959994532204531,0.00814853617182794,0.009165923906464953,0.12935400155922608,0.14550453115588755
2024-11-07,USDEGP,41.3175,41.3727,41.3152,41.339849485510754,0.0026439083042051337,0.007773606273062933,0.008872031870636463,0.12340217393193709,0.14083913972125953
2024-11-08,USDEGP,41.4028,41.4428,41.3795,41.38502349044221,0.0010927472038158026,0.007806548983694637,0.008584161748935061,0.1239251232510002,0.13626934320981268
2024-11-11,USDEGP,41.7251,41.8336,41.6094,41.71995451854926,0.00809304912402431,0.007374628545720319,0.00864538857103403,0.11706859886072334,0.13724128887885667
2024-11-12,USDEGP,42.7854,42.8144,42.7404,42.780078972644255,0.025410489209034326,0.009611193387781667,0.009581011079430551,0.15257296503971202,0.1520938357483665
2024-11-13,USDEGP,41.9623,42.0,41.7558,41.891989035726695,-0.02075942724382185,0.014281477630307078,0.010047767557766733,0.22671142898594746,0.15950336513540156
2024-11-14,USDEGP,42.5895,42.6305,42.5493,42.5542,0.01580757991005277,0.014451798741113108,0.010330392211700136,0.22941519279924966,0.16398989242750242
2024-11-15,USDEGP,42.395,42.4755,42.299,42.36998566150147,-0.004328934358971304,0.01476071529320038,0.010409014299979839,0.23431909103541634,0.1652379793863704
2024-11-18,USDEGP,42.131,42.3212,42.044,42.157142898970186,-0.005023432489019597,0.015156783015852852,0.01012847585332144,0.24060647121428522,0.16078456960806747
2024-11-19,USDEGP,42.2373,42.2585,42.1424,42.15635708845008,-1.864003265095171e-05,0.015184650984576194,0.009653462775260224,0.24104886150300417,0.15324397076374777
2024-11-20,USDEGP,42.3902,42.448,42.3195,42.40557456836471,0.005911741363034295,0.015078501576613454,0.009570464976876518,0.23936379189128726,0.15192642156041278
2024-11-21,USDEGP,42.3327,42.4274,42.2767,42.4154,0.0002317014150921004,0.011182226439924819,0.009539074595492344,0.1775123415843133,0.1514281147042008
2024-11-22,USDEGP,42.0424,42.0797,41.9971,42.059706994376455,-0.008385940144936543,0.008130887041748854,0.009360210527861443,0.12907383030495073,0.14858873565557998
2024-11-25,USDEGP,42.1662,42.2085,42.0904,42.18365581253039,0.002946972934702252,0.004954056984224019,0.009359400275472095,0.07864321656659634,0.1485758732976515
2024-11-26,USDEGP,42.2633,42.3275,42.1342,42.23256092119122,0.0011593378458749637,0.004815725135175336,0.008906551138858475,0.0764472665407011,0.1413871161161918
2024-11-27,USDEGP,41.8964,42.0168,41.8332,41.95099280652871,-0.0066670859763379164,0.005106921960501771,0.009089639390817902,0.08106987283501267,0.14429355201216487
2024-11-28,USDEGP,41.9152,41.9622,41.9012,41.91901584570447,-0.000762245627218161,0.005098384256708849,0.009108284868254261,0.08093434098899104,0.1445895397904009
2024-11-29,USDEGP,41.5202,41.5555,41.501,41.52664957911456,-0.009360102060461784,0.005016987930095479,0.00935161923774713,0.07964221436187204,0.1484523531530779
2024-12-02,USDEGP,42.3211,42.343,42.1359,42.2614954362118,0.01769576559980468,0.009349775394798981,0.009707046857182723,0.14842308305369314,0.15409459169373962
2024-12-03,USDEGP,42.4003,42.5342,42.2921,42.45158531135722,0.00449794483567989,0.008785606554883585,0.009711907716971004,0.13946718036648545,0.1541717554506861
2024-12-04,USDEGP,43.2847,43.3603,43.2148,43.22788350184173,0.018286671387907516,0.010905205762567741,0.009974744485728524,0.1731147746624564,0.15834415980390323
2024-12-05,USDEGP,43.4288,43.4638,43.3888,43.4009,0.004002428158456972,0.010854150759179967,0.009730355925559217,0.17230430160955873,0.15446461168304046
2024-12-06,USDEGP,43.6082,43.7413,43.519,43.65641725028252,0.005887372157778348,0.00979144603345435,0.009730774133564919,0.1554343870813802,0.15447125052931673
2024-12-09,USDEGP,43.7856,43.8395,43.7515,43.81009876035259,0.003520250165949479,0.009444395307055308,0.009587571361950733,0.14992512759512308,0.15219797700483886
2024-12-10,USDEGP,43.5609,43.7761,43.532,43.6181,-0.0043825228836585906,0.008164002730021954,0.009594845734628567,0.1295995255589429,0.15231345409113617
2024-12-11,USDEGP,43.9617,44.0183,43.8121,44.00549365268165,0.00888148848027881,0.006821858969841446,0.009663241547814594,0.10829365388013447,0.1533992039655857
2024-12-12,USDEGP,43.2857,43.4218,43.2453,43.40154459800911,-0.013724401308601974,0.010097728062351968,0.009985260014347493,0.16029646355844857,0.15851108864568428
2024-12-13,USDEGP,42.5602,42.58,42.4989,42.55423920564343,-0.019522470921566004,0.010778365917991584,0.010544927325592972,0.1711012545519608,0.1673955317806106
2024-12-16,USDEGP,42.4254,42.6256,42.3239,42.43158172936921,-0.0028823797244140748,0.010427410107084003,0.010505356878757458,0.165530003770954,0.16676737041104375
2024-12-17,USDEGP,42.501,42.7207,42.4143,42.5901000423256,0.0037358567957099797,0.01014362516886219,0.010447972576306431,0.1610250575367895,0.16585642285037777
2024-12-18,USDEGP,43.2459,43.4029,43.1733,43.19144252046164,0.014119301845697318,0.011986694674350967,0.01056193129013207,0.19028287889997011,0.1676654613494463
2024-12-19,USDEGP,43.6715,43.7169,43.6129,43.65248105662265,0.010674302807612612,0.01280424659486201,0.010690188445168239,0.2032611132933029,0.16970148056598844
2024-12-20,USDEGP,43.5644,43.6158,43.4548,43.58378170320136,-0.0015737788954578447,0.012216798219639056,0.010707955263371056,0.19393565943972954,0.16998352006130973
2024-12-23,USDEGP,43.8535,43.9475,43.8432,43.8633,0.006413355745541249,0.011128953247521061,0.010678170062788983,0.1766666558724323,0.1695106946603677
2024-12-24,USDEGP,43.5423,43.6241,43.5343,43.54008301783235,-0.007368733820019235,0.007714898624013852,0.009813157726702482,0.12247021889529033,0.15577904952664026
2024-12-25,USDEGP,43.0712,43.0996,42.9943,43.02338017197216,-0.011867291241694944,0.009464461791707334,0.009263604186644741,0.15024367316358242,0.14705515753199253
2024-12-26,USDEGP,42.6389,42.7756,42.5343,42.61521443239168,-0.009487068146411648,0.010343438464001006,0.009010471044304464,0.16419699526227946,0.1430367934726684
2024-12-27,USDEGP,41.9716,42.1392,41.886,41.98413443624194,-0.0148087955101327,0.009572880614384292,0.00938302212456901,0.1519647686170323,0.1489508585269591
2024-12-30,USDEGP,42.3032,42.4318,42.0548,42.15634439211318,0.004101786500630755,0.008102870725561487,0.009371258491789042,0.1286290850732472,0.14876411664585623
2024-12-31,USDEGP,42.5333,42.5578,42.4811,42.55439919770996,0.00944234637363972,0.009765212269647912,0.009527051342582742,0.15501793899146996,0.15123725148130776
2025-01-01,USDEGP,42.309,42.3735,42.0844,42.2565,-0.0070004324658868855,0.008793726515564487,0.009559073496826012,0.13959608074618918,0.1517455874207412
2025-01-02,USDEGP,42.4533,42.649,42.3699,42.52475452475272,0.006348242868025489,0.009730211571122076,0.00963076202959231,0.1544623201273925,0.1528836075980696
2025-01-03,USDEGP,42.1115,42.3067,41.9693,42.07362983860073,-0.010608519465747923,0.009556091416135344,0.009706785099619352,0.151698248357359,0.1540904364212408
2025-01-06,USDEGP,41.7375,41.782,41.619,41.68194802717823,-0.009309437120710418,0.009536658377809488,0.009837979499710943,0.1513897584375874,0.15617308295752075
2025-01-07,USDEGP,41.8609,41.9869,41.8316,41.90462368468929,0.005342256493527264,0.00839275286255451,0.009889643199182223,0.13323082133726816,0.15699321876118427
2025-01-08,USDEGP,42.9295,42.9696,42.7786,42.92807577850844,0.024423369161362674,0.012603485224132316,0.01077895765079634,0.20007412533438765,0.1711106480190247
2025-01-09,USDEGP,42.5579,42.6705,42.4907,42.51838891509934,-0.009543564578177843,0.012939703296692365,0.010941519410318151,0.20541142177206378,0.1736912359493275
2025-01-10,USDEGP,42.5252,42.612,42.4132,42.45829772505426,-0.0014132988473544161,0.01260755796136914,0.010788928213706504,0.20013877803369134,0.1712689257983744
2025-01-13,USDEGP,42.7898,42.848,42.7788,42.80330503732069,0.008125792383401276,0.0127561702411906,0.010406727238228606,0.20249792483875886,0.16520167340660954
2025-01-14,USDEGP,43.0723,43.1139,43.0283,43.110597775793615,0.0071791825001594756,0.011793071119357372,0.010453857212833999,0.18720920025310636,0.1659498385592255
2025-01-15,USDEGP,43.5925,43.8167,43.5199,43.64158755032356,0.012316919781337088,0.010641280537582865,0.010157533774535989,0.16892509160229585,0.1612458498069687
2025-01-16,USDEGP,43.7513,43.8963,43.7174,43.75192211340387,0.0025281977415025914,0.010750759202332365,0.01014289696684901,0.1706630115270634,0.16101349768820297
2025-01-17,USDEGP,44.1486,44.1634,44.0051,44.12758683591795,0.00858624500062799,0.00744116212259137,0.010205769600880422,0.11812478665014173,0.16201156981171513
2025-01-20,USDEGP,44.1161,44.1779,44.0436,44.10260100421526,-0.0005662179487765373,0.005142955643349881,0.010190059911555787,0.0816418898168399,0.1617621862249527
2025-01-21,USDEGP,43.927,43.9724,43.8294,43.91368760858664,-0.004283497828406091,0.005831190786486583,0.010188516120052307,0.09256728401048783,0.16173767929458663
2025-01-22,USDEGP,44.6835,44.7251,44.6336,44.68670872395708,0.017603192932931666,0.007563837861913167,0.010560211419761798,0.12007220363902052,0.16763815925372424
2025-01-23,USDEGP,45.1442,45.243,45.0838,45.1998187487966,0.011482385691216512,0.007827446670669922,0.01038532721597732,0.12425686374727868,0.16486195858504063
2025-01-24,USDEGP,45.9411,45.9915,45.9074,45.92675837011073,0.016082799476568432,0.008379033156233496,0.00993587738081476,0.13301302775135068,0.15772716364120595
2025-01-27,USDEGP,45.8854,45.989,45.8843,45.92708479411835,7.10749069177119e-06,0.008669845427465607,0.00989488963839157,0.13762952943866685,0.15707650340168358
2025-01-28,USDEGP,46.0068,46.1734,45.7889,45.948967032218434,0.0004764560650469818,0.008957663167394984,0.009900895666372811,0.14219849441526164,0.15717184614011753
2025-01-29,USDEGP,45.1661,45.3269,45.1257,45.20029887217561,-0.01629347096133582,0.012210682443112606,0.01023023129979859,0.19383857449715133,0.1623998872436168
2025-01-30,USDEGP,45.9454,45.9515,45.8448,45.90905183599278,0.015680271624342268,0.012397346170539988,0.010422914981053757,0.19680176930656654,0.16545864585742645
2025-01-31,USDEGP,45.959,45.9643,45.7825,45.93280489206843,0.0005173937410101193,0.01147984197170604,0.01040701204685223,0.18223684168473342,0.16520619460334568
2025-02-03,USDEGP,45.5188,45.7003,45.4234,45.56075657427444,-0.008099838855219477,0.011733831803564724,0.010522024943948043,0.18626880526855655,0.16703196774302917
2025-02-04,USDEGP,46.1647,46.2591,46.1634,46.18907883080262,0.013790865292236054,0.011272085162998923,0.010628183307591448,0.17893880459061673,0.16871717952176923
2025-02-05,USDEGP,45.8481,45.9661,45.8368,45.85529716739496,-0.007226419574860032,0.011688090987675518,0.01045130609263205,0.18554269232690837,0.16590934078151154
2025-02-06,USDEGP,45.9243,46.0501,45.8577,45.9817,0.002756559010916426,0.01174059910107281,0.010216423435715214,0.18637623278608287,0.16218069419660724
2025-02-07,USDEGP,45.7951,45.8964,45.713,45.7526780402017,-0.0049807197167197614,0.009699315700722628,0.009787928242983903,0.15397186338969757,0.15537854388888478
2025-02-10,USDEGP,46.2771,46.4061,46.106,46.30884036297428,0.012155841944025525,0.008917252370115213,0.009930997295314924,0.14155699289595694,0.15764969468555018
2025-02-11,USDEGP,47.046,47.0813,47.0459,47.07298797010157,0.016501117305849355,0.01058237250985971,0.010165245635966711,0.16798995565281127,0.1613682718119152
2025-02-12,USDEGP,46.4735,46.6428,46.3955,46.54936969211709,-0.011123540284229683,0.011182192174200852,0.010337396119214587,0.17751179763280867,0.16410107601243604
2025-02-13,USDEGP,46.5648,46.6327,46.5153,46.599130059450864,0.0010689804752006538,0.01014551991726545,0.010328327406517984,0.1610551357352219,0.16395711466139581
2025-02-14,USDEGP,46.5974,46.638,46.5761,46.636034267998326,0.0007919505900728652,0.00945025678409651,0.010011188940452163,0.15001817565852232,0.15892269758709984
2025-02-17,USDEGP,47.7876,47.8697,47.7669,47.76769948292776,0.024265897233590072,0.012552996649366974,0.010400604012094188,0.1992726440571125,0.16510447020517102
2025-02-18,USDEGP,48.7773,48.8973,48.7052,48.780300890879225,0.021198454581497383,0.01279851874364562,0.010833251119747344,0.20317018647411084,0.1719725301189809
2025-02-19,USDEGP,49.1146,49.1855,49.0753,49.15258538693725,0.007631861412475072,0.012742342014991354,0.010218591322973297,0.20227840855318077,0.1622151083399391
2025-02-20,USDEGP,49.3497,49.3686,49.1798,49.36277691968254,0.004276306751529457,0.01231253748703195,0.009865628595130311,0.1954554731930802,0.15661199874025403
2025-02-21,USDEGP,49.7663,49.8419,49.5592,49.6916308529628,0.006661982039935399,0.009491898474389896,0.009793537911546432,0.15067921699865433,0.15546759461660847
2025-02-24,USDEGP,49.8632,49.9133,49.7372,49.86555804168945,0.003500130419170411,0.00917486375678468,0.009783983954077275,0.14564644688011238,0.1553159302436092
2025-02-25,USDEGP,50.3954,50.5178,50.3076,50.43853453797113,0.01149042583264892,0.0082791508971855,0.009846287041290015,0.13142744604438072,0.15630496109166808
2025-02-26,USDEGP,51.5143,51.7776,51.2499,51.35937428963954,0.018256671414098813,0.006907236175332064,0.01005000251851709,0.10964897500030546,0.15953884403741417
2025-02-27,USDEGP,51.594,51.873,51.5748,51.64607880399239,0.005582321013803293,0.0051476241904745805,0.010034409220294095,0.08171600070489554,0.1592913081021103
2025-02-28,USDEGP,51.63,51.6457,51.5494,51.564883881511385,-0.0015721410872092667,0.006351606427319221,0.010101097036003415,0.10082862619467665,0.1603499443571801
2025-03-04,USDEGP,51.1876,51.2111,51.0726,51.167463876346375,-0.007707183169038512,0.008442664243902187,0.010324654924760202,0.13402313995309412,0.16389881582084273
2025-03-05,USDEGP,50.6048,50.7487,50.5066,50.57860462742071,-0.011508470506740975,0.010460765215985088,0.010628847855944578,0.16605949970958847,0.1687277288998286
2025-03-06,USDEGP,51.5773,51.5951,51.5525,51.55726664558794,0.019349328147274747,0.012255112599358126,0.010706016144368002,0.19454388136197567,0.1699527375014419
2025-03-07,USDEGP,52.8385,52.9762,52.8167,52.89282371501087,0.02590434203201153,0.014553807111626179,0.011320984901442248,0.23103452547939676,0.17971506387319958
2025-03-10,USDEGP,53.6854,53.698,53.5875,53.68461725257558,0.014969772493730549,0.014174438473586015,0.01128624890311352,0.22501223505056744,0.17916364699448337
2025-03-11,USDEGP,52.925,53.0304,52.8569,52.94292951991163,-0.01381564721183448,0.016129401830979505,0.011780174410073547,0.2560463162460098,0.18700447134012976
2025-03-12,USDEGP,52.7228,52.8614,52.6604,52.75139528545954,-0.0036177490779020216,0.016258014253529424,0.011855663302865839,0.25808797515949367,0.1882028203625859
2025-03-13,USDEGP,53.4607,53.586,53.2361,53.3237760631403,0.010850533423492958,0.015652885275888064,0.011218465903411605,0.24848185044374685,0.17808762523250796
2025-03-14,USDEGP,53.3052,53.4481,53.1259,53.28552289422077,-0.0007173754700762203,0.014092615044475483,0.011108566495188408,0.22371332838149752,0.1763430262121575
2025-03-17,USDEGP,52.5937,52.838,52.5809,52.64853390715875,-0.011954259852653193,0.014682584515325321,0.011509715835921855,0.23307880338743175,0.18271107457722677
2025-03-18,USDEGP,53.2411,53.4178,53.1828,53.24554817757945,0.011339618145369101,0.011623855218750454,0.011314305986325416,0.184522981107804,0.1796090393826385
2025-03-19,USDEGP,52.9145,53.0927,52.7835,52.95529821865041,-0.005451159183506249,0.009982432503108778,0.011359961893521526,0.158466203296283,0.1803338044405702
2025-03-20,USDEGP,51.6486,51.6891,51.4174,51.56659330436035,-0.026224097701350813,0.013072509592168501,0.012514481230419644,0.2075196563543055,0.1986612307360559
2025-03-21,USDEGP,51.6506,51.7026,51.5162,51.54719795953874,-0.0003761222834157696,0.01313244729424997,0.012538227116817258,0.20847113787749097,0.1990381849964692
2025-03-24,USDEGP,52.4508,52.5195,52.2338,52.36411649920574,0.015847971800683203,0.014123247435451403,0.012606489780062973,0.224199602513011,0.20012182118114386
2025-03-25,USDEGP,53.244,53.2949,53.0515,53.15622290354208,0.015126893324904023,0.01564514681028992,0.012679468169885723,0.24835900611073533,0.20128031720446138
2025-03-27,USDEGP,52.609,52.7599,52.3532,52.63111008601191,-0.009878670621181085,0.015403976633324431,0.012746299404760488,0.2445305482393586,0.20234123016820124
2025-03-28,USDEGP,52.492,52.5084,52.2987,52.50135151280855,-0.002465434853859305,0.01458010680218674,0.012492100619544172,0.23145202012408395,0.19830594955265868
2025-03-31,USDEGP,51.8299,51.8774,51.7098,51.80189069621952,-0.013322720204990923,0.015188932248667976,0.012882515610876766,0.24111682446350724,0.20450359540372356
2025-04-01,USDEGP,52.4579,52.5039,52.4027,52.44228419265773,0.012362357586398698,0.012051171595720143,0.01296801636767382,0.19130641829544554,0.2058608778400805
2025-04-02,USDEGP,52.098,52.1246,51.8801,52.09157546624704,-0.006687518131786252,0.012526380992697603,0.012523772217248073,0.19885013360594553,0.19880872057955032
2025-04-03,USDEGP,51.4003,51.5594,51.2401,51.37984435051128,-0.013663075254787271,0.011868535626786667,0.012390566183405359,0.18840716216992578,0.19669414034746385
2025-04-04,USDEGP,50.945,50.9719,50.8628,50.936532530050094,-0.008628126964280503,0.008985420062948795,0.012482242359071609,0.1426391214720771,0.19814945451923807
2025-04-07,USDEGP,50.844,51.0682,50.7408,50.91677554253191,-0.00038787460662992324,0.009025690467921803,0.012472476136282613,0.14327839433260373,0.19799442053874927
2025-04-08,USDEGP,50.3152,50.3706,50.1563,50.26761763875847,-0.012749391469834559,0.009432087034535061,0.012676301122733906,0.1497297398261788,0.20123004188953664
2025-04-09,USDEGP,50.8308,50.8593,50.6403,50.79809177949139,0.010552999438825594,0.010646375760359213,0.012799397556822117,0.16900597575634,0.2031841372007942
2025-04-10,USDEGP,50.6618,50.6803,50.3583,50.67608239182047,-0.0024018498214568584,0.008375338399841413,0.012645812861157051,0.13295437531194018,0.2007460557413024
2025-04-14,USDEGP,51.3955,51.468,51.2978,51.45721012483453,0.015414130219745248,0.011243121494943633,0.012516100101039554,0.1784790206142336,0.19868692951044634
2025-04-15,USDEGP,51.6572,51.7879,51.5771,51.69913115391223,0.004701401970507169,0.010065925749497266,0.012503916729084704,0.1597916174928673,0.19849352447650995
2025-04-16,USDEGP,52.8013,53.0603,52.7277,52.80796722884215,0.02144786672775667,0.011607565492194674,0.013089763853305361,0.18426438971545298,0.20779355925845128
2025-04-17,USDEGP,53.2366,53.2417,53.1838,53.2340420047024,0.008068380553522658,0.01136348635244021,0.013049834508149536,0.1803897534913996,0.20715970055467545
2025-04-18,USDEGP,52.9742,52.9795,52.8318,52.94131745759312,-0.005498822484368615,0.009501419311954338,0.01288995069964613,0.15083035560946567,0.20462162377888013
2025-04-21,USDEGP,52.9544,53.0871,52.91,53.06154769643608,0.002271009574691174,0.009568818448073682,0.012448753306785751,0.1519002837259799,0.19761783229528837
2025-04-22,USDEGP,53.4597,53.4915,53.384,53.41118310725295,0.006589242605909762,0.008779123968245163,0.011587835440459864,0.13936427249389927,0.18395118485398448
2025-04-23,USDEGP,53.2693,53.3419,53.2283,53.32933207753688,-0.0015324698865349928,0.008590221889994564,0.011258883304475274,0.1363655449667332,0.17872923158363213
2025-04-24,USDEGP,53.4874,53.552,53.4144,53.46658336079633,0.0025736546458128284,0.008646183821776295,0.010967276761068954,0.1372539130930205,0.17410012121643842
2025-04-25,USDEGP,53.8405,53.8851,53.7002,53.82477981810555,0.006699445425418116,0.004920455951777708,0.010999104411491205,0.07810981671270863,0.17460536950343508
2025-04-28,USDEGP,53.364,53.4966,53.3472,53.4124,-0.007661523549174487,0.005622503655696617,0.010930826335883407,0.08925447851114866,0.17352148865509728
2025-04-29,USDEGP,53.359,53.4644,53.2502,53.4457,0.0006234507342866014,0.004974167667934945,0.010930054541473092,0.07896246377336387,0.1735092367986595
2025-04-30,USDEGP,54.2078,54.3409,54.1824,54.2243,0.014568056925065909,0.007074885186493334,0.01098905427456906,0.11231032054677714,0.1744458285258062
2025-05-01,USDEGP,53.8859,54.0011,53.6716,53.94314296214706,-0.005185074548734514,0.007500272071784505,0.010868573516665222,0.11906312800358992,0.1725332557867134
2025-05-02,USDEGP,55.0689,55.0785,54.8889,55.00895144917218,0.01975799756000529,0.00999541051629071,0.011356860978530623,0.15867222286862964,0.18028457894115413
2025-05-05,USDEGP,54.7423,54.8373,54.6521,54.71177760646266,-0.005402281535653475,0.01068038127468665,0.010191199278731014,0.16954579656103144,0.16178027311813856
2025-05-06,USDEGP,55.4954,55.5792,55.3482,55.53417066072085,0.01503137149323841,0.011545998543791165,0.010450917698104082,0.183287044708712,0.16590317520952205
2025-05-07,USDEGP,55.4769,55.627,55.398,55.44554762632779,-0.0015958288984720959,0.010672853509693369,0.010166299249205271,0.1694262969964293,0.16138499740355886
2025-05-08,USDEGP,55.4127,55.4153,55.3159,55.36978585591049,-0.001366417569321987,0.010846357530265775,0.009871250996228976,0.17218058793585583,0.15670125159072276
2025-05-09,USDEGP,56.3462,56.5263,56.3201,56.36912894372414,0.01804852723133621,0.011416678873446363,0.01008470595368968,0.18123415858454478,0.16008974399205214
2025-05-12,USDEGP,57.3555,57.6085,57.3238,57.4114262471254,0.018490569624409536,0.011189417927666456,0.010459283232213042,0.17762650291303897,0.16603597394654127
2025-05-13,USDEGP,57.8307,57.9559,57.6298,57.91882964723106,0.008838021161877485,0.010151867867122235,0.010038086019674292,0.16115590631515886,0.15934967548279438
2025-05-14,USDEGP,57.5021,57.6211,57.3686,57.50325509572601,-0.007175119974560995,0.010540183551839683,0.010095419539403,0.16732022670684765,0.16025981689273544
2025-05-15,USDEGP,56.6022,57.027,56.5454,56.67368205295277,-0.014426540573959645,0.012569129208961876,0.010447532709326956,0.19952874050130676,0.16584944017855194
2025-05-16,USDEGP,57.4177,57.4822,57.3651,57.40085278061749,0.012830836136344503,0.012874127869436718,0.010116611340510877,0.2043704441362523,0.16059622630612536
2025-05-19,USDEGP,57.4058,57.4982,57.3545,57.40965963316055,0.00015342720737465676,0.01276050450757172,0.009870154006833737,0.20256672918452098,0.1566838374239387
2025-05-20,USDEGP,56.7549,56.8162,56.6961,56.79077902437104,-0.010780077999836046,0.012592968244968349,0.01020760442257717,0.1999071734659186,0.16204069670317356
2025-05-21,USDEGP,56.7057,56.8065,56.3929,56.72837405973213,-0.0010988573446426564,0.01000310701036459,0.009772713305341895,0.15879440092434907,0.15513701424160012
2025-05-22,USDEGP,56.1501,56.2293,56.1157,56.13422207588106,-0.010473629708220744,0.009258833703136772,0.010043067470465678,0.14697942845401882,0.15942875356256825
2025-05-23,USDEGP,55.5921,55.7617,55.4658,55.52836688416343,-0.010792973863584465,0.009534842331977704,0.010322707156675711,0.15136092960374503,0.16386789596106358
2025-05-26,USDEGP,54.7025,54.7583,54.5381,54.68643432813816,-0.015162206332875017,0.009660050053996505,0.010571818277166292,0.15334854057186495,0.16782241240289592
2025-05-27,USDEGP,54.7573,55.0692,54.5377,54.748306020350114,0.001131390133075838,0.006569112889418778,0.010561435786279662,0.1042814342382662,0.16765759546964343
2025-05-28,USDEGP,55.7455,55.818,55.7119,55.71788227501793,0.017709703279356726,0.011286927526430936,0.010343458667558085,0.179174419805674,0.16419731598380524
2025-05-29,USDEGP,56.2638,56.3297,56.1629,56.27530394998399,0.010004358604562391,0.011982746783862776,0.01038958659645094,0.19022020808135967,0.16492957415387505
2025-05-30,USDEGP,55.9666,56.0779,55.9031,56.05508038525376,-0.003913325193693473,0.012024355032837221,0.010354596303323993,0.19088071855701114,0.1643741204703841
2025-06-02,USDEGP,56.9236,57.0711,56.737,56.82008950374575,0.01364745377643306,0.012517859194040165,0.010572463152652763,0.19871485424612226,0.16783264948387874
2025-06-03,USDEGP,56.8476,56.8892,56.6572,56.806601906111005,-0.00023737374848475934,0.011326648982779075,0.010551245040581178,0.1798049783769369,0.16749582239688848
2025-06-04,USDEGP,56.2894,56.3144,56.2387,56.29281516067024,-0.009044490045187814,0.009796298317638757,0.010728323320724152,0.1555114147048355,0.17030685294798448
2025-06-05,USDEGP,56.3137,56.3595,56.2542,56.3226384546882,0.0005297886405724039,0.009830137034765887,0.010730122944809925,0.15604858768605862,0.17033542109469063
2025-06-06,USDEGP,56.4435,56.5326,56.2254,56.3858,0.001121423765731766,0.007790046009098971,0.010690401610082601,0.12366314665096251,0.16970486445409833
2025-06-10,USDEGP,56.7605,57.0136,56.6534,56.67668599466971,0.0051588519568703806,0.00711856477411124,0.010562655308380641,0.11300371250401815,0.16767695478282865
2025-06-11,USDEGP,56.9463,57.0517,56.849,57.046626896120685,0.006527214761388178,0.0070011721569412325,0.010590447623096376,0.11114016247929705,0.16811814410140868
2025-06-13,USDEGP,56.1911,56.4236,56.1613,56.33575775752623,-0.01246119494302289,0.007045130745901724,0.010654141729632591,0.11183798344554567,0.16912925669666037
2025-06-16,USDEGP,56.6551,56.75,56.4196,56.56785057997874,0.004119813626213276,0.007331121010619014,0.010593237189801938,0.11637793815251053,0.16816242710001994
2025-06-17,USDEGP,56.5806,56.6445,56.4483,56.6009,0.0005842438714289688,0.006310095811758704,0.010025560629377943,0.10016966560142264,0.1591508410760054
2025-06-18,USDEGP,55.6827,55.7249,55.5774,55.71768214676541,-0.015604307585826205,0.008856763871580117,0.01041564853218831,0.14059676775013558,0.1653432945577512
2025-06-19,USDEGP,55.1222,55.2565,54.8997,55.13040989930676,-0.010540141384771218,0.009362146107261904,0.010243900260975167,0.14861946202599863,0.16261687527533972
2025-06-20,USDEGP,54.8417,54.8614,54.6764,54.82749102395268,-0.005494587758504754,0.008618209900328909,0.01028695679939642,0.13680984085695028,0.16330037663320732
2025-06-23,USDEGP,55.0301,55.0541,54.8932,54.94032308351399,0.0020579467973833587,0.007772246589184927,0.010293970371947169,0.12338058961951989,0.16341171364583565
2025-06-24,USDEGP,54.7298,54.8074,54.7245,54.73738304162465,-0.0036938268743131886,0.007110552822992662,0.009713277752629191,0.11287652672296117,0.15419350409251922
2025-06-25,USDEGP,54.1386,54.2945,54.1086,54.16277681118024,-0.01049751008387556,0.0064127239690701535,0.009139291272355231,0.10179883709197611,0.14508175119621014
2025-06-26,USDEGP,53.9237,54.0286,53.8217,53.84546092514913,-0.005858560153540804,0.005705096272875322,0.008935508579642608,0.09056559566225755,0.14184680123770999
2025-06-27,USDEGP,54.1432,54.3239,54.1298,54.14875899522001,0.0056327509294142875,0.006058593185984367,0.009004666697500396,0.09617718519015081,0.142944652323668
2025-06-30,USDEGP,54.38,54.4614,54.2275,54.30655713186784,0.002914159799336513,0.005786853119411251,0.008729335211269685,0.0918634453657232,0.1385739004796344
2025-07-01,USDEGP,53.8018,53.8765,53.786,53.8312,-0.008753217971700367,0.006217288295944081,0.008400612266528296,0.09869639196156353,0.13335558550747514
2025-07-02,USDEGP,52.9127,53.0748,52.8887,52.91045885071261,-0.017104228575387403,0.007833243198173075,0.008821073546765215,0.1243488807687252,0.14003020140810749
2025-07-04,USDEGP,52.7561,52.7824,52.5989,52.74153718472382,-0.003192594992710296,0.007853035120763878,0.008688571265598608,0.12466306779958383,0.1379267929034139
2025-07-07,USDEGP,53.2336,53.4564,52.9996,53.301718147518,0.01062124831197453,0.00941032651724595,0.00900792869434504,0.14938430232329614,0.1429964349182384
2025-07-08,USDEGP,53.3546,53.4932,53.2968,53.32588950875819,0.00045348184036564376,0.009308630817990469,0.008874902003046711,0.14776993314548723,0.1408847016607836
2025-07-09,USDEGP,52.6404,52.6726,52.4916,52.64820102746658,-0.012708432761919686,0.009593530941986669,0.00894936722855154,0.15229258240499968,0.14206680046883233
2025-07-10,USDEGP,52.633,52.7112,52.5756,52.686037603871625,0.0007186679823174558,0.009364215357348217,0.008590231447432109,0.14865231035277132,0.13636569668635068
2025-07-11,USDEGP,52.405,52.6412,52.3789,52.40277654436206,-0.005376397094792096,0.009180590868548508,0.00861132193762306,0.14573736196085896,0.1367004978387929
2025-07-15,USDEGP,53.3848,53.5516,53.304,53.3345,0.017780039858177776,0.010168853245633902,0.008616718490517613,0.1614255408399559,0.13678616546016886
2025-07-16,USDEGP,53.777,53.8258,53.7225,53.76642502063535,0.008098416984041457,0.010253859146855601,0.008536229852854519,0.16277496768758912,0.13550844794843125
2025-07-18,USDEGP,52.4561,52.5002,52.3627,52.38093491070773,-0.025768685743861153,0.014121717402078982,0.009615145332370664,0.22417531398620466,0.15263570021517758
2025-07-21,USDEGP,53.017,53.063,52.8757,53.03449517064536,0.012477063669286137,0.0152155606327065,0.009550734664218444,0.24153953695539596,0.1516132125569159
2025-07-22,USDEGP,53.3501,53.6174,53.3116,53.39050814799406,0.006712856909511178,0.014406447116324446,0.00968463078872656,0.22869525807478858,0.15373874763869877
2025-07-23,USDEGP,53.6768,53.7384,53.5963,53.60498575751207,0.004017148683498117,0.014407996076876895,0.009651475548041386,0.22871984706126314,0.15321242450963002
2025-07-24,USDEGP,53.9297,54.0262,53.8692,53.91010009344825,0.005691902192016318,0.013992848372294678,0.009736110848012446,0.22212958155916002,0.15455596824479467
2025-07-25,USDEGP,53.6007,53.7425,53.5851,53.68881552557063,-0.004104695919577961,0.012835384948441012,0.009735968674188328,0.20375541933213911,0.15455371130530532
2025-07-28,USDEGP,52.9012,53.0491,52.8226,52.87614125958388,-0.015136751631253498,0.01367594226518646,0.009953800070950572,0.21709885306896434,0.15801167752675377
2025-07-29,USDEGP,52.322,52.3538,52.1067,52.29467147923812,-0.010996827047026092,0.01013178608707801,0.009934342258451254,0.16083711793987573,0.15770279432917064
2025-07-30,USDEGP,52.2813,52.2964,52.1617,52.1848270218724,-0.0021004904373350675,0.008452981631294995,0.009767277268705925,0.13418692340042182,0.15505071983526045
2025-07-31,USDEGP,52.0027,52.113,51.9595,52.030146301013325,-0.0029640937737370754,0.007472790171127886,0.009686976414434912,0.11862686635543315,0.15377598329245762
2025-08-01,USDEGP,53.3545,53.5172,53.2566,53.31335509256401,0.024662794221773865,0.013020825026853396,0.010894036385256446,0.20669918931564005,0.17293746629446557
2025-08-04,USDEGP,52.6641,52.7008,52.6146,52.67623975974132,-0.011950389010718099,0.013280681628641577,0.010755488603367001,0.21082428498485925,0.17073808844099103
2025-08-05,USDEGP,53.8003,53.8204,53.6771,53.67727036289743,0.019003455974113903,0.01568123950754349,0.011269165642673551,0.24893195991720626,0.17889245864224554
2025-08-06,USDEGP,54.5176,54.6888,54.3507,54.452996138432496,0.014451662133536214,0.014864345717948087,0.01156881024367677,0.2359641730282709,0.18364916921799168
2025-08-07,USDEGP,55.0266,55.2675,54.9856,55.09411745351254,0.011773848282841115,0.01337563965432353,0.011767441679797255,0.21233169691052403,0.1868023455131982
2025-08-08,USDEGP,55.9605,56.1573,55.7519,55.918804648523015,0.014968697805284537,0.012868556208697694,0.0120466624893123,0.2042819967640218,0.19123483845030387
2025-08-12,USDEGP,56.4029,56.4163,56.334,56.3551461885279,0.007803127100936891,0.011647326522374738,0.011918456921611989,0.18489557650182206,0.1891996381573306
2025-08-13,USDEGP,57.0629,57.0998,56.9182,57.00355498450767,0.011505760162711987,0.010138819466558806,0.011975692072522148,0.16094876937777092,0.19010821801068778
2025-08-14,USDEGP,56.9962,57.1004,56.9957,57.02537700973749,0.00038281867219946975,0.005976709997458504,0.011958684751934096,0.0948773298697721,0.18983823516622658
2025-08-15,USDEGP,56.2853,56.4538,56.1583,56.27261780055704,-0.013200424945054023,0.010118970112194094,0.012264725063021117,0.16063367064576559,0.1946964744920092
2025-08-18,USDEGP,56.6983,56.7273,56.616,56.6880907593719,0.0073832171854415485,0.009567206460562019,0.012163920007233053,0.15187469421754551,0.19309624384092994
2025-08-20,USDEGP,55.6177,55.8645,55.5957,55.678638273463896,-0.017807135015234565,0.012556125405975378,0.012202199323269597,0.19932231152850463,0.193703909144472
2025-08-21,USDEGP,54.9845,55.1729,54.879,55.02319058215341,-0.011771977757273344,0.011850604289596342,0.012421168605894504,0.18812251101664312,0.1971799387439983
2025-08-22,USDEGP,55.3553,55.5828,55.234,55.25296178831053,0.0041758975393122455,0.011409171895381877,0.012313004954969961,0.1811149890022073,0.19546289401653946
2025-08-25,USDEGP,56.1313,56.1362,56.0494,56.09960071381978,0.01532296003882938,0.012263958678422851,0.012575383274043363,0.19468430851367535,0.19962802070663974
2025-08-26,USDEGP,55.893,55.9402,55.7256,55.83699394647488,-0.004681080863383258,0.012234403249422302,0.012339928328949883,0.19421513062351167,0.1958902893285734
2025-08-27,USDEGP,55.9254,56.1443,55.8935,56.00648587489073,0.003035477314167867,0.011480775252799492,0.012338651221852601,0.18225165706279298,0.1958700158819114
2025-08-28,USDEGP,56.2118,56.4035,56.123,56.2543,0.004424739764298913,0.011187750099567595,0.012263035682159426,0.17760002696276384,0.19466965640223097
2025-08-29,USDEGP,56.0493,56.2206,56.0413,56.14875612692907,-0.0018761920967984569,0.0085087858636119,0.011935890642221668,0.13507278812531426,0.18947638989228935
2025-09-01,USDEGP,55.1458,55.2529,54.9514,55.110055753562825,-0.018499080745763563,0.010393548319013598,0.012428378140583233,0.16499246454986038,0.19729438655912754
2025-09-02,USDEGP,53.9828,54.1126,53.9422,54.01176949132688,-0.019928963003542965,0.012635785376325252,0.012035848950621063,0.2005868743544599,0.19106317884528634
2025-09-04,USDEGP,53.9737,54.1592,53.7255,53.896882965238845,-0.0021270646596106557,0.009776805636127043,0.01185346800734566,0.15520197797884083,0.18816797112658176
2025-09-05,USDEGP,54.6391,54.6482,54.3807,54.56430689020418,0.012383349244812436,0.01194903974571712,0.01199853464593153,0.18968512543916385,0.19047083262196357
2025-09-08,USDEGP,55.4358,55.4783,55.4102,55.42544328901992,0.015782045954483515,0.013877963257693788,0.012296063623131109,0.22030583690369734,0.1951939587109965
2025-09-09,USDEGP,55.1016,55.3401,55.0432,55.10779488663305,-0.005731093583329017,0.013696496468965647,0.012328570713639183,0.21742514093854437,0.1957099927749803
2025-09-10,USDEGP,56.702,56.9146,56.6837,56.721342962374415,0.029279851953080804,0.018342529141579283,0.013335591997023576,0.2911786231474431,0.21169596005968552
2025-09-11,USDEGP,57.8384,58.0379,57.7896,57.88083906151181,0.02044197190300201,0.01709563007331013,0.013348529287730906,0.2713847140796131,0.2119013331827888
2025-09-12,USDEGP,57.6554,57.8879,57.6373,57.73790228612536,-0.00246950074850405,0.013348099166107456,0.013126841760249513,0.21189450521369382,0.2083821527839054
2025-09-15,USDEGP,58.4293,58.4593,58.304,58.32019495810897,0.010085102660952305,0.012309765252550973,0.013139641945985776,0.19541146533500448,0.20858534943306695
2025-09-16,USDEGP,58.7312,58.8145,58.6181,58.72608594260674,0.0069596986908104785,0.012407559041060326,0.013088421178482065,0.19696389359998004,0.20777224495640687
2025-09-17,USDEGP,58.4075,58.5618,58.3985,58.42105913609259,-0.005194059873362855,0.013443180357223184,0.012598977273180316,0.21340387233000596,0.20000256383153883
2025-09-18,USDEGP,57.8709,57.9519,57.8212,57.91718776315344,-0.00862482434228673,0.013957001827411705,0.01247573619444486,0.22156053530043246,0.19804617235769076
2025-09-19,USDEGP,57.2974,57.4698,57.0984,57.2678705940592,-0.0112111308261299,0.011452258349668969,0.012378651061633819,0.18179896525972247,0.1965049936531726
2025-09-22,USDEGP,57.4753,57.5221,57.3612,57.4498,0.0031768145742734344,0.008018995794271429,0.012164238979986156,0.12729761181669044,0.19310130737640824
2025-09-23,USDEGP,57.8986,57.9642,57.7094,57.90336144594879,0.00789491775339135,0.008643523042847536,0.012075505686514573,0.1372116745369852,0.1916927100111831
2025-09-24,USDEGP,57.6044,57.8336,57.5827,57.63364747989649,-0.004658001872725026,0.007639815828890717,0.011863301066487192,0.12127831647347775,0.18832406610127467
2025-09-25,USDEGP,57.0379,57.1731,56.9221,56.96213861649777,-0.011651333773954775,0.007371705060901894,0.012013619895363961,0.11702218997797599,0.19071030353274512
2025-09-26,USDEGP,57.1901,57.2585,57.1834,57.24514265256928,0.004968283195560197,0.008133135015364381,0.011864088638062889,0.12910951577979385,0.18833656841244842
2025-09-29,USDEGP,56.7976,56.8471,56.6528,56.79847742836635,-0.007802674663836884,0.008041637622609888,0.01195373568887671,0.1276570396987587,0.18975967122579085
2025-09-30,USDEGP,57.5917,57.6767,57.5014,57.6479,0.014955023621978869,0.009419153592622078,0.011992014020071237,0.14952442780079167,0.19036732089545058
2025-10-01,USDEGP,57.9773,58.115,57.93,58.00184005740292,0.006139686916659892,0.009599006189849728,0.011970871076316418,0.15237949927027225,0.1900316870684961
2025-10-02,USDEGP,57.7803,57.8679,57.682,57.79701673553242,-0.0035313245522521353,0.0092779136255413,0.011477937838696784,0.14728231283231955,0.18220661451029935
2025-10-03,USDEGP,58.269,58.2857,58.0137,58.18237039529641,0.00666736246141042,0.009363271454936047,0.011244643371712907,0.14863732636650423,0.1785031796589791
2025-10-06,USDEGP,58.5152,58.5988,58.465,58.52390333630562,0.005870041710037022,0.007439616373186717,0.01126058758233787,0.11810024863905812,0.17875628615596842
2025-10-07,USDEGP,58.2784,58.5436,58.1473,58.390946873318754,-0.002271831771418875,0.007761868921257637,0.010996785723668401,0.12321584924837337,0.1745685614753523
2025-10-09,USDEGP,58.2008,58.4682,58.1662,58.28497944370105,-0.0018147921089138874,0.00663962661453574,0.010954558351977615,0.1054008049223237,0.17389822273127004
2025-10-10,USDEGP,58.7146,58.8523,58.6383,58.82855507485379,0.009326170075736107,0.00524632260226264,0.011045013873822701,0.08328278941922505,0.17533415962435803
2025-10-13,USDEGP,58.3004,58.3866,58.2114,58.227140387718094,-0.01022317625123459,0.006940405763560562,0.011242357627262268,0.1101755258895636,0.17846689459071688
2025-10-14,USDEGP,58.5773,58.5994,58.5554,58.55636530915054,0.005654148894145061,0.006902954245871671,0.011255122287195548,0.10958100147740314,0.1786695272852395
2025-10-15,USDEGP,57.8118,57.8201,57.7181,57.76848449056208,-0.013455084078883961,0.008569144814375018,0.010980997661059146,0.13603095676401025,0.17431793375126664
2025-10-16,USDEGP,57.884,58.0419,57.7239,57.926694726186405,0.002738694584417667,0.00822635533274845,0.010198403474981847,0.1305893424414144,0.1618946361881934
2025-10-17,USDEGP,57.7218,57.8197,57.5889,57.72820107209706,-0.0034266352504248587,0.008257451770973081,0.010220966079478113,0.13108298309462793,0.16225280643075557
2025-10-20,USDEGP,56.9363,57.067,56.8299,56.868084775935216,-0.014899412768598741,0.009673680764568494,0.010506480891068117,0.15356492139406444,0.16678521355331125
2025-10-21,USDEGP,56.0312,56.2423,56.0034,56.11991510310611,-0.013156231228411475,0.008360458418028988,0.01047197481993389,0.13271816292360714,0.16623744665565282
2025-10-22,USDEGP,55.3792,55.4911,55.2397,55.38579563958422,-0.013081264684259297,0.008627788862881328,0.01070539146256957,0.13696190217334048,0.16994282098531868
2025-10-23,USDEGP,55.3018,55.4197,55.2771,55.29671145312233,-0.0016084302018805063,0.007150063632659234,0.009192951164996245,0.11350374138182051,0.14593357558404943
2025-10-24,USDEGP,55.7752,55.8084,55.6885,55.6993434752131,0.007281301392255468,0.008701874519360909,0.008426018315547795,0.13813797550991208,0.133758894032489
2025-10-27,USDEGP,55.3056,55.4538,55.2466,55.377,-0.0057872042128565004,0.007977859054426262,0.008464323323326441,0.1266445863164208,0.13436696717979316
2025-10-28,USDEGP,55.6357,55.6419,55.6127,55.6138,0.004276143525290266,0.00892815463504809,0.008257484914863665,0.14173006098639532,0.13108350923757972
2025-10-29,USDEGP,55.6637,55.7085,55.4571,55.546756127664175,-0.0012055258287659854,0.007912121996026481,0.008100410597951474,0.12560104286574028,0.1285900317581497
2025-11-03,USDEGP,56.9088,56.995,56.7913,56.94372637752276,0.0251494479110157,0.01211198605460327,0.00944725601355603,0.19227181790137585,0.14997053990297224
2025-11-04,USDEGP,57.2341,57.2554,57.127,57.248490178171984,0.005352017158636979,0.010083454731021168,0.00939307536765485,0.16006988144795822,0.149110448813408
2025-11-05,USDEGP,58.3305,58.3956,58.305,58.34324039039075,0.0191227787634507,0.010905467831847461,0.009806549184969001,0.17311893488329883,0.15567414217890677
2025-11-06,USDEGP,58.9854,59.0563,58.8825,58.98149854145471,0.010939710355359233,0.010967237238112037,0.009976022426140626,0.17409949380894793,0.15836444647902792
2025-11-07,USDEGP,59.502,59.607,59.4224,59.53579841072077,0.009397860057361429,0.009060839876622562,0.010015923023699828,0.1438363738975228,0.15899784882885504
2025-11-10,USDEGP,59.1633,59.1746,59.0605,59.14256018038307,-0.006605071920340433,0.011015685584970706,0.010059898473117623,0.17486858747226935,0.15969593744656574
2025-11-11,USDEGP,58.9954,59.1054,58.9205,59.09782596663179,-0.0007563793926885776,0.010948259056676719,0.009783632781837822,0.17379822451846325,0.15531035555713157
2025-11-12,USDEGP,59.0957,59.2466,58.9448,59.13554327503186,0.0006382182048687568,0.008560311691484815,0.00975915893707307,0.13589073528520496,0.15492184531589276
2025-11-13,USDEGP,58.1123,58.4257,58.1088,58.18601768897139,-0.016056766091491648,0.01180646802644484,0.010129006691292982,0.18742186956005163,0.16079299639962252
2025-11-14,USDEGP,57.6811,57.7499,57.4647,57.623596445019565,-0.009665917453883899,0.009856542351916417,0.009942846173361036,0.15646775910087915,0.15783778979330104
2025-11-17,USDEGP,58.7743,58.7858,58.7236,58.77803090620667,0.02003405778895795,0.012139752940705798,0.010542596539781644,0.19271260355323552,0.16735853170291382
2025-11-18,USDEGP,59.2177,59.3063,59.148,59.181837450160415,0.006870025037043259,0.011832366647783782,0.010576536510713722,0.18783299742822526,0.16789731203846006
2025-11-19,USDEGP,59.4004,59.5728,59.2676,59.35625784491547,0.002947194650756435,0.011598693523016191,0.010527594713433145,0.1841235515709388,0.16712038509253438
2025-11-20,USDEGP,60.1874,60.3163,60.1622,60.19368938920112,0.014108563691357823,0.012629714599389262,0.010771216864831054,0.20049050375823446,0.17098776685132674
2025-11-21,USDEGP,60.4197,60.5017,60.304,60.44137938243654,0.004114883067457553,0.012603615965548381,0.010767556220697484,0.20007620079002542,0.17092965592723233
2025-11-24,USDEGP,60.5005,60.5794,60.407,60.5720554836194,0.0021620304254810208,0.009453332803740304,0.010753542489767537,0.15006700595655487,0.17070719484534747
2025-11-25,USDEGP,61.2263,61.341,61.1197,61.12515373999457,0.009131244630203206,0.006554591658253323,0.01074860815391473,0.10405091683990055,0.17062886469203667
2025-11-26,USDEGP,60.9886,61.0123,60.9305,60.95255425185265,-0.002823706405322035,0.005438537998321549,0.01055748151905519,0.086334114236003,0.16759482342348272
2025-11-27,USDEGP,61.4609,61.5709,61.4573,61.46466593118249,0.008401808351030216,0.005545949385098567,0.010605854751922997,0.08803921714033437,0.16836272468916533
2025-11-28,USDEGP,60.7803,60.8107,60.6298,60.75766703148624,-0.01150252570294319,0.008518566443037171,0.010515433133701589,0.13522805001033852,0.1669273259994181
2025-12-01,USDEGP,60.8789,61.1251,60.7182,60.99770594293831,0.003950759191061026,0.007137727279386305,0.010521743653953067,0.11330790784474686,0.16702750240279118
2025-12-03,USDEGP,60.3005,60.3482,60.2385,60.27400758913937,-0.01186435362792071,0.00870222275924495,0.010775350514465121,0.1381435036466907,0.17105338650495963
2025-12-04,USDEGP,60.0858,60.1062,59.9879,60.10322031347356,-0.002833514519724578,0.00866534611188773,0.01035945564470477,0.1375581050181325,0.16445126012335873
2025-12-05,USDEGP,59.2053,59.2148,59.0302,59.17101035236836,-0.015510149976044052,0.008830677704325433,0.010485554986642314,0.14018266268284718,0.16645302511889257
2025-12-08,USDEGP,59.4087,59.5445,59.3967,59.52952588305391,0.006058972604161328,0.009721329558877084,0.010123713480236416,0.15432132255414002,0.1607089692790666
2025-12-09,USDEGP,59.7324,59.9682,59.5794,59.68760778663231,0.0026555209575993555,0.008760874776030549,0.010094555011620217,0.13907457554853317,0.16024609293964695
2025-12-10,USDEGP,60.5194,60.6443,60.4278,60.56850203476343,0.014758411013557238,0.010531152673306902,0.01030426635663199,0.16717686595453862,0.16357515733570704
2025-12-11,USDEGP,60.4027,60.6143,60.3676,60.44791488386047,-0.0019909217968401283,0.010360310317385256,0.010217501178103624,0.1644648276315483,0.16219780282663
2025-12-12,USDEGP,61.2531,61.304,61.1033,61.20816948803371,0.012577019499083297,0.010303969222724233,0.01036527508648558,0.163570440481151,0.16454364089768617
2025-12-15,USDEGP,60.2327,60.441,59.9673,60.2250455580813,-0.016061972416028802,0.012392114597933287,0.010925338301851788,0.19671872066606788,0.17343436881569135
2025-12-16,USDEGP,59.3561,59.4858,59.2611,59.38339121252267,-0.013975154983435156,0.012074076621009578,0.01048647444185392,0.1916700242995825,0.16646762101788198
2025-12-17,USDEGP,59.346,59.3877,59.1734,59.2686,-0.0019330524946251648,0.011844721436113826,0.010477405448529976,0.18802912361275811,0.1663236552120208
2025-12-18,USDEGP,58.3838,58.3885,58.271,58.29713923592736,-0.016390816791229113,0.013101930834422158,0.010389584681695275,0.20798670409590006,0.16492954375807117
2025-12-19,USDEGP,58.3308,58.3849,58.1375,58.32838228974963,0.0005359277355931891,0.010723914359425471,0.010184336910706858,0.170236862857166,0.16167133640295703
2025-12-22,USDEGP,57.9115,58.0897,57.8913,57.9067,-0.007229452852899221,0.010635306828571191,0.010089185329563493,0.16883026191159856,0.16016085187959747
2025-12-23,USDEGP,57.7699,57.9519,57.6848,57.86393295465645,-0.0007385508990074285,0.007462013424032158,0.01003098278255984,0.11845579079888795,0.1592369150893442
2025-12-24,USDEGP,58.1894,58.2531,58.0344,58.2073,0.005934042637796733,0.008091495016191502,0.010103328974330628,0.1284485012853676,0.16038537527971275
2025-12-25,USDEGP,58.6385,58.7036,58.6209,58.62305014428375,0.00714257737919044,0.008049389575620786,0.010196989342845356,0.12778009813781005,0.16187218753646856
2025-12-29,USDEGP,59.2046,59.3099,59.1402,59.19677581109898,0.009786690822179533,0.009161819215183728,0.00990205505738643,0.14543937120185466,0.15719025090188346
2025-12-30,USDEGP,59.0139,59.126,58.958,58.98412778868525,-0.003592223047625187,0.006164240294313521,0.009745313821784899,0.09785428104238306,0.15470206092433963
2025-12-31,USDEGP,58.8939,58.9124,58.817,58.836645498681314,-0.002500372482107438,0.006362720723429507,0.00905779633490953,0.10100506017570876,0.14378805917065762
2023-01-02,USDKES,123.6304,123.735,123.3137,123.68428846999949,,,,,
2023-01-03,USDKES,123.8679,124.2118,123.2849,123.88539883766884,0.0016259976926507047,,,,
2023-01-04,USDKES,123.4897,123.6494,123.4532,123.54476060753171,-0.002749623711374438,,,,
2023-01-05,USDKES,122.437,122.7404,121.7266,122.2431007698058,-0.010535937188473121,,,,
2023-01-06,USDKES,123.4464,123.9239,122.9567,123.28234460981632,0.008501451889440403,,,,
2023-01-09,USDKES,123.3985,123.5867,123.1887,123.47825387251108,0.001589110454662368,,,,
2023-01-10,USDKES,124.8132,124.9949,124.5279,124.63635895758354,0.009379020586638642,,,,
2023-01-11,USDKES,124.9107,124.9358,124.9028,124.93112781632784,0.0023650310488019244,0.006767315936341103,,0.10742781006577663,
2023-01-12,USDKES,124.4227,124.5565,124.1215,124.4486617332404,-0.0038618564605993333,0.007055744102213887,,0.11200646525381186,
2023-01-13,USDKES,126.3246,126.366,126.2565,126.34475346966728,0.015235935123924627,0.008688850320113533,,0.1379312227565062,
2023-01-16,USDKES,127.7371,128.052,127.5351,127.82764294291424,0.011736850423337719,0.00664046547333133,,0.10541412139287308,
2023-01-17,USDKES,127.4664,127.8467,127.3593,127.48536030640396,-0.002677688711377857,0.007361777195197837,,0.11686458999576049,
2023-01-18,USDKES,128.339,128.5553,128.2456,128.44901060497398,0.0075589094799115575,0.007269815573382153,,0.11540474450684167,
2023-01-19,USDKES,129.0588,129.1571,128.7746,128.9559,0.003946230435241782,0.007096608525272952,,0.11265516785911839,
2023-01-20,USDKES,128.9891,129.3308,128.3711,129.1127,0.0012159195507919218,0.007177859242064391,,0.11394498300197371,
2023-01-23,USDKES,128.451,128.6824,128.0744,128.4077591765299,-0.00545988755149629,0.007514421715768357,,0.11928774663831818,
2023-01-24,USDKES,129.2911,129.4957,128.979,129.00355908951954,0.004639905850008175,0.0058834431230507765,,0.09339676413831326,
2023-01-25,USDKES,129.5674,129.5945,129.3179,129.49670928968362,0.003822764299253656,0.004527625599904819,,0.07187382820174668,
2023-01-26,USDKES,129.352,129.6108,129.0961,129.42855549217072,-0.0005262975243676138,0.004231289607181693,,0.06716964015416965,
2023-01-27,USDKES,129.2668,129.9844,129.2495,129.48986044446875,0.0004736586301601342,0.003514347544944349,,0.05578853774743882,
2023-01-30,USDKES,128.3973,128.4567,128.2144,128.3856738241856,-0.008527205269146743,0.004794590301310029,,0.07611176145425147,
2023-01-31,USDKES,128.627,129.0634,128.5512,128.62597802176063,0.0018717368567469084,0.004842679149856487,,0.07687514825878776,
2023-02-01,USDKES,127.958,128.1621,127.7221,127.78582312563248,-0.006531766825407681,0.00503759138034997,,0.07996928399501169,
2023-02-02,USDKES,126.68,126.8725,126.1317,126.47014998949491,-0.010295924101408782,0.005545068570755774,,0.08802523464612086,
2023-02-03,USDKES,126.9892,127.3053,126.8187,127.06295118046742,0.004687281473310101,0.005724308394437327,,0.09087057863712361,
2023-02-06,USDKES,126.7993,126.8632,126.5775,126.67224027555662,-0.0030749396364632142,0.005644043860174653,,0.08959641865657886,
2023-02-07,USDKES,126.7097,126.9755,126.3726,126.83241037271156,0.0012644451286762948,0.005733686619054379,,0.09101945333757974,
2023-02-08,USDKES,126.5559,126.7789,126.3896,126.5655465915848,-0.002104066147939232,0.0051782795998332,,0.08220264024190627,
2023-02-09,USDKES,126.3653,126.669,126.0049,126.2309755793308,-0.002643460414496812,0.0048847101925743605,,0.0775423703770451,
2023-02-10,USDKES,126.3992,126.4981,126.2011,126.32288593769704,0.0007281125567193403,0.004695465330194471,,0.07453820132052212,
2023-02-13,USDKES,125.4436,125.6038,125.2774,125.28257421525508,-0.008235338471882625,0.004087111034649652,0.006307791413523102,0.06488087627034524,0.1001330844135043
2023-02-14,USDKES,124.7204,124.9454,124.5732,124.92535701700878,-0.00285129197323597,0.003110962844961271,0.006331861771850546,0.04938500415437708,0.10051518950612007
2023-02-15,USDKES,124.8475,125.022,124.2478,124.76282283588522,-0.0013010503632295833,0.003120636272717456,0.006313315521770441,0.04953856505938756,0.10022077691333145
2023-02-16,USDKES,125.6541,125.7588,125.6,125.66286405299276,0.007214017739014089,0.0046468149817436594,0.006085937128627032,0.07376590098133722,0.09661125682272985
2023-02-17,USDKES,127.1126,127.2395,126.6107,127.20355717380107,0.012260528457783693,0.006876328748536227,0.006282551682891572,0.10915833481050516,0.09973241611104856
2023-02-20,USDKES,127.1579,127.2278,127.0045,127.2198,0.00012769160359837883,0.006727309703774931,0.006283999599444292,0.10679273081220039,0.0997554010737546
2023-02-21,USDKES,127.0643,127.1614,127.0586,127.11312782359164,-0.0008384872198224924,0.006769017917794356,0.0060888843405325875,0.10745482818374473,0.0966580423613085
2023-02-23,USDKES,129.0358,129.256,128.8125,128.8661915938035,0.013791366794504434,0.006926531073729968,0.00653904647309639,0.10995527201670414,0.10380414467584237
2023-02-24,USDKES,128.0068,128.0362,127.8427,128.02366512431766,-0.0065379946366503905,0.007642563964478607,0.006626106684078129,0.12132194177348563,0.10518618267992134
2023-02-27,USDKES,129.12,129.5828,128.9458,129.28685750721786,0.009866866267838725,0.0076314336135246625,0.006291437212551629,0.12114525292971158,0.09987346952153416
2023-02-28,USDKES,130.3231,130.4534,129.9354,129.9954,0.005480390709802663,0.007580348299717984,0.00601350032453347,0.12033429871383058,0.09546135820633063
2023-03-02,USDKES,130.6481,131.0826,130.5474,130.74465254186117,0.005763685037018185,0.006892399642783154,0.006053262161494673,0.10941345234764789,0.09609255779995325
2023-03-03,USDKES,131.0053,131.1157,130.798,131.09683406330728,0.002693659087382949,0.0067213119999989645,0.005931536961164943,0.10669752021642856,0.09416023014978135
2023-03-06,USDKES,132.2103,132.3961,131.9442,132.07235317074773,0.007441210265759501,0.006382833227176853,0.006031034804557373,0.10132433627465874,0.09573970944740309
2023-03-07,USDKES,134.0734,134.5036,133.7122,133.90995360431964,0.013913588949204136,0.00640940676137062,0.006488438413692052,0.10174617805225541,0.1030007666387256
2023-03-08,USDKES,134.4592,134.8422,134.2115,134.29398157605715,0.0028678075184183083,0.0039902670226018904,0.006369087329307151,0.06334352523928051,0.1011061269107956
2023-03-09,USDKES,135.3409,135.7876,134.9321,135.5331456067775,0.009227249175113306,0.003916607424389621,0.006500419103050743,0.06217421536802489,0.10319095418619488
2023-03-10,USDKES,135.0728,135.2233,134.859,135.1736338426827,-0.0026525744863759027,0.005318298575987411,0.006533810255067973,0.08442537258030984,0.10372102229156015
2023-03-13,USDKES,137.0336,137.2827,136.7909,136.8590589915637,0.012468593918563364,0.0059207218729650625,0.006822524920254535,0.09398854594707667,0.10830422551520567
2023-03-14,USDKES,138.3307,138.6018,138.2077,138.45856025166876,0.011687215094790648,0.005916262561101757,0.007046056046946519,0.09391775656582396,0.11185267214426003
2023-03-15,USDKES,137.3893,137.526,137.216,137.2705091460206,-0.008580553657994816,0.008594107662363211,0.007048878224370342,0.13642722969076626,0.11189747282197486
2023-03-16,USDKES,139.3413,139.5671,138.7061,139.51412394046486,0.016344477837243465,0.009026097272664605,0.007502280963034077,0.14328485215769343,0.11909501816353397
2023-03-17,USDKES,140.0785,140.2349,139.8736,140.03388633165537,0.003725518080250456,0.008983655810857692,0.007296087905630948,0.1426111148383786,0.11582180485179351
2023-03-20,USDKES,139.6637,139.8529,139.5842,139.7749480148021,-0.0018491118374018845,0.009296946674622147,0.006915088850909754,0.1475844531196748,0.1097736323605357
2023-03-21,USDKES,140.2559,140.507,140.061,140.12649824482546,0.0025151161564811453,0.008832619594665131,0.006912114108041437,0.14021348923632038,0.10972640978147212
2023-03-22,USDKES,139.5843,139.8172,139.5591,139.56584513827838,-0.004001049862585759,0.008763089226519383,0.006943519594379853,0.1391097288602379,0.11022495642139903
2023-03-23,USDKES,139.2964,139.3993,139.0309,139.28443633961166,-0.0020163156565125018,0.007948626749472594,0.007001618076643822,0.12618053786148115,0.11114724123512358
2023-03-24,USDKES,139.4135,139.7523,139.0119,139.28613498778896,1.2195534705439215e-05,0.00682935964935443,0.00695737643033528,0.10841272347606658,0.1104449268727767
2023-03-27,USDKES,139.4518,139.701,139.1057,139.5559494117227,0.0019371233465370619,0.002811763538341078,0.006874006493010345,0.04463536240781712,0.10912147014689177
2023-03-28,USDKES,139.0759,139.0782,138.6591,138.972,-0.004184339071062526,0.002672650323878004,0.006996611673639334,0.0424270085905046,0.11106776705124653
2023-03-29,USDKES,138.7305,138.9607,138.7028,138.8907711450337,-0.0005844979921588722,0.0026549769551953554,0.00669812361137687,0.04214645256032632,0.10632941595883827
2023-03-31,USDKES,137.2463,137.5915,136.9875,137.4091253396001,-0.01066770522777516,0.004105479917996752,0.007092680867291506,0.06517247325353553,0.11259281822159543
2023-04-03,USDKES,139.104,139.258,139.0016,139.0840256036902,0.012189148718839915,0.006909829052249761,0.00722363127384624,0.10969013564533202,0.11467159148055522
2023-04-04,USDKES,138.1906,138.6087,138.1776,138.17975310547692,-0.0065016273025483295,0.007275055571355953,0.007421850981439322,0.11548792689589661,0.11781823178801464
2023-04-05,USDKES,137.5875,138.0134,137.2033,137.69835002299146,-0.003483890162388592,0.007304780129264459,0.007314710687488511,0.11595978962424007,0.11611743234888541
2023-04-06,USDKES,138.0544,138.245,137.9194,138.0865039256903,0.002818871123975164,0.007383394883219128,0.007298919080276172,0.11720776015430759,0.11586674835597023
2023-04-07,USDKES,138.1352,138.355,137.6424,138.172918612106,0.000625801102634993,0.007314107226704273,0.007278883278090114,0.11610785270591896,0.11554868985655828
2023-04-10,USDKES,138.9354,139.0698,138.686,138.79795066654523,0.004523549626927137,0.007588906026047947,0.006987602774372511,0.12047014840777398,0.11092475520896786
2023-04-11,USDKES,138.041,138.5581,137.7613,138.2021,-0.0042929356210505976,0.006393695750472818,0.006898914092197127,0.10149677348616937,0.10951686602611517
2023-04-12,USDKES,137.3372,137.4148,137.1363,137.2313053791882,-0.007024456363628362,0.0045749154746608,0.006972273497860166,0.07262453169056098,0.1106814104883866
2023-04-13,USDKES,137.4173,137.5329,137.389,137.53185381713854,0.0021900865631196975,0.0042900430302119765,0.006941664247258275,0.06810232183024108,0.11019550369892266
2023-04-14,USDKES,136.5983,137.0655,136.3187,136.756169025416,-0.005640037345485682,0.004593018979344363,0.0070346043913651155,0.07291191591806939,0.11167088274764989
2023-04-17,USDKES,137.475,137.6405,137.3064,137.43778035273465,0.004984135868795647,0.004949865400511494,0.007060126993328301,0.07857667723797924,0.11207604149328515
2023-04-18,USDKES,137.534,137.7816,137.4969,137.6932,0.0018584383901558699,0.005024673718423094,0.00697389661781611,0.07976422246913815,0.11070717671889534
2023-04-19,USDKES,136.8432,136.9388,136.79,136.831,-0.006261747130577255,0.004884202976918807,0.006694097576510031,0.07753431857813106,0.10626550463667428
2023-04-20,USDKES,137.275,137.3966,137.2136,137.25151017672775,0.003073208386460413,0.005103162832963741,0.00669645234572484,0.08101019853533946,0.10630288543909829
2023-04-21,USDKES,136.9771,137.4888,136.5023,137.1137017548064,-0.0010040576001232315,0.0043679266673763515,0.00650759340968259,0.06933868624106983,0.10330484277325801
2023-04-24,USDKES,136.6347,136.8238,136.4211,136.80559497889126,-0.002247089619578091,0.0042992016320055285,0.00650143788083582,0.06824771012645793,0.10320712678215818
2023-04-25,USDKES,136.6083,136.9882,136.4999,136.8491944147913,0.00031869629240510733,0.0037200855231711203,0.006090480174087723,0.05905452690121437,0.09668337543363294
2023-04-27,USDKES,136.9454,137.2549,136.5946,136.94469481954806,0.0006978514207931497,0.00308054891343094,0.005680987763402338,0.04890219795905106,0.0901828849389818
2023-04-28,USDKES,137.9566,138.3563,137.8241,138.099984774058,0.008436178970147479,0.004567501022544881,0.005680475458826988,0.07250683091212186,0.09017475235597042
2023-05-01,USDKES,137.3337,137.604,137.1386,137.14189312769554,-0.006937666560426936,0.004736573039126895,0.004943692211775547,0.07519076596933906,0.07847868090482976
2023-05-02,USDKES,137.6714,138.105,137.5152,138.03031317198366,0.006478108359353696,0.005215397280111552,0.005050359188141673,0.08279186514946704,0.0801719666602376
2023-05-03,USDKES,138.4795,139.1264,138.2358,138.51262039224582,0.0034942123159658056,0.005230251860965152,0.005094002411553282,0.08302767431007939,0.0808647813535997
2023-05-04,USDKES,138.0048,138.2421,137.9833,138.13622881070157,-0.0027173811345014842,0.005288546383053772,0.005084220605835539,0.0839530711595425,0.08070950000178591
2023-05-05,USDKES,138.3795,138.6212,137.9064,138.25861479484064,0.000885980348477533,0.005273617117769949,0.005045132996725973,0.08371607642035506,0.08008900344349783
2023-05-08,USDKES,136.9632,137.3878,136.7959,136.86445998184877,-0.01008367409915567,0.006871403936150586,0.005345740079156628,0.1090801558375488,0.08486099293823507
2023-05-09,USDKES,136.1139,136.4745,135.8234,136.15895767820362,-0.005154751669927404,0.005924340018986206,0.005409186527022893,0.09404598223455106,0.08586817407398244
2023-05-10,USDKES,135.8675,136.005,135.3705,135.86442730085895,-0.0021631362516798536,0.005523046856799001,0.005390915843690242,0.08767565077468274,0.085578135967694
2023-05-11,USDKES,136.5516,136.7715,136.2597,136.59847330777214,0.005402782917471871,0.005279489628190204,0.005471783490351996,0.08380929963321684,0.08686187006076225
2023-05-12,USDKES,136.9018,136.9558,136.7706,136.91741586667538,0.002334891094899927,0.005113130596940134,0.005497225976377394,0.081168431882993,0.0872657570053129
2023-05-15,USDKES,135.9072,136.184,135.8789,135.98800388998973,-0.006788120932626152,0.005474516256823139,0.005290619920934273,0.08690525138360541,0.08398598755293776
2023-05-16,USDKES,137.237,137.372,136.6495,137.1305123323276,0.008401538442038836,0.006769770282267609,0.005019751383750344,0.10746677159949379,0.0796860828286546
2023-05-17,USDKES,136.7628,136.8341,136.6642,136.70510086559813,-0.003102237857162904,0.005657111373853415,0.004915944486580521,0.08980385900526648,0.07803819942294696
2023-05-18,USDKES,135.4518,135.8156,135.2497,135.4925,-0.008870194732457648,0.006337973278567273,0.005128279914785767,0.10061220666757023,0.0814089198483039
2023-05-19,USDKES,136.7282,136.7788,136.5778,136.579758084294,0.008024489062449902,0.00706909117316964,0.005329462560771592,0.1122183434366922,0.08460259534458654
2023-05-22,USDKES,136.7701,136.8392,136.277,136.75404605477905,0.001276089319015128,0.006784890703257403,0.005334895990576077,0.10770680084143935,0.0846888483687593
2023-05-23,USDKES,136.1184,136.4039,135.8389,135.9599911887965,-0.0058064451392135785,0.007047126250161749,0.005344171484500007,0.11186966109361884,0.08483609227001936
2023-05-24,USDKES,135.4452,135.7376,134.9645,135.2453497728844,-0.00525626259360179,0.006857975804731222,0.00536949651369987,0.10886699085970124,0.08523811464526908
2023-05-25,USDKES,134.5841,135.2551,134.1891,134.84555159681406,-0.002956095545922355,0.005546918086580981,0.0052545782711532684,0.08805459479963712,0.08341384409997163
2023-05-26,USDKES,134.8428,135.0048,134.5267,134.65866414601598,-0.001385937085688016,0.005547830748040029,0.005230286215719247,0.08806908285114814,0.08302821967489353
2023-05-30,USDKES,134.4017,134.7487,134.2805,134.39043513886514,-0.0019919179270929677,0.004701545892070368,0.005153075480677156,0.0746347272478531,0.08180253725409829
2023-05-31,USDKES,134.4144,134.8113,134.1613,134.4701032774535,0.0005928110769641837,0.0026927533484948922,0.005051268226677962,0.042746134212923566,0.08018639719963278
2023-06-01,USDKES,135.1816,135.5144,135.0185,135.07742191242534,0.0045163840896200735,0.0035390792093586776,0.005120794558753765,0.05618114074873294,0.08129009350509118
2023-06-02,USDKES,133.8136,134.408,133.5075,133.86636983143092,-0.008965614414669365,0.004268123217481717,0.005245671333295456,0.06775435559062483,0.08327245084488236
2023-06-05,USDKES,134.3715,134.4182,134.2589,134.41218396435244,0.004077305850669122,0.004601528139013728,0.0052738136441501295,0.07304699464017707,0.0837191961799232
2023-06-06,USDKES,133.2607,133.6322,133.2221,133.52854431723682,-0.006574103783254959,0.005055286562519063,0.005382432579357064,0.08025018630355212,0.08544346832130433
2023-06-07,USDKES,132.9486,133.1156,132.8591,133.0536855160165,-0.0035562343890469528,0.005121108914815321,0.005399273215970183,0.08129508375286319,0.08571080513969424
2023-06-08,USDKES,132.0998,132.6875,132.0306,132.2657592582961,-0.005921867212205445,0.005367892055481409,0.005469959360273116,0.08521264466065884,0.08683291289347576
2023-06-09,USDKES,131.2282,131.5672,131.0746,131.1920406965486,-0.008117887560382786,0.0056005099356858145,0.0056040651106261065,0.08890533902982606,0.08896177568238212
2023-06-12,USDKES,131.5563,131.6267,131.3852,131.39023034300254,0.001510683463735285,0.0049617220732679004,0.0053197283507749535,0.07876489608292,0.08444806955142184
2023-06-14,USDKES,131.2718,131.5099,131.2349,131.35701059539107,-0.00025283270700371396,0.004566645454330403,0.005229636767536231,0.0724932491877709,0.08301791000460343
2023-06-15,USDKES,132.1802,132.3433,132.1581,132.1632663815799,0.006137896885247018,0.005109748345186024,0.005212254055936709,0.08111474030091627,0.08274196801257766
2023-06-16,USDKES,132.2315,132.2739,131.9765,132.07288839653563,-0.0006838358911569475,0.004781554933420706,0.005131231842222146,0.07590483140415116,0.0814557802436137
2023-06-19,USDKES,131.7671,132.2625,131.2789,131.7869284432691,-0.002165167709575422,0.004712928429482636,0.00512797422740617,0.0748154194275436,0.08140406721159184
2023-06-20,USDKES,131.3045,131.5535,131.0224,131.36896596591367,-0.0031715017740574503,0.004371102445614539,0.005114877971475262,0.06938910015769384,0.08119617059379641
2023-06-21,USDKES,130.8065,131.2792,130.7807,130.80459705186155,-0.004296059650789719,0.0034754199427817645,0.004891639012308538,0.05517058122068927,0.07765236198042008
2023-06-22,USDKES,132.2831,132.4263,132.0942,132.37085142126472,0.011974000950304431,0.005868808682351508,0.005420966380961236,0.09316444959431254,0.08605517345799156
2023-06-23,USDKES,133.211,133.6041,132.9174,133.12469211045843,0.0056949145608700125,0.006071168928640522,0.005547491920814836,0.0963768189158716,0.08806370413569646
2023-06-26,USDKES,134.6112,134.7573,134.0631,134.59799119089246,0.011067060941719165,0.006873753299115463,0.005849277125970388,0.10911745081841576,0.09285439574889764
2023-06-27,USDKES,133.9852,134.4315,133.9565,134.08256365229357,-0.0038293850750557024,0.007220664961967285,0.005855428657749393,0.11462450273929858,0.0929520482885138
2023-06-28,USDKES,134.9308,135.2975,134.8274,135.10447514133904,0.00762150917471649,0.007186052143848535,0.005927719110129509,0.11407504128579464,0.09409962364348667
2023-06-29,USDKES,136.5768,136.7348,136.2375,136.5343,0.010583105090820721,0.006907334609918362,0.006049021882548911,0.10965053760091997,0.09602524545847307
2023-06-30,USDKES,136.002,136.0255,135.6583,135.92138646483247,-0.004489081023358543,0.0069534001395024315,0.006077769847983149,0.1103818052126716,0.09648160526190153
2023-07-03,USDKES,135.3976,135.8768,135.2438,135.4750776923827,-0.003283580193358504,0.0069834728470072995,0.005884645354734355,0.1108591946445212,0.09341584897463144
2023-07-04,USDKES,136.4461,136.9811,136.4329,136.53475696631963,0.007821949926045457,0.007147478322823114,0.005875245013321165,0.11346270086048998,0.09326662318092102
2023-07-06,USDKES,136.5592,136.7979,136.5373,136.63631888469777,0.00074385395070653,0.0063842928546842675,0.00587207921763831,0.10134750714300719,0.09321636773245016
2023-07-07,USDKES,136.352,136.9403,135.9687,136.3010841489003,-0.002453481903888055,0.006187045515936997,0.005789315758110037,0.09821630271243964,0.09190253854311915
2023-07-10,USDKES,136.6395,136.6862,136.156,136.55389894551723,0.0018548260140085482,0.0057378603628891875,0.005707459888786808,0.0910857094669177,0.09060311690163755
2023-07-11,USDKES,136.9812,137.5882,136.7333,136.8968785746421,0.0025116795036495,0.004230686759596922,0.005685944777925708,0.06716007024544296,0.09026157510502683
2023-07-12,USDKES,138.8387,139.2153,138.6651,138.98171176708456,0.01522922373504465,0.006434013270299406,0.0062729012480625705,0.10213679427180977,0.09957922020744152
2023-07-13,USDKES,141.8754,141.9574,141.5618,141.7691839055091,0.020056395211882183,0.008291513299512243,0.007133960962577711,0.13162369309736405,0.11324811941894153
2023-07-14,USDKES,142.3547,142.5822,142.0545,142.18156689600826,0.0029088337757099403,0.00837224490853253,0.007132891297302247,0.13290526765982272,0.11323113900911178
2023-07-17,USDKES,141.7772,142.0338,141.5825,141.79502802413583,-0.0027186285839368995,0.008813864849615688,0.007163099621032216,0.1399157668885009,0.11371068128179355
2023-07-19,USDKES,139.8369,139.9743,139.381,139.96008286348035,-0.012940828646989977,0.010983852280564407,0.007399009387253759,0.17436324943105846,0.11745563272143508
2023-07-21,USDKES,140.3999,140.7602,140.1219,140.3124,0.0025172687048442555,0.010966707256698256,0.007385823550274511,0.1740910806148258,0.11724631404858311
2023-07-24,USDKES,141.3494,141.609,141.1312,141.20919298609445,0.006391402228844045,0.010980655405846773,0.0072780920927976445,0.17431250061820552,0.1155361301794092
2023-07-25,USDKES,141.5536,142.0922,141.4569,141.65231768402003,0.003138072589716101,0.009908814414944773,0.007207588901414445,0.1572975523766151,0.11441692671319116
2023-07-26,USDKES,142.8067,142.9068,142.629,142.89601348646647,0.0087799184847841,0.007166135037034017,0.007141832041784364,0.1137588670169919,0.1133730689277245
2023-07-27,USDKES,142.0506,142.305,141.388,141.94894819329556,-0.006627653704703307,0.007665922556540775,0.007069496626389396,0.12169274792692425,0.11222477980701867
2023-07-28,USDKES,142.0207,142.2669,141.5991,141.962223608816,9.352246486793447e-05,0.0075857289742365325,0.0070821256772716605,0.12041971427380176,0.1124252597745942
2023-07-31,USDKES,143.9037,144.2885,143.6489,143.65075250509074,0.011894212793732706,0.0060767908482962036,0.007258030485205126,0.09646606412366993,0.11521766203186937
2023-08-01,USDKES,142.5248,142.6842,142.5229,142.6541007879099,-0.006938019465964951,0.007318194059207988,0.007453820847680922,0.1161727291606478,0.11832573768115427
2023-08-02,USDKES,142.0006,142.3509,141.7746,142.15079916356748,-0.0035281258762458467,0.007374462521977065,0.007514558115464642,0.11706596331550505,0.11928991191636983
2023-08-03,USDKES,142.5809,143.1715,142.0528,142.48484645426294,0.0023499501421098135,0.007341844820974547,0.007463327819020697,0.1165481733643571,0.11847665617247305
2023-08-04,USDKES,144.5082,144.9362,143.7298,144.3321863715641,0.012965167617976503,0.008212989779314922,0.007610690265326081,0.13037717085829523,0.12081596248555798
2023-08-07,USDKES,143.5205,143.6453,143.2915,143.4197,-0.006322126716871157,0.008163518244285657,0.007687823101306522,0.1295918345863109,0.12204040829708628
2023-08-08,USDKES,142.4868,142.7952,142.1693,142.53162809105328,-0.00619211941558051,0.008674010067161843,0.007680363006846395,0.13769564104428544,0.12192198296889499
2023-08-09,USDKES,144.3658,144.4689,143.9013,144.34848237621685,0.012747025411110169,0.008862944749363976,0.007886773522146171,0.14069488614313663,0.1251986483177264
2023-08-10,USDKES,144.3385,144.8846,143.5627,143.98478448265564,-0.002519582385447583,0.008369774200438877,0.00778101149005756,0.13286604638475447,0.1235197281073706
2023-08-11,USDKES,144.0111,144.3042,143.7974,143.96419380892408,-0.00014300590027993554,0.008134967002519108,0.007710006872419829,0.12913859767429267,0.12239256474613061
2023-08-14,USDKES,145.0171,145.672,144.6584,144.95780634936276,0.006901803248087202,0.008361231149869872,0.0076943088271887745,0.13273042966129386,0.12214336600362333
2023-08-15,USDKES,146.0288,146.5582,145.8238,146.25301971540736,0.008935106005419247,0.0076262640463338836,0.0076393936833956564,0.12106318859467574,0.12127161512149566
2023-08-16,USDKES,146.7231,146.8909,146.4932,146.58035303573251,0.0022381303371521444,0.0067173922755469255,0.007530505050081782,0.1066352965197806,0.11954306165539438
2023-08-17,USDKES,146.5284,146.9165,146.1119,146.62604310852996,0.00031170666362290156,0.005562247978986942,0.007462819101295963,0.08829794929722644,0.11846858052894998
2023-08-18,USDKES,145.778,146.5168,145.1646,146.20499567228802,-0.002871573339330191,0.004538605817025043,0.007463484575700334,0.07204813374479632,0.11847914460761706
2023-08-21,USDKES,143.5915,144.0403,142.8453,143.4506,-0.018839271938845825,0.009074182127168758,0.00840253854305323,0.14404817555877372,0.13338616419932303
2023-08-22,USDKES,142.8987,143.1026,142.4469,143.02808002959202,-0.0029454039955775224,0.009117763458199948,0.00841131342012008,0.14474000774105597,0.13352546105434732
2023-08-23,USDKES,143.9372,144.2333,143.8252,143.88496192,0.005991004635108599,0.008993598670540117,0.00844875012856403,0.14276895284262164,0.13411975037703247
2023-08-24,USDKES,143.8819,144.2597,143.7207,143.7802406185546,-0.0007278126918061067,0.007882893051723136,0.008459759402958105,0.12513704775947065,0.13429451719000443
2023-08-25,USDKES,145.1359,145.2922,144.9835,145.04008383808997,0.008762283427232065,0.008849898744209782,0.008180142379045397,0.14048778723169145,0.12985573454432628
2023-08-28,USDKES,147.0328,147.6368,147.0084,147.27711248202434,0.015423520069332008,0.0109517308174958,0.0078541111585059,0.17385333701289596,0.12468014936918409
2023-08-29,USDKES,148.0423,148.6989,147.8231,148.25092649381176,0.0066121204807452205,0.011024831534775945,0.00790915957085535,0.1750137749243982,0.1255540158240576
2023-08-30,USDKES,146.9198,147.5167,146.7838,146.99375719447409,-0.008480009731272387,0.008048685099124276,0.008081306383096802,0.12776891492012454,0.12828676174915807
2023-08-31,USDKES,147.6402,147.9297,147.0262,147.79193257783788,0.00542999511406328,0.007533523563208679,0.007655068101706422,0.1195909790657721,0.12152043879827096
2023-09-01,USDKES,148.5772,149.0214,148.1346,148.6057173985569,0.005506287160095269,0.0075220685513396465,0.007683519599137703,0.11940913638974758,0.12197209231805434
2023-09-04,USDKES,148.2693,148.5487,148.2541,148.40163198224027,-0.0013733348883829821,0.007602465625418646,0.007659301089911341,0.1206854003746492,0.12158763540282827
2023-09-05,USDKES,147.6081,147.7308,147.2098,147.56782086274555,-0.005618611523049211,0.008195778685868413,0.007768126651163834,0.1301039532199895,0.12331518763099501
2023-09-07,USDKES,148.5538,149.1083,147.8369,148.64356198185493,0.007289808257790353,0.006448494734937677,0.007723908740532519,0.10236668039612681,0.12261325006084298
2023-09-08,USDKES,148.9306,149.1009,148.4996,148.83279193122138,0.0012730450403868332,0.006022382149404747,0.0075760026346955245,0.09560235280511759,0.12026531342024686
2023-09-11,USDKES,149.5111,149.5435,149.1312,149.43731694679514,0.004061772998608548,0.004569832118175768,0.007583295858996735,0.07254383590805168,0.12038108976678777
2023-09-13,USDKES,151.145,151.373,150.6243,151.09153730245157,0.011069660439938067,0.0055843669423906875,0.007546628470795476,0.08864907695577552,0.11979901302434699
2023-09-14,USDKES,150.4142,150.453,150.2491,150.42357457814535,-0.004420914210232052,0.006127112212484446,0.007460640324341004,0.09726489101532354,0.11843399351703938
2023-09-15,USDKES,150.2913,150.4273,149.8655,150.31716310349856,-0.0007074122187643583,0.0060754060042511205,0.0074088199729822135,0.09644408040598253,0.1176113709417553
2023-09-18,USDKES,149.7591,150.0964,149.4901,149.7317855299558,-0.0038942830043945387,0.005748282723377981,0.007482802082398806,0.09125115931048337,0.11878580051966094
2023-09-19,USDKES,150.3802,150.4339,150.1312,150.255158795006,0.0034954052220628196,0.005341380620680377,0.007184198932951442,0.08479178868036062,0.11404562247483066
2023-09-20,USDKES,152.174,152.7917,151.92,152.46017739226176,0.014675160672946275,0.007275658655425393,0.007428000340206407,0.11549750055870102,0.11791584983213596
2023-09-21,USDKES,150.8643,151.3733,150.5672,150.78977194706098,-0.01095633937840057,0.009065633555319103,0.007658018135276951,0.14391247118769998,0.12156726912939243
2023-09-22,USDKES,151.3601,151.7562,151.1661,151.52916098788117,0.004903442927679302,0.008220960943147771,0.007404896602310032,0.13050370916126405,0.117549089363157
2023-09-25,USDKES,152.5637,152.782,152.3243,152.368412946539,0.005538550818775745,0.008099989068609656,0.007394723871245527,0.1285833401872971,0.11738760226385087
2023-09-26,USDKES,151.2039,151.5738,150.4991,151.4297704897937,-0.006160348057668852,0.008633262392980744,0.007532782435929696,0.13704879176996057,0.11957921403495189
2023-09-27,USDKES,149.7702,149.9552,149.4304,149.61784820195697,-0.01196542979611026,0.009860939520576203,0.007865011259186962,0.15653756198935875,0.12485318310319003
2023-09-28,USDKES,150.8088,151.0242,150.6834,151.01283771727216,0.009323683852425102,0.01044087496235517,0.007878692814056289,0.16574375172187591,0.12507037105358756
2023-09-29,USDKES,150.2983,151.0072,149.6151,150.12450799568188,-0.005882478172176464,0.00860635118268703,0.007977061652250688,0.136621589550459,0.12663192794931197
2023-10-02,USDKES,150.5679,151.0415,150.5352,150.78122595890989,0.004374488696055501,0.007921584350500782,0.008002449958724756,0.12575125308627713,0.12703495482014882
2023-10-03,USDKES,152.7213,153.2155,152.422,152.63860391748648,0.012318363554642664,0.009092794089291431,0.008228816429922308,0.14434363129789898,0.13062841114786075
2023-10-04,USDKES,151.3561,151.4853,150.836,151.21694556106024,-0.009313884691940388,0.009597379479481702,0.0075760626329807665,0.15235367604373867,0.12026626586349791
2023-10-05,USDKES,149.7718,149.8136,149.2146,149.6251971895094,-0.010526256602029438,0.010113310499697187,0.007860433755855252,0.16054382708266274,0.12478051749054238
2023-10-06,USDKES,151.0363,151.5793,150.5063,150.89697492764708,0.008499756471678221,0.00958438220038113,0.007922584429408434,0.152147350634415,0.12576712884676366
2023-10-09,USDKES,150.863,151.0984,150.6215,150.88211840795788,-9.84547218148002e-05,0.008899732550839257,0.007916990815660645,0.14127887438704306,0.12567833298132286
2023-10-10,USDKES,151.4131,151.6364,151.2759,151.32205384288417,0.002915755952847876,0.008560090801445095,0.007806780978971809,0.13588722876453183,0.12392880606185264
2023-10-11,USDKES,150.5362,150.8032,149.7536,150.48649042523425,-0.0055217557284642504,0.00875703300538255,0.0074414742798153645,0.13901358933016064,0.11812974199244959
2023-10-12,USDKES,150.4467,150.8114,150.1262,150.2567422685822,-0.001526702868827945,0.006788339645065151,0.007368221163919357,0.10776155109529717,0.11696688482792102
2023-10-13,USDKES,150.152,150.3678,149.659,150.00484920468784,-0.0016764177107214673,0.00603044298791495,0.007185552529992963,0.09573031464945748,0.11406711016171421
2023-10-16,USDKES,149.8154,150.1564,149.7701,149.77830569191673,-0.0015102412620140448,0.004444130424743848,0.0071396286043123045,0.07054838338684843,0.1133380904422412
2023-10-17,USDKES,150.9452,151.5639,150.8366,151.0751429779965,0.008658378662309563,0.004493899638072918,0.007238809159703962,0.07133844515534468,0.11491253294899877
2023-10-18,USDKES,151.1982,151.3318,150.7873,151.32798428983995,0.0016736129243992703,0.004525582545929795,0.0072319048802414205,0.0718413957253487,0.1148029309103589
2023-10-19,USDKES,150.2959,150.6427,149.4637,150.3858626286065,-0.006225693586382475,0.004984534641700378,0.007250950978088041,0.07912703437995387,0.11510527834044906
2023-10-20,USDKES,151.3762,151.6357,151.216,151.3933546360805,0.0066993797812104905,0.005220618538118642,0.007233103945128911,0.08287475005077304,0.11482196547534768
2023-10-23,USDKES,151.5381,152.1162,151.071,151.62476035271973,0.0015285064340868626,0.005113431659183061,0.007234029539429357,0.08117321109793663,0.1148366588293512
2023-10-24,USDKES,151.2435,151.7516,151.0657,151.54161263339776,-0.000548378240655123,0.0050206812390372856,0.00720786320903084,0.07970084382372175,0.11442128121160543
2023-10-25,USDKES,150.3988,150.8454,150.2426,150.4884,-0.006949989610745555,0.005902091806482841,0.007044912924505661,0.09369280281015334,0.1118345256380804
2023-10-26,USDKES,149.7894,150.1059,149.2037,149.70538393715256,-0.005203165578525959,0.005046724812804799,0.007062846255386873,0.080114272740363,0.11211920844022473
2023-10-27,USDKES,150.4499,150.6188,150.2283,150.32177856588697,0.004117384508984578,0.0053606166489873555,0.007104183764799305,0.08509715116303782,0.11277542105856925
2023-10-30,USDKES,150.8851,150.9379,150.6153,150.83057995433816,0.0033847483265918576,0.004999885959900887,0.007089984485338502,0.07937072900148727,0.1125500144850717
2023-10-31,USDKES,152.0963,152.6599,151.6551,152.1534153106465,0.008770339255532944,0.005471527202603699,0.007236674483922578,0.08685780161888586,0.11487864602151499
2023-11-01,USDKES,152.3834,152.6375,152.2318,152.29194389998577,0.0009104533674544335,0.005461443287096371,0.006721264985784375,0.08669772442284078,0.10669677388890923
2023-11-02,USDKES,151.6746,151.9857,151.5504,151.62085947350718,-0.004406565503683568,0.005786403260109829,0.00645469375069713,0.09185630407070401,0.10246508672056412
2023-11-06,USDKES,152.7684,152.8357,152.1098,152.51525424969782,0.005898890029355952,0.005188395005498995,0.006482188605833557,0.08236321732871964,0.1029015540147125
2023-11-07,USDKES,153.4822,153.639,152.9439,153.28327260166864,0.005035682206013581,0.004191549010155348,0.006468641422062468,0.06653877773406,0.10268649913937096
2023-11-08,USDKES,153.3515,153.3592,152.3885,153.0936037285894,-0.0012373748932941186,0.004512438909549046,0.006362784194520737,0.07163274696622957,0.10100606774804577
2023-11-09,USDKES,152.49,152.5815,152.2623,152.38082945444083,-0.004655807014721458,0.005249230434538348,0.006003382716520821,0.08332894982555991,0.0953007461583448
2023-11-10,USDKES,151.5111,151.8465,151.2688,151.53052845820963,-0.00558010478926696,0.004697894198336892,0.005874214293427091,0.0745767584069554,0.09325026100985451
2023-11-13,USDKES,150.6194,150.6254,150.3172,150.57793367968782,-0.006286487536302121,0.00508946868233809,0.00588892003540793,0.08079281063350907,0.0934837074266104
2023-11-14,USDKES,150.4533,150.7635,149.9788,150.56038241177498,-0.00011655936221155461,0.004952267296846058,0.005833791433240895,0.07861480616023653,0.09260856799784685
2023-11-15,USDKES,149.733,149.9071,149.5936,149.86482245096354,-0.004619807346856519,0.004021337149778531,0.005400828307732034,0.06383674821755576,0.08573549145610071
2023-11-16,USDKES,149.4882,149.5386,148.8579,149.31096823398084,-0.003695691943744306,0.0022685437893615,0.005181084319047535,0.03601201622946374,0.08224716377913724
2023-11-17,USDKES,149.43,149.8218,149.2208,149.42801856086453,0.0007839365605095683,0.0027234713570598347,0.0048183650936397945,0.043233767481527505,0.07648917458211207
2023-11-20,USDKES,150.3127,150.3484,149.9963,150.16802716254594,0.004952274739425722,0.004093011761249456,0.00464204908116098,0.06497454740117123,0.07369024465504706
2023-11-21,USDKES,152.3104,152.7321,151.8977,152.39553427022247,0.014833431255412366,0.007243546250373923,0.005388391751967641,0.11498773193210284,0.08553806725378808
2023-11-22,USDKES,153.0344,153.0487,152.7271,153.02654360632755,0.004140602538826421,0.006576156493556404,0.005413112305088153,0.10439324798755666,0.0859304938687611
2023-11-23,USDKES,152.4725,152.9936,152.0371,152.23728241877686,-0.005157675060485811,0.007140009360591932,0.005399798716299162,0.11334413476079733,0.08571914719880042
2023-11-24,USDKES,151.5543,151.8438,151.4816,151.65252349156236,-0.0038411019818780368,0.007032106317777508,0.005444617012625528,0.1116312270588326,0.0864306155963914
2023-11-27,USDKES,150.2154,150.3598,149.7014,150.32208975066317,-0.008772908688019387,0.00789257878353564,0.005683383614672195,0.12529080398531994,0.09022091789881184
2023-11-28,USDKES,150.3457,150.5698,149.7566,150.1752,-0.0009771667684158603,0.007928275554816061,0.005679052533718154,0.12585747266181563,0.09015216412013695
2023-11-29,USDKES,150.9429,151.2754,150.8174,150.95395946365426,0.005185672891757642,0.007949407275218834,0.005532162764538468,0.12619292832357976,0.08782036132380218
2023-11-30,USDKES,150.3197,150.3365,149.7066,150.29047765423715,-0.004395259400776785,0.005088425914889745,0.0055791609260346245,0.0807762572134475,0.08856643400817867
2023-12-01,USDKES,151.8967,152.4103,151.7198,152.04175196597552,0.011652596618711986,0.0070188609418789655,0.005862550139716668,0.11142096323493793,0.09306509831002364
2023-12-04,USDKES,151.8159,152.0107,151.4934,151.67705254438684,-0.0023986794210993923,0.0068144682523570005,0.005758869954210793,0.10817632987728938,0.0914192263896221
2023-12-05,USDKES,150.6282,150.8741,150.4305,150.60395987915055,-0.007074851780378921,0.007178096532557986,0.0058967312317749565,0.1139487498717809,0.09360770632478466
2023-12-06,USDKES,150.637,150.8279,150.3548,150.5250598900504,-0.0005238905349067569,0.006307680317600695,0.005896684239951647,0.10013132082041012,0.09360696035271589
2023-12-07,USDKES,150.6969,150.7525,150.1831,150.4608,-0.00042690492930097523,0.006293836424062878,0.0057581282458746596,0.09991155582354261,0.0914074521348056
2023-12-08,USDKES,149.1485,149.6349,148.4753,148.9960417057815,-0.009735148917316083,0.006859999978047328,0.005955670098595102,0.10889912361493069,0.09454333182975704
2023-12-11,USDKES,148.3219,148.6072,147.4135,148.4711984003291,-0.0035225318702680752,0.006813661199862169,0.005930582483717543,0.1081635183161116,0.09414507829003431
2023-12-12,USDKES,148.4844,149.0681,148.4159,148.5482311781231,0.0005188398734838895,0.0038093519522664297,0.005890531056206927,0.06047158753209219,0.093509281588957
2023-12-13,USDKES,148.0709,148.2232,147.8339,148.06169480477865,-0.003275275440749237,0.003788790731151778,0.005642774069570551,0.060145188265765114,0.08957626135564538
2023-12-14,USDKES,145.5669,145.8638,145.5549,145.6828792906953,-0.016066380418107817,0.006067628017411345,0.00627188839657206,0.09632060869270986,0.09956314168848793
2023-12-15,USDKES,145.0213,145.1459,144.7846,145.1286962622514,-0.003804036762192764,0.00581090099171291,0.006263081923608121,0.09224519350374577,0.09942334326414674
2023-12-18,USDKES,146.0222,146.0641,145.4973,145.76475175422158,0.0043826996889768655,0.006686040259896112,0.00620770218694283,0.10613759870070466,0.09854421719881512
2023-12-19,USDKES,146.0431,146.3387,145.8436,145.96538624243624,0.0013764266449887153,0.006553778493663048,0.006110258054051876,0.10403800825221556,0.09699733954470435
2023-12-20,USDKES,145.529,145.5812,145.2948,145.4529656246086,-0.0035105625451267164,0.006553594486431973,0.006119549683446161,0.1040350872279784,0.09714483958861549
2023-12-21,USDKES,145.2642,145.59,145.2035,145.4212592890582,-0.00021798342449896868,0.006494976406852632,0.006098913369119843,0.1031045540625836,0.09681724825450912
2023-12-22,USDKES,143.3718,143.4725,143.0985,143.30545904373014,-0.014549456218931778,0.007830426871785878,0.006509843669595012,0.12430417297333732,0.10334056454193917
2023-12-25,USDKES,143.2058,143.2547,142.8301,143.2279,-0.0005412148584407195,0.006045605279179842,0.006458773588551231,0.09597100856141447,0.10252985213867263
2023-12-26,USDKES,145.5614,145.7805,145.3594,145.47344754035714,0.01567814329720063,0.009039531410543448,0.007190140318968033,0.14349811248512925,0.11413993905388828
2023-12-28,USDKES,144.6177,144.8089,144.6065,144.74194559935248,-0.005028422391665233,0.009043806896459332,0.007197381978765266,0.1435659837199336,0.11425489683930516
2023-12-29,USDKES,144.8201,144.8716,144.0492,144.65712853794838,-0.0005859881256458088,0.008989183612001475,0.0071815872251060585,0.14269886596111941,0.11400416289809442
2024-01-01,USDKES,145.7857,146.1573,145.7553,146.0380219836285,0.009545975781745764,0.00976338933252467,0.00743171888097747,0.1549890007617671,0.11797487983685769
2024-01-02,USDKES,145.4483,146.0739,145.3499,145.47723659340892,-0.0038399957942627516,0.009909738737786252,0.0073727129432674355,0.15731222554683322,0.11703818961451617
2024-01-03,USDKES,146.639,147.3244,146.1467,146.78636418419646,0.00899884835210596,0.00790278383184003,0.007007711305931046,0.12545280410490484,0.11124396825137532
2024-01-04,USDKES,146.4227,146.5221,146.2163,146.4258288698665,-0.0024561907799387495,0.008095221739296544,0.00693666219966978,0.12850766118061444,0.11011609865513106
2024-01-05,USDKES,145.9764,146.2883,145.566,146.060066811673,-0.002497934012165026,0.006086971371513517,0.006904502032040198,0.0966276749195671,0.1096055718211109
2024-01-08,USDKES,146.0767,146.2762,145.691,145.8807145438426,-0.0012279349978777665,0.00565649067730757,0.0068885444632424435,0.08979400575306684,0.10935225326970253
2024-01-09,USDKES,147.0984,147.1774,146.5918,146.99197668062305,0.007617608264774978,0.006075124885639238,0.006922822865738507,0.09643961778636681,0.10989640603977349
2024-01-10,USDKES,147.7283,147.8493,147.197,147.26070544327823,0.0018281866039466799,0.005175924231807468,0.0069382053678625965,0.08216524993365357,0.11014059569074708
2024-01-11,USDKES,148.2552,148.3926,147.9786,148.28451144410184,0.006952336658593294,0.005028586848487762,0.006996519112052954,0.07982634148313192,0.11106629768161543
2024-01-12,USDKES,148.7736,148.8765,148.5212,148.81173164100804,0.0035554636945676066,0.0042628883510358595,0.006997243595168647,0.06767125466205058,0.11107779849453456
2024-01-15,USDKES,148.432,148.5616,148.2315,148.43399976280526,-0.0025383205614059046,0.004277181609557244,0.006631032438197282,0.0678981531068846,0.10526437660243372
2024-01-16,USDKES,148.7531,148.767,148.3647,148.6583,0.001511110914973468,0.00382607287530652,0.0066365188896973315,0.060737023956425364,0.10535147131992982
2024-01-17,USDKES,149.7046,150.0045,149.6195,149.6236838698291,0.0064939789425084715,0.003672675166261033,0.006645818405177612,0.05830191081749695,0.10549909655157513
2024-01-18,USDKES,149.0106,149.0116,148.799,148.95616712621094,-0.004461304028571367,0.0042757520399821685,0.006691235782746847,0.06787545939341952,0.10622007506906864
2024-01-19,USDKES,149.4721,149.7451,148.9391,149.36085674049357,0.0027168369198149467,0.004286238823508732,0.006714203483964474,0.06804193192100506,0.10658467602272069
2024-01-22,USDKES,149.7993,149.926,149.7457,149.8632,0.0033632858733478876,0.0037850526838049937,0.006496657066794871,0.060085848603753655,0.10313123371205742
2024-01-23,USDKES,149.4877,149.7819,149.1433,149.7433,-0.0008000629907809476,0.0037525667672742807,0.006461584940552366,0.059570150666240045,0.10257448096812984
2024-01-24,USDKES,149.1304,149.9681,148.9606,149.49719992384652,-0.0016434797159771142,0.003629212361278278,0.006471165960579193,0.05761196017790294,0.10272657494591371
2024-01-25,USDKES,150.4104,150.5771,150.3355,150.39307056034423,0.005992557967333667,0.004094539033892773,0.006518973703953519,0.06499879210276167,0.10348549934418368
2024-01-26,USDKES,149.5167,149.6184,149.0013,149.508728357837,-0.005880205778180492,0.0043272841653352895,0.0058556547474964945,0.06869350652270931,0.09295563735198267
2024-01-29,USDKES,148.5504,149.0119,148.0813,148.7388,-0.005149721800818408,0.004448986978197925,0.005897783890424575,0.07062547878285871,0.09362441676279866
2024-01-30,USDKES,149.5478,149.8932,148.6555,149.09195558300974,0.002374333953277352,0.004413300595772613,0.005867459528146098,0.07005897502432518,0.09314303243526578
2024-01-31,USDKES,148.7971,149.1808,148.5681,148.74134145260794,-0.0023516636362488352,0.004154708846452234,0.005893576906068573,0.0659539582655559,0.09355763295654553
2024-02-01,USDKES,147.6399,147.7935,147.4113,147.60508347550393,-0.007639153755151784,0.004830988930172515,0.0060403329810865755,0.07668957177445473,0.09588731342385896
2024-02-02,USDKES,146.8817,147.1907,146.6883,147.0356301956247,-0.0038579516807342173,0.004872831526846824,0.0060917438408256775,0.07735380240451113,0.09670343552120508
2024-02-05,USDKES,147.4862,147.7289,147.1811,147.34933478272762,0.0021335276809135717,0.003889624659099539,0.005403957429659288,0.06174587724817061,0.08578516472674978
2024-02-06,USDKES,150.0243,150.698,149.6428,150.25569655656506,0.019724295180042484,0.009134318102259101,0.0063890027559550455,0.14500280456839826,0.10142227450778007
2024-02-07,USDKES,150.6915,150.9304,150.2735,150.5955044967706,0.0022615311631637436,0.008758619872818164,0.005814598335284727,0.1390387800697502,0.09230388701336131
2024-02-08,USDKES,150.6034,150.9815,150.2161,150.60750375990557,7.967876049863598e-05,0.008776744096513956,0.005700489184626622,0.13932649320138124,0.09049246040361242
2024-02-09,USDKES,150.0666,150.6562,149.5567,150.18546890399867,-0.0028022166583392405,0.008811100024372787,0.005740537764021093,0.13987187664843329,0.09112821189224761
2024-02-12,USDKES,149.3418,150.0424,149.0268,149.1040859205269,-0.007200316990474076,0.00873720054846359,0.0057218822810104234,0.1386987588367908,0.09083206528044348
2024-02-13,USDKES,149.2013,149.5846,148.993,149.03943306326218,-0.0004336088904980384,0.008480821891157748,0.005661992160175594,0.13462887382461536,0.08988133908613208
2024-02-14,USDKES,149.67,149.7796,149.6443,149.68694422847133,0.004344562723439083,0.008529132333100247,0.005491413711552659,0.13539577831526023,0.08717349016163112
2024-02-15,USDKES,148.6131,148.9262,148.4015,148.7831561446296,-0.006037855128248615,0.004216035686983393,0.0055995260849110995,0.06692749167798849,0.0888897208829635
2024-02-16,USDKES,146.4456,146.723,146.1835,146.46487918141088,-0.015581582104396086,0.0064412453091428215,0.006309420639945191,0.10225159932931958,0.10015894758115787
2024-02-19,USDKES,147.2197,147.3818,146.9371,147.12807841226075,0.004528042726396064,0.007091381825723444,0.0063546417431717735,0.11257219657600448,0.10087681034005498
2024-02-21,USDKES,148.5671,148.9733,148.1493,148.41280514404798,0.008732029573494282,0.008441129647556255,0.006401954419787048,0.1339987789913289,0.101627875797164
2024-02-22,USDKES,149.4248,149.4524,149.1607,149.3534789252073,0.006338225197255021,0.008511943058546032,0.00649043667396591,0.13512290704113183,0.10303248803716204
2024-02-23,USDKES,150.5676,150.5898,150.5077,150.5224557700029,0.007826914064593016,0.008959011636755904,0.006522345873417848,0.14221990070273915,0.10353903087487197
2024-02-27,USDKES,150.714,151.4222,150.1397,150.31386317006067,-0.001385790571082346,0.00891212760781906,0.006505415925479256,0.14147563981657327,0.10327027628314325
2024-02-28,USDKES,150.8809,151.1512,150.3628,150.7498439128881,0.0029004692822922618,0.00842429003475724,0.006497776718812041,0.133731458425484,0.1031490076368116
2024-02-29,USDKES,148.9292,149.2744,148.68,149.02109755173143,-0.01146764942692513,0.007028679350367955,0.006853008481531409,0.11157682563773179,0.10878813704849091
2024-03-01,USDKES,148.5977,148.624,148.2834,148.56981969293025,-0.00302828167430802,0.007241617546928367,0.006766814270622115,0.11495711471408443,0.10741984636937427
2024-03-04,USDKES,147.9274,148.3231,147.5834,147.67571979094143,-0.006018045278891604,0.006895925381152891,0.006806365320778038,0.1094694217091331,0.10804769982619834
2024-03-05,USDKES,146.7478,147.2523,146.6832,147.02924431388206,-0.004377669382445215,0.006233091837373429,0.006822405479792081,0.09894726540430049,0.10830232945664488
2024-03-06,USDKES,146.4799,146.6139,146.3547,146.35838391125134,-0.0045627684870538365,0.004391125940895318,0.006821034469749715,0.06970696329104113,0.10828056534694244
2024-03-07,USDKES,147.2969,147.4919,147.1072,147.311797583572,0.006514240228962853,0.005921081953376895,0.006949292117770204,0.09399426204640685,0.11031659238936807
2024-03-08,USDKES,146.7237,146.8612,146.2959,146.82335503467587,-0.0033157055776136257,0.005351398805569698,0.0069652838346847545,0.08495082243519309,0.11057045302532513
2024-03-11,USDKES,145.7807,145.8796,145.2907,145.68624055168448,-0.007744779314727168,0.004587069728535794,0.006969985909081061,0.07281747448930964,0.11064509614231764
2024-03-12,USDKES,146.5279,146.8911,146.4783,146.5436095118308,0.005885037302765461,0.005740859258726836,0.00701883804478225,0.09113331546248292,0.111420599754796
2024-03-13,USDKES,146.5175,146.8946,145.7648,146.6497542752024,0.000724322020763779,0.005504470780559543,0.006970568632047781,0.08738076470629286,0.11065434658263677
2024-03-14,USDKES,145.8608,146.7783,145.3979,145.6292,-0.006959127072843518,0.00584574245006314,0.007048117281686833,0.09279828450840291,0.11188539323135963
2024-03-15,USDKES,144.6454,144.6751,144.1679,144.65563037119475,-0.0066852638674472775,0.006090025909110653,0.007125864520090691,0.09667616420068101,0.11311959237899158
2024-03-18,USDKES,145.6966,145.9831,144.8876,145.84165952435714,0.008198983683656014,0.0064870091908920645,0.007195987670008893,0.10297807843014438,0.11423276287398394
2024-03-19,USDKES,144.199,144.3856,143.6237,144.14848029738965,-0.011609708998715162,0.007560864047568733,0.007459687066844366,0.12002499579981663,0.11841886102341032
2024-03-20,USDKES,143.0144,143.2975,142.9385,142.99940796635778,-0.007971449498886507,0.007587017193717811,0.007557908114655648,0.12044016412409093,0.11997807181953533
2024-03-21,USDKES,143.7487,144.0979,143.5151,143.67957725766064,0.0047564483026592,0.007385193011310345,0.006574727780319153,0.11723630455283639,0.10437056786803312
2024-03-22,USDKES,143.5912,143.7692,143.4041,143.67911542575786,-3.2143183575916723e-06,0.007332385595303199,0.006543335095408072,0.11639801281202736,0.10387222444446513
2024-03-25,USDKES,143.7136,143.9395,143.2779,143.58209484104208,-0.0006752587836323931,0.007134042238922017,0.0065383203474278515,0.11324940964090857,0.10379261778820517
2024-03-26,USDKES,143.9714,144.3574,143.6788,143.90197775879727,0.0022278747089554685,0.006951194119985893,0.006570060491111206,0.1103467857385029,0.10429647694878685
2024-03-27,USDKES,145.7221,146.1075,144.8896,145.52289990466235,0.011264071356837047,0.0076667463408078935,0.00686639828910927,0.12170582509675283,0.10900069365421508
2024-03-28,USDKES,144.3058,144.5426,144.1428,144.34643611634846,-0.008084389392216895,0.006873819670992826,0.006993711122663594,0.10911850443930506,0.11102172223196528
2024-03-29,USDKES,143.7959,144.2485,143.7462,143.8944,-0.0031316056600393383,0.0061144547003925825,0.0069280352647071814,0.09706395924005234,0.10997915030820446
2024-04-01,USDKES,144.6391,145.1349,144.5509,144.7192788633974,0.005732529295076061,0.006226948687569343,0.0069830394376360445,0.09884974592441113,0.11085231448404784
2024-04-02,USDKES,143.7327,144.2354,143.6243,143.79935659806176,-0.0063565979084511115,0.006838554700836624,0.006500649148642263,0.10855869039315251,0.1031946060467471
2024-04-03,USDKES,143.558,143.7243,143.2689,143.5515668097052,-0.0017231634008569863,0.006870757241696456,0.006430696322174097,0.10906988988134958,0.10208413935270215
2024-04-04,USDKES,144.6159,144.87,144.0678,144.4591203141198,0.006322142799163322,0.007256474803268498,0.006321647685266695,0.11519296634672878,0.10035304590829676
2024-04-05,USDKES,144.5109,144.6522,144.3092,144.65063863816127,0.0013257613892776465,0.00559955711351624,0.006189133111988612,0.08889021344679987,0.09824944227238284
2024-04-08,USDKES,144.8237,145.1424,144.454,144.55,-0.0006957358716749296,0.004617819759502916,0.005959069902337385,0.07330561609778888,0.09459730204100808
2024-04-10,USDKES,142.1887,142.5988,142.0053,142.15678491984977,-0.01655631324905049,0.0078756497311892,0.006575623981282825,0.1250220636106759,0.10438479461728079
2024-04-11,USDKES,142.8689,142.9023,142.5511,142.7793299788548,0.0043792848815202845,0.007676684294756342,0.006617771933096849,0.12186358522488328,0.10505387260990463
2024-04-12,USDKES,143.6777,143.8768,143.3527,143.78336964462125,0.007032107980301738,0.008040726028937642,0.006546222965266745,0.12764256859783768,0.10391806795725374
2024-04-15,USDKES,143.5577,143.749,143.392,143.4738814702424,-0.002152461547839657,0.008057785411623008,0.0065396050376051095,0.12791337790247223,0.10381301161252993
2024-04-16,USDKES,143.0604,143.2201,142.8599,143.20755300253282,-0.0018562853738979257,0.007557356688367962,0.0064764394160238496,0.11996931819859373,0.10281028845585295
2024-04-17,USDKES,143.6483,144.0869,143.4743,143.56241312762495,0.0024779428015633265,0.007634141400832566,0.006474218507601619,0.12118823772063139,0.10277503262763373
2024-04-18,USDKES,143.9765,144.1833,143.5037,143.85066153565796,0.002007826434184956,0.00772310265307486,0.006452757937392842,0.12260045381915538,0.10243435663703734
2024-04-19,USDKES,145.4565,145.6176,145.2145,145.29149047337515,0.010016143981096848,0.004447059478666004,0.006614706354911233,0.07059488067637677,0.10500520806488205
2024-04-22,USDKES,146.109,146.6268,146.0844,146.22657781566616,0.006435940186478861,0.004608425099566197,0.006707422012059029,0.07315648049472138,0.10647702349361203
2024-04-23,USDKES,147.2376,147.2782,146.3778,147.0786545647939,0.005827099025745408,0.00447161718905851,0.006632269158872546,0.07098472224318307,0.10528400893452174
2024-04-24,USDKES,147.6891,147.8832,147.2087,147.5430908579801,0.0031577409690104474,0.003802550594164007,0.006572037323232329,0.06036361931939316,0.10432785818584416
2024-04-25,USDKES,147.1984,147.5363,146.6964,147.43106500987716,-0.000759275459470854,0.0035336062223192844,0.006573907396862205,0.056094259772923455,0.10435754468439233
2024-04-26,USDKES,147.3624,147.4278,146.9649,147.1137260758395,-0.002152456363361366,0.004260878721231692,0.0064508777280518894,0.06763935277791579,0.10240450923906393
2024-04-29,USDKES,148.8156,149.0108,148.7167,148.8489,0.01179477925306549,0.005191844310671321,0.0066348057174270055,0.0824179733508113,0.10532427555324805
2024-04-30,USDKES,148.3498,148.3869,147.8762,148.09311322696317,-0.0050775435561620785,0.005811603742030895,0.006578836931858908,0.09225634931919674,0.10443579862647513
2024-05-01,USDKES,147.5473,147.9959,147.1285,147.39704065055886,-0.004700235961259902,0.0061478517249768105,0.006251949153533533,0.09759412056952861,0.09924661601802301
2024-05-02,USDKES,145.9404,146.3838,145.6402,145.77224975783756,-0.011023226012883636,0.007219416342086575,0.006421481977923207,0.11460468151318014,0.1019378661724078
2024-05-03,USDKES,147.1607,147.6272,147.0858,147.13747472993188,0.009365465473451184,0.00816999348892308,0.0065761339149936005,0.12969462590824443,0.10439288956398383
2024-05-06,USDKES,146.0851,146.4386,145.8196,146.13202869998022,-0.006833378320493355,0.008533374703417486,0.006722016373199384,0.13546312385623335,0.10670870179433949
2024-05-07,USDKES,145.8195,145.9757,145.5364,145.8474017222836,-0.0019477384953096033,0.008530046008127574,0.006734254811750252,0.13541028245666886,0.10690298098338755
2024-05-08,USDKES,145.6394,146.1754,145.1911,145.5799624646494,-0.0018336923008297479,0.006344138949752488,0.006740056677667999,0.10071008366330148,0.10699508274953855
2024-05-09,USDKES,144.9678,145.1752,144.6054,144.72255355152376,-0.005889608010675618,0.006392499954440565,0.006511095835028446,0.10147779081264877,0.10336044205196225
2024-05-10,USDKES,145.2257,145.4343,144.9868,145.1478,0.0029383564485325753,0.006748911034098763,0.006357898271797016,0.1071356413003505,0.1009285061293335
2024-05-13,USDKES,146.1891,146.3681,145.8407,145.9457446208049,0.005497462729747937,0.005984234379132821,0.006396856743679274,0.09499677572585075,0.10154695269769085
2024-05-14,USDKES,144.7756,144.9387,144.6656,144.7980742169948,-0.007863678429213428,0.0050492513954652546,0.0064936557047096605,0.08015438099668147,0.10308358856602585
2024-05-15,USDKES,145.9527,146.2138,145.5986,145.73470504556678,0.00646853097761757,0.005528570600745229,0.0064802702384357674,0.08776333749140905,0.10287110087636568
2024-05-16,USDKES,146.8793,147.1712,146.5595,146.83080644420886,0.00752121053320387,0.0061977549461650705,0.006591418161010014,0.09838630964683973,0.10463551944760319
2024-05-17,USDKES,145.7843,146.0566,145.6772,145.90354371794038,-0.006315178324793891,0.006743876655124826,0.006628343965444234,0.10705572301172638,0.1052216984205669
2024-05-20,USDKES,146.8194,147.6284,146.4551,146.59179375511383,0.004717157785447457,0.006287927764719564,0.006674268271316746,0.09981775876431737,0.10595072417539847
2024-05-21,USDKES,147.1198,147.3585,146.9122,147.21817588964282,0.004272968619071449,0.0063463208400876174,0.006706019471037543,0.10074472009859009,0.10645475884513352
2024-05-22,USDKES,147.6242,148.534,147.5262,147.5609994485557,0.0023286768555661475,0.006169363594779997,0.005871370157673813,0.09793561091594,0.09320511175446602
2024-05-23,USDKES,147.9165,148.0254,147.5722,147.77483676108025,0.0014491451896074814,0.004593929062431523,0.005842008732048945,0.07292636303919556,0.09273901357241571
2024-05-24,USDKES,147.4309,147.5054,146.6979,147.29681970678644,-0.0032347662482392625,0.004804001385822648,0.005786824077481223,0.07626115778937828,0.09186298433937652
2024-05-27,USDKES,147.1522,147.3271,147.0662,147.16413555791735,-0.0009007943900840587,0.004050147134613512,0.0057691299664468015,0.06429409254844916,0.09158209903457186
2024-05-28,USDKES,149.642,150.0691,149.4655,149.7806812118543,0.017779777960284404,0.006779512562302627,0.0065155918207435975,0.10762142550054622,0.10343181361256458
2024-05-30,USDKES,148.4198,148.4759,147.9539,148.1410969686229,-0.01094656687341633,0.008722574652733506,0.006897171134765099,0.13846657993997066,0.10948919743464967
2024-05-31,USDKES,148.2589,148.6069,147.5278,148.16844260869394,0.00018459185621422236,0.008645260444714815,0.006896655263003608,0.13723925493659442,0.10948100822431384
2024-06-03,USDKES,146.7482,146.91,146.7213,146.8771865936877,-0.008714784283832877,0.009332377812698647,0.006900996439594017,0.14814690499978525,0.10954992226624766
2024-06-04,USDKES,147.2743,147.438,146.9424,147.07490340191015,0.001346136951611232,0.009328640428888717,0.006809055356702509,0.1480875758710948,0.10809040282264223
2024-06-05,USDKES,146.9602,147.3526,146.9327,147.22976135278262,0.0010529189364774094,0.009270525713633314,0.006728689142421231,0.14716503336662004,0.1068146287218423
2024-06-06,USDKES,146.7261,146.9492,146.6278,146.8518936513638,-0.0025665171086801664,0.009317908480016773,0.00671885610448467,0.14791721146430548,0.10665853408376787
2024-06-07,USDKES,147.8948,147.9589,147.4615,147.78442238631337,0.006350130813862265,0.0060607097233350395,0.006820674803011416,0.09621078417897357,0.10827485581447603
2024-06-11,USDKES,149.2463,149.3263,149.0075,149.16612474081828,0.00934944517286862,0.005862617639249564,0.007010199309572255,0.09306616983188959,0.11128346408474929
2024-06-12,USDKES,149.7048,150.2179,149.4304,149.65000287615595,0.0032438875527431854,0.005905550110914194,0.0067015641251394874,0.09374770169105322,0.10638403242162736
2024-06-13,USDKES,147.8985,147.961,147.6745,147.9390091385386,-0.011433302403831447,0.006717949244619866,0.006969293041062678,0.10664413812971033,0.11063409720350946
2024-06-14,USDKES,147.7333,148.1471,147.5381,147.7056081462509,-0.0015776838958623252,0.006786932697586924,0.006919992165477743,0.10773921649648646,0.10985147006621661
2024-06-18,USDKES,146.7065,147.2774,146.3946,146.72786779799227,-0.006619520819348468,0.007307090305451298,0.006719875236978662,0.1159964625342908,0.10667471231056062
2024-06-19,USDKES,147.8208,148.4903,147.814,147.86,0.0077158635165774925,0.00782904240989796,0.00664900156892329,0.12428219532220687,0.1055496277094959
2024-06-20,USDKES,150.0369,150.5304,149.7486,150.22083390648623,0.015966684069296688,0.009572972550551045,0.007106480524813622,0.1519662280584346,0.11281188099348373
2024-06-21,USDKES,148.823,149.1403,148.5231,148.6983167323571,-0.010135193198813508,0.010029875468018916,0.007373583373411737,0.15921933701595373,0.11705200726468902
2024-06-24,USDKES,148.9255,149.2973,148.5713,148.66434260074695,-0.00022847690785443575,0.009904380229537074,0.007360588403942655,0.15722716186547955,0.11684571851962862
2024-06-25,USDKES,150.6096,150.8047,150.4869,150.62205311529598,0.013168662238036921,0.009909370923177025,0.007588887720154919,0.1573063866709257,0.1204698578107311
2024-06-26,USDKES,149.2875,149.3664,149.2146,149.2890964204871,-0.00884967816624127,0.010766065614338006,0.007806433209390004,0.17090599328485312,0.12392328539089059
2024-06-27,USDKES,146.4481,146.5404,145.9666,146.2679,-0.020237220888373653,0.013401207859099344,0.008658898219599906,0.21273757957836711,0.1374557479012878
2024-06-28,USDKES,146.1389,146.4907,145.931,146.34977329936748,0.0005597489221318419,0.012946702474221968,0.008526997438947168,0.2055225302708157,0.13536188792123327
2024-07-01,USDKES,146.8332,147.3376,146.2087,146.94337472326976,0.004056046077283826,0.010906838004946063,0.008478941005183961,0.17314068570693092,0.1345990156854287
2024-07-02,USDKES,146.4753,146.6388,145.9289,146.2228692816098,-0.004903286337453738,0.010516269347049167,0.008417786506704984,0.1669406004747822,0.1336282181182592
2024-07-03,USDKES,149.9302,149.9811,149.6198,149.73094072345785,0.023991263877416236,0.014543063307901014,0.009407084690219291,0.2308639728826467,0.14933283991465998
2024-07-05,USDKES,149.2581,149.5693,148.8366,149.35577238016847,-0.0025056166846789685,0.013550138324626922,0.00939860929479657,0.21510177742492942,0.14919829718335123
2024-07-08,USDKES,149.47,149.9114,149.3836,149.65431354633472,0.001998859243326434,0.013133639806496174,0.0093776570523815,0.2084900684225241,0.14886569064631475
2024-07-09,USDKES,149.1017,149.3867,148.7325,149.18701151912265,-0.0031225429868240173,0.009822104421203464,0.009395593885295091,0.15592107389887427,0.14915042904149964
2024-07-10,USDKES,148.9999,149.4874,148.9824,149.1158128449056,-0.00047724445641783575,0.009870418550151987,0.00939481508932236,0.15668803691892527,0.1491380660387042
2024-07-11,USDKES,148.0386,148.281,147.9638,148.2467050994642,-0.005828407657512136,0.010343086408540203,0.009440702770409454,0.16419140655509754,0.14986651039309157
2024-07-12,USDKES,149.6463,150.221,149.3509,149.84965455133053,0.010812715539214368,0.010475088251691146,0.009631454731451848,0.16628687085257485,0.1528946038991879
2024-07-15,USDKES,149.1646,149.3801,148.3602,149.25789033876123,-0.003949052897993854,0.005558540219269675,0.00910109165559689,0.088239090436428,0.14447535107948686
2024-07-16,USDKES,147.5585,147.908,147.0294,147.54496342995566,-0.011476290499067399,0.006969497053628316,0.009123394739266984,0.11063733580258751,0.14482940155665247
2024-07-17,USDKES,148.4041,148.4981,147.9344,148.46131918305596,0.006210688130573461,0.007505302388726855,0.009195797002322294,0.11914298180946169,0.14597875185106826
2024-07-18,USDKES,149.0753,149.5314,148.7283,149.2100214291503,0.005043079572606857,0.007771769399635039,0.009083065516318274,0.12337301447025643,0.1441891949897079
2024-07-19,USDKES,148.1665,149.0585,147.9145,148.15320690105676,-0.007082731561668831,0.00823346497654624,0.00918783519270256,0.13070220453780965,0.14585236204162913
2024-07-22,USDKES,148.8202,149.0493,148.7602,148.92199115068348,0.005189116494387802,0.008186294835565211,0.00923070180380348,0.12995340176374767,0.14653284839675604
2024-07-23,USDKES,149.668,149.7168,149.2905,149.6869309167797,0.005136513151521083,0.007241755527829577,0.009251813558983335,0.1149593050929861,0.1468679871204319
2024-07-24,USDKES,149.6419,149.8352,149.4805,149.61972817310368,-0.00044895531803890165,0.007052697908783899,0.00919117568245442,0.11195810843224499,0.1459053906724726
2024-07-25,USDKES,147.7967,148.3027,147.5886,147.6681398683286,-0.013043656265149473,0.007501950792511578,0.009351595433685377,0.11908977686897733,0.14845197527531234
2024-07-26,USDKES,148.4195,148.7349,148.0432,148.6664886355992,0.006760759417439477,0.007578585940217223,0.009419275585406789,0.12030632212407236,0.1495263643762122
2024-07-29,USDKES,147.9259,148.3539,147.5156,147.8303053242517,-0.005624558157131809,0.00751989226234605,0.009237864755421153,0.11937458887299919,0.14664655672855734
2024-07-30,USDKES,146.3625,146.5062,146.2058,146.5019373292391,-0.00898576237192339,0.007793147940509534,0.009379873185713193,0.12371238828554049,0.1489008706723217
2024-07-31,USDKES,144.1113,144.3032,143.8674,144.21130306229142,-0.015635522019069592,0.008702892529182315,0.009729564270375695,0.13815413591483006,0.15445204454660216
2024-08-01,USDKES,144.1335,144.6894,144.077,144.33269794407872,0.0008417847922423949,0.00803181902707726,0.009608849274851176,0.1275011743267391,0.15253575340055725
2024-08-02,USDKES,144.7535,144.8557,144.418,144.67677502266065,0.0023839163507859418,0.008373010797372168,0.009100063736311215,0.13291742576823234,0.1444590333667004
2024-08-05,USDKES,144.3516,144.7459,144.1347,144.1731097996782,-0.0034813135895762626,0.007533823369025681,0.008955028596897197,0.11959573833557248,0.14215667190516998
2024-08-06,USDKES,143.7808,144.0435,143.229,143.72314461688816,-0.00312100629177825,0.0061047155494752,0.008962105509060358,0.09690935501220242,0.1422690144029738
2024-08-07,USDKES,143.6785,144.0887,143.6676,143.9524504275658,0.0015954689224819685,0.006537415425530045,0.008567702682290476,0.10377825259841997,0.13600806362688983
2024-08-08,USDKES,144.1677,144.1811,143.7929,144.14454632335065,0.0013344399155019726,0.006325864515829958,0.00846650894327659,0.1004199860182445,0.13440166282088473
2024-08-12,USDKES,142.3801,142.613,142.1367,142.45928398309337,-0.011691474864937601,0.004970257976261963,0.007928251403056143,0.07890039934214597,0.12585708926451283
2024-08-13,USDKES,144.3811,144.4481,144.139,144.2418,0.012512459469599557,0.007360825763769774,0.008293400286154405,0.11684948649007137,0.1316536480816588
2024-08-15,USDKES,143.169,143.2948,143.0909,143.1686361435769,-0.007440033724087747,0.007742331805095686,0.00834344064133621,0.12290570714417394,0.13244801409362922
2024-08-16,USDKES,144.2114,144.3182,143.7549,143.9498556450553,0.005456638566389227,0.00808482582795693,0.0083834876533675,0.1283426312042755,0.13308374070114523
2024-08-19,USDKES,143.3535,143.942,143.0211,143.3266236245932,-0.004329507783591202,0.008170214424169623,0.007014709100046239,0.12969813314655368,0.1113550547891043
2024-08-20,USDKES,143.8739,144.1299,143.3464,143.78296498604556,0.0031839259860584335,0.008255387981555059,0.007061444621862584,0.13105022145327697,0.1120969581978176
2024-08-21,USDKES,145.7064,146.4461,145.565,145.90251670929038,0.014741327134619508,0.010020695313291106,0.0076239691538645595,0.15907360657751246,0.12102675830611893
2024-08-22,USDKES,145.7754,145.8498,145.2944,145.78379622098822,-0.0008136973301063888,0.00827558448474998,0.007611545081487741,0.13137083100211827,0.12082953227144057
2024-08-23,USDKES,147.6931,147.9962,147.5372,147.75022225322826,0.013488646085599187,0.008462228579593776,0.008043076466276345,0.1343337141539309,0.12767988063386038
2024-08-26,USDKES,145.7687,145.8909,145.2122,145.567,-0.014776439723294899,0.010294537072084766,0.008413489870581546,0.1634207097316278,0.13356001113431867
2024-08-27,USDKES,147.3109,147.3876,147.147,147.2454,0.01153008580241388,0.01083473589273175,0.008447916375869497,0.17199610015940162,0.13410651496332449
2024-08-28,USDKES,149.1566,149.2068,148.8496,149.13411784615607,0.01282700747294041,0.010764331042379309,0.008764448383145136,0.17087845780864996,0.13913130480278507
2024-08-29,USDKES,149.5734,149.7432,149.4603,149.55887184803572,0.00284813433715958,0.01077836013696305,0.008503439506389286,0.17110116278097787,0.13498791733552734
2024-08-30,USDKES,150.4822,150.5365,150.1256,150.3129760080405,0.005042189411344378,0.01001776858596159,0.00847895894617664,0.15902714622149727,0.13459930048985813
2024-09-02,USDKES,149.7932,150.0639,149.4896,149.56239054029817,-0.004993484179983021,0.010487390173596522,0.008489399876321272,0.16648215780863343,0.13476504511757148
2024-09-03,USDKES,151.0468,151.2289,150.6739,150.72309865277498,0.007760695107130289,0.009798001060996235,0.00848808032451815,0.15553844491765823,0.1347440978820927
2024-09-04,USDKES,151.2619,151.4737,151.2302,151.3853340411714,0.004393721959777608,0.005966837348507959,0.008474509654022605,0.09472060642634458,0.13452867016655903
2024-09-05,USDKES,151.4695,151.4967,150.8909,151.3348659957025,-0.0003333747340094062,0.0056900229022675405,0.008431869539011561,0.09032631332197136,0.13385177932539255
2024-09-06,USDKES,149.5678,150.0403,149.3138,149.9500742422117,-0.009150513626715151,0.0060196719970407415,0.008609845554662834,0.09555933047009607,0.136677060985877
2024-09-09,USDKES,150.0024,150.3448,149.4766,150.2129831972332,0.0017533099356576987,0.005971476778514944,0.00824653764900271,0.09479425509448604,0.13090972677955456
2024-09-10,USDKES,152.3903,152.7266,152.1252,152.30704103369936,0.013940591498117216,0.00774795647423993,0.008530709140194822,0.12299499599875006,0.13542080935188683
2024-09-11,USDKES,152.9655,153.0692,152.7447,152.85915753201775,0.0036250228129388606,0.007128050454415488,0.008455757919212697,0.11315429301062598,0.13423099560481072
2024-09-12,USDKES,152.475,152.6161,152.4205,152.59803084784107,-0.001708282895134916,0.007002695024222213,0.00825699832604266,0.11116433724792844,0.131075784879513
2024-09-13,USDKES,150.5897,150.8394,150.0204,150.3526027437281,-0.01471465976092401,0.009198164531207574,0.008192976004230862,0.14601633520698154,0.1300594620282872
2024-09-16,USDKES,150.0285,150.1868,149.5017,150.00635929323172,-0.002302876333218906,0.009206594005534476,0.008220744990057378,0.14615014896349346,0.13050028101223185
2024-09-17,USDKES,150.3302,150.4443,149.865,150.36025375574232,0.0023591963979261443,0.008559773281778128,0.00822063577524399,0.1358821882960808,0.13049854728081758
2024-09-19,USDKES,148.6947,148.8343,148.4202,148.53504668108076,-0.012138893285100316,0.009730062964960878,0.00854065457820463,0.15445996107771756,0.13557868828580819
2024-09-24,USDKES,148.8944,148.9308,148.6128,148.82858156861843,0.0019761995171949653,0.007300269007753299,0.0085058728081801,0.11588817779032494,0.1350265448039469
2024-09-25,USDKES,148.6955,148.8911,148.4128,148.7473011866468,-0.0005461342244543754,0.006796311854367229,0.00851141738186297,0.10788810599457549,0.1351145621824914
2024-09-26,USDKES,149.471,150.0873,149.3302,149.5921951133112,0.0056800622258297295,0.007701091358035875,0.008551937462230685,0.12225103534290963,0.13575779851703534
2024-09-27,USDKES,149.6091,150.1342,149.1751,149.50899945602438,-0.0005561497190664788,0.00563665581576669,0.008204447775533119,0.08947913708750743,0.13024157075206627
2024-09-30,USDKES,148.3564,148.5231,148.007,148.3353738888237,-0.007849865703541625,0.006242206918479609,0.008116094354139942,0.09909196283102331,0.12883900366913806
2024-10-01,USDKES,149.3572,149.736,149.1579,149.34887960596956,0.006832528820168493,0.006906585060160402,0.00802420699083258,0.10963863886739099,0.1273803369974937
2024-10-02,USDKES,149.3838,149.6311,149.1472,149.49742440644997,0.000994616102057977,0.004830031689843689,0.0079884786013473,0.07667437605532477,0.1268131663975563
2024-10-03,USDKES,149.2915,149.736,149.0109,149.3100311408728,-0.001253488254537971,0.004867884780451551,0.00793338643898599,0.07727527523994634,0.12593860543277538
2024-10-04,USDKES,149.384,149.4421,149.1271,149.43818382803374,0.0008582992460837158,0.00484784561097902,0.007926659197275981,0.07695716328651878,0.12583181378133074
2024-10-07,USDKES,149.8079,150.0792,149.2895,149.54868578838355,0.00073944929949743,0.004329149991114918,0.007510258036623358,0.06872312558872533,0.11922165028097777
2024-10-08,USDKES,148.1913,148.4742,147.7645,147.9555487086164,-0.01065296609842159,0.005921502425574238,0.007794884265838057,0.09400093683561116,0.12373995159562673
2024-10-09,USDKES,146.3246,146.704,146.1794,146.32943339438953,-0.010990566615580843,0.006568578373648719,0.007671033496982519,0.10427294906346969,0.12177388159117135
2024-10-10,USDKES,145.0696,145.3167,144.8791,145.1061983669917,-0.0083594598777742,0.005636589257581665,0.007335389298453444,0.08947808050907567,0.1164456951213142
2024-10-11,USDKES,143.0899,143.4118,142.9276,143.09278300923728,-0.01387546073436663,0.006175156553446202,0.007414928260415082,0.09802757128385634,0.11770833699865853
2024-10-14,USDKES,142.4182,143.1639,142.1297,142.5192797926684,-0.004007911541785036,0.005887036347812149,0.0069613278582862335,0.09345380481305336,0.11050765384686757
2024-10-15,USDKES,143.1686,143.2151,142.4346,143.04344643020244,0.0036778647653605834,0.0065432807722559175,0.006980769350692975,0.10387136209115892,0.1108162779710127
2024-10-16,USDKES,143.9429,143.9703,143.6839,143.7092,0.004654205323012972,0.0073533763103368075,0.006968656661133367,0.11673123008294947,0.1106239949853156
2024-10-17,USDKES,145.1796,145.602,144.6985,145.08262138029656,0.009556948200230453,0.008872528760639977,0.007217101930480851,0.14084702760552906,0.114567941367939
2024-10-18,USDKES,147.0666,147.3319,146.634,146.9521574415086,0.012886009664186737,0.009730628238809796,0.00748695964612016,0.15446893452187888,0.11885179979766058
2024-10-21,USDKES,146.6343,147.3219,146.1028,146.75466231016122,-0.0013439416935814297,0.008980727590153557,0.007422263982833661,0.1425646307757763,0.1178247879818979
2024-10-22,USDKES,146.5356,146.6677,146.3977,146.60876027228892,-0.0009941901373050621,0.006139722524994532,0.007421172276308008,0.09746507352046249,0.11780745767806863
2024-10-23,USDKES,148.2912,148.9583,148.1793,148.66427273930714,0.014020393209795978,0.006250619890703592,0.007745593742619549,0.09922551462477262,0.12295748879705616
2024-10-28,USDKES,147.1025,147.4563,146.9458,147.02736239965307,-0.011010784968655485,0.009032282585792906,0.007978372927333117,0.14338304095960472,0.126652743795923
2024-10-29,USDKES,147.6636,148.0027,146.8131,147.38806636011,0.0024533117820373374,0.009042672504598262,0.007514482867787706,0.14354797580741147,0.11928871739653037
2024-10-30,USDKES,147.3308,148.0917,146.9128,147.41984693002814,0.00021562512286776858,0.008709229335302165,0.007466714442493934,0.13825472959342738,0.11853041715343944
2024-10-31,USDKES,146.7838,147.2958,146.3763,146.9009360212677,-0.003519952839231566,0.007517247952231062,0.007478451094861521,0.11933261175127764,0.11871673073377376
2024-11-01,USDKES,147.262,147.4759,146.9288,147.0207814600523,0.0008158248819274405,0.007498421066440095,0.00703812971133241,0.11903374420468936,0.11172684546720224
2024-11-04,USDKES,148.4725,148.5679,148.2747,148.30033611341565,0.008703223045451125,0.00809521189426617,0.007236966640058114,0.1285075048956023,0.11488328385638677
2024-11-05,USDKES,149.4739,149.9978,149.4572,149.554737554049,0.008458520550310933,0.006859393651460814,0.007399717370375857,0.10888949847876347,0.11746687160507609
2024-11-06,USDKES,151.7409,152.1254,151.354,151.5975962353713,0.013659605270505137,0.006022183053960511,0.007457550684889567,0.09559919226292189,0.11838494701126326
2024-11-07,USDKES,151.5973,152.2287,151.4498,151.60731892337327,6.413484279055304e-05,0.006215375595058412,0.007454503041214367,0.09866602877630792,0.11833656716776735
2024-11-08,USDKES,151.8639,151.9458,151.545,151.8677076901661,0.0017175210843509703,0.00608524154778497,0.007453500965241414,0.09660021481918082,0.11832065970485198
2024-11-11,USDKES,151.7678,151.9854,151.4801,151.71966522525378,-0.0009748120068707733,0.005598717548694367,0.007399598658655882,0.08887688576843072,0.11746498711494352
2024-11-12,USDKES,153.1291,153.3637,152.3975,153.0822086539998,0.008980664614063771,0.005520436391001673,0.007555984318790437,0.08763421091484812,0.11994753250693972
2024-11-13,USDKES,151.8262,152.1558,151.1329,151.7308419896259,-0.008827718624234704,0.007577733565842574,0.007596652329418235,0.12029279110035687,0.12059311716156103
2024-11-14,USDKES,152.5659,152.9132,152.3267,152.3860911406204,0.004318496769689872,0.007262742965194778,0.007541276841040708,0.11529247033253531,0.11971405853570694
2024-11-15,USDKES,150.9175,151.0106,150.5085,150.7490007642918,-0.010743043305821987,0.006979510174703185,0.007824564023554961,0.1107962891718576,0.1242111031429762
2024-11-18,USDKES,150.2764,150.9313,149.9824,150.3358315973645,-0.002740775493254022,0.007003400446537542,0.007839493093794987,0.11117553548002225,0.12444809478593935
2024-11-19,USDKES,150.2688,150.6065,149.9387,150.14052055265591,-0.0012991649604311428,0.006887136442940284,0.007843690505773158,0.10932990164033986,0.12451472663540529
2024-11-20,USDKES,151.3318,151.399,151.0184,151.28643160809162,0.0076322571096576475,0.007735942804485084,0.007960543225657762,0.12280428490372258,0.12636970605642223
2024-11-21,USDKES,150.9218,151.1856,150.4374,150.65755189697725,-0.004156881119011913,0.0065952360043684205,0.007734210743901248,0.10469612583202885,0.12277678929435942
2024-11-22,USDKES,150.5106,151.0137,150.1467,150.6623,3.151586470750978e-05,0.005942483053459733,0.007418388468197413,0.09433399397802121,0.11776326609431848
2024-11-25,USDKES,149.2337,149.2627,148.6713,149.21655428536496,-0.00959593551031035,0.006191286028324346,0.007475396141765372,0.09828361875969013,0.11866823485681749
2024-11-26,USDKES,147.042,147.2762,146.8188,147.10395140295145,-0.014157965867334865,0.006988043646478158,0.007494879576453554,0.11093175383667701,0.11897752479403928
2024-11-27,USDKES,147.4914,147.8129,146.6619,147.4008342056415,0.0020181837391766155,0.007295493866852205,0.007437982378945557,0.1158123747785274,0.11807430978462319
2024-11-28,USDKES,146.0914,146.2521,145.6691,145.8672055415313,-0.010404477507709453,0.007781007578602772,0.007712257382890232,0.1235196660149508,0.1224282904922964
2024-11-29,USDKES,145.4964,145.7547,145.2213,145.382922342453,-0.0033200279478884376,0.005906205829813295,0.007707997942693431,0.09375811090587512,0.12236067397538589
2024-12-02,USDKES,148.2237,148.3523,147.9945,148.18344234180617,0.019263060297800783,0.011177452549385092,0.008286928679157738,0.17743655842138717,0.13155091450548204
2024-12-03,USDKES,148.4472,148.4848,147.989,148.2807363019238,0.0006565778104494768,0.01120174070013894,0.007963227306948413,0.1778221208615891,0.12641231452598467
2024-12-04,USDKES,148.1252,148.7397,148.0388,148.10666310649472,-0.0011739434249546932,0.010719393138361838,0.00796205498673807,0.17016509069782568,0.12639370451958365
2024-12-05,USDKES,147.6487,148.3198,147.6089,147.76876019318692,-0.002281483535044204,0.009112214969188143,0.007972934039374859,0.14465192820859152,0.1265664041262452
2024-12-06,USDKES,146.4328,147.0831,145.6657,146.6061057073466,-0.00786806686555619,0.009622066265043791,0.007669176116269504,0.1527455666153399,0.12174439658643173
2024-12-09,USDKES,145.8808,146.3689,145.7204,146.01745276511838,-0.004015200727064294,0.00882141018261108,0.0074394752568528845,0.1400355453364908,0.11809800848670661
2024-12-10,USDKES,147.6315,148.138,147.476,147.64877761895644,0.011172122393219519,0.009534789199552548,0.007712131072813671,0.15136008615264393,0.12242628538199243
2024-12-11,USDKES,148.5818,149.1777,148.2313,148.66179732095833,0.0068610097444641305,0.006523397695443037,0.007810741294737277,0.10355572803188487,0.12399167412562494
2024-12-12,USDKES,148.758,149.2878,148.6447,148.89811813647347,0.0015896539647299868,0.006537156320058668,0.007780015334749169,0.10377413942657637,0.1235039146320914
2024-12-13,USDKES,149.4223,150.0477,149.3231,149.39206046543248,0.0033173174727856303,0.006553038426128743,0.007797131182049155,0.10402626004432058,0.12377562028469492
2024-12-16,USDKES,148.0035,148.5876,147.8616,148.13644623396297,-0.008404825715353503,0.0074507945872458485,0.007806845914055633,0.11827769728607196,0.1239298368743516
2024-12-17,USDKES,148.4734,148.5728,148.2298,148.36064818449424,0.0015134827129386075,0.006503694831114947,0.007648509344843797,0.10324295475711824,0.1214163217608615
2024-12-19,USDKES,146.3846,146.6646,146.0475,146.59527711157514,-0.011899186843156384,0.008139245352485811,0.007468340097501263,0.12920651437449426,0.11855622362664131
2024-12-20,USDKES,147.4213,147.5775,147.3447,147.49336514674326,0.006126309475062985,0.007217390351972218,0.007581820874660527,0.11457251991717253,0.12035767511633982
2024-12-23,USDKES,146.1203,146.1665,145.9963,146.14399260067975,-0.009148699975222607,0.0071700091627623945,0.007711461398347636,0.1138203668563424,0.12241565462941345
2024-12-24,USDKES,145.7768,146.2782,145.3501,145.96110761663442,-0.0012514026802664668,0.0069835167517192905,0.007711285083662471,0.11085989161021707,0.12241285572055682
2024-12-25,USDKES,148.8227,148.9875,148.7366,148.7955593306351,0.019419225849157895,0.010897453741205845,0.008394551462042842,0.17299171513836656,0.13325937321899414
2024-12-26,USDKES,147.7229,148.0388,147.539,147.54002533508609,-0.008437980281112534,0.010901457991973238,0.00838217175579187,0.17305528064867254,0.13306285147472954
2024-12-27,USDKES,147.675,147.9532,147.2174,147.79820243582787,0.0017498783815133034,0.010909190424737236,0.008340048722141303,0.17317802921341094,0.1323941690456875
2024-12-30,USDKES,148.6607,149.0103,148.4269,148.6346511566576,0.005659397117450782,0.009812612832007161,0.008214988181241781,0.15577039959151304,0.13040889450540336
2024-12-31,USDKES,148.4522,148.7044,148.2719,148.5996995703764,-0.00023515099614535018,0.009661993282227091,0.008203500096872393,0.15337938836369758,0.13022652681971178
2025-01-01,USDKES,148.8495,148.9218,148.326,148.9196593569171,0.002153165769956056,0.00854178040625198,0.008214001826411016,0.13559656025200206,0.13039323660788332
2025-01-02,USDKES,149.008,149.8125,148.4568,149.0902,0.001145185557228423,0.008402854924259804,0.008083985197223873,0.13339118659527557,0.12832928660509083
2025-01-03,USDKES,150.9199,151.582,150.8718,150.90916730781225,0.01220044850575186,0.006220885682990638,0.008372242342422264,0.09875349871053253,0.13290522692408513
2025-01-06,USDKES,150.9417,151.0344,150.9128,150.92015453519227,7.280689156274889e-05,0.0043977306244561,0.008372235891324627,0.06981180939218178,0.13290512451608494
2025-01-07,USDKES,150.9999,151.1273,150.9631,151.0665655021071,0.0009701220315188053,0.004451589145616468,0.008170499974721383,0.07066678691001403,0.12970266612103382
2025-01-08,USDKES,152.2747,152.5777,151.6703,151.99724895421633,0.006160750719498287,0.0045026575429784905,0.007749746267080379,0.07147747258566126,0.12302340807927498
2025-01-09,USDKES,155.1819,155.3249,154.9304,155.00519116416766,0.01978945165551882,0.007386750028765394,0.008466777056629467,0.11726102143867466,0.13440591898841406
2025-01-10,USDKES,154.7799,155.3465,154.4147,154.78351534655548,-0.0014301186685896639,0.007815181244723059,0.008177493640229176,0.1240621561466006,0.12981368711915217
2025-01-13,USDKES,153.2052,153.4745,153.1466,153.2774482394279,-0.009730151843079238,0.009693890593666125,0.008402269809390154,0.15388574248505313,0.13338189818467458
2025-01-14,USDKES,152.385,152.7038,151.8251,152.37787772425446,-0.005868903256846192,0.009552537901944309,0.007834608263961654,0.1516418380683801,0.12437055051632415
2025-01-15,USDKES,153.3758,153.6905,153.3086,153.3129119088593,0.0061362856509714625,0.00968366791038386,0.007890955466061491,0.15372346241887322,0.12526503461930694
2025-01-16,USDKES,155.8782,155.8897,155.0808,155.6388898379189,0.01517144185769781,0.010786019846107886,0.008280158599949048,0.1712227568940518,0.13144344282982764
2025-01-17,USDKES,156.309,156.5176,156.1138,156.16622585391892,0.003388202116766381,0.010757959652834685,0.00825108837321907,0.17077731513520403,0.13098196728692493
2025-01-20,USDKES,156.7543,157.2077,156.4764,156.66167768091242,0.003172592692717968,0.00820317550944054,0.008045098898513032,0.1302213741539715,0.1277119857503109
2025-01-21,USDKES,157.9681,158.1596,157.9247,157.93880221726027,0.008152118343511594,0.008419931841586554,0.008025296782778324,0.13366227425371272,0.12739763690830916
2025-01-23,USDKES,157.3021,157.4885,156.9876,157.3490501023425,-0.003734054625199268,0.007124102198916432,0.007940498194376427,0.1130916163976477,0.12605150104966467
2025-01-24,USDKES,156.1735,156.5337,155.8321,156.14140529957314,-0.007674941806028568,0.007551418702466543,0.008085516198625737,0.11987505559469117,0.12835359049888817
2025-01-27,USDKES,155.275,155.9329,155.1864,155.38179215091057,-0.004864905290208998,0.008043907087668244,0.008173104644761642,0.12769306633968006,0.12974401397607727
2025-01-28,USDKES,156.2774,156.8247,156.2413,156.24312620329013,0.005543339669702219,0.005957915137270087,0.00820066321621085,0.09457897071386343,0.1301814927353341
2025-01-29,USDKES,155.4094,155.4142,154.9064,155.31778717173603,-0.0059224303432723335,0.006255471943761178,0.008108993032052357,0.0993025385792034,0.12872627367579692
2025-01-30,USDKES,153.2059,153.6948,153.1959,153.4292803313109,-0.012158986261740834,0.007253060109125635,0.00848992440974792,0.1151387597576966,0.134773371827579
2025-01-31,USDKES,152.2223,152.4865,152.0825,152.38127089069948,-0.006830570008204306,0.005405740169218378,0.008268731217454682,0.08581346483990428,0.13126203875652862
2025-02-03,USDKES,152.1152,152.5948,151.8708,152.05162545891378,-0.002163293624333651,0.005503216403403396,0.008241182037403594,0.08736085208626018,0.1308247090810951
2025-02-04,USDKES,151.8804,152.0421,151.1854,151.78816917925792,-0.0017326765094467511,0.005456069473092286,0.008033389658481233,0.08661241777016043,0.12752610732731667
2025-02-05,USDKES,153.5372,153.8152,153.2873,153.3902921913637,0.010554992663583063,0.007706219804566384,0.008191970358715859,0.12233244690770055,0.1300434979006485
2025-02-06,USDKES,152.9809,153.3463,152.4584,153.2601,-0.000848764217759479,0.0070386782191848895,0.007484488148519782,0.1117355527594212,0.11881256598956162
2025-02-07,USDKES,153.4635,153.4741,153.0029,153.4328,0.0011268425376207425,0.007009826636748577,0.007268622880659226,0.11127754808707822,0.11538581109682937
2025-02-10,USDKES,152.3311,152.6306,152.0344,152.11240472566692,-0.008605691053888531,0.00621121657548643,0.007490583731824908,0.09860000638739604,0.11890933037468908
2025-02-11,USDKES,151.7664,151.861,151.4362,151.47796221653064,-0.0041708794906010205,0.005883066980782723,0.007494133181868411,0.09339079306492017,0.118965676147326
2025-02-12,USDKES,151.9539,152.1428,151.364,151.9625,0.003198734498268019,0.006028456202274148,0.007506221531302689,0.09569877540517374,0.1191575727455121
2025-02-13,USDKES,150.7416,151.1569,150.4784,150.79547527274394,-0.007679688918358574,0.006685375751004029,0.0076570552922894585,0.10612704994907,0.12155198447081339
2025-02-14,USDKES,150.4014,150.6034,150.1922,150.5015820401173,-0.0019489525935381113,0.004383088683105359,0.007668137307233626,0.06957937577903024,0.12172790600422
2025-02-17,USDKES,151.0644,151.2538,150.8508,151.14098864216083,0.004248504190959901,0.0051064185026308065,0.0073759785149448845,0.08106188068907964,0.11709002895779809
2025-02-18,USDKES,152.9369,153.1991,152.4104,152.86965765399162,0.011437459999177113,0.0072059790028429676,0.00766202705723583,0.11439137036565417,0.12163090879256439
2025-02-19,USDKES,153.4659,153.9631,152.6969,153.3907,0.0034084091899238,0.006332204050101431,0.0076805764335607565,0.10052062300490623,0.12192537101295102
2025-02-20,USDKES,153.4137,153.728,153.2769,153.42535289478135,0.00022591261909199467,0.00591331969990987,0.007606821095550303,0.09387104009268366,0.12075454131951599
2025-02-21,USDKES,155.9603,156.1937,155.4238,155.98247800743138,0.016666900641927773,0.008183743156355148,0.007348486497935444,0.12991289511205503,0.11665360671751887
2025-02-24,USDKES,155.1837,155.338,154.7157,155.19982888069106,-0.005017545154674563,0.007604592700735956,0.007405494195321566,0.12071916664850622,0.11755857585811949
2025-02-25,USDKES,154.4634,154.5616,153.5934,154.28678300739958,-0.005883034020568223,0.008248227929813258,0.0072610142787866315,0.130936559155578,0.11526502828655066
2025-02-26,USDKES,153.9193,154.2413,153.1741,153.61575890521928,-0.004349200165435496,0.008757189312042222,0.007222092041560158,0.13901607062145918,0.11464715692552162
2025-02-27,USDKES,151.2449,151.6028,151.0173,151.12231568633294,-0.016231688966395597,0.01011406728016554,0.007734667358924835,0.16055584060016073,0.12278403783314326
2025-02-28,USDKES,150.2613,150.6459,150.189,150.19948314828585,-0.00610652724487426,0.009967539305233622,0.007210556007332368,0.15822978110945818,0.11446402805942564
2025-03-03,USDKES,151.3095,151.8171,151.299,151.4031993553019,0.008014116838389373,0.010783257507740627,0.007359104938356162,0.1711789061319111,0.11682216923350631
2025-03-04,USDKES,150.6564,151.1993,150.3233,150.70023153848328,-0.004643018244079089,0.007047291474755759,0.007344410620077188,0.11187228395273617,0.11658890416239555
2025-03-05,USDKES,149.9471,150.206,149.6856,149.99426098350992,-0.004684601660967513,0.00704739598637733,0.007148078304732098,0.11187394302329494,0.11347222527802382
2025-03-06,USDKES,149.8235,149.8515,149.7618,149.82072505391878,-0.0011569504623261118,0.007156421073537591,0.00713819732102713,0.11360466262705408,0.11331536952447167
2025-03-07,USDKES,150.1433,150.2572,149.7958,150.04656741206125,0.001507417335359973,0.007466964699901932,0.0070655919001557455,0.11853438986663133,0.1121627941997065
2025-03-10,USDKES,148.715,149.0268,148.453,148.86390858847946,-0.007881945211941743,0.005459233516997349,0.007139138561972911,0.08666264541002096,0.11333031126126963
2025-03-11,USDKES,148.059,148.6211,147.5731,148.2260948521364,-0.004284542454855322,0.005278826308986417,0.007034123263230962,0.0837987697672984,0.11166324507529952
2025-03-12,USDKES,147.9009,148.4534,147.502,148.12530889456607,-0.0006799474658687465,0.0031628103756504446,0.006991378723999032,0.05020805818815513,0.11098469655101714
2025-03-13,USDKES,150.122,150.5067,149.9303,150.3543322565123,0.015048227602568742,0.007442004951631917,0.007325169157958337,0.11813816614637591,0.11628345542062904
2025-03-14,USDKES,151.9784,152.0258,151.8895,152.00430328665055,0.010973884193262284,0.008218821603578057,0.0075255621984193,0.13046974819843576,0.1194645963177959
2025-03-18,USDKES,150.606,150.9837,150.3209,150.56914642429192,-0.009441554162135879,0.009267419752675579,0.0077109004180276304,0.1471157277649638,0.12240674934291063
2025-03-19,USDKES,150.047,150.069,149.885,150.0308578713615,-0.0035750255992922364,0.009396276906759012,0.0077300344515089945,0.14916127167110155,0.12271049270792626
2025-03-20,USDKES,146.6583,146.7681,146.5358,146.76144186672514,-0.02179162374342747,0.012352343405761282,0.008383475739894624,0.1960873725630778,0.13308355158062635
2025-03-21,USDKES,146.0625,146.4009,145.8242,145.89981335972382,-0.005870946047148884,0.012416393333512417,0.008421371552484748,0.19710413364500473,0.1336851289556914
2025-03-24,USDKES,147.9833,148.1575,147.8527,148.13588211093182,0.015326056282847,0.01410062631303788,0.008961872679482282,0.22384050332731104,0.1422653183480051
2025-03-25,USDKES,149.6685,150.0323,149.2903,149.70323100445606,0.010580481050165291,0.013394438300077294,0.009093726259227955,0.21263011616041963,0.14435842903688914
2025-03-26,USDKES,148.739,149.0318,148.4541,148.72194397683742,-0.006554882089281233,0.012490579102531466,0.009137294830860905,0.19828179621887163,0.14505005867000367
2025-03-27,USDKES,149.0273,149.1605,148.425,148.75918572802524,0.0002504119445454478,0.012197312945944078,0.009111163205025722,0.1936263403091799,0.14463523197012157
2025-03-28,USDKES,148.7156,148.8526,148.5048,148.78603141482463,0.00018046406121419167,0.012181738317259596,0.009015141483860777,0.19337910074361203,0.1431109344021446
2025-03-31,USDKES,149.2572,149.8883,149.1827,149.2751217650271,0.0032872061009467934,0.008092312679632998,0.00903494064079072,0.1284614812901017,0.14342523627457682
2025-04-01,USDKES,149.7954,149.8083,149.2519,149.73344285343202,0.0030703112681185196,0.007217043215102641,0.009017331086723536,0.11456700929020573,0.14314569327001372
2025-04-02,USDKES,149.6856,149.9794,149.4394,149.9569,0.001492366316499405,0.005096286479600711,0.008750861603573664,0.08090103980978597,0.13891562136359883
2025-04-03,USDKES,149.1553,149.3222,148.877,149.01654697554275,-0.006270821979230234,0.004120957049705844,0.00877622130681237,0.06541816510260064,0.13931819417215094
2025-04-04,USDKES,147.9314,148.1186,147.3662,147.8229019034905,-0.008010151196485293,0.004488828229400215,0.008867270156499001,0.07125793903847619,0.1407635498527269
2025-04-07,USDKES,149.5458,149.958,149.5416,149.66211743784973,0.01244202021930274,0.006773793394654628,0.008603325991524727,0.10753063652872888,0.1365735661295557
2025-04-08,USDKES,150.1286,150.2322,149.9019,150.22098190946735,0.003734174560571013,0.006845030124438855,0.008622754106589551,0.10866148455606432,0.13688197789498133
2025-04-09,USDKES,148.638,148.6777,148.6268,148.6355115109326,-0.010554253995558871,0.00809199957565581,0.008754205182150254,0.12845651091855284,0.1389686990280148
2025-04-10,USDKES,147.8933,147.9112,147.7146,147.7542937716036,-0.005928716027355008,0.008129210011125813,0.008778477329760791,0.1290472082691331,0.13935400742619242
2025-04-11,USDKES,147.5758,147.9083,146.9536,147.61751007365845,-0.000925751086168769,0.008013024661495316,0.00831056390634793,0.12720282302246477,0.13192611210543662
2025-04-14,USDKES,146.3171,146.6987,146.0736,146.18739846153753,-0.009687953762445467,0.008396133239912312,0.00841525038955889,0.13328448316422595,0.13358795850667343
2025-04-15,USDKES,144.8173,145.4461,144.7529,145.12663341974863,-0.007256200280956415,0.008321227553595562,0.008320779178003945,0.13209539225755354,0.13208827451569732
2025-04-16,USDKES,144.9068,145.2441,144.7867,144.86403010763877,-0.0018094770471960286,0.005178472289539284,0.00829847797825456,0.08220569909616128,0.1317342539448458
2025-04-17,USDKES,145.0688,145.426,144.7268,145.0278320964462,0.0011307291995514834,0.004530346559159978,0.008284173607792157,0.07191702209084681,0.1315071791034167
2025-04-18,USDKES,144.6387,144.7824,144.371,144.55927274308854,-0.0032308236742175644,0.003825982462409823,0.00829341172534563,0.06073558869618552,0.1316538296731899
2025-04-21,USDKES,145.0303,145.6471,144.8418,145.1639753507643,0.004183077267899904,0.004754325994606194,0.008337332022310469,0.0754725854007468,0.1323510427728523
2025-04-22,USDKES,143.5731,143.6382,143.3468,143.51622958187235,-0.011350927562506108,0.005710646293233836,0.008458267038704921,0.09065369950409741,0.13427082664192774
2025-04-23,USDKES,142.9856,143.461,142.6888,143.1762,-0.0023692761638388626,0.005137583443754908,0.008441269584273827,0.0815566087921097,0.1340010004178528
2025-04-24,USDKES,144.0532,144.2393,143.8585,144.22140122167744,0.0073001044983553864,0.005983873248187336,0.008580214783019,0.09499104294981585,0.1362066870683298
2025-04-25,USDKES,144.9379,145.3467,144.7084,144.80710056459742,0.004061112553051194,0.00623759047895982,0.0080990199232577,0.09901867912555172,0.12856795548178382
2025-04-28,USDKES,146.7319,146.7945,146.4441,146.73387982215667,0.01330583410652375,0.008051871642019318,0.008230221539929517,0.12781949972037845,0.13065071657772334
2025-04-29,USDKES,145.9775,146.2207,145.5268,145.88879621231575,-0.005759294382900237,0.008360720798508714,0.008129025457396983,0.13272232808459652,0.129044278569513
2025-04-30,USDKES,145.7599,145.8219,145.2262,145.6959283637474,-0.0013220196038059573,0.008307315998145546,0.008115002532958522,0.13187455316112856,0.1288216715452049
2025-05-01,USDKES,145.796,145.8428,145.3361,145.70487332217348,6.139470420718496e-05,0.006506652136449859,0.007096029857421582,0.1032899005239206,0.11264598179175979
2025-05-02,USDKES,146.851,147.2691,146.8089,146.87647179369628,0.008040901068094186,0.00648252248596035,0.007167976785310894,0.10290685419741172,0.11378810386450108
2025-05-05,USDKES,147.1828,147.7008,146.2997,147.06245633278027,0.0012662650240211626,0.006318418149598783,0.006583925733880339,0.10030177861893172,0.10451658085419484
2025-05-06,USDKES,147.7427,147.9943,147.5552,147.88071087633483,0.005563993448490789,0.00639319648251822,0.006360017897517843,0.10148884785309667,0.10096215414451257
2025-05-07,USDKES,146.8589,146.9373,146.3303,146.7651567400981,-0.007543608152990378,0.005612946662932061,0.0063955355632304015,0.08910276595432873,0.1015259796082623
2025-05-08,USDKES,147.6914,148.0307,146.9721,147.62475121972182,0.005856938381811894,0.005320832870118605,0.006496960540131431,0.08446560325243122,0.10313605120192587
2025-05-09,USDKES,147.6815,147.8889,147.5847,147.72061085957347,0.000649346664835182,0.005184435345989457,0.006498557621634481,0.08230035968268727,0.1031614040848093
2025-05-12,USDKES,148.0663,148.262,147.5359,148.1382761446763,0.0028274002028050305,0.005118372914544132,0.006490540071059566,0.08125165109503577,0.10303412941513865
2025-05-13,USDKES,146.8916,147.0591,146.7443,146.90739391625792,-0.008309008721123945,0.0057909818390614615,0.006621925711330554,0.09192898675828858,0.10511981179515081
2025-05-14,USDKES,147.0729,147.1893,147.0696,147.14061648832737,0.0015875482224019244,0.005803538888351641,0.006622992318821033,0.09212832373602414,0.10513674366414877
2025-05-15,USDKES,146.0745,146.1889,145.9475,146.0166298902256,-0.007638860193242003,0.005873169375423407,0.006667866290979796,0.09323367345078529,0.10584909588817912
2025-05-19,USDKES,146.6927,146.818,146.3634,146.4931330973108,0.003263348890077955,0.005520219923571716,0.006555856207186529,0.08763077460092845,0.10407099093188817
2025-05-20,USDKES,144.6576,145.1337,143.9118,144.3568539851693,-0.014582793520583892,0.00696671150260652,0.006603948922266816,0.1105931165509798,0.10483443911574611
2025-05-21,USDKES,145.0577,145.1077,144.9133,145.0054,0.004492658276532779,0.0074525553127654815,0.006624834998530498,0.11830564793718393,0.10516599529769191
2025-05-22,USDKES,144.5942,144.9267,144.0671,144.80077716321512,-0.0014111394250482245,0.007099769175935852,0.006383478300995513,0.1127053416329295,0.10133457650406746
2025-05-23,USDKES,143.9978,144.393,143.7063,144.0364491013519,-0.005278480384132811,0.006825419216191178,0.0063667253955267,0.10835017103881955,0.10106863237441795
2025-05-26,USDKES,144.7005,144.8651,144.6725,144.70314195688542,0.004628639901171017,0.007235364194009834,0.006444121119087435,0.11485784581398788,0.1022972513969076
2025-05-28,USDKES,143.0429,143.3177,142.9016,143.02893317208583,-0.011569954612999478,0.00784054402008126,0.00654358914219308,0.12446477772353777,0.10387625731215218
2025-05-29,USDKES,142.8121,143.2464,142.5398,142.96901297878034,-0.00041893756722211073,0.007471173667342686,0.006425627737056328,0.11860120515337894,0.10200367805837868
2025-05-30,USDKES,141.6488,141.8428,141.646,141.75604571813935,-0.008484126982264528,0.0062046106003983146,0.00658681168632334,0.09849513978389458,0.10456239392895327
2025-06-02,USDKES,140.2647,140.2911,140.1497,140.25674950128356,-0.010576594523784233,0.0059518370039413435,0.006817281289395402,0.09448248333852333,0.10822098545588393
2025-06-03,USDKES,140.7692,140.8201,140.3851,140.6647098887897,0.0029086684880175184,0.0065474615393699065,0.006842961712563502,0.10393772971159748,0.1086286495354781
2025-06-04,USDKES,142.1764,142.5985,142.1489,142.3408597818998,0.01191592329330704,0.00885576215903207,0.0071779777482114185,0.14058086605641174,0.11394686422873691
2025-06-05,USDKES,142.0393,142.5308,141.6684,142.0876,-0.0017792486450332046,0.008418152480703987,0.006892015740616496,0.13363402777538527,0.10940735808968334
2025-06-06,USDKES,143.3525,143.457,143.2229,143.4425,0.009535666729538539,0.008437915059025924,0.00710871091587684,0.13394774898041695,0.1128472873539619
2025-06-09,USDKES,141.9227,142.2523,141.5683,142.011317374763,-0.00997739599656311,0.009327210367208348,0.007203378137063346,0.14806487434570037,0.11435008290137613
2025-06-11,USDKES,141.7493,141.9884,141.2127,141.47252583173662,-0.0037940042595656642,0.00884972187197342,0.007174969714972155,0.14048497947198396,0.11389911318141788
2025-06-12,USDKES,143.4145,143.9324,143.3126,143.42170400422293,0.013777785905968898,0.008901593318628356,0.007207298686401989,0.14130841315994863,0.11441231969269298
2025-06-13,USDKES,143.6019,144.1846,143.5204,143.80170984428008,0.0026495699705670894,0.008903674925559133,0.007168597549201078,0.14134145764554598,0.113797958185759
2025-06-16,USDKES,144.6195,144.7408,144.3171,144.70060953954703,0.006250966669592017,0.008208664659359002,0.0072696502787706705,0.1303085117075319,0.11540212053623142
2025-06-17,USDKES,145.618,145.9336,145.2735,145.58649878631533,0.006122221942169492,0.00808363937928609,0.007360892836522689,0.12832379691551718,0.11685055123701514
2025-06-18,USDKES,145.2547,145.6423,144.7203,144.96659370257902,-0.004257984695725026,0.008050912387621746,0.0072390469993828315,0.12780427202889832,0.1149163085368519
2025-06-19,USDKES,145.5989,145.7053,145.3728,145.61056073825392,0.004442175395223069,0.006258438844056996,0.007287478881522401,0.09934963666128815,0.11568514083086046
2025-06-23,USDKES,145.909,146.0353,145.5726,145.8986848801439,0.001978731078495777,0.005450079562792328,0.0072169703003514335,0.08651733089198481,0.11456585180441411
2025-06-24,USDKES,146.0997,146.4637,145.5687,146.11356670999896,0.001472815399478078,0.0036006970503376676,0.007097020061829792,0.05715929365006373,0.11266170079942725
2025-06-25,USDKES,146.6937,147.1233,146.4468,146.8532423201993,0.005062333545442943,0.0037126594940023604,0.007075378882290519,0.05893664234275887,0.11231815772459315
2025-06-26,USDKES,148.2893,148.7641,148.1201,148.36650949922517,0.010304622186865453,0.004528829619050471,0.007328097764993823,0.07189294141314562,0.11632994561605142
2025-06-27,USDKES,149.5981,150.0862,149.5013,149.78685741741128,0.009573238077650759,0.005012524834677919,0.007513556913961569,0.07957136491855754,0.11927401833523345
2025-06-30,USDKES,148.8905,149.4312,148.5918,148.73073105500322,-0.007050861341358905,0.005831308036868712,0.00746665619369685,0.09256914530260128,0.11852949248245193
2025-07-01,USDKES,146.9724,147.1953,146.8922,146.92685238057817,-0.012128486571870267,0.008308978235815924,0.007806071456811635,0.13190094036610278,0.12391754274673958
2025-07-02,USDKES,147.9908,148.1791,147.5713,148.104,0.008011793626210295,0.008693184949864183,0.007802240811833301,0.1380000328705808,0.12385673314289768
2025-07-03,USDKES,149.1376,149.4355,148.6047,149.21990368529006,0.007534595185072934,0.008910445626114913,0.007892799196147618,0.14144893918477966,0.12529430292706265
2025-07-04,USDKES,149.9164,150.5808,149.739,149.98243167391723,0.005110095703019457,0.008912266951075594,0.007385244693232781,0.14147785182219524,0.11723712497792065
2025-07-07,USDKES,150.16,150.2335,149.8234,150.03555418960627,0.00035419158828231545,0.008337451856025534,0.007362197058679332,0.13235294507410478,0.1168712551219003
2025-07-08,USDKES,150.4336,150.4827,149.9581,150.30618971528423,0.001803809284670832,0.007587031756567504,0.007346809601623768,0.12044039530216295,0.11662698681382805
2025-07-09,USDKES,149.3813,149.5307,149.1036,149.28456931384187,-0.006796928345915498,0.007545295944031128,0.007398533902811189,0.11977785981774418,0.11744808463991116
2025-07-10,USDKES,149.9813,150.3785,149.7571,150.0730017592087,0.005281406169376446,0.005159718302953034,0.007409855179280835,0.08190798878857172,0.1176278043322861
2025-07-14,USDKES,150.9912,151.045,150.6786,150.81157869359456,0.004921451065334814,0.004782079585491539,0.007028522168646408,0.07591315999757672,0.11157433045525665
2025-07-15,USDKES,149.5816,149.8518,149.4492,149.84391905428228,-0.006416348450792864,0.005265995698122128,0.007177283047262124,0.08359509013420269,0.11393583619305256
2025-07-16,USDKES,149.4815,149.7584,149.099,149.2753870954163,-0.003794161034055832,0.005069058845987262,0.006999114895951131,0.08046881452580616,0.11110750447352646
2025-07-17,USDKES,149.5082,149.5923,149.3378,149.4302927642671,0.0010377174152078616,0.005098435254213,0.006603951525692387,0.08093515054927185,0.10483448044384581
2025-07-18,USDKES,148.651,148.9863,148.346,148.55275723276355,-0.005872541070958803,0.005324272598313508,0.006761216679416926,0.08452020724471943,0.10733098736375467
2025-07-21,USDKES,147.5596,147.7916,147.238,147.5518749531458,-0.006737554376385568,0.005314769097913256,0.006659839095061912,0.08436934385285741,0.10572166810343563
2025-07-22,USDKES,147.3039,147.5914,146.9427,147.38073381710913,-0.0011598709680309405,0.004391166161069746,0.006651172932229251,0.06970760176651648,0.10558409703337715
2025-07-23,USDKES,147.9655,148.241,147.1436,148.14723459670122,0.00520082075682482,0.004471189383496335,0.0065103627645373904,0.07097793104042105,0.10334880491868537
2025-07-24,USDKES,149.1558,149.4196,148.6922,148.70885051886108,0.0037909308512489304,0.004654903023952221,0.006179670003656537,0.0738942946710007,0.09809922008472484
2025-07-25,USDKES,149.704,149.8113,149.5512,149.70954510869188,0.006729220126033386,0.005287241975478545,0.006164176106783965,0.08393236433122858,0.0978532620969402
2025-07-28,USDKES,149.1468,149.6814,149.1385,149.2479501177237,-0.0030832702793470723,0.005435258110610275,0.005802525208756961,0.08628204763272952,0.0921122320713244
2025-07-29,USDKES,149.9542,150.2224,149.7007,149.8094992917328,0.003762525204307199,0.0049459908857033726,0.005814702046424983,0.07851517122217928,0.09230553337667315
2025-07-30,USDKES,149.5638,149.8339,149.2765,149.43681466929343,-0.002487723570276601,0.003972121888990374,0.005781144374753869,0.06305548017302784,0.09177282185375239
2025-07-31,USDKES,149.2315,149.3674,149.0234,149.10476941830115,-0.0022219775744490855,0.00412244154886492,0.005731213227959755,0.06544173079617902,0.09098018947119148
2025-08-01,USDKES,149.1802,149.4016,148.6821,148.96997856765913,-0.0009040009328197263,0.0038902169396528297,0.005661184299069582,0.06175527941047292,0.08986851468864973
2025-08-04,USDKES,148.6273,148.7765,148.251,148.33464803867554,-0.004264822584337247,0.004045694113184182,0.005697669689870424,0.06422340302474008,0.09044770231192592
2025-08-05,USDKES,149.29,149.5715,148.5407,149.0748,0.004989744278298902,0.003562797081059688,0.005748473299081133,0.056557650289624596,0.0912541846059822
2025-08-06,USDKES,149.426,149.5898,149.0083,149.38291657544778,0.0020668588886101347,0.003495986771632899,0.005752127657629274,0.055497069507073254,0.09131219574950127
2025-08-07,USDKES,149.2138,149.5728,149.0171,149.30245041888213,-0.0005386570192248419,0.003108540168016651,0.005698107773742784,0.04934654535016198,0.09045465667780385
2025-08-08,USDKES,149.9361,150.1067,149.7377,149.7750709902997,0.0031655245449193625,0.003231933361475098,0.005419694149307079,0.05130535157037678,0.08603497740658977
2025-08-11,USDKES,151.2946,151.3385,150.7773,150.99998021952862,0.008178325145365983,0.004130277371877104,0.005343094765377758,0.06556612063022556,0.08481899988384334
2025-08-12,USDKES,149.6931,150.0027,149.1419,149.50351392016668,-0.009910374141680833,0.0060666823286005065,0.00550158729490601,0.09630559634824304,0.08733499079060322
2025-08-13,USDKES,148.5722,148.9909,148.4827,148.54002246887435,-0.006444607394357482,0.006400381203697259,0.0051494287812645255,0.10160290176597112,0.08174464769558613
2025-08-14,USDKES,148.532,148.8813,148.0179,148.7600014005827,0.0014809404768632017,0.006094214519736211,0.004949702519418392,0.09674265633300567,0.07857409158078552
2025-08-15,USDKES,149.2064,149.2753,148.8659,149.2514798782736,0.00330383485522745,0.006190975720419549,0.004790013078963424,0.09827869277441442,0.0760391003021041
2025-08-18,USDKES,149.333,149.5748,149.1234,149.45637415405463,0.001372812356354114,0.0062110034787553605,0.004700785594784043,0.09859662358166238,0.07462265790260054
2025-08-19,USDKES,149.6547,150.0295,149.4009,149.5706,0.000764275505758194,0.006082567894075328,0.004702767037449268,0.09655777188233512,0.07465411232977645
2025-08-20,USDKES,151.885,152.2442,151.1614,151.71184003154158,0.014315915236962073,0.007712167783197968,0.005382471244338387,0.12242686814127673,0.08544408210885447
2025-08-21,USDKES,153.6272,153.6631,152.9538,153.331155024117,0.010673623049056502,0.006871811708408245,0.005528549573861793,0.10908662902146071,0.08776300369998254
2025-08-22,USDKES,152.2852,152.5542,152.0423,152.29223214927777,-0.006775680224125558,0.0069534279020140866,0.0056367491698350765,0.11038224592888125,0.08948061903740039
2025-08-25,USDKES,152.6232,152.7001,151.7058,152.43974225872347,0.0009685990372845232,0.00698197568571106,0.005575817494560006,0.11083542794574679,0.0885133586789341
2025-08-26,USDKES,151.74,151.8091,151.2744,151.64938458088054,-0.00518472195066777,0.0077231189521745,0.005528437243383229,0.12260071255934082,0.08776122050891694
2025-08-27,USDKES,152.3528,152.4039,151.7315,152.3502139858009,0.004621379815403115,0.007755305768415387,0.005521046535653411,0.12311166242695076,0.08764389666092177
2025-08-28,USDKES,151.4628,151.5679,151.2221,151.2348894446607,-0.007320794057067537,0.00865367162430497,0.005710777043233004,0.13737277827316394,0.09065577509598773
2025-08-29,USDKES,149.8673,150.0072,149.6299,149.95673120262805,-0.008451477345777003,0.007248481122345574,0.005826931379151602,0.11506607059603643,0.09249966801524254
2025-09-01,USDKES,149.3905,149.7049,149.2089,149.67601704614387,-0.001871967695167176,0.004851563156946697,0.005689524617989441,0.07701617749922632,0.09031840330427897
2025-09-02,USDKES,151.6844,151.7302,151.6779,151.68963199687593,0.013453156961754864,0.007709759738365414,0.006150104198953578,0.12238864161463973,0.09762987748539165
2025-09-03,USDKES,151.9359,152.203,151.6427,151.77772416392597,0.0005807395396137949,0.007698489258207892,0.006098376253641689,0.12220972828872119,0.096808721810626
2025-09-04,USDKES,152.5327,152.8945,152.386,152.64958319039036,0.005744314794987604,0.007721026465787054,0.006141409003834192,0.122567495367723,0.09749184554206917
2025-09-05,USDKES,152.1609,152.4562,151.9115,152.3429061756252,-0.002009026217796306,0.007603525029529718,0.006061636533061162,0.12070221789354409,0.09622549682726153
2025-09-08,USDKES,153.2679,153.372,152.7442,153.164805889237,0.00539506390054223,0.0070573991710679036,0.006081642157335246,0.11203273865735437,0.09654307626717248
2025-09-09,USDKES,153.7585,154.1732,153.6838,153.8990879205492,0.004794064974973589,0.005427371109558002,0.006101375452755215,0.086156845372483,0.09685633262054653
2025-09-10,USDKES,155.3669,155.6031,155.1455,155.5198,0.01053100509788285,0.005318479504456786,0.006310328701368371,0.08442824473072018,0.1001733626093633
2025-09-11,USDKES,156.107,156.5421,155.912,156.25678820650631,0.004738870590794919,0.004003518582362355,0.0063024257687992365,0.06355388722893991,0.10004790744412705
2025-09-12,USDKES,155.9268,155.9685,155.3893,155.81137928565997,-0.0028504932551006723,0.0046809032401901336,0.006338816997273305,0.07430703530819723,0.10062560028680616
2025-09-15,USDKES,155.082,155.4832,154.7125,155.2155215648344,-0.003824224671890808,0.0053546489358468055,0.006325454803741674,0.08500241665384381,0.10041348204047609
2025-09-16,USDKES,155.8303,156.0668,155.62,155.8042572928173,0.0037930209688274985,0.004996106662725224,0.00630664187518148,0.07931073451874279,0.1001148360580575
2025-09-18,USDKES,157.0375,157.4193,156.6892,156.92204766967532,0.00717432499137205,0.00516722129244124,0.0063910684768378415,0.08202709505422368,0.10145506681018378
2025-09-19,USDKES,158.0453,158.2223,157.654,157.76120237026538,0.005347589539211883,0.00519485245184396,0.0064114919258359045,0.08246572611151956,0.10177927901196229
2025-09-22,USDKES,156.373,156.6095,156.0972,156.3668520520222,-0.008838360111953492,0.005963674822797977,0.006695392751710978,0.09467040288708382,0.10628606490559006
2025-09-23,USDKES,154.869,155.1984,154.7224,154.8791987398266,-0.009513866223390455,0.006769935980216714,0.006860223876073419,0.10746940197289029,0.10890267788590714
2025-09-24,USDKES,154.7649,154.8514,154.2687,154.57318125490175,-0.0019758462557576406,0.0067433756685056035,0.0065774524547588245,0.10704777009569857,0.10441382073385902
2025-09-25,USDKES,153.671,154.4935,153.3813,153.42290071143915,-0.007441656658186413,0.007113631620545388,0.006619446724074295,0.11292540111893094,0.10508045909245065
2025-09-26,USDKES,154.3867,154.4459,154.226,154.42130067753257,0.006507502866023973,0.007521241427922498,0.006692637409726219,0.11939600621255558,0.10624232520757841
2025-09-29,USDKES,154.3836,154.8705,153.8765,154.22298125406243,-0.0012842750488436527,0.00656059755941159,0.0066969183598416665,0.10414625756508221,0.10631028318386171
2025-09-30,USDKES,152.9636,153.0711,152.8381,152.961932619134,-0.008176788080960673,0.0058298586767534764,0.00690785038248761,0.09254613742405074,0.10965872523662777
2025-10-01,USDKES,153.7739,154.2972,153.7347,153.95160025010267,0.0064700256725500616,0.006690395056855846,0.006985058588694453,0.10620672895929846,0.11088436751340798
2025-10-02,USDKES,153.0923,153.5268,152.6652,152.95148460341528,-0.006496299129483907,0.006221547191349008,0.00664055992425268,0.09876399983017116,0.10541562075476706
2025-10-03,USDKES,151.8119,152.0215,151.4119,151.76136541380228,-0.007781024111657597,0.006627084170871707,0.006499016124685081,0.10520169980171529,0.1031686825950928
2025-10-07,USDKES,152.5716,152.9444,152.1023,152.5948,0.005491744120285302,0.006851487926072563,0.00646482842427219,0.10876399897889819,0.10262596967595468
2025-10-08,USDKES,151.3951,151.6669,151.0798,151.52479764130132,-0.007012049943370791,0.006351039606128125,0.006590254369225727,0.10081962818721978,0.10461704482576868
2025-10-09,USDKES,152.4329,152.5508,152.1416,152.35754675763116,0.005495794281152433,0.007075759930763087,0.006599033381518865,0.11232420668156841,0.10475640732547521
2025-10-10,USDKES,151.7315,151.9703,151.4761,151.8171,-0.003547226698857764,0.00656941835445104,0.00657779049712044,0.10428628334532375,0.10441918698998767
2025-10-13,USDKES,152.8212,153.3941,152.7941,152.80982843312913,0.006538976394155238,0.006582618710535322,0.006539463646854437,0.1044958325018228,0.10381076710394614
2025-10-14,USDKES,152.3324,152.5748,152.2621,152.27499043739243,-0.003500023533962282,0.006258447110511883,0.006369521791537834,0.09934976788719128,0.10111302378489423
2025-10-15,USDKES,153.0369,153.0734,152.3705,152.84642854826689,0.0037526721179430567,0.005534120139768948,0.006379121771566264,0.08785143369229591,0.1012654187433727
2025-10-16,USDKES,152.4917,152.5597,152.393,152.50062225629193,-0.0022624427358847177,0.005261878724179918,0.005926525240193141,0.08352973519897136,0.09408067154579035
2025-10-17,USDKES,152.4364,152.536,151.858,152.13953197014422,-0.0023677954935873435,0.0044756656152687025,0.0059443253734750975,0.07104898901690326,0.0943632399015975
2025-10-20,USDKES,153.4832,153.6621,153.3452,153.48657809754286,0.008854017821370519,0.005209363490222758,0.006071951856013292,0.08269608170441324,0.09638924750260945
2025-10-21,USDKES,152.3152,152.4764,152.1776,152.24956095868566,-0.008059448286553472,0.0060816133590493385,0.006245851416464957,0.0965426191085563,0.09914981744296075
2025-10-22,USDKES,149.7771,149.9905,149.6873,149.854929249266,-0.015728332445368864,0.007900539205021978,0.006783964888511273,0.12541717175882458,0.1076921039879691
2025-10-24,USDKES,148.451,148.5199,148.2862,148.38104194618234,-0.009835427572969846,0.00834971961034177,0.006899810333443921,0.13254768963650077,0.10953109341483759
2025-10-27,USDKES,147.55,147.8271,147.3942,147.73132657945007,-0.004378695271380573,0.007685136817138008,0.006554520703073079,0.12199776485792184,0.10404979046133361
2025-10-29,USDKES,149.4319,149.5167,149.2483,149.40350906820942,0.011319078542627592,0.0098496493945505,0.006879146954253848,0.15635833679495123,0.10920307243933862
2025-10-30,USDKES,149.5954,149.9265,149.5014,149.6964037987676,0.0019604273847708686,0.010021892627242374,0.006901916935343965,0.1590926133472504,0.10956453468327118
2025-10-31,USDKES,149.501,149.6418,148.9482,149.5704042258042,-0.00084170073405887,0.008827575961524763,0.006885923741549471,0.14013342404235846,0.10931065060257182
2025-11-03,USDKES,149.3545,149.4535,148.8195,149.22658729665204,-0.0022986962623507967,0.00861415193966056,0.006822796086787139,0.13674542272839907,0.10830853015046059
2025-11-04,USDKES,151.4631,151.5385,150.8523,151.36594551740924,0.014336307353221889,0.008605749774900445,0.007245861190365064,0.13661204249781997,0.11502448046520243
2025-11-05,USDKES,150.0537,150.4171,149.635,150.08110022316944,-0.008488337914105193,0.00832126982898246,0.007256667985410824,0.1320960633585154,0.11519603301816678
2025-11-06,USDKES,150.774,151.0689,150.5437,150.54639478629022,0.0031002875274028785,0.007885681750843969,0.007175010200316339,0.12518131698560128,0.1138997558663326
2025-11-07,USDKES,150.0339,150.2014,149.9543,150.10445128423328,-0.00293559671544652,0.0070982442188775455,0.007012063295639208,0.11268113369011151,0.11131305394623198
2025-11-10,USDKES,150.613,150.8274,150.3514,150.70537263277052,0.004003354620039534,0.007200427844517238,0.007068689157033352,0.1143032484591448,0.11221196162837428
2025-11-11,USDKES,150.2767,150.9442,150.1195,150.37051152844057,-0.0022219586367761,0.0072771893913761146,0.006963544381345657,0.11552180023859211,0.11054284005961042
2025-11-12,USDKES,149.0344,149.5267,149.0099,149.1958734829869,-0.0078116249889294,0.00793511698263846,0.006947018454750064,0.12596607696159962,0.11028049910786933
2025-11-13,USDKES,148.1703,148.6006,147.8577,148.4503393235984,-0.00499701594946278,0.004894608132919433,0.0069829587600798776,0.077699495308914,0.11085103376754783
2025-11-14,USDKES,146.5918,146.5982,146.408,146.41860358714578,-0.01368629903919416,0.006142849240628573,0.00723923502313837,0.09751470859239104,0.11491929332143827
2025-11-17,USDKES,144.717,145.3337,144.4024,144.84535984143866,-0.01074483506305779,0.0058843613698332225,0.007273559133082188,0.09341134085408448,0.11546417167474816
2025-11-18,USDKES,143.7616,144.3301,143.6585,144.15641415624157,-0.004756422200554278,0.00579241636937701,0.007243384505564728,0.09195175922106733,0.11498516431285694
2025-11-19,USDKES,145.3293,145.5478,144.9095,145.2694127251082,0.0077207703547643725,0.006899694415985837,0.007364743008765665,0.1095292532822374,0.11691167082657322
2025-11-20,USDKES,145.2433,145.3979,144.4967,145.03075595116147,-0.0016428563279066166,0.006944871532813421,0.00724778569277862,0.11024641777869758,0.1150550309939053
2025-11-21,USDKES,144.7419,145.5494,144.2135,145.03903593728518,5.709124295338874e-05,0.00707431535937702,0.007182667182796799,0.11230127482173673,0.11402130669495145
2025-11-24,USDKES,146.5343,146.7711,145.8889,146.4330637255177,0.009611397229883023,0.008701264957695656,0.007356746481988345,0.13812829901846196,0.11678472989934288
2025-11-25,USDKES,145.5429,145.869,145.257,145.65831904361852,-0.005290776974737232,0.007270051895159099,0.00738199622611081,0.11540849599874879,0.11718555716103922
2025-11-26,USDKES,145.042,145.2518,144.5829,144.7838459431434,-0.006003591873205982,0.00634215053401468,0.0072739965786176,0.10067851854203,0.11547111590734117
2025-11-27,USDKES,144.2181,144.5135,143.4387,144.17673979647464,-0.004193189804525432,0.006275616750179604,0.007280775172990837,0.09962232746715956,0.11557872275704217
2025-11-28,USDKES,142.969,143.6151,142.9572,143.2965628571357,-0.006104847013335246,0.005592773923433439,0.007244149598875464,0.08878253364247125,0.11499730979263673
2025-12-01,USDKES,143.2828,143.2933,143.2502,143.2573041129117,-0.0002739684989035984,0.005628635434410866,0.0072519217299710035,0.08935181748058296,0.11512068854885146
2025-12-02,USDKES,141.7354,141.8119,141.6214,141.73746508682513,-0.010609155571493,0.006444822332405732,0.00741830374197698,0.1023083828132449,0.11776192110726573
2025-12-03,USDKES,141.6858,141.7131,141.2121,141.69564307068757,-0.0002950667708917498,0.003609887807583051,0.007124870873071749,0.05730519239825363,0.11310381872157296
2025-12-04,USDKES,140.219,140.2746,139.8916,140.03585581145262,-0.011713749436931709,0.004497691366277904,0.007250907559299327,0.07139863697456192,0.11510458908854608
2025-12-05,USDKES,139.7372,139.9604,139.5062,139.92013725212664,-0.0008263494992438725,0.004833245731436317,0.006829946755196642,0.07672539738386983,0.10842204349237718
2025-12-08,USDKES,140.8527,141.1378,140.8399,140.8480865778184,0.006631992677506249,0.006519596491565695,0.006861898157815133,0.10349538579103226,0.10892925628458654
2025-12-09,USDKES,141.516,141.9876,141.2873,141.48832064645504,0.004545564545407554,0.006985573578862598,0.006935374570389582,0.1108925427288833,0.11009565817399355
2025-12-10,USDKES,140.2037,140.6927,140.0234,140.24737931111582,-0.00877062735404166,0.007403612469720072,0.00662643293941868,0.1175287043902562,0.10519136182289138
2025-12-11,USDKES,139.0617,139.5909,138.6585,138.8352811771587,-0.010068624033427565,0.007313356482861753,0.006736254801226676,0.11609593501688524,0.10693472983206373
2025-12-12,USDKES,140.277,140.6512,139.8649,140.35039234829364,0.01091301258792865,0.009014888431954199,0.007163489285294796,0.143106917327663,0.11371686701019512
2025-12-16,USDKES,141.0769,141.3018,140.5343,141.1996,0.006050625420404687,0.00805265070699757,0.007315825208389605,0.12783186699350413,0.11613512481969708
2025-12-17,USDKES,141.8728,142.6,141.2437,142.076400607023,0.006209653618161726,0.008193874539621684,0.006831566502039472,0.13007372583541704,0.10844775617637524
2025-12-18,USDKES,142.4609,142.5507,142.1881,142.4178,0.002402928223958156,0.007966763732839634,0.0067687246626783795,0.12646845354661376,0.10745017290309931
2025-12-19,USDKES,141.6669,141.9976,141.3312,141.7164,-0.004924946179480472,0.00818662427510797,0.0067299885554017,0.12995863145436068,0.10683525626342243
2025-12-23,USDKES,142.8385,142.8636,142.7406,142.7862919639654,0.0075495282406652375,0.0074799448883503756,0.006947961836756693,0.11874044397026334,0.11029547483295458
2025-12-24,USDKES,143.6178,143.7496,143.4416,143.6030924770718,0.005720440680065719,0.0049938798485440776,0.007002920500033814,0.0792753849395072,0.11116791656547338
2025-12-26,USDKES,143.7288,143.9132,143.2859,143.51232465948115,-0.0006320742542863522,0.0045422073017356525,0.007003942710929762,0.07210530554216556,0.1111841436603822
2025-12-29,USDKES,143.7094,143.8645,143.4536,143.7581249246084,0.0017127467324529189,0.004380981955970059,0.006924855184691052,0.06954593252254859,0.10992866810297268
2025-12-30,USDKES,143.769,144.1396,143.5455,143.64139191850668,-0.0008120097988405517,0.004211143713793515,0.0068880665660297465,0.06684983401110361,0.10934466688664025
2025-12-31,USDKES,143.3262,143.5156,143.0418,143.37937457116348,-0.001824107548970666,0.0043724169422499305,0.006466687673844192,0.0694099671448727,0.102655484347911
2023-01-02,USDNGN,466.6227,466.9416,466.3801,466.43625189236354,,,,,
2023-01-03,USDNGN,470.4728,472.4477,469.2678,470.1525770424112,0.007967487807755802,,,,
2023-01-04,USDNGN,469.9424,471.4937,469.0417,469.3032726331072,-0.0018064442284816407,,,,
2023-01-05,USDNGN,477.9792,480.1128,477.9041,478.2443971692047,0.019051911754059958,,,,
2023-01-06,USDNGN,477.4376,478.0309,477.1244,477.800575070254,-0.0009280236246943518,,,,
2023-01-09,USDNGN,473.8281,474.947,473.6119,473.81288902138647,-0.008345921409326884,,,,
2023-01-10,USDNGN,475.7689,476.6794,474.1687,475.32189132975367,0.0031848063725827824,,,,
2023-01-11,USDNGN,471.9934,473.4015,471.316,471.3354946812496,-0.008386730595032699,0.009697474153285614,,0.1539426297304224,
2023-01-12,USDNGN,483.7284,486.3628,482.7752,484.3309021731277,0.027571459477429228,0.013819722837253964,,0.21938129889128363,
2023-01-13,USDNGN,476.3287,477.1636,476.143,476.3671824883496,-0.016442724693068178,0.015860251670607797,,0.2517736899079497,
2023-01-16,USDNGN,482.2521,483.2399,481.2557,482.3898048470798,0.012642815416608721,0.014883105566525296,,0.23626197639208207,
2023-01-17,USDNGN,478.3202,480.3835,477.6102,478.92194729990297,-0.007188911358265937,0.015225465165975538,,0.2416967665466882,
2023-01-19,USDNGN,496.4,497.8837,495.7095,496.8623,0.037459867523804924,0.01993748536982837,,0.316497768339327,
2023-01-23,USDNGN,498.4181,498.4823,497.3296,497.6008392906163,0.0014864063758033286,0.02000156039935185,,0.3175149278995365,
2023-01-24,USDNGN,493.4034,495.0958,492.6681,493.4000321805785,-0.008442122236020588,0.0200085495506167,,0.3176258772362697,
2023-01-25,USDNGN,488.8841,488.9437,488.7738,488.82222092719127,-0.009278092733710608,0.018392554456775283,,0.2919727504070405,
2023-01-26,USDNGN,499.499,500.0562,498.8228,499.6697895616756,0.022191234706779195,0.017914502968685662,,0.28438391829882353,
2023-01-27,USDNGN,504.8367,505.8984,503.0531,505.0737,0.010814963304194958,0.017831360580023076,,0.2830640737959691,
2023-01-30,USDNGN,504.8185,504.8328,503.6287,504.20674446957497,-0.001716493118578577,0.017229711239179477,,0.27351318660194046,
2023-01-31,USDNGN,517.1251,519.0343,516.3977,516.5439222043482,0.024468490098742857,0.013829083857021932,,0.21952990047322765,
2023-02-01,USDNGN,505.7415,507.5817,505.1887,506.0869566317711,-0.020244097593776766,0.016995155462495807,,0.2697897290798689,
2023-02-02,USDNGN,496.7753,497.5261,495.8576,496.3241905165582,-0.01929068905507536,0.018584105230848354,,0.29501352467687614,
2023-02-06,USDNGN,499.2366,501.7519,498.8865,499.6164,0.006633183605287085,0.01808493392757521,,0.28708942589639164,
2023-02-07,USDNGN,494.8163,495.0471,494.3096,494.86878426713486,-0.009502521800455632,0.016450488887090938,,0.261143415244046,
2023-02-09,USDNGN,496.6498,498.2854,496.4313,497.0858434385608,0.004480095010860774,0.01583819989698629,,0.2514236288541273,
2023-02-13,USDNGN,508.1732,509.7154,507.0325,507.242198847716,0.02043179370971271,0.01800710545695061,,0.28585393722723257,
2023-02-14,USDNGN,521.4444,521.9722,520.175,520.8989762480443,0.02692358291828212,0.018556008880879576,,0.29456750894828,
2023-02-15,USDNGN,523.4728,524.9151,522.1555,523.007237894255,0.004047352255126757,0.01593087437724561,,0.25289479062001724,
2023-02-16,USDNGN,522.8809,524.1678,521.6488,522.6439901581264,-0.0006945367287671811,0.012399800617896852,,0.19684073245044073,
2023-02-17,USDNGN,518.6806,521.4539,517.7742,519.6667795340522,-0.005696440942855485,0.01337641036765041,,0.21234393160529433,
2023-02-20,USDNGN,545.769,546.2396,544.1384,545.0801757361414,0.048903253398024704,0.019236097779223055,0.016876503727929572,0.30536358551487636,0.2679061911861367
2023-02-21,USDNGN,575.5952,576.3243,574.9067,575.4087681563617,0.05564060806148552,0.024096289811889476,0.01921463443228443,0.3825167421695935,0.30502286544506013
2023-02-22,USDNGN,578.9871,579.129,577.8717,577.9521608345519,0.004420149325043088,0.024944679826947112,0.019150507691549808,0.3959845161373906,0.3040048849948226
2023-02-23,USDNGN,594.7374,595.671,593.6857,594.8186367377143,0.02918316955300848,0.025077398561905627,0.01945472752729644,0.3980913607395066,0.30883422517049364
2023-02-24,USDNGN,587.5014,588.5344,586.5766,587.663184666937,-0.012029636646930575,0.027351008157673704,0.01972384721116949,0.4341837941526211,0.31310636770913614
2023-02-27,USDNGN,587.8143,590.1149,587.4427,587.8300760598983,0.00028399157428227184,0.027247184166075415,0.019552885166678698,0.4325356393812743,0.3103924293890133
2023-03-01,USDNGN,569.2167,569.6312,567.8401,569.1610116796674,-0.031759287488938526,0.032229520975525214,0.02081261519254915,0.5116277842558774,0.3303900235942184
2023-03-02,USDNGN,569.3631,570.5086,567.4776,569.6223085581929,0.0008104857308552926,0.028318497556596715,0.020657035260453486,0.449542212226471,0.32792026873831376
2023-03-03,USDNGN,571.3045,572.4482,570.606,571.2206173825091,0.0028059098112953595,0.018382631518236592,0.020278835426288097,0.2918152286411504,0.32191653249578883
2023-03-06,USDNGN,570.9459,571.2498,569.8169,570.3188564980569,-0.0015786560516395376,0.018232607969742538,0.019896871191481553,0.2894336786404382,0.3158530382456736
2023-03-07,USDNGN,583.5369,584.0211,583.2539,583.6518221834943,0.023378090227116344,0.0166546156454738,0.0201119856641544,0.26438382707573493,0.31926787463429257
2023-03-09,USDNGN,598.6446,599.1184,597.6985,598.1344316452893,0.024813782654895533,0.01884926053554218,0.020205832943343043,0.2992227346470526,0.3207576540060117
2023-03-10,USDNGN,598.3878,599.459,597.0648,598.8464195352929,0.001190347608053699,0.018833171363453062,0.01942971392506105,0.29896732695816025,0.30843714654504123
2023-03-13,USDNGN,592.1656,594.959,591.7525,592.7916,-0.010110805271226986,0.0131221718054322,0.019645479579673397,0.2083080195494223,0.3118623201264812
2023-03-14,USDNGN,598.5507,598.6748,597.8594,597.9215874891013,0.008653947675880236,0.012948747414198117,0.019458088980745667,0.2055549926865534,0.3088875865897159
2023-03-15,USDNGN,587.4523,588.8267,587.4517,587.4618583532581,-0.01749347967141901,0.015970698181379788,0.019745035695381438,0.2535269739120147,0.31344272446843546
2023-03-16,USDNGN,591.456,592.1228,590.6669,591.8667199314382,0.0074981235216318165,0.01579827117824193,0.019519020523690155,0.2507897800943251,0.3098548448474993
2023-03-17,USDNGN,584.6321,584.6769,583.7516,584.2410581068549,-0.012884086176473408,0.014844223988494963,0.019788532496377943,0.23564475047578198,0.3141332147780172
2023-03-20,USDNGN,577.6006,579.3141,575.3714,577.3817695952612,-0.01174051090113426,0.010573178389669063,0.019990363929603523,0.16784400351952034,0.31733718945244094
2023-03-21,USDNGN,581.3487,581.4311,580.4153,581.4296,0.0070106654174002525,0.011340635191522752,0.019646744040634163,0.18002700255765935,0.31188239282194963
2023-03-22,USDNGN,576.0827,577.4653,574.5189,575.9908668928704,-0.009354069877298476,0.011277801698965268,0.019277894236881348,0.17902955178578295,0.30602708371076004
2023-03-23,USDNGN,585.1966,586.0962,582.1272,585.2498439417423,0.01607486781660028,0.012902194082048934,0.01884952267793275,0.20481598144914462,0.29922689602849384
2023-03-24,USDNGN,578.4396,581.5328,578.2434,579.0451515601992,-0.010601783914633067,0.011828786931338866,0.019080634200220818,0.187776171191361,0.3028956777070686
2023-03-27,USDNGN,574.9089,575.6517,574.4617,574.8265437019128,-0.007285455800673968,0.011150742907878462,0.01902632843565584,0.17701255600718177,0.30203360042029165
2023-03-29,USDNGN,554.8257,556.4485,553.0339,554.4041012644747,-0.03552800868574468,0.016242046100534514,0.020427433998379513,0.2578344885891643,0.32427546169738797
2023-03-30,USDNGN,565.9143,567.5911,565.1224,566.377982688615,0.02159775044381984,0.019332606767763858,0.02046116396086682,0.30689561821264444,0.3248109082522257
2023-03-31,USDNGN,567.4078,567.8343,566.2276,567.8024756825696,0.002515092460325663,0.019033114136923265,0.019993312564885332,0.30214132008844036,0.3173839975864171
2023-04-03,USDNGN,587.3997,588.3057,586.0355,586.5373483976049,0.03299540512308208,0.023064321852615324,0.020727244963809215,0.3661347586822361,0.329034813226531
2023-04-05,USDNGN,566.7064,568.1101,564.8667,567.776096617473,-0.031986457181945704,0.025488474007067975,0.02173620394636069,0.404616981127415,0.3450515405319068
2023-04-06,USDNGN,564.0184,566.0,562.3647,563.1994388411764,-0.008060673571081978,0.025397407868308602,0.021773041982349303,0.40317135099131785,0.34563632622399026
2023-04-07,USDNGN,562.2409,563.8923,560.3365,562.9324,-0.0004741461421300386,0.025366662989678105,0.019967995098006026,0.4026832911736469,0.31698209525928456
2023-04-10,USDNGN,557.1512,559.9405,556.166,558.0122043129694,-0.008740295792231234,0.02128150605963864,0.01718890127892785,0.33783343535230775,0.27286534856689904
2023-04-11,USDNGN,562.2898,563.7096,559.8703,562.6921951976194,0.008386897004182936,0.01968915669314891,0.017246238582453517,0.31255567280792934,0.2737755500427547
2023-04-12,USDNGN,572.5228,574.0149,572.1739,572.8221950597979,0.018002737462212037,0.02094922507998785,0.016688945804070397,0.3325586383269904,0.2649288014484309
2023-04-13,USDNGN,569.0912,569.4521,568.7602,569.4213864585636,-0.0059369358075925804,0.01568357330908188,0.01658837933737925,0.24896900786808604,0.2633323582818475
2023-04-14,USDNGN,561.7205,562.6163,561.5559,562.579,-0.012016384739461428,0.010835979570430664,0.01670923842841546,0.1720158429308163,0.26525093687322626
2023-04-17,USDNGN,561.3101,563.1292,560.5924,561.7414366184404,-0.001488792474584999,0.010425763457022945,0.015691127996413604,0.16550386401160655,0.24908893481156158
2023-04-19,USDNGN,565.8732,566.0435,564.5622,565.4881884210661,0.006669886816931925,0.01075312309602585,0.015742046283137134,0.17070053717609596,0.24989723755469725
2023-04-20,USDNGN,578.0882,578.2851,576.8989,577.4362668007112,0.02112878504678606,0.012211590270352849,0.016208143893667423,0.1938529858078179,0.25729630773956474
2023-04-21,USDNGN,574.5179,575.4308,573.4542,574.0640263699667,-0.005840021877095647,0.01272023264300915,0.01624550890610628,0.20192743315372838,0.25788945892345305
2023-04-24,USDNGN,572.541,574.2838,571.3631,574.1204,9.820094526702405e-05,0.010846727349759708,0.01565257582036197,0.1721864586383214,0.24847693798956358
2023-04-25,USDNGN,575.7867,576.9305,575.1127,576.2121677495784,0.0036434304539227913,0.010517186270241112,0.014936056732186212,0.16695515617920562,0.23710255008790065
2023-04-26,USDNGN,575.1108,576.5192,573.8112,574.4660810516706,-0.003030284321706045,0.008996390386925035,0.014933267362488251,0.14281326996633475,0.23705827021668813
2023-04-28,USDNGN,580.665,581.8731,579.9369,581.0570736456583,0.011473249355160586,0.009242869150627065,0.015012702528123992,0.1467259990396201,0.23831926437844048
2023-05-01,USDNGN,585.0883,586.893,584.0898,584.8084020839894,0.0064560412539074186,0.009236309107370076,0.01497150822672464,0.1466218615813332,0.23766532511682614
2023-05-02,USDNGN,590.5784,591.8374,588.6878,591.1314759718931,0.01081221450541947,0.006672585189413406,0.014762598707144138,0.10592400607848414,0.2343489893048822
2023-05-03,USDNGN,600.6809,601.661,600.3777,601.1945721474236,0.017023448394429597,0.006998886523499752,0.015022604271716025,0.1111038791732506,0.23847644968498316
2023-05-04,USDNGN,597.5073,598.3602,597.0329,597.6213309655382,-0.005943568600631388,0.008208089931536707,0.014859858578350428,0.13029938818619585,0.2358929418954303
2023-05-05,USDNGN,595.0944,596.4109,594.3691,596.1767629284418,-0.0024171962449239803,0.008770919021035392,0.014683650406495642,0.13923402299487447,0.23309572388519972
2023-05-08,USDNGN,603.9164,604.2888,601.6114,604.0260364638548,0.01316601723431332,0.008457693232527288,0.014810494281686707,0.13426171775124712,0.23510930797972338
2023-05-09,USDNGN,606.9583,607.8476,604.5728,607.4597679372739,0.005684740832565982,0.00825354071201711,0.014688728223443904,0.13102089695846547,0.23317633173028898
2023-05-10,USDNGN,601.911,603.3988,601.1847,602.5643747884262,-0.008058794025933236,0.009896178394220172,0.014544628223297757,0.1570969617662226,0.23088881514442255
2023-05-11,USDNGN,584.8451,585.2365,583.8074,584.0995646541924,-0.030643713612702794,0.015930700160173294,0.015526588715890166,0.2528920250097323,0.2464769547085625
2023-05-12,USDNGN,575.4199,575.4696,574.4864,575.4211297770487,-0.014857800625620365,0.014180722149686523,0.015716342497783378,0.22511198531625481,0.2494892026119031
2023-05-15,USDNGN,577.0836,578.4321,576.2157,577.2305977012412,0.0031445976356370142,0.014612538643294303,0.014201695988533375,0.23196685964086738,0.2254449346860175
2023-05-16,USDNGN,571.6002,572.7656,571.1084,572.0409504627768,-0.008990596235077697,0.01464098436663615,0.013797103668359694,0.23241842149982261,0.2190222307167404
2023-05-17,USDNGN,560.6128,561.6374,559.0644,560.3251750521384,-0.020480658598235668,0.012784504889474921,0.014306304067856386,0.20294772343583967,0.22710553646411832
2023-05-18,USDNGN,562.8619,565.6783,560.8522,562.4415803500054,0.0037771019259844607,0.012393873388709809,0.012882127332187125,0.19674664060408512,0.20449743167061052
2023-05-19,USDNGN,566.1543,568.3456,564.0663,566.1522536942729,0.006597437803155026,0.01407275038823541,0.0115741945239709,0.22339798673975136,0.1837346420178757
2023-05-22,USDNGN,561.4599,562.925,560.2615,562.3367090043039,-0.006739432131677825,0.010269060355427507,0.011545062069761539,0.16301627939264243,0.18327217864436202
2023-05-23,USDNGN,561.0959,561.5868,560.5384,561.2686539734375,-0.001899315861412565,0.009403983947937788,0.01155006905563803,0.14928361715692062,0.18335166208104528
2023-05-24,USDNGN,569.2565,570.8941,567.7881,570.0910065115187,0.015718591222980915,0.011786666353527401,0.011775369446205318,0.18710752774755612,0.18692819490340587
2023-05-25,USDNGN,576.8313,577.8881,574.0233,577.3580776809483,0.012747212438761313,0.01239854444615016,0.011898745797891956,0.19682079134216632,0.1888867337687816
2023-05-26,USDNGN,555.8698,557.2003,555.2371,555.5395123793263,-0.03779035254734775,0.01796417396648794,0.013402879540070307,0.28517242094416717,0.21276411669109077
2023-05-29,USDNGN,566.8221,569.0055,565.7078,566.798239578576,0.020266294202962554,0.019704634278741456,0.013909767092436342,0.3128013718621709,0.22081070712849932
2023-05-30,USDNGN,565.2288,566.0444,562.9217,565.5206014567547,-0.002254132127812003,0.01958956813417599,0.013733476126135792,0.31097475344511155,0.21801217479718818
2023-05-31,USDNGN,566.2545,568.1539,565.2031,566.8607172102026,0.002369702801269913,0.01936802211643083,0.013734545593648582,0.30745781944364914,0.21802915206763282
2023-06-01,USDNGN,573.8179,574.6261,572.8763,573.8818006814272,0.012385905846111323,0.01972305814329132,0.01386364666587794,0.313093841644897,0.22007856805429682
2023-06-02,USDNGN,593.4989,594.6231,593.0014,593.5015122966076,0.034187722265951015,0.022668932998421144,0.014710111581308413,0.35985815520604864,0.23351578201291892
2023-06-05,USDNGN,594.5262,595.1141,593.0933,594.3553640188347,0.001438668149172928,0.022509301034894222,0.014652974951023617,0.3573240763453136,0.23260876612600404
2023-06-06,USDNGN,588.2996,589.6725,587.1356,588.4523,-0.009931876409628337,0.015033737390958646,0.014794211514964004,0.23865318247397757,0.23485082707129726
2023-06-07,USDNGN,583.5326,584.6485,582.5655,583.4213812922097,-0.008549407841196843,0.015172079341029735,0.014884261805296738,0.2408492928486325,0.23628033111355473
2023-06-08,USDNGN,577.8708,578.0192,577.3461,577.5316591750554,-0.01009514273218659,0.015998002926953095,0.014997860015040974,0.25396042331040786,0.23808364678774716
2023-06-09,USDNGN,589.2973,590.0899,588.379,589.4803996934423,0.020689325560878213,0.017301112488146766,0.015325702853242317,0.27464664629034163,0.2432879905017132
2023-06-12,USDNGN,579.8868,580.5457,577.0306,578.32014048663,-0.018932366899079622,0.01923503318802849,0.015687526176407045,0.30534668565358375,0.24903175769153416
2023-06-14,USDNGN,570.2308,570.906,568.6079,570.4469832781878,-0.013613838871005424,0.013104131356402244,0.015727271474841466,0.2080216362993831,0.2496626947441833
2023-06-15,USDNGN,587.5665,587.9069,586.4144,586.489,0.028121836370531117,0.0183241655597725,0.01628800771941211,0.29088711032359627,0.25856410666958857
2023-06-16,USDNGN,579.2568,579.2801,578.2972,579.2517376125411,-0.012339979756583519,0.018524686743143087,0.01640053440035472,0.29407028542639,0.2603504123513905
2023-06-19,USDNGN,575.5536,578.3972,573.0361,575.7242085943847,-0.006089803084053935,0.018404968984226153,0.016425860164961927,0.29216982492071686,0.2607524464008699
2023-06-20,USDNGN,569.0604,569.983,567.8185,569.2017633777056,-0.011329114043342914,0.018503847695331484,0.016304097618725217,0.29373947579797666,0.2588195259028039
2023-06-21,USDNGN,571.2025,572.3221,568.9175,570.8593543112919,0.0029121324638032853,0.015922213316366684,0.01626773809758927,0.25275730054096346,0.25824233639851324
2023-06-22,USDNGN,581.7193,582.9511,579.4003,581.4106918598951,0.018483252431472863,0.01652574518595531,0.016641034788195154,0.2623380719523637,0.2641682376500328
2023-06-23,USDNGN,581.9837,582.5453,580.8906,581.6317251499016,0.0003801672261984912,0.015279975966146551,0.015674909570612686,0.24256209867280604,0.2488314752836045
2023-06-26,USDNGN,574.3755,575.4439,573.0445,574.2238173303522,-0.012736423236955008,0.011319981893102586,0.015610328635147943,0.17969914160942158,0.24780628471555075
2023-06-27,USDNGN,579.985,580.9299,578.0227,578.6065610072094,0.007632465851439729,0.011076111058732071,0.015662441387696374,0.17582781213082432,0.24863354901581994
2023-06-28,USDNGN,593.1489,593.1855,591.6427,592.0622945142919,0.023255411213553234,0.013681224650025478,0.016110195659027996,0.21718270832864464,0.2557414277182824
2023-06-29,USDNGN,587.4226,588.9125,586.2991,586.9485235111642,-0.008637217824051469,0.01320528903823473,0.015698600540988487,0.20962746471537844,0.24920755777919748
2023-06-30,USDNGN,586.1947,589.6837,586.0833,587.5205927528903,0.0009746497670763965,0.01326355968723379,0.01569395173032937,0.21055248259129353,0.24913376019782002
2023-07-03,USDNGN,597.9443,600.4817,596.0592,597.4611976336193,0.01691958546363681,0.012993190820586876,0.015919411683562718,0.2062605098908808,0.25271282599897815
2023-07-04,USDNGN,597.1718,597.8406,596.3265,597.8098266928602,0.0005835174913813024,0.01298405164301599,0.015838018824544726,0.20611542994463944,0.25142075441822925
2023-07-05,USDNGN,608.219,611.1786,608.0471,608.9592511192503,0.018650453586669613,0.011585764490232934,0.016098544072289056,0.1839183095383162,0.2555564645129392
2023-07-06,USDNGN,600.5403,603.2897,599.5808,601.4575565833482,-0.012318877695205788,0.014026742402683902,0.01613933587336463,0.22266763261119732,0.2562040142799975
2023-07-07,USDNGN,610.0706,611.4904,606.8514,610.6346959739468,0.01525816624988563,0.012605864739444538,0.016203843268172875,0.2001118989689297,0.25722803742632117
2023-07-10,USDNGN,595.7083,596.8926,594.7233,596.7990127889061,-0.022657872663087275,0.015758852151496854,0.015122017822721023,0.25016402244417507,0.24005459088243752
2023-07-12,USDNGN,578.9468,580.9418,576.1713,579.3480434680457,-0.02924094870618188,0.019849447382205496,0.015802456774521977,0.3151002086122668,0.2508562243753983
2023-07-13,USDNGN,578.5272,580.3986,577.3275,579.8996956062342,0.0009521947030082245,0.018183293007599716,0.015791573783895386,0.2886508278859713,0.25068346225508664
2023-07-14,USDNGN,571.3388,571.996,568.983,571.0464064483783,-0.015266931893455404,0.01848573629621355,0.016063136847698393,0.29345196625020775,0.25499439224764775
2023-07-17,USDNGN,567.3289,569.123,566.9007,568.7037678156225,-0.004102361220212902,0.01502929436766518,0.015919245291604475,0.2385826516657549,0.2527101846085281
2023-07-18,USDNGN,553.3212,553.9243,553.1054,553.34916871131,-0.026999292027357624,0.01642707391545076,0.015270635730669956,0.26077171409255273,0.24241382703125894
2023-07-19,USDNGN,545.3171,545.9463,544.9672,545.0139857200335,-0.015063152639567923,0.011335488155714456,0.015430681792780693,0.179945295897232,0.24495447950322016
2023-07-20,USDNGN,570.3748,571.1674,570.1269,570.5886841179951,0.04692484792692819,0.025826381413594685,0.017826335676261035,0.4099810949104339,0.28298430592167073
2023-07-21,USDNGN,565.7236,566.3299,565.1668,565.5559550911909,-0.008820239810019559,0.02385684352887301,0.01783042459545008,0.3787156502662714,0.28304921550150225
2023-07-24,USDNGN,567.4162,568.0285,566.5424,567.774,0.003921884101550033,0.02396905393419274,0.017764247158853774,0.38049693522821,0.28199868126367683
2023-07-25,USDNGN,575.8422,576.8779,574.8831,575.0324583349235,0.012784062558207188,0.023876636746113167,0.01749699986053775,0.37902985784905135,0.2777562619242883
2023-07-26,USDNGN,572.1774,573.2058,571.4771,571.5577705647062,-0.006042594152473879,0.023960040604358725,0.01718887982170829,0.38035385305285757,0.27286500794409835
2023-07-27,USDNGN,580.6705,582.5271,577.9533,580.1427491978035,0.015020316537058376,0.020850300945007356,0.01721620893546001,0.33098826636806694,0.27329884417533146
2023-07-28,USDNGN,578.9368,580.7165,578.5659,579.7558769157721,-0.0006668570495216297,0.018938194637766435,0.016419156502421275,0.3006345197524017,0.26064602905713474
2023-07-31,USDNGN,594.5781,595.6681,593.9157,595.1367916799508,0.026529985079242646,0.012663751556587798,0.016957472874358122,0.2010308237030305,0.2691915365380514
2023-08-01,USDNGN,609.6716,611.6271,609.3599,610.7610356913107,0.026253197970261377,0.012713248832381641,0.0175077306832372,0.20181656859698463,0.2779266084536435
2023-08-02,USDNGN,610.0302,610.3167,607.6562,609.5761676745464,-0.0019399862589845052,0.01343834534443104,0.017342188155531558,0.213327118881403,0.27529870229535863
2023-08-03,USDNGN,617.1734,618.551,615.8762,617.6067222647368,0.013173996976991509,0.013451272298222041,0.017452847066294595,0.21353232791104665,0.27705535804475234
2023-08-04,USDNGN,619.3749,620.0114,617.7383,618.7194075782544,0.0018016081648810633,0.012120652463673269,0.01719896452318907,0.19240939288033088,0.27302509761708516
2023-08-07,USDNGN,625.1515,627.5778,623.5026,625.2379429279198,0.01053552752641096,0.012018774122656388,0.017261382012673097,0.1907921243544439,0.2740159445448995
2023-08-08,USDNGN,626.4093,626.8884,625.7114,625.7931634616161,0.0008880147789755988,0.01178332150511373,0.017022744642188555,0.18705442992510143,0.27022769372992866
2023-08-09,USDNGN,619.302,619.8512,618.0957,619.0979,-0.01069884404709831,0.01202302790516329,0.01717938775609657,0.1908596510583116,0.2727143260738769
2023-08-10,USDNGN,613.4737,614.9933,612.7583,613.3446525702337,-0.009292952584342928,0.009039935727652165,0.01684125996906262,0.1435045308202521,0.2673467138587622
2023-08-11,USDNGN,597.3095,600.5671,596.725,598.0928335871529,-0.024866637247374368,0.013285843875197406,0.0174225740507246,0.210906233108418,0.27657478882094716
2023-08-14,USDNGN,599.5925,600.0621,598.3081,599.4352772442891,0.002244540616018975,0.011660889668566418,0.017424623033021547,0.18511088477273485,0.27660731540653816
2023-08-15,USDNGN,589.3971,590.868,589.1831,590.0240914276626,-0.01570008668807643,0.012030437767435412,0.017402794734294697,0.19097727897523925,0.2762608019066889
2023-08-16,USDNGN,581.9819,582.1165,580.8574,581.2919757727079,-0.014799591714680371,0.009533295385918069,0.017602210363437055,0.15133637259635246,0.27942642688018987
2023-08-17,USDNGN,581.4093,583.7945,581.3385,581.8580213502341,0.000973771531550538,0.00955013613450124,0.01722092856038382,0.1516037111922119,0.27337376589831086
2023-08-18,USDNGN,583.684,584.1192,582.8928,583.7947944305014,0.0033286008084461027,0.010838664663650055,0.0171146323647753,0.1720584674642495,0.2716863661049564
2023-08-21,USDNGN,579.6825,580.8903,577.236,579.1466321028714,-0.007961979743523195,0.010830049566142953,0.016884433375144118,0.17192170703110332,0.2680320704332217
2023-08-22,USDNGN,582.7477,583.8807,581.8667,582.0589277542897,0.005028598095863535,0.008831760102152558,0.01644619821152115,0.14019984521566844,0.26107530288096126
2023-08-23,USDNGN,578.347,578.8658,577.6958,578.8456343883678,-0.005520563662376077,0.008417987743061036,0.015573964454955245,0.13363141264637635,0.24722902125102703
2023-08-24,USDNGN,569.8768,570.3195,569.5338,570.2454,-0.01485756111377623,0.008242869680916252,0.015809394844887827,0.13085149959131243,0.2509663628279985
2023-08-25,USDNGN,569.0197,570.6895,567.5361,567.8846748655817,-0.004139840732460653,0.006982313189275512,0.015578376837002174,0.11084078564873562,0.24729906564454052
2023-08-28,USDNGN,565.4754,566.9854,565.232,565.809382377139,-0.0036544259429680537,0.006723737647998011,0.015574591728944938,0.10673602618467051,0.2472389789169108
2023-08-29,USDNGN,575.4014,576.9875,573.8919,575.4852882223851,0.017100999288125474,0.010286089749925325,0.01501479031605701,0.16328661264955785,0.23835240698440655
2023-08-30,USDNGN,578.9008,580.4499,576.8629,578.9724017285806,0.006059431192354081,0.01029696150941137,0.01470748607198518,0.16345919648104054,0.233474103344514
2023-08-31,USDNGN,587.8222,588.6292,587.6006,588.0013932476744,0.01559485649425918,0.011818612577415786,0.012337757787840338,0.18761465832997368,0.19585583305665563
2023-09-01,USDNGN,603.1488,603.593,602.6299,602.7218064775735,0.0250346570585398,0.014192552056216745,0.012935210634124188,0.22529977926052744,0.20534010296478425
2023-09-04,USDNGN,593.1468,595.1969,591.9472,592.9403,-0.01622889096171687,0.0145318649767403,0.013359191671788572,0.23068620488654554,0.21207059328238664
2023-09-05,USDNGN,607.9617,608.3734,606.7882,608.0467921053656,0.025477256488327216,0.01547678322687861,0.013917180918290403,0.2456863170814593,0.22092839796533964
2023-09-06,USDNGN,596.1817,597.5811,595.6203,597.259884504031,-0.017740259041553186,0.0182091532765377,0.01430740042047475,0.28906134692865426,0.22712294052238288
2023-09-07,USDNGN,606.5937,608.3489,606.3,606.6241430019393,0.015678699910817606,0.018096959135406536,0.014329238074606716,0.287280320152705,0.22746960253468423
2023-09-08,USDNGN,607.535,608.2908,605.9906,607.8282614940416,0.0019849498342476846,0.018223474123298323,0.014323027604977927,0.28928868332320906,0.22737101438570806
2023-09-11,USDNGN,623.9658,625.2249,623.0116,624.873791240031,0.028043332016335354,0.019733780871964205,0.014415943093079397,0.3132640596855638,0.22884600203248406
2023-09-13,USDNGN,643.9225,644.4976,642.6004,644.4289897331308,0.03129463704069502,0.0207051400456507,0.014737507664239459,0.32868390852933776,0.23395068134691602
2023-09-14,USDNGN,629.9442,630.8679,628.6457,630.3667945867809,-0.021821170944177015,0.021946906904839143,0.015350158150617492,0.3483963463037441,0.24367620631227024
2023-09-15,USDNGN,636.2786,636.3138,634.5144,635.3806823623346,0.007953921143388332,0.0207176034542515,0.015239307344920417,0.32888175900721317,0.24191650432523665
2023-09-18,USDNGN,637.5583,638.8128,636.8247,637.7352584277376,0.003705772194157131,0.017937281169823942,0.015246474967962166,0.2847455110319754,0.2420302868135962
2023-09-19,USDNGN,628.3509,629.3904,628.0116,628.5664994948196,-0.014377061345992481,0.01973273569964901,0.015393783071450536,0.31324746808942455,0.24436873046120494
2023-09-20,USDNGN,621.0631,621.5389,620.8847,621.400082688622,-0.011401207051214612,0.020726071851287158,0.015540167146901394,0.3290161906425714,0.24669250561846345
2023-09-21,USDNGN,626.7293,627.1986,625.6968,627.1367,0.0092317614226205,0.01803433259100237,0.01549822294265093,0.2862861545809164,0.2460266620181401
2023-09-25,USDNGN,631.91,633.4715,630.3455,631.1637,0.0064212475525669,0.012632717211380049,0.01541958182988506,0.2005381687459019,0.24477827305491684
2023-09-26,USDNGN,641.0983,642.0998,639.2364,641.4747735841885,0.016336607419261462,0.01126501021816563,0.014854402745225122,0.17882649332320635,0.23580633322956493
2023-09-27,USDNGN,654.3051,654.6935,653.4129,654.1805170080977,0.0198070819728684,0.012973466040351135,0.015188623808180104,0.20594738871186577,0.24111192812255622
2023-09-28,USDNGN,644.388,644.5943,643.1231,644.0400588147098,-0.0155010091706268,0.014982375601976124,0.015180200297914241,0.23783783935074282,0.24097820904257816
2023-09-29,USDNGN,642.4495,644.1143,641.5706,643.3469,-0.001076266616063415,0.013391827866943767,0.014826892797602001,0.21258867681910676,0.2353696263496178
2023-10-02,USDNGN,656.3034,657.2254,656.0174,656.8605403355397,0.021005215592924564,0.01301742662043439,0.015156926732646264,0.20664524128620834,0.24060875264765277
2023-10-03,USDNGN,668.9215,670.017,665.7856,668.5637048201068,0.01781681767424903,0.01354309794529588,0.015358984533457753,0.21499001486785643,0.24381632079609972
2023-10-04,USDNGN,674.7366,675.4973,673.5176,674.4240782694683,0.008765617108901225,0.013490123924188418,0.015188279162490312,0.21414907835307184,0.24110645704184247
2023-10-05,USDNGN,683.569,685.8285,682.83,683.5944820079905,0.013597384841378846,0.013300313342738422,0.015265305335101743,0.2111359287847203,0.24232920962488036
2023-10-06,USDNGN,688.3856,689.8453,687.7411,689.2261928513175,0.008238379611819724,0.012454813822104248,0.015129289623046441,0.1977140399933862,0.24017002713390617
2023-10-11,USDNGN,690.9913,691.3666,689.7068,690.4309111994362,0.001747928852115832,0.00806809212279666,0.01463774424994638,0.12807699187007496,0.23236698624194285
2023-10-12,USDNGN,712.6978,713.0337,709.8413,711.6647975240813,0.030754541808907465,0.009600558988218431,0.01514098552941181,0.15240414918019113,0.24035569389150777
2023-10-13,USDNGN,706.3731,706.5552,705.2779,706.1512035707221,-0.007747459158498837,0.012186415576682944,0.015264408498071359,0.1934533499351211,0.24231497277838665
2023-10-16,USDNGN,701.5007,704.5992,700.384,702.1914279454853,-0.005607546379888362,0.013015354071478916,0.015336062241665418,0.2066123405915112,0.24345244069472669
2023-10-17,USDNGN,699.833,701.3793,699.4921,701.242291599505,-0.001351677488797165,0.013357716954755513,0.015407398783530498,0.21204718287524466,0.24458487318972477
2023-10-18,USDNGN,706.3708,706.9299,703.7482,706.0295538232889,0.006826830442391518,0.01292545773486885,0.015312211688908445,0.20518528048883528,0.24307382490736842
2023-10-23,USDNGN,707.0806,712.2122,704.1762,708.5903,0.003626967402206027,0.012831905240505455,0.014898845869190828,0.2037001806811434,0.23651184595056537
2023-10-24,USDNGN,715.5806,717.835,715.3405,715.9195487778862,0.010343422394980983,0.01298682887798538,0.014340984523412854,0.20615951718300785,0.2276560716286594
2023-10-25,USDNGN,713.1894,715.585,711.6643,713.1176034334011,-0.003913771246040421,0.00676612061478839,0.013992555955349676,0.10740883492438523,0.22212493958406632
2023-10-26,USDNGN,708.6553,710.3364,706.6702,709.7872661239327,-0.00467010952111413,0.0062343451164139484,0.013439054504583138,0.098967160592288,0.213338376449816
2023-10-27,USDNGN,690.324,690.3512,689.577,689.866322624077,-0.028066076204271262,0.012590482744531737,0.014654846257712932,0.1998677173696857,0.232638472198764
2023-10-30,USDNGN,697.8608,698.7519,697.3833,697.5902667801149,0.011196291082391063,0.013624967835225724,0.014698954756477372,0.21628965907956801,0.23333867290937466
2023-10-31,USDNGN,697.5082,698.0339,696.1975,697.8322571888573,0.0003468947608160633,0.013245966132586957,0.014037536597965604,0.21027319356965465,0.22283898514910802
2023-11-02,USDNGN,696.9729,699.579,695.7249,697.0584243276833,-0.0011089095598579846,0.013054601369004023,0.013060269426422518,0.20723537212480797,0.20732534974688502
2023-11-03,USDNGN,706.7944,708.501,705.1313,706.0153091371748,0.01284954674800809,0.013485350261432659,0.012328855222401387,0.21407329880610407,0.19571450921156397
2023-11-06,USDNGN,714.5377,717.3739,713.43,714.4751844507695,0.011982566389294735,0.01439907227451766,0.01239675636162422,0.22857818609051336,0.19679240638029352
2023-11-08,USDNGN,730.8581,731.2931,729.3499,729.8712401282897,0.02154876196204847,0.016172923433815344,0.012803864589542292,0.2567372002725851,0.20325504914685003
2023-11-09,USDNGN,716.908,718.9939,715.1638,717.1243564193138,-0.01746456499195037,0.012803320303112606,0.012972849995352207,0.20324640886764042,0.20593760930068422
2023-11-13,USDNGN,721.8613,724.2417,719.3098,721.322842670691,0.005854613936613129,0.012572788252536687,0.01262201968041292,0.19958682601731856,0.2003683507064133
2023-11-14,USDNGN,738.6506,738.9425,735.6379,737.6584,0.022646665768724095,0.013984980518296362,0.01300668604913975,0.22200468324897216,0.20647474000270208
2023-11-15,USDNGN,740.433,742.9589,738.1629,741.7255977295395,0.005513660156976963,0.01347737715453335,0.013005541356913992,0.21394672965791145,0.2064565685769597
2023-11-16,USDNGN,748.4533,750.0959,746.8557,748.1371682635363,0.008644127361416398,0.013369970649524025,0.01285905058309943,0.21224170424923972,0.20413109963568724
2023-11-17,USDNGN,790.4393,792.0608,789.6556,789.9068038507603,0.05583152042047779,0.022493348753644074,0.015647816208482504,0.3570708417311213,0.24840138149334204
2023-11-20,USDNGN,789.7889,792.3417,789.5868,790.9791009439663,0.0013574982364736865,0.022754867895019352,0.01512745953019684,0.36122232939809407,0.24014097531056897
2023-11-21,USDNGN,781.4212,783.0605,779.1634,780.5582680892246,-0.013174599483482319,0.021877142398900415,0.015506236857501503,0.3472888691054251,0.2461538789724761
2023-11-22,USDNGN,773.7117,774.2353,769.9697,773.9425368339614,-0.008475640481598212,0.023219072093155126,0.015494664528890516,0.3685913425930106,0.24597017395090856
2023-11-23,USDNGN,772.01,772.669,771.6578,772.4152865935682,-0.001973338029255811,0.022905841335121867,0.015377306256169234,0.36361895846061704,0.2441071691274089
2023-11-24,USDNGN,783.6686,785.7845,781.7023,782.937218722523,0.01362211793523338,0.02303357731107261,0.015444414877843135,0.36564670421566786,0.24517248547007367
2023-11-27,USDNGN,779.7423,782.529,779.6366,780.4492901759902,-0.003177685882135184,0.023406787897232526,0.015429792277258257,0.3715712386014825,0.24494035888206198
2023-11-28,USDNGN,772.5165,775.6787,770.2312,772.9380890478635,-0.009624201370511787,0.008885615364134751,0.015625562834965277,0.14105477099565114,0.24804812014038913
2023-11-29,USDNGN,776.9458,778.3674,775.9555,776.7926869075305,0.004986942569249253,0.00928357800541756,0.015621050705441196,0.14737223207522343,0.24797649230476496
2023-11-30,USDNGN,778.8246,781.4929,777.7273,779.7970326063462,0.003867628711562876,0.00820323216670541,0.014785176736910464,0.13022227356016836,0.2347074044160153
2023-12-04,USDNGN,790.6988,791.8993,789.9856,790.6758016972587,0.013950770054294903,0.008752685836188559,0.014764092969996088,0.13894458015859412,0.23437270999227994
2023-12-05,USDNGN,781.7712,785.5597,781.7505,782.3519937027745,-0.010527460150691836,0.010075183531958389,0.014899809777856295,0.15993858023337168,0.2365271475262578
2023-12-06,USDNGN,773.5349,774.2143,770.8364,773.4289606134727,-0.01140539445303923,0.009641537112325597,0.015129013087592163,0.15305465673368013,0.2401656372696619
2023-12-07,USDNGN,775.9971,776.2076,773.2681,774.3848278521816,0.0012358823982370204,0.009673378882262391,0.015119528746011916,0.1535601291610215,0.24001507801463876
2023-12-08,USDNGN,766.4002,767.3268,764.8031,766.8439,-0.00973795919155207,0.009690218617766923,0.015302132010875361,0.15382745167475606,0.24291381497914158
2023-12-11,USDNGN,770.8377,771.5491,768.8423,769.3490004732362,0.0032667671650465913,0.009530929449276653,0.015235417576196926,0.15129881451652694,0.24185475616103716
2023-12-12,USDNGN,780.2615,782.4691,779.7065,782.1293080598645,0.016611846611572778,0.011668110752056952,0.01539688888734162,0.18522551591940917,0.24441803375999951
2023-12-13,USDNGN,778.7783,780.3363,778.5375,779.4525013029029,-0.0034224606204843466,0.010063870770624803,0.015376578188428856,0.1597589957145911,0.244095611410337
2023-12-14,USDNGN,798.6311,799.239,795.6083,796.7487899685168,0.02219030490851215,0.012695288685908976,0.014564644385961095,0.20153146011052284,0.23120656187607658
2023-12-15,USDNGN,791.4109,793.3006,791.1916,791.7833439884035,-0.0062321349497241885,0.011862108931810552,0.014652729753423382,0.18830514154997255,0.23260487373477032
2023-12-18,USDNGN,797.2808,797.5759,796.5388,797.0542668038709,0.006657026641803787,0.011873010911079692,0.014638823694640752,0.18847820510563973,0.232384121895235
2023-12-19,USDNGN,807.0017,809.6735,805.0883,807.0352,0.01252227559881458,0.010411846141808843,0.014668858862848966,0.1652829334817613,0.23286091540922454
2023-12-20,USDNGN,806.1751,808.0106,805.0869,807.9854678951427,0.0011774801088511033,0.01057771713616486,0.014608079874526354,0.16791605388647138,0.23189607888098618
2023-12-21,USDNGN,809.901,813.2271,808.008,810.5148277480702,0.0031304521596366985,0.009745879714620757,0.014543251229850148,0.154711044194614,0.2308669560511065
2023-12-22,USDNGN,818.9228,820.2723,817.7714,819.2906649971615,0.010827485134940806,0.009126346785482133,0.014233546856028666,0.1448762638375168,0.22595055153262275
2023-12-25,USDNGN,813.0072,814.6944,811.6644,812.5323188723964,-0.008249021273528667,0.007960675474710884,0.013849577513077355,0.12637180544505633,0.2198552271774905
2023-12-26,USDNGN,808.9487,810.8905,807.8362,808.8464433201514,-0.004536281778133144,0.0076588911172157685,0.013938054833759227,0.1215811272880474,0.2212597611006518
2023-12-27,USDNGN,804.9392,807.3636,804.02,804.7168354189104,-0.005105552401627467,0.008023835097945254,0.013568135120425182,0.1273744333809284,0.21538746770139866
2023-12-28,USDNGN,801.539,805.9371,800.7975,802.4191113806007,-0.002855319955016866,0.006413100093423121,0.013600491517940091,0.10180480788097604,0.21590110958827705
2023-12-29,USDNGN,782.4118,785.426,781.2023,783.784994472859,-0.023222424096655425,0.010492028978567122,0.014345288450742972,0.16655579655462985,0.2277243943569177
2024-01-01,USDNGN,783.848,786.261,781.3831,783.3330614654342,-0.0005766032912237762,0.010142974080263847,0.01005356674109363,0.1610147218257134,0.15959542431674303
2024-01-02,USDNGN,803.1265,804.9975,801.6689,802.1435529602688,0.024013401731882267,0.014017123543457462,0.010984710291097653,0.22251493795474153,0.1743768699260179
2024-01-03,USDNGN,822.1308,824.4421,820.1594,823.0478751616207,0.02606057497340175,0.017431244067306898,0.011614924696949039,0.2767124210673846,0.1843812134692165
2024-01-04,USDNGN,828.0034,829.0316,827.5851,828.8045,0.006994277018513406,0.01725808064582715,0.011484129158981619,0.27396353697093373,0.18230489867286429
2024-01-05,USDNGN,825.3483,826.0198,819.7422,823.463717503627,-0.006443959337060767,0.01737780237380702,0.011570829235077311,0.2758640604835277,0.18368121971286175
2024-01-08,USDNGN,808.6956,810.9021,805.9958,808.9415861382068,-0.017635423464004818,0.019082271092788452,0.011909207511581555,0.30292166257100994,0.189052808325043
2024-01-09,USDNGN,782.7665,784.1326,781.6459,782.0927468208178,-0.03319008415127023,0.021444025754455275,0.013447237714498761,0.34041335552611734,0.21346828087999384
2024-01-10,USDNGN,786.1383,787.033,784.0672,786.4619556858731,0.005586561034885085,0.021548000393835875,0.013352120782193376,0.3420639017568695,0.21195834638988537
2024-01-11,USDNGN,790.0873,790.8869,788.2503,789.3383163682158,0.0036573424328378845,0.019125708256909305,0.013339479682514348,0.30361120617453996,0.21175767515359084
2024-01-12,USDNGN,796.2115,797.5229,793.5091,795.1061069402406,0.007307120980218684,0.015484077916023542,0.013383061467729893,0.24580211668167337,0.21244951454582622
2024-01-15,USDNGN,789.4744,791.1447,788.0121,789.7960333941351,-0.0066784464359604945,0.014581794341540506,0.013209453401430057,0.23147880898083015,0.20969357193168114
2024-01-16,USDNGN,796.8813,800.0488,793.2373,797.5472060436932,0.00981414481945131,0.0158796046571301,0.013169938860423476,0.252080909044736,0.20906629803963547
2024-01-17,USDNGN,796.1793,798.5128,794.0676,796.4700125648054,-0.001350632878812652,0.014780531406689975,0.012977108860628792,0.23463366208488814,0.20600521669101926
2024-01-18,USDNGN,797.9152,800.1114,797.6951,798.4668721218728,0.002507137149629912,0.005551966503909554,0.012979776402744236,0.08813473594023237,0.20604756260931478
2024-01-19,USDNGN,785.1078,787.0474,784.3768,785.3471317853044,-0.01643116426571778,0.008996159340669415,0.013227700232196148,0.1428096022207324,0.2099832313902141
2024-01-22,USDNGN,815.3441,815.7248,813.4861,813.5951004218124,0.03596876781391267,0.01647046492489385,0.014697030822170418,0.26146052501328754,0.23330813139908452
2024-01-23,USDNGN,806.3252,810.0039,805.3876,806.9863,-0.008122959956845865,0.017046521408064213,0.014540269594833757,0.27060513818685905,0.2308196240625841
2024-01-24,USDNGN,806.527,808.1365,804.4512,806.1071241887543,-0.00108945568375296,0.016686045411990234,0.014521222962885291,0.26488275915153875,0.23051726815388998
2024-01-25,USDNGN,831.6561,832.579,829.9885,831.3057422884858,0.03125963949901922,0.01981247639866504,0.015057291387962218,0.3145133124432258,0.23902709058469565
2024-01-26,USDNGN,829.7357,831.1158,828.4508,828.9385,-0.002847619315089922,0.01991419438091882,0.01500976729194334,0.3161280353526664,0.23827266894860102
2024-01-29,USDNGN,827.0215,829.1463,825.6174,827.7075206479672,-0.0014850068515731563,0.02008373060293168,0.014989488087255575,0.31881933944264723,0.23795074655426102
2024-01-30,USDNGN,841.5835,844.424,839.6162,841.9263004586003,0.017178507450919422,0.017917209763117867,0.01513240388651897,0.28442688732833027,0.24021946453389884
2024-01-31,USDNGN,851.7786,852.9076,849.3023,849.9915541805457,0.009579524618190671,0.013898273717142627,0.015203391174446083,0.2206282554519879,0.2413463527945113
2024-02-01,USDNGN,840.7149,842.7368,839.9776,841.748167340476,-0.009698198528592328,0.014181595364943067,0.015344501683145129,0.22512584717871387,0.24358641267488426
2024-02-02,USDNGN,834.3162,837.8996,832.4293,832.869303107545,-0.010548124222217292,0.015383596127939355,0.015386648496255956,0.24420701774630224,0.24425547259115524
2024-02-05,USDNGN,823.6723,825.5944,819.31,821.8238727685447,-0.01326190111436254,0.011260784553758714,0.01551345460270959,0.17875941298033804,0.24626845712555945
2024-02-06,USDNGN,834.1764,835.1527,832.1706,834.5292348473722,0.015459957418888282,0.012921707866888222,0.015718056440222516,0.2051257531800789,0.24951641060463572
2024-02-08,USDNGN,857.4884,863.4046,857.4638,857.7282831986454,0.027798964233429313,0.01627597732387333,0.016398961258034726,0.2583731300609725,0.2603254394912568
2024-02-09,USDNGN,855.613,856.0596,852.944,854.414780534838,-0.003863114611833307,0.015628519470784738,0.016410825596183835,0.24809505527896322,0.2605137800205344
2024-02-12,USDNGN,859.8264,862.9774,858.652,861.2178256397526,0.007962227784327647,0.015512935225601989,0.015716330329599546,0.2462602122695792,0.24948900944797314
2024-02-13,USDNGN,876.666,878.7079,873.5977,875.6903014171514,0.01680466352011223,0.015422015312953756,0.01588928381532459,0.24481690340103357,0.25223456091763446
2024-02-14,USDNGN,894.6428,896.3744,893.0499,893.9244984912049,0.020822655046589533,0.01441687523734424,0.015759768332639378,0.22886079936394893,0.2501785663689291
2024-02-15,USDNGN,899.1287,899.7181,897.762,898.9452392719296,0.005616515476641437,0.0105274808028234,0.015193017198002324,0.16711857681766393,0.24118167102384913
2024-02-16,USDNGN,902.9682,904.5123,900.6038,902.9139273295416,0.004414827382395625,0.010908228280360137,0.015177249973718486,0.17316275564492806,0.24093137409792426
2024-02-21,USDNGN,914.4752,917.8589,913.8739,914.5302153914398,0.01286533268597867,0.0083092403587232,0.015173701127631821,0.1319051014382563,0.2408750379128049
2024-02-22,USDNGN,927.8184,928.7716,927.1679,928.5412279756296,0.015320447972506646,0.006154675624636225,0.014769884311811261,0.09770244661835142,0.23446464469348186
2024-02-23,USDNGN,923.2318,928.0589,922.5035,924.8891086678826,-0.003933179483811555,0.008602047622342549,0.013046308169164786,0.13655327264791706,0.20710372165872248
2024-02-26,USDNGN,947.8681,949.6737,946.5167,948.6102626774032,0.02564756551592029,0.010218564191510298,0.013545544853289303,0.1622146776413163,0.21502885832804636
2024-02-27,USDNGN,943.572,944.6399,941.7478,943.1273249684608,-0.0057799687866195715,0.011098285515632949,0.013718850853014851,0.1761798207213302,0.2177800057839817
2024-02-28,USDNGN,948.4159,948.4304,946.6772,947.9510980122536,0.0051146572854881,0.011115865727398064,0.013717714716436288,0.17645889793128827,0.21776197017492804
2024-02-29,USDNGN,948.4845,949.7952,946.7328,948.897403506456,0.0009982640414538668,0.011354762752417874,0.013544172352168026,0.18025127063422183,0.2150070705482
2024-03-01,USDNGN,924.6924,927.6605,923.828,924.3300722746054,-0.025890397782802554,0.016431889698997885,0.014734256376874344,0.2608481622863544,0.2338990687600626
2024-03-04,USDNGN,944.3066,944.771,943.3595,944.1123304002352,0.02140172511854921,0.017407539177776887,0.014977842698156033,0.27633611761206855,0.2377658817333932
2024-03-05,USDNGN,958.8571,962.252,955.5104,957.7555997887256,0.014450896306699601,0.01765872052182127,0.015046090385104469,0.2803234978339909,0.2388492801767189
2024-03-06,USDNGN,942.4294,944.4526,941.958,943.3913078700464,-0.014997867850470303,0.01642922162439875,0.014973884267225622,0.2608058079151423,0.23770304359044983
2024-03-07,USDNGN,947.4635,950.2317,946.2245,949.1527714174384,0.006107183200998678,0.016427574049864297,0.013882125028581098,0.2607796534802347,0.22037190296838605
2024-03-08,USDNGN,955.2077,957.8347,955.0434,955.2939225145244,0.006470139773089301,0.016491660748735818,0.013651387394927819,0.26179699828560143,0.21670905658788542
2024-03-11,USDNGN,950.2942,953.0416,949.709,951.0832,-0.004407776931565688,0.01662977662542177,0.013721803419243962,0.2639895198565256,0.21782687631981176
2024-03-12,USDNGN,976.7663,979.4399,972.8382,975.9317936021728,0.026126624465843573,0.01436703347743717,0.013419732706456853,0.22806958595422955,0.21303165241346753
2024-03-13,USDNGN,940.9447,942.1778,940.2092,940.9958,-0.03579757707577458,0.02039534652749458,0.01533392731869898,0.32376608888841263,0.2434185498433018
2024-03-14,USDNGN,931.6484,932.8727,928.5734,931.358564845366,-0.01024152834118286,0.019537689785555847,0.015530889013167038,0.3101512101918459,0.24654521981151203
2024-03-15,USDNGN,914.8809,915.6965,913.8612,915.4852283391518,-0.017043206671803812,0.019746891311023505,0.01578855907266161,0.3134721814535425,0.2506356051978912
2024-03-18,USDNGN,909.3764,909.5995,907.9733,908.3470133623636,-0.007797192959342669,0.019240408527460923,0.015854300684931315,0.3054320165216884,0.25167922093901557
2024-03-19,USDNGN,888.8875,891.7194,884.2639,887.9978763331039,-0.02240238227231539,0.019191614769794144,0.0163488146716718,0.30465743963177655,0.2595293871115661
2024-03-20,USDNGN,876.995,877.1206,873.4254,876.4921025379988,-0.01295698345880858,0.019031202679510716,0.01641790069157251,0.3021109766427086,0.2606260936779373
2024-03-21,USDNGN,886.3632,888.3251,883.9856,886.1406816749343,0.011008175782755814,0.014335257155881843,0.01624546411264798,0.22756515248773465,0.2578887478493469
2024-03-22,USDNGN,887.3702,889.1212,884.4722,885.8302554580812,-0.00035031256692374946,0.011080230328847925,0.01607083509452631,0.17589320351668222,0.2551165981274749
2024-03-25,USDNGN,873.9344,875.4898,872.4485,873.9539742960778,-0.013406949117877986,0.011224871971342774,0.01555258157620022,0.17818931840827393,0.24688957857402438
2024-03-26,USDNGN,892.4685,895.7292,891.9758,892.3308382194131,0.021027267412035977,0.015194967309815094,0.015957086012057444,0.2412126280891613,0.25331088742302854
2024-03-27,USDNGN,884.7625,885.7159,881.1283,884.3005556974285,-0.00899922111624929,0.015257574053639247,0.016023203304197667,0.24220647933648673,0.25436046689721276
2024-03-28,USDNGN,893.3845,895.7315,889.9701,893.7533134229608,0.010689530459558672,0.013535800316296476,0.01585329274134647,0.2148741685988994,0.2516632203306491
2024-03-29,USDNGN,882.7109,883.3562,879.9337,881.0992927697371,-0.014158292297413055,0.01374822149552926,0.015614664768375046,0.21824625027961755,0.2478751186965741
2024-04-02,USDNGN,883.3087,885.9077,882.0952,883.5540833450469,0.0027860544157209954,0.013068124753256728,0.01558581055051524,0.2074500491945077,0.24741707218818015
2024-04-03,USDNGN,878.155,878.9272,875.9117,877.3624526779325,-0.0070076419585697325,0.013308646917381692,0.01560218370347224,0.21126822018095,0.2476769879335936
2024-04-05,USDNGN,871.4338,875.366,869.386,871.074253887607,-0.007167161953571588,0.012549561195377219,0.015423106304705263,0.19921810791572753,0.24483422235817504
2024-04-08,USDNGN,873.8321,874.453,869.1037,872.7750194108105,0.0019524920127220735,0.008555861670999993,0.01511012561938917,0.13582009340001308,0.23986580800709736
2024-04-09,USDNGN,880.6415,882.6603,879.4932,879.9794706920687,0.00825464881673832,0.009053753264389675,0.015218475358850061,0.1437238774158858,0.24158580679849032
2024-04-10,USDNGN,880.6642,882.5441,876.4927,881.7114289717609,0.001968180323945523,0.0077349478444717285,0.014348667824485939,0.12278849040316384,0.2277780402519839
2024-04-11,USDNGN,865.974,870.152,865.2622,867.9921485152371,-0.01555983058144439,0.00811369639329476,0.014539464516634945,0.1288009372208379,0.230806843842384
2024-04-15,USDNGN,878.4399,881.5431,877.6452,880.0596969972142,0.013902831382310854,0.010081232649064688,0.014787936835556814,0.16003460699046032,0.23475121962368878
2024-04-16,USDNGN,876.7408,880.0548,873.9769,877.8133092187736,-0.002552540226652078,0.009738367358180488,0.014774268374759779,0.15459178923320785,0.23453423953524483
2024-04-17,USDNGN,865.9515,866.8836,862.9835,864.318,-0.015373780594399977,0.011152361837325065,0.01431750962982886,0.17703825571541698,0.22728341924579765
2024-04-18,USDNGN,852.1388,852.6524,850.8228,852.2363775211442,-0.013978214590990579,0.012026744415539971,0.013758061248783692,0.19091864883152174,0.21840245152005835
2024-04-19,USDNGN,859.3155,860.7931,857.7225,860.540632650426,0.009744074940142733,0.012276523242170972,0.013574082470889023,0.1948837647797326,0.21548187896312107
2024-04-22,USDNGN,858.885,861.2956,858.0096,858.1648184270737,-0.00276083909720215,0.012078287776950263,0.013398514306689566,0.19173687432768946,0.21269482075944957
2024-04-23,USDNGN,863.3861,863.9777,862.608,863.8134959970772,0.00658227586206217,0.011362452633708749,0.013410004024327836,0.1803733437152654,0.21287721437248086
2024-04-24,USDNGN,880.755,882.4368,878.2928,880.189671951109,0.018957999649136248,0.012539973927902962,0.013900504146725013,0.19906591476279029,0.2206636624239389
2024-04-25,USDNGN,871.7936,872.5404,871.4551,872.4842161019156,-0.008754312956334331,0.012969389771662893,0.013942240045382328,0.20588267995250875,0.2213261992754852
2024-04-26,USDNGN,849.2624,852.1491,848.4284,850.6304756733095,-0.025047720090850767,0.015118782599245194,0.013404161489650119,0.24000323330192097,0.2127844670097798
2024-04-29,USDNGN,886.7288,888.8452,885.8087,868.6866878366548,0.021226857818670286,0.016345535011179836,0.01284180427546387,0.25947732411528734,0.2038573229894604
2024-04-30,USDNGN,885.5977,886.9661,884.2022,886.7429,0.02078564391070814,0.017605902346593594,0.013439173768713206,0.27948503529585095,0.21334026970918693
2024-05-01,USDNGN,903.5311,904.5042,902.8575,904.2172366360224,0.019706204172621478,0.018117580342924905,0.013651234201888036,0.28760767167366974,0.2167066247237703
2024-05-02,USDNGN,890.6214,893.523,889.9077,892.0709880178143,-0.013432887724410203,0.01981189356185895,0.013795651344999356,0.3145040601957626,0.2189991757981322
2024-05-03,USDNGN,894.0659,897.0959,893.6105,895.0880049481436,0.0033820368231378684,0.018802773126950677,0.013173928225035828,0.29848476991367884,0.20912962723955617
2024-05-06,USDNGN,894.5753,897.1363,894.3872,896.3870770241145,0.0014513344707889342,0.01816480013182018,0.012932540405345052,0.28835726258393696,0.2052977143970248
2024-05-07,USDNGN,930.0804,931.3942,930.0067,930.068200272072,0.03757430702791287,0.01684106194682279,0.014471534057555427,0.2673435703531583,0.22972848123535888
2024-05-08,USDNGN,918.3884,920.0011,917.4019,917.75918364559,-0.013234531212744649,0.018928041113667908,0.014723914784310295,0.30047333755422806,0.23373490106755365
2024-05-09,USDNGN,911.4103,912.4691,910.2487,911.8089214829192,-0.006483467851593372,0.01867039445669068,0.014538783598533838,0.2963833236712946,0.23079603460263162
2024-05-10,USDNGN,941.0628,943.353,938.8643,941.1359372135538,0.03216355427071127,0.020866263887319155,0.015182066092995482,0.33124167022136625,0.2410078276212724
2024-05-13,USDNGN,945.184,949.7666,944.7122,945.674,0.00482189937394395,0.019111839965336986,0.015049445155402763,0.30339105387088183,0.2389025355042091
2024-05-14,USDNGN,968.6156,970.981,966.9004,970.5026140418116,0.026254939907210728,0.02001972303995957,0.015605010367941445,0.31780325088073813,0.24772185984094566
2024-05-15,USDNGN,950.5722,953.0397,950.4415,951.819289066714,-0.019251184597317006,0.02309502805901035,0.01582279132867104,0.36662220459720085,0.25117902541519704
2024-05-16,USDNGN,939.2965,939.9866,936.0978,939.0596670848136,-0.013405508932700427,0.020403041228338505,0.016093483719574274,0.323888238477489,0.2554761339039617
2024-05-17,USDNGN,943.0095,946.141,942.0989,944.593129626043,0.005892556921763381,0.01934610442619447,0.01601229546385886,0.307109886897579,0.25418731029994907
2024-05-20,USDNGN,939.8437,941.2706,937.9141,939.3009304449644,-0.005602622986654371,0.019267093893446437,0.01598194908812153,0.3058556335739429,0.25370557651959047
2024-05-21,USDNGN,934.0001,937.6469,930.6353,931.963219672286,-0.007811884918715428,0.015155806503166063,0.016095447176818982,0.24059096955595718,0.25550730282143813
2024-05-22,USDNGN,947.3139,947.6204,945.3252,947.0093944865127,0.016144601521417945,0.01646571355470316,0.016259488847240006,0.2613850993498193,0.258111383608952
2024-05-23,USDNGN,927.457,927.9082,927.2279,927.881488305532,-0.020198222205971117,0.013332730612107744,0.016783325140149286,0.2116505369823304,0.26642702696143966
2024-05-24,USDNGN,924.0761,924.9831,923.2407,923.506692701044,-0.004714821515059087,0.012053440874929112,0.01651023923270369,0.19134244198609934,0.26209192257549496
2024-05-27,USDNGN,944.7357,947.7663,942.2083,946.2390911841546,0.024615304537342952,0.01535141504129296,0.016883704163372672,0.24369615883318518,0.26802049455521965
2024-05-28,USDNGN,969.3683,970.6561,967.6565,969.9498275030212,0.02505787019345629,0.017837750070532486,0.017341908172096257,0.2831655038133229,0.2752942576961125
2024-05-29,USDNGN,985.5865,987.3161,985.4086,986.3290758454152,0.016886696484662345,0.017860530651858476,0.01713162552350881,0.28352713433078325,0.27195612413694625
2024-05-30,USDNGN,1011.956,1012.0682,1008.6923,1011.088181022068,0.025102276494719522,0.017598849330955395,0.017159786201236562,0.27937307214362056,0.27240316103705825
2024-05-31,USDNGN,1001.3245,1001.7414,997.3673,1000.91930232015,-0.010057360864053178,0.019241044933791602,0.017384397730343528,0.305442119158991,0.2759687585227481
2024-06-03,USDNGN,1006.9386,1009.9993,1006.4039,1008.3425,0.0074163797847068835,0.014788012761018739,0.017322983736468074,0.23475242490303136,0.2749938415938659
2024-06-04,USDNGN,997.5999,998.1892,996.0587,997.854014906586,-0.010401708837437629,0.015971020047062696,0.017563411461545383,0.25353208337132993,0.2788105134069033
2024-06-05,USDNGN,991.6393,992.5853,990.9683,991.8993804222838,-0.00596744052270981,0.015882349811465617,0.01746808990861229,0.25212448701882967,0.27729733066503065
2024-06-06,USDNGN,1001.4247,1003.3193,999.3235,1002.3916598477404,0.010577967516210762,0.013941972881243726,0.017332172268055543,0.22132195817626535,0.27513970501083174
2024-06-07,USDNGN,998.5021,1000.8565,997.0646,999.4895491385352,-0.002895186408121142,0.013059172578699851,0.016467841205915955,0.2073079378290833,0.2614188747657338
2024-06-10,USDNGN,968.6265,969.5623,966.7405,968.74428364628,-0.030760967454591892,0.013622351693381463,0.01746329016294026,0.2162481291152817,0.2772211370646034
2024-06-11,USDNGN,984.7161,986.9152,981.2904,983.9579543324692,0.01570452692523361,0.01567308983766991,0.017316768348190886,0.24880258791868967,0.27489517536376706
2024-06-12,USDNGN,981.8452,982.5903,980.0245,981.3683119187112,-0.0026318628782413533,0.015080354898902696,0.01707976526205625,0.2393932124705468,0.2711328680085646
2024-06-13,USDNGN,1017.7063,1021.092,1017.0607,1018.0383722592634,0.03736625678167371,0.021160250153515733,0.01790559061661371,0.3359085575167137,0.28424243909574937
2024-06-14,USDNGN,1019.9122,1022.1853,1019.6841,1020.480103295608,0.0023984666029099877,0.02079882029752063,0.017908734433930016,0.33017103642457213,0.2842923456484675
2024-06-17,USDNGN,993.2892,997.1561,992.6778,993.982061262252,-0.02596625054009516,0.023373194795870727,0.018751230742192624,0.37103796464965827,0.29766655992138474
2024-06-18,USDNGN,979.4033,980.0761,978.3407,979.1193172595856,-0.014952728607387833,0.023975319754084668,0.01790464555258765,0.38059640203537376,0.2842274366694334
2024-06-19,USDNGN,1002.8826,1003.7125,1002.4861,1003.3694802402696,0.02476732156460426,0.022265578366511867,0.018141967255790637,0.35345509892886096,0.28799480191379373
2024-06-20,USDNGN,991.6075,995.6922,987.7148,990.0551896933854,-0.013269578962772477,0.02268535908673329,0.018307589646860228,0.3601189112741738,0.29062397586367783
2024-06-24,USDNGN,1058.1964,1060.3757,1057.4438,1057.8605241463772,0.06848641889750695,0.033891924488912116,0.021270366075614437,0.538017621906248,0.33765659358828415
2024-06-25,USDNGN,1059.1904,1059.5479,1056.9051,1058.0755805568565,0.0002032937287765879,0.031977848030835455,0.021281823623933407,0.5076326001156429,0.3378384765292031
2024-06-26,USDNGN,1066.0953,1067.2561,1063.9795,1065.7599677102955,0.00726260703360615,0.031940576621229774,0.02087451935822249,0.5070409348306661,0.331372721759162
2024-06-27,USDNGN,1018.3587,1019.9123,1017.9646,1019.1817975769096,-0.04370418437976764,0.03546802096611758,0.022220795926237245,0.5630373778318318,0.35274419972844545
2024-07-01,USDNGN,972.9764,975.159,966.3605,972.0208038837864,-0.04627338695142302,0.03996466723593684,0.02378799002981681,0.63441942441444,0.3776226348538754
2024-07-02,USDNGN,976.3384,979.075,972.8513,977.679363372256,0.005821438662485967,0.03859740263879464,0.02378753273927228,0.6127147718116729,0.377615375591529
2024-07-03,USDNGN,975.6136,979.2131,974.8674,977.0256745197574,-0.0006686127139309272,0.038335251228538036,0.02375433697580412,0.6085532471873698,0.377088409183223
2024-07-04,USDNGN,998.908,1003.5512,996.8351,999.7959360724184,0.02330569415573791,0.026658858955288012,0.02400791826326229,0.4231962661946356,0.3811138873257464
2024-07-05,USDNGN,1007.1173,1009.7498,1005.4007,1007.400335085092,0.00760595111293072,0.02716760968504551,0.023892409570177842,0.4312724336562014,0.3792802436687412
2024-07-08,USDNGN,998.5376,998.9262,996.5109,996.8311955550412,-0.01049149892247958,0.026470521528927354,0.023641109209110462,0.4202065022383381,0.37529097411015105
2024-07-09,USDNGN,1010.0635,1013.1392,1007.8408,1010.5500630435872,0.013762478090292296,0.02261698967906579,0.02368298369433115,0.35903358057433576,0.37595571095518776
2024-07-10,USDNGN,991.9865,992.8367,989.9815,992.5311489806502,-0.017830798019711547,0.014063501686564216,0.023632064842377946,0.22325116815231813,0.37514739923930923
2024-07-11,USDNGN,1028.692,1031.148,1028.0875,1029.0686252026223,0.036812422722951155,0.019062780244263614,0.02412227673945357,0.3026122549427798,0.38292927185563297
2024-07-12,USDNGN,1035.7308,1038.657,1035.0037,1038.1787474109017,0.00885278394964728,0.018719429327351628,0.02399850096838426,0.2971617281113291,0.38096439240412505
2024-07-15,USDNGN,1035.2708,1035.5653,1031.9159,1034.0698642455195,-0.003957780079422046,0.01803658879430306,0.02361670938258498,0.28632197069796134,0.3749036388720338
2024-07-16,USDNGN,1028.9887,1029.9756,1026.3899,1026.902557994472,-0.006931162486082942,0.018512426538146054,0.023573015677708146,0.2938756607057211,0.3742100228102549
2024-07-17,USDNGN,1041.1191,1042.3005,1038.576,1040.0901699305305,0.012842125899280576,0.017788341498167097,0.023643686000461357,0.2823811670426416,0.37533187940472085
2024-07-18,USDNGN,1037.0974,1038.63,1036.6971,1036.7582785425827,-0.0032034639729074943,0.017745382569010607,0.023557182681162827,0.2816992151838153,0.3739586817820477
2024-07-19,USDNGN,1053.2563,1054.7248,1049.8234,1053.7581858763976,0.016397175393392915,0.015345897162401092,0.02366496726370145,0.2436085652213104,0.3756697089854324
2024-07-22,USDNGN,1038.7218,1038.8197,1033.8338,1037.4856267905418,-0.015442403488730383,0.011648557789811645,0.023826923564293254,0.18491512226643486,0.378240685553188
2024-07-23,USDNGN,1051.3632,1051.6019,1050.0942,1050.5951351750127,0.01263584578518473,0.012139002946412358,0.02389854332804268,0.19270069776292456,0.3793776140562171
2024-07-24,USDNGN,1039.3807,1042.2638,1038.1624,1038.457056668219,-0.011553526282769067,0.013041544320865002,0.02324055013107441,0.20702809791141327,0.36893229587491483
2024-07-25,USDNGN,1034.9775,1036.2764,1032.2026,1036.19993076284,-0.00217353803018161,0.012698369517786051,0.023121268156465376,0.2015803668003905,0.3670387532306654
2024-07-26,USDNGN,1006.0804,1006.7769,1005.78,1006.012426415896,-0.029132895545283755,0.01588267063042046,0.023799923081075983,0.252129579861852,0.37781206616995916
2024-07-29,USDNGN,1028.2847,1028.4023,1024.2081,1025.8583029392512,0.01972726777745648,0.01839425366382122,0.023080055084627477,0.2919997244826579,0.3663845159975767
2024-07-30,USDNGN,1021.6584,1021.6641,1020.8421,1021.3939858948742,-0.0043517872123138845,0.016643774002844045,0.023093919494338262,0.2642117213345243,0.3666046066785934
2024-07-31,USDNGN,1023.9184,1025.8272,1020.7927,1023.60757609647,0.0021672246284634156,0.01600221041216589,0.02255607657588374,0.25402721506751613,0.3580666150387063
2024-08-01,USDNGN,1036.232,1038.9951,1034.3837,1036.8341363596985,0.01292151462347313,0.0160455017798069,0.022440558162217985,0.25471444422367995,0.3562328170722566
2024-08-02,USDNGN,1019.0611,1023.4608,1015.8147,1018.7843788385728,-0.017408529376258808,0.016776412419359274,0.02229560399098564,0.26631729092088047,0.3539317409407631
2024-08-05,USDNGN,1037.5053,1037.9786,1036.9917,1037.1984336861258,0.018074535917546486,0.018518760716505763,0.02235046326448448,0.29397621266991936,0.3548026049094647
2024-08-06,USDNGN,1023.0448,1023.6828,1019.334,1021.5597573597046,-0.015077805575585468,0.015275470829160882,0.01865328407552624,0.24249058184028788,0.2961117047909028
2024-08-07,USDNGN,1037.1232,1038.7884,1032.3483,1035.145594267462,0.013299111295134614,0.01420868530563143,0.018834614541121206,0.22555588665527124,0.2989902366934058
2024-08-08,USDNGN,1032.147,1032.2688,1031.8109,1032.0586712938796,-0.0029821147775516144,0.014125869139236696,0.018780742805706775,0.22424122077037398,0.2981350494057935
2024-08-09,USDNGN,1010.6696,1011.6198,1008.5672,1010.3312685322628,-0.021052487969872247,0.016490731361264152,0.01740543951846002,0.26178224471687156,0.2763027865537262
2024-08-15,USDNGN,988.4257,992.2601,986.9407,988.5410213027652,-0.021567428335810046,0.016530045436534208,0.015642784522183987,0.26240633631400584,0.24832150594961502
2024-08-16,USDNGN,1011.006,1012.99,1008.5923,1011.3542713220704,0.02307769685595895,0.01904025441522525,0.016147489724434704,0.3022546684925134,0.25633345265295077
2024-08-19,USDNGN,1038.0443,1039.3342,1037.0517,1038.5017913366682,0.02684274025867306,0.0207109156175586,0.016802394457586776,0.32877559289102265,0.26672974299110774
2024-08-20,USDNGN,1042.4837,1045.0011,1041.0975,1044.154461017638,0.005443100559021641,0.019582689742837743,0.01633774285367261,0.3108655623677044,0.25935362744964274
2024-08-21,USDNGN,1027.695,1030.0959,1026.3049,1026.343911972108,-0.017057389218230967,0.020344305586550475,0.016641598251827133,0.32295583906988756,0.264177182357891
2024-08-22,USDNGN,1057.8636,1059.3025,1057.5743,1057.7085764736112,0.03055960495857235,0.02351431853355835,0.017357321926813343,0.37327823453371445,0.27553894346661945
2024-08-23,USDNGN,1051.5248,1051.6584,1046.6847,1050.1143,-0.007179932774044828,0.021580712980286704,0.017294082352361042,0.34258319796781306,0.27453504634450937
2024-08-26,USDNGN,1055.4421,1059.1535,1053.7349,1054.3213,0.004006230559854496,0.01806789608351393,0.016910978775634213,0.28681895850681455,0.26845346560211814
2024-08-27,USDNGN,1059.6587,1063.0445,1057.2144,1060.4582588388866,0.005820767197709742,0.01703598834638917,0.01561786092516206,0.2704379310164414,0.2479258561126318
2024-08-28,USDNGN,1070.1365,1071.7411,1068.9639,1070.346411987182,0.009324415238296968,0.01475550143700513,0.0156261485379912,0.23423632363423066,0.24805741788768151
2024-08-29,USDNGN,1051.0225,1054.7735,1048.8172,1053.360903102342,-0.015869169732913857,0.016592788425549423,0.01590880109930637,0.2634023503866885,0.25254438819573377
2024-08-30,USDNGN,1059.3259,1060.8315,1059.2775,1059.6586174879408,0.005978686286011614,0.014478091451097488,0.015868737814620608,0.22983257663072532,0.2519084032678363
2024-09-02,USDNGN,1071.5273,1072.7873,1069.5747,1072.2349746415898,0.011868310176595287,0.00990842905050105,0.01584501425656602,0.15729143490572178,0.25153180345888004
2024-09-03,USDNGN,1075.0704,1080.7375,1073.875,1075.2822707107623,0.002842003983493546,0.009048906913644515,0.015826348975721702,0.1436469439828585,0.25123550131128863
2024-09-04,USDNGN,1058.0967,1061.5944,1055.5104,1059.144482543163,-0.01500795521991849,0.01139490701154174,0.01583454967141304,0.18088854099147395,0.2513656833195506
2024-09-05,USDNGN,1056.593,1060.0768,1053.5719,1057.0145170613453,-0.002011024479590562,0.011191932249101297,0.015561889783255931,0.17766641652843498,0.24703734178015224
2024-09-06,USDNGN,1051.3195,1052.0687,1047.0764,1048.7437427900916,-0.007824655326634122,0.01056518037700732,0.015470592726042056,0.16771703900460602,0.24558804592723255
2024-09-09,USDNGN,1048.8388,1051.0609,1047.4671,1048.2492407491025,-0.0004715184661541194,0.008872726331782172,0.015315334267031652,0.14085016395018,0.24312339429834867
2024-09-10,USDNGN,1110.247,1111.8746,1108.3395,1108.7958927852246,0.057759786205858976,0.024007643234670584,0.018535033514604234,0.3811095213822039,0.2942345353313417
2024-09-11,USDNGN,1104.9498,1106.4953,1101.9112,1106.2626628285404,-0.0022846675147044637,0.024099205032271583,0.017582501006407517,0.38256301985848157,0.27911355053698306
2024-09-12,USDNGN,1133.1026,1136.6264,1131.1139,1132.8464093982354,0.024030230308708544,0.025133258296419086,0.017737835588321243,0.3989781065344548,0.2815794105794945
2024-09-13,USDNGN,1149.2365,1152.3728,1145.4637,1150.5172236792448,0.015598596715680202,0.023095670413926184,0.01780861410314821,0.36663240166536526,0.2827029846698864
2024-09-16,USDNGN,1151.0269,1153.0024,1148.8496,1150.418371474555,-8.591979559735563e-05,0.02291016126106554,0.01782191172385687,0.3636875351589921,0.2829140778544303
2024-09-17,USDNGN,1152.6697,1155.0201,1151.9148,1152.8552,0.0021182107186983323,0.021725677990961652,0.017745500943549063,0.3448844461701235,0.2817010943213572
2024-09-18,USDNGN,1168.8498,1169.2428,1163.3321,1167.0080503789425,0.012276346915850667,0.020845561581859743,0.017351597494181765,0.3309130313104985,0.27544807091577883
2024-09-19,USDNGN,1144.3044,1144.9145,1141.7696,1142.506104041093,-0.0209955246923047,0.014650005312127803,0.017772821759454695,0.23256162456999213,0.2821347988283673
2024-09-20,USDNGN,1153.7923,1153.8468,1149.041,1152.669628024473,0.00889581591505828,0.014409845274857355,0.017450356381345913,0.22874920216915046,0.2770158196469418
2024-09-23,USDNGN,1167.6358,1169.1255,1165.776,1166.4422660108055,0.011948469580080001,0.012481614275200618,0.017427741444808534,0.19813948399688727,0.2766568186589813
2024-09-24,USDNGN,1179.9944,1180.8042,1175.6101,1178.8016591134135,0.01059580354960632,0.011850850141249657,0.017412883128618464,0.18812641379064762,0.27642095020174073
2024-09-25,USDNGN,1183.4043,1185.3456,1179.8582,1183.2333945520488,0.0037595259595821773,0.011743606353608382,0.016728952476583826,0.18642397144011502,0.26556388768595335
2024-09-26,USDNGN,1190.469,1190.7918,1184.4816,1190.2557563545597,0.005934891488732497,0.011725631426619938,0.01593412281729829,0.1861386283202392,0.25294635800718696
2024-09-27,USDNGN,1195.828,1196.1576,1191.2061,1192.5270284810797,0.001908221921544273,0.011243835161440587,0.01563275867599004,0.17849034971865346,0.248162350575342
2024-09-30,USDNGN,1167.354,1167.7351,1163.6453,1167.0367649679652,-0.021374998557124103,0.011379742906607393,0.015853137047734302,0.18064781828840693,0.251660748771178
2024-10-01,USDNGN,1154.8876,1156.5399,1152.054,1152.642955273637,-0.012333638601970898,0.012362692703056654,0.01612783855297948,0.19625166256440477,0.25602149997710105
2024-10-02,USDNGN,1151.9008,1152.6168,1151.7015,1152.2491724726394,-0.0003416346746369925,0.011212557730194375,0.015678313950141035,0.17799383589029508,0.24888551813320742
2024-10-03,USDNGN,1118.8618,1123.1923,1116.7925,1117.808200221208,-0.029890212181731268,0.013929749700464357,0.016025377128084134,0.22112792119683097,0.2543949752815986
2024-10-04,USDNGN,1097.3416,1098.463,1096.0054,1097.332600384464,-0.01831763251753915,0.013452793650195098,0.016369887037731196,0.2135564786249105,0.2598639005523394
2024-10-07,USDNGN,1085.2934,1085.9565,1084.7282,1085.6056,-0.010686824013389606,0.011342993473133564,0.0165144277804502,0.18006443911764133,0.26215841370964565
2024-10-08,USDNGN,1096.7287,1097.6687,1092.3595,1096.044001505332,0.009615279716070013,0.01324620777252616,0.016566237121622727,0.21027702948477037,0.2629808615036413
2024-10-09,USDNGN,1081.1734,1083.0487,1078.0572,1082.2170008515086,-0.012615370035174767,0.012600402955668498,0.01668055067053483,0.20002519583941242,0.2647955328350812
2024-10-10,USDNGN,1076.6728,1077.3029,1075.0322,1075.4903765233164,-0.006215596615927854,0.01267634301645805,0.016445325276725882,0.20123070693179013,0.26106144547068694
2024-10-11,USDNGN,1084.8098,1087.4635,1081.8552,1083.214223259171,0.007181697674341736,0.013872343437381557,0.016459792219070707,0.22021662502194314,0.26129110106074244
2024-10-14,USDNGN,1065.0505,1065.5411,1061.6302,1064.6759950229512,-0.017114092335717368,0.011204236403775169,0.01664109029157096,0.1778617389285946,0.2641691187388086
2024-10-15,USDNGN,1070.3158,1071.3827,1068.9737,1069.178675697595,0.004229155814250207,0.01059192139696485,0.016651480826466673,0.16814153953627706,0.2643340633667466
2024-10-16,USDNGN,1069.7283,1070.8578,1068.7937,1069.163686658205,-1.4019209072069216e-05,0.010171312427296915,0.016410539795117463,0.16146457913861026,0.260509243069258
2024-10-17,USDNGN,1056.636,1059.3627,1054.631,1056.2118615902195,-0.012113977709501067,0.009263439112846633,0.016565555771860356,0.14705253706668595,0.26297004541147884
2024-10-18,USDNGN,1062.5188,1064.8044,1061.2454,1063.4788890104544,0.006880274388600061,0.009600143167062859,0.016540344884468938,0.152397548223986,0.2625698349812651
2024-10-21,USDNGN,1072.2714,1076.7204,1069.9423,1073.925063640064,0.009822644095295319,0.010430276367539038,0.0166240048454899,0.16557550424509457,0.2638978956905941
2024-10-22,USDNGN,1046.5708,1047.0248,1045.017,1046.9711661250824,-0.025098490041401522,0.013365605088615251,0.013435506964558936,0.2121724031182522,0.21328206099779548
2024-10-23,USDNGN,1038.8207,1041.4995,1034.1578,1039.6150432790923,-0.007026098792400903,0.012315741069868954,0.013468972151129265,0.19550632849402685,0.21381330436525628
2024-10-24,USDNGN,1050.449,1052.468,1049.2726,1052.2870666363533,0.012189149665718269,0.013445819060186043,0.01283921705424099,0.21344576044094693,0.2038162521258057
2024-10-25,USDNGN,1057.8611,1058.4987,1052.698,1058.432318685064,0.005839900768099371,0.013781873811779408,0.01248691228918787,0.2187804642386527,0.19822358736160411
2024-10-28,USDNGN,1076.6757,1078.4224,1075.1129,1078.1455038996164,0.018624889722795857,0.014653144037755089,0.013075443946400965,0.2326114502946529,0.20756623778365152
2024-10-29,USDNGN,1083.9929,1085.4118,1083.3071,1084.1798520798166,0.00559697012914695,0.014604938675079135,0.01312924906090976,0.2318462138856514,0.20842036749717327
2024-10-31,USDNGN,1101.2483,1105.6973,1100.7226,1103.7658796500905,0.01806529380960309,0.015561755160755988,0.013385755528020182,0.24703520471421792,0.21249228142709695
2024-11-01,USDNGN,1114.6143,1115.0006,1114.5495,1114.6216968036924,0.009835253429870017,0.008794759944619621,0.013037676325001376,0.13961248592385425,0.206966695380649
2024-11-04,USDNGN,1128.5161,1128.5716,1126.2866,1128.0116374959507,0.012012991251341587,0.005225949990298865,0.013129223891959576,0.08295938423034725,0.20841996795247558
2024-11-05,USDNGN,1140.9475,1142.0508,1139.8933,1141.7496159271,0.012178933243672807,0.005225804347536456,0.013136906802500115,0.0829570722231697,0.20854193037628813
2024-11-06,USDNGN,1157.8463,1159.5471,1155.8142,1157.9485110682087,0.014187782430699736,0.004566924730464314,0.01325854629877893,0.07249768255895557,0.21047289751682957
2024-11-07,USDNGN,1136.2478,1138.6183,1135.1865,1136.8202225339287,-0.018246310895800644,0.012044197220855698,0.013618089089935252,0.19119570352679677,0.21618046238334354
2024-11-08,USDNGN,1145.9828,1148.8811,1145.7612,1147.5400373406917,0.009429648236612964,0.012021794398047542,0.013696328873614879,0.19084006973989942,0.21742248044483026
2024-11-11,USDNGN,1113.4155,1117.1513,1110.09,1112.265740188712,-0.030739055722817543,0.01801243850945436,0.014706634902977156,0.28593859681115513,0.2334605914554005
2024-11-12,USDNGN,1130.1577,1130.7542,1129.4589,1130.1676699626692,0.01609501140520586,0.018654400547603183,0.014614104377120294,0.29612942823567084,0.23199171489480475
2024-11-13,USDNGN,1135.7735,1136.5168,1133.2364,1135.2904169538533,0.00453273184796843,0.018202771442685284,0.014485553222326173,0.2889600384569621,0.22995102857679228
2024-11-14,USDNGN,1136.4488,1139.6837,1135.5642,1136.5073056298463,0.0010718743484667836,0.01754446941972073,0.014488059654642681,0.27850981781495243,0.22999081695631726
2024-11-15,USDNGN,1143.7086,1145.5298,1143.546,1144.562943477353,0.007088065169138735,0.016738956241708635,0.01342257126909839,0.2657226925341206,0.21307671319844984
2024-11-18,USDNGN,1155.062,1156.5034,1154.0098,1155.2000553972885,0.009293601527599948,0.015335027186502318,0.013001096005221069,0.2434360097033979,0.20638600080654154
2024-11-19,USDNGN,1116.3506,1119.9853,1115.5273,1117.9293628870305,-0.03226340955934259,0.019640303783608513,0.014252115709098926,0.31178015691113437,0.2262453229367564
2024-11-20,USDNGN,1145.3873,1145.9407,1138.8831,1143.857875640305,0.02319333726624251,0.017682281043085207,0.014739850547162772,0.28069750951413147,0.2339878734603122
2024-11-21,USDNGN,1169.725,1169.9125,1164.9993,1168.0137402628409,0.021117889850619687,0.018337829042533005,0.014909253326522874,0.29110401138816017,0.23667705921385201
2024-11-22,USDNGN,1192.2077,1192.4258,1189.8112,1190.0858710182242,0.018897149917445732,0.01908339524580502,0.015097854212060188,0.3029395079469145,0.23967100545492176
2024-11-25,USDNGN,1168.7059,1169.9899,1168.3467,1168.841682471817,-0.017850971147343353,0.021264518638400943,0.015571207823180402,0.3375637684002403,0.24718526107823258
2024-11-26,USDNGN,1201.5229,1201.6641,1197.2702,1201.4253747131104,0.02787690816465993,0.023105355571154024,0.01576669250683957,0.36678614876996585,0.2502884842267383
2024-11-28,USDNGN,1251.4103,1256.4079,1250.4051,1252.8939143026205,0.04283956429819891,0.026800115369687624,0.017276374183343584,0.42543864225619993,0.2742539378761424
2024-11-29,USDNGN,1235.8052,1237.4241,1235.5,1236.3385660967697,-0.013213687142111907,0.02211766853771799,0.017585485275532303,0.3511071031881566,0.2791609243406799
2024-12-02,USDNGN,1231.296,1236.4674,1227.1848,1233.6859698655392,-0.0021455257515786696,0.02256387879642009,0.017343396956337506,0.35819047144998584,0.2753178914132615
2024-12-03,USDNGN,1226.668,1230.2837,1224.134,1226.7871491273438,-0.005592039551967409,0.022839137162689396,0.01745424200101163,0.3625600625506169,0.277077501946891
2024-12-04,USDNGN,1217.323,1218.009,1215.2398,1217.585685358571,-0.007500456599433769,0.022776422039761407,0.01757261913108957,0.36156449083835507,0.2789566806295136
2024-12-05,USDNGN,1218.0856,1221.7884,1215.2783,1216.214685043543,-0.0011259990418038823,0.020970533225737657,0.01671161325928301,0.3328968946543138,0.2652886361445145
2024-12-06,USDNGN,1223.3812,1223.6909,1218.9118,1221.3281133242222,0.0042043796572772685,0.018607006625609414,0.0165546871750598,0.2953770730481618,0.26279751178607175
2024-12-09,USDNGN,1229.6954,1233.5381,1227.0514,1228.7450569766006,0.006072850998402934,0.006700015867107849,0.01650727133255736,0.10635945458732492,0.26204480862127544
2024-12-10,USDNGN,1254.4246,1256.2457,1252.283,1255.7530551089444,0.02198014793955605,0.009958217676840986,0.016785724827222546,0.15808180484621173,0.266465120812761
2024-12-11,USDNGN,1232.1183,1234.6857,1229.111,1233.5562085727604,-0.01767612385721673,0.012509365929788964,0.01713783327193816,0.19858002785595524,0.2720546690882205
2024-12-12,USDNGN,1260.1772,1262.1364,1260.0535,1260.9137974763537,0.02217782109438393,0.014642663595530262,0.017434538842231912,0.23244507843211168,0.2767647239978497
2024-12-13,USDNGN,1284.1138,1284.9412,1278.4344,1283.2245216930055,0.017694091587629135,0.01443420599048266,0.017425217689235006,0.2291359165409752,0.2766167552812765
2024-12-16,USDNGN,1288.5633,1292.4183,1286.2841,1290.1283917633257,0.005380095184911005,0.01397962389129138,0.01740315372759352,0.22191964943144427,0.27626650074863507
2024-12-17,USDNGN,1273.9032,1277.8069,1271.5604,1273.8472944749724,-0.01261974962515211,0.016131422903063224,0.01764190336501261,0.25607839977070135,0.2800565337459416
2024-12-18,USDNGN,1260.5669,1260.8658,1256.8729,1259.9676026377497,-0.010895883594071898,0.01737124492366593,0.017784980848158053,0.2757599641896795,0.2823278183776368
2024-12-19,USDNGN,1278.2611,1281.8477,1276.0786,1277.2496314437883,0.013716248552628318,0.016162187456432508,0.01777536247133311,0.25656677191516797,0.2821751313790674
2024-12-20,USDNGN,1245.6181,1246.0838,1244.8802,1244.8824471794665,-0.025341314232938394,0.01792378578523385,0.01811756523465153,0.28453127844314,0.2876074318372652
2024-12-23,USDNGN,1262.8393,1264.4081,1260.5142,1263.8715283021004,0.01525371424880917,0.016740902810073285,0.018217658495598244,0.2657535933489377,0.2891963630955362
2024-12-24,USDNGN,1266.1289,1269.2354,1263.4648,1264.272395626217,0.00031717410760512266,0.014951331379787861,0.01705718532916882,0.23734502760140933,0.2707744226863206
2024-12-25,USDNGN,1263.4633,1264.4536,1263.0387,1263.4718514791468,-0.000633205430918049,0.014623978892411009,0.016935329011243748,0.23214846796546396,0.26884001360885007
2024-12-26,USDNGN,1265.6203,1270.4044,1263.5775,1263.5901194781336,9.360556695292566e-05,0.013989344132437395,0.016948651227398047,0.22207395347597986,0.2690514972339892
2024-12-27,USDNGN,1248.3404,1253.8641,1247.5805,1248.5376592118594,-0.011912454865103728,0.014113077872056304,0.01718261305945067,0.22403816569889778,0.272765526177343
2024-12-30,USDNGN,1224.0277,1225.5246,1223.7926,1223.921712872372,-0.019715822072220335,0.013872805297535025,0.017667843276512465,0.22022395682458254,0.2804683170750994
2024-12-31,USDNGN,1251.6254,1257.129,1249.9754,1254.0603906015876,0.02462467771609722,0.015060847840252295,0.018091142936699334,0.2390835475145509,0.28718799086057506
2025-01-01,USDNGN,1243.388,1244.1287,1241.4721,1242.2301787049728,-0.00943352647549911,0.014064423443990367,0.017008864518618324,0.22326580059783047,0.2700073535991266
2025-01-02,USDNGN,1266.7283,1267.209,1265.5067,1265.893741984548,0.019049258088581045,0.016271942686878944,0.01686093579680652,0.25830908218426707,0.26765905794106043
2025-01-03,USDNGN,1294.1502,1297.0056,1292.6653,1294.5328967987566,0.022623664107313646,0.01829865879259268,0.016917271629567868,0.2904822029473541,0.2685533615613899
2025-01-06,USDNGN,1305.4078,1307.9272,1303.2412,1305.6929452174934,0.008620907546138312,0.018308727795233848,0.01669888387272375,0.29064204340898797,0.26508656339744524
2025-01-07,USDNGN,1304.7147,1309.1307,1300.9801,1302.2886348083732,-0.002607282532688493,0.01719383042143821,0.016261528509752966,0.2729435962784543,0.2581437622475588
2025-01-08,USDNGN,1276.4395,1277.7473,1274.7614,1275.3056868308768,-0.02071963714976821,0.017447977981408493,0.0161942515396168,0.27697806371842576,0.2570757734559055
2025-01-09,USDNGN,1271.7548,1276.9223,1268.0998,1272.2188979350424,-0.0024204305898650746,0.015531403060054804,0.014262749981336411,0.24655338005287555,0.22641413677504366
2025-01-10,USDNGN,1300.6724,1301.0989,1297.7022,1300.9707787779414,0.022599790719636914,0.016249082457373012,0.014561598515788124,0.2579461872911477,0.23115821018605576
2025-01-13,USDNGN,1337.7984,1338.4145,1335.9842,1337.3708938564698,0.02797919497678536,0.017665766064421905,0.015299942506000589,0.28043534235542766,0.2428790576667835
2025-01-14,USDNGN,1352.3084,1355.4083,1349.2199,1351.254703447651,0.010381420483247972,0.016548673411391806,0.015275514861515557,0.2627020462474176,0.24249128083224855
2025-01-15,USDNGN,1376.8348,1383.6809,1374.2231,1374.4902080336826,0.01719550320657337,0.017061776493874997,0.015336549916031346,0.27084730516656474,0.24346018228528482
2025-01-16,USDNGN,1344.0593,1347.8484,1343.5427,1344.506778874059,-0.02181421808927786,0.020209687505757478,0.016031888115610335,0.32081884328738114,0.2544983340043012
2025-01-17,USDNGN,1334.9194,1339.1115,1334.5371,1336.8954703087609,-0.005661041420461976,0.01769222921096987,0.016117310575796844,0.2808554317834727,0.25585437352049817
2025-01-20,USDNGN,1359.7653,1362.2889,1359.5595,1359.747549468026,0.0170933926150465,0.01751641132858881,0.016310806669921914,0.27806440942656296,0.25892602878880183
2025-01-21,USDNGN,1375.1446,1377.9383,1370.7628,1376.49034993359,0.012313168331955726,0.016662760266250673,0.016026361633688445,0.2645131189223261,0.25441060382355873
2025-01-22,USDNGN,1403.68,1404.1125,1399.6116,1402.05323421437,0.018571059566100834,0.015109699276579541,0.01576329177320794,0.23985904002481212,0.2502344992539515
2025-01-23,USDNGN,1396.7683,1399.1418,1396.4238,1396.831269036075,-0.0037245127723135596,0.015498726715209929,0.015462297916154383,0.2460346591595908,0.24545636990242048
2025-01-24,USDNGN,1386.0662,1387.0737,1383.7969,1386.4347117728032,-0.0074429585689660405,0.015018937891495727,0.01534915453153158,0.2384182477033349,0.2436602743531961
2025-01-27,USDNGN,1362.1985,1364.2439,1360.2079,1361.2222825409924,-0.018185082224010607,0.01412260156289764,0.015803306122438868,0.2241893496040756,0.2508697073555862
2025-01-28,USDNGN,1338.704,1339.9894,1333.7483,1339.9521786173289,-0.01562573886460239,0.015446293291372419,0.015907793032952474,0.24520230436042062,0.252528385638469
2025-01-29,USDNGN,1356.8453,1359.9489,1355.8016,1357.3971127530856,0.013019072183425129,0.014775881697153357,0.015848222647862703,0.2345598502342727,0.2515827350917577
2025-01-30,USDNGN,1395.7382,1398.1733,1392.7906,1396.1332156277356,0.028537045283737905,0.017981888596515994,0.01642689560589109,0.28545363197789764,0.2607688835160451
2025-01-31,USDNGN,1391.9924,1394.0083,1389.9644,1392.7151682884073,-0.002448224353570283,0.01647756287966067,0.01556941593856052,0.2615732015520687,0.2471568157917386
2025-02-03,USDNGN,1403.9776,1407.1334,1401.326,1404.450178054392,0.00842599408205369,0.016760442941238907,0.015446605269716746,0.2660637833148366,0.24520725686310177
2025-02-04,USDNGN,1350.1314,1351.3744,1348.2879,1349.0217060329817,-0.03946631421144198,0.022725271229245805,0.017333864919495876,0.36075249689445305,0.27516657501943637
2025-02-05,USDNGN,1334.2569,1336.5335,1332.0257,1335.408377645061,-0.010091259708454148,0.022060285772342696,0.0174746922300484,0.35019618002781133,0.27740213926860463
2025-02-06,USDNGN,1330.708,1336.0764,1329.7535,1332.4218649879465,-0.00223640401476366,0.02130212325460898,0.01748860825160547,0.3381607231760473,0.27762304926228115
2025-02-07,USDNGN,1325.0157,1332.2135,1324.9624,1326.9479685428994,-0.004108230725481721,0.020442239252039744,0.017333145957078654,0.32451048781308117,0.27515516184488853
2025-02-10,USDNGN,1328.4984,1329.845,1326.0342,1326.896897790864,-3.848738100220572e-05,0.015284424387789384,0.016841426627797113,0.2426327151771682,0.2673493594841539
2025-02-11,USDNGN,1336.0802,1336.5341,1334.5579,1334.9845378652174,0.006095153352018823,0.01604353233770351,0.01634722503079876,0.2546831802995173,0.2595041523450223
2025-02-12,USDNGN,1307.3498,1310.3561,1305.3672,1308.1905681086898,-0.020070621791151155,0.015400002617074856,0.016719730833331444,0.24446746268714356,0.2654174986376024
2025-02-13,USDNGN,1303.2603,1304.2947,1302.1911,1303.236304231954,-0.003787111753831507,0.008272285453963683,0.016427516641552543,0.13131846051194976,0.2607787421515381
2025-02-14,USDNGN,1307.6961,1310.5545,1303.9883,1306.5807882104953,0.0025662912916719627,0.008329315078500812,0.01592170301957336,0.13222377773528152,0.2527491998305036
2025-02-17,USDNGN,1327.0762,1328.514,1319.3422,1323.8547830934324,0.013220762955343801,0.010386063425047574,0.016025098933267215,0.16487364554171768,0.25439055907578906
2025-02-18,USDNGN,1340.2181,1341.9815,1336.8092,1339.3646315776837,0.011715672052798443,0.01125099862191277,0.016139662814752476,0.17860406612826968,0.2562092043136307
2025-02-19,USDNGN,1381.7169,1384.8829,1379.8438,1381.1519784595384,0.03119938058438354,0.015847821803850706,0.01650297369494932,0.2515763718903361,0.2619765857392597
2025-02-20,USDNGN,1395.9213,1399.4344,1394.2088,1396.4310991331445,0.0110625918884375,0.015971440919985955,0.016539649965052042,0.25353876452186097,0.2625588034775151
2025-02-21,USDNGN,1412.0402,1416.3202,1411.0915,1413.306971006624,0.012085001461193068,0.010834089055028487,0.016223695503598857,0.17198583192919292,0.2575431818937563
2025-02-24,USDNGN,1401.5621,1405.6863,1399.5905,1404.4433052540628,-0.006271578598560312,0.011429393003975321,0.015590162335064647,0.181435989149641,0.24748615462624254
2025-02-25,USDNGN,1382.4392,1382.8133,1379.9377,1382.1503781612678,-0.01587314134319029,0.01515893660002638,0.015824093007938314,0.24064065830318884,0.2511996889329649
2025-02-26,USDNGN,1399.4985,1403.2215,1396.9293,1400.6657796726424,0.013396083236620449,0.015168828079559547,0.015703716327189678,0.2407976806728483,0.24928876836749106
2025-02-27,USDNGN,1367.4729,1372.3897,1364.6344,1365.5638986880283,-0.025060854269473132,0.01949514840257018,0.015874822631905188,0.30947588667299286,0.25200499674768595
2025-02-28,USDNGN,1359.3394,1361.1255,1357.6985,1359.9176340617628,-0.0041347494845830335,0.015016867614362836,0.015856366441417188,0.2383853830727032,0.25171201380660063
2025-03-03,USDNGN,1357.97,1358.645,1355.8074,1358.4936586630806,-0.0010471041502926326,0.013902092187986914,0.01555227685138791,0.2206888717974431,0.2468847412175943
2025-03-04,USDNGN,1389.7518,1393.307,1386.1035,1389.9024068232611,0.023120275873124374,0.01640907325539864,0.015964936262961096,0.2604859624729552,0.2534355062927517
2025-03-05,USDNGN,1371.6903,1373.6834,1367.6428,1371.210429680874,-0.013448409795266958,0.01691730383581508,0.015780723124444056,0.26855387281971466,0.25051121337627097
2025-03-06,USDNGN,1399.8132,1400.7254,1393.8035,1399.3433623588187,0.020516860190811226,0.017965764843426962,0.016230531451304698,0.2851976753326501,0.25765169919938685
2025-03-07,USDNGN,1391.5982,1396.2804,1390.9487,1393.316957989918,-0.004306594457805013,0.01731289409979133,0.01618973675124557,0.274833673577072,0.2570041034123913
2025-03-10,USDNGN,1398.4092,1400.4739,1397.8871,1399.4701355283494,0.0044162080301588524,0.013555263228124587,0.015821960442765806,0.21518313274581757,0.25116583551035837
2025-03-11,USDNGN,1415.1913,1416.886,1413.6181,1415.463791606155,0.011428365401857876,0.01335226428204284,0.015608553059258038,0.2119606243793745,0.2477780983221191
2025-03-12,USDNGN,1411.8541,1418.4007,1408.7794,1413.605,-0.0013132032180389608,0.01337540360716184,0.015476764958867845,0.21232794977799896,0.2456860270857787
2025-03-13,USDNGN,1411.034,1411.6234,1408.5061,1410.7764661953197,-0.0020009364742487046,0.01112638740850363,0.014615391509320076,0.1766259244407662,0.23201214748503526
2025-03-14,USDNGN,1401.1496,1403.021,1397.4015,1401.779023315016,-0.006377653083885493,0.009700152519347105,0.014659814599848796,0.1539851474735346,0.2327173421850827
2025-03-17,USDNGN,1415.448,1418.0956,1413.0415,1416.6896543044595,0.010636934025579858,0.007140764132513904,0.014707447618966824,0.11335611639361,0.2334734929217716
2025-03-18,USDNGN,1421.8243,1426.9939,1421.715,1421.96982120963,0.0037271161606406977,0.006625890661984529,0.012639589471674923,0.10518275343549718,0.20064726249601275
2025-03-19,USDNGN,1454.8146,1457.8402,1454.2276,1455.0861887725064,0.02328907904297517,0.010204389622010882,0.013017208339974448,0.16198966332629516,0.20664177619132992
2025-03-20,USDNGN,1449.0984,1457.6114,1447.2704,1450.41927677425,-0.003207309666098501,0.010316403609494266,0.013031737786170745,0.16376783025174557,0.20687242399926728
2025-03-21,USDNGN,1475.6467,1479.8908,1470.9916,1475.155184223878,0.017054315152678523,0.01117730910207281,0.013210045856299143,0.1774342812658999,0.20970297686116093
2025-03-24,USDNGN,1501.8135,1504.0704,1499.3809,1501.4548990812468,0.01782843943378465,0.011276555708230277,0.013440183551097929,0.1790097722960589,0.21335629950759655
2025-03-25,USDNGN,1517.8208,1519.4864,1517.1548,1518.9502329883198,0.011652254035588117,0.009012395761419727,0.013505123476584465,0.1430673474096552,0.2143871888655752
2025-03-26,USDNGN,1528.7089,1529.1966,1527.8204,1528.605675390337,0.006356654874084544,0.00922875530829186,0.012691255136121363,0.14650194873844494,0.2014674294926899
2025-03-27,USDNGN,1546.7855,1552.9504,1543.3803,1543.4300278698106,0.009697957241777244,0.00871050975459388,0.012597448811321401,0.138275055619546,0.19997830025173602
2025-03-28,USDNGN,1555.0608,1558.9662,1551.0427,1552.5484079456592,0.005907867484237883,0.007247443497019989,0.01258326716566489,0.11504959880464306,0.1997531736062034
2025-03-31,USDNGN,1571.7569,1577.5139,1566.8392,1570.6814387323354,0.011679526830773668,0.004688876449704156,0.012555219024030376,0.07443360608534792,0.19930792316118875
2025-04-01,USDNGN,1562.8102,1564.6268,1557.9606,1561.1118061795246,-0.006092662914851998,0.007437386855251743,0.012685750309689289,0.11806485613906112,0.20138004308219085
2025-04-02,USDNGN,1502.4296,1503.0217,1500.0691,1502.9922552019714,-0.03722958903231155,0.017626466845347886,0.013939247459434154,0.27981148659309424,0.22127869344631007
2025-04-03,USDNGN,1517.8086,1519.8603,1514.2809,1519.0383830128426,0.010676121420675644,0.01752508872679352,0.013931635819145664,0.2782021588526234,0.22115786240267432
2025-04-04,USDNGN,1495.5501,1498.4036,1490.3091,1496.553382135121,-0.014802128194499664,0.018090202145436333,0.014183181339106458,0.2871730562622699,0.2251510237380465
2025-04-07,USDNGN,1500.091,1505.6832,1498.5905,1498.8756282347415,0.0015517295455957925,0.01739483058954703,0.014097376101987741,0.276134375028243,0.22378890782642819
2025-04-08,USDNGN,1475.865,1479.8303,1474.7621,1475.6351477217595,-0.015505276138456425,0.017235098795401006,0.01408120312856873,0.27359871140555975,0.22353216983266522
2025-04-09,USDNGN,1463.7599,1468.2435,1462.8682,1463.5806167480866,-0.008169045710441303,0.01513471087046496,0.014044578022873538,0.24025608676869709,0.2229507643041996
2025-04-10,USDNGN,1470.7233,1473.8513,1469.2717,1469.3035,0.003910193389024874,0.016005533779215573,0.013116251801667029,0.2540799718838892,0.20821404240308305
2025-04-11,USDNGN,1478.1319,1483.3246,1477.0215,1478.0899801499854,0.005980030776477019,0.010451950752862574,0.013069016360766277,0.16591957444541214,0.2074642030249318
2025-04-14,USDNGN,1464.9599,1467.7382,1462.8326,1464.4109347579797,-0.009254541723243137,0.008918397911422307,0.013238526415150324,0.14157517780044765,0.21015509171668312
2025-04-15,USDNGN,1450.8708,1452.4606,1450.6556,1451.1196989495272,-0.009076165366553424,0.008115678038778452,0.01281513225072322,0.12883239486765719,0.20343391772290248
2025-04-16,USDNGN,1484.8197,1489.2587,1482.7436,1484.224426378953,0.02281322998605173,0.013129509764690487,0.013062578185288823,0.2084245060413912,0.20736200015766976
2025-04-17,USDNGN,1476.59,1480.8788,1469.2013,1476.2825904083709,-0.005350832279426787,0.011795323683261992,0.012696356873224346,0.1872449585965298,0.20154841705846344
2025-04-18,USDNGN,1464.5457,1467.6609,1464.4463,1465.478101658102,-0.007318713111207242,0.011699698835682443,0.012758594709926243,0.18572696120140614,0.20253641208677464
2025-04-21,USDNGN,1470.0171,1474.683,1469.9155,1470.973584563896,0.003749959074500042,0.011691482687585877,0.01275439738291004,0.18559653389381578,0.20246978158603812
2025-04-22,USDNGN,1468.6137,1473.0666,1463.3418,1470.039595075008,-0.0006349464726553844,0.011412362155528342,0.012627997955499203,0.18116563281199818,0.2004632528812979
2025-04-23,USDNGN,1484.7749,1485.4414,1481.1905,1483.644728821082,0.009254943738695509,0.011249736548302676,0.012698659775204804,0.1785840313308183,0.20158497449406776
2025-04-24,USDNGN,1500.0642,1503.1564,1498.0685,1499.648314647418,0.010786669824286443,0.010493602780209712,0.012784768394187587,0.16658077988118528,0.20295190644347372
2025-04-25,USDNGN,1467.7806,1472.7098,1467.1083,1470.2135279262664,-0.019627793018973216,0.010582853407361762,0.013306602988187989,0.16799758966399053,0.21123577381088623
2025-04-28,USDNGN,1479.5793,1482.0003,1478.9338,1481.0268925940468,0.007354962025844403,0.010859444270869448,0.013243734908014764,0.1723883335025142,0.2102377739776317
2025-04-29,USDNGN,1514.4444,1515.8363,1505.8154,1512.1192079416269,0.02099375474075371,0.012592237888667708,0.013707917262871438,0.19989557941907882,0.21760644042124225
2025-04-30,USDNGN,1489.3828,1499.193,1489.222,1491.9661264506135,-0.013327706827060748,0.0143110078902156,0.013386488280878486,0.22718020732916175,0.21250391351811018
2025-05-01,USDNGN,1480.2488,1482.4572,1477.6761,1480.9111883154312,-0.0074096441864145435,0.014750252950434127,0.013453006534247273,0.23415300649287263,0.21355985805447136
2025-05-02,USDNGN,1462.7999,1463.0199,1456.6579,1460.969592985012,-0.013465760464071552,0.015162683536948574,0.013333466059342929,0.24070013908283505,0.21166221184525066
2025-05-05,USDNGN,1450.7492,1451.9998,1445.7713,1449.0633046625987,-0.008149579826700393,0.01413489360333284,0.012958129062623168,0.22438447969665815,0.20570392173827654
2025-05-06,USDNGN,1451.9961,1453.7665,1449.9441,1453.10689023617,0.0027904823485354058,0.012681546617744247,0.012756809749220157,0.2013133115413414,0.2025080767140047
2025-05-07,USDNGN,1413.3492,1414.4782,1411.2597,1411.9901721355789,-0.028295728536466225,0.015360639654593774,0.013573230670079104,0.24384259502959332,0.2154683570444634
2025-05-08,USDNGN,1453.7052,1457.1648,1451.0297,1455.7002080889654,0.030956331577915108,0.01849535895296785,0.01473961565850207,0.2936047211905494,0.23398414471842013
2025-05-09,USDNGN,1485.176,1488.8308,1481.9241,1487.2546043791438,0.021676438675242604,0.02056991472261318,0.015296209418827304,0.3265372730750439,0.24281979674508528
2025-05-12,USDNGN,1493.8872,1497.5461,1492.7589,1494.832650229902,0.005095325190754174,0.02038883689879279,0.015149824744835923,0.32366275173637876,0.24049601208629054
2025-05-13,USDNGN,1480.7746,1483.1287,1478.7778,1481.3582807261123,-0.00901396520989639,0.019907408763223854,0.015189450791746028,0.3160203170111894,0.24112505607967885
2025-05-14,USDNGN,1499.6173,1505.9749,1491.7089,1498.4993499961697,0.011571184022851844,0.019599728400110504,0.013795150619289553,0.31113604266661354,0.21899122702391302
2025-05-15,USDNGN,1517.2249,1518.0315,1516.3148,1517.4195769457317,0.012626116220611161,0.01976937822671779,0.01385170597195638,0.31382915017362223,0.2198890154147089
2025-05-16,USDNGN,1475.7535,1477.6529,1473.8894,1474.8217834736854,-0.028072521350876012,0.019704211387483423,0.014537500544311058,0.31279465867156864,0.2307756667482791
2025-05-19,USDNGN,1479.1108,1482.8011,1473.1311,1477.430125913867,0.0017685814444903247,0.016465080402456003,0.014538550799981143,0.2613750483694912,0.23079233904017557
2025-05-20,USDNGN,1470.9635,1475.8192,1470.9087,1472.102324890457,-0.003606127240781909,0.014091791388415981,0.014271486127395976,0.22370025324690174,0.22655281879438813
2025-05-23,USDNGN,1526.9416,1528.6751,1520.7781,1521.7195761852615,0.03370502882569437,0.0194222229179099,0.015442755456794022,0.30831823049309315,0.24514614297757586
2025-05-26,USDNGN,1509.6832,1511.4094,1509.3616,1510.1506563731975,-0.007602530711384836,0.019287065828340565,0.015521440125532835,0.3061726782115267,0.24639522337043426
2025-05-27,USDNGN,1494.8322,1495.4558,1491.5484,1495.1911703460112,-0.009905956047533193,0.019388156968507413,0.015617447842881877,0.3077774503113274,0.24791929863472553
2025-05-28,USDNGN,1476.3915,1476.9426,1475.6482,1476.224342563641,-0.012685219227171474,0.01896273731739476,0.015703666620863067,0.30102412271322376,0.24928797930401828
2025-05-29,USDNGN,1430.4283,1436.5432,1427.3824,1429.438922653978,-0.03169262188727662,0.01976820470254315,0.016685771728753126,0.3138105210548805,0.2648784145648384
2025-05-30,USDNGN,1429.379,1429.6957,1426.4861,1428.7760076507395,-0.0004637588866039932,0.019671978478713794,0.016101670247961556,0.3122829771077486,0.255606091013244
2025-06-02,USDNGN,1412.4037,1415.7508,1409.0843,1413.5821212249837,-0.01063419762397777,0.019791349740541475,0.016177991644243758,0.31417793714265274,0.2568176556188995
2025-06-03,USDNGN,1454.2005,1458.1703,1453.146,1453.5475877181018,0.02827247592696258,0.018019921265364357,0.017006637703700374,0.28605738187871066,0.2699720040081946
2025-06-04,USDNGN,1454.2046,1456.709,1453.4272,1455.816213978625,0.0015607512816864233,0.018248318906510515,0.01699409464758971,0.28968308202974974,0.2697728891652973
2025-06-05,USDNGN,1465.2066,1470.3245,1464.851,1465.5616766393423,0.006694157248107402,0.018591786337278652,0.017040331009118,0.29513545846132644,0.27050686865009127
2025-06-06,USDNGN,1444.6916,1448.7194,1443.6806,1446.132945683442,-0.013256849756369316,0.018644100951940433,0.01711597658424753,0.2959659272233019,0.2717077049275424
2025-06-09,USDNGN,1491.8319,1495.6798,1491.1876,1493.471958000025,0.032734896509954536,0.017884360024821768,0.0180670757945343,0.2839054138993401,0.28680593682295474
2025-06-10,USDNGN,1474.629,1477.3079,1474.0936,1476.4496835814043,-0.011397786431434631,0.019026336022068165,0.017819240969571534,0.3020337208508538,0.28287168094451853
2025-06-11,USDNGN,1460.5613,1463.8974,1460.0386,1461.0237668867576,-0.01044797995230573,0.019001185874147588,0.017872348000248763,0.30163447462984777,0.28371472892076466
2025-06-12,USDNGN,1454.5588,1458.4084,1453.0695,1454.6532618431916,-0.004360302130567484,0.01608474536816697,0.01742458435222666,0.2553374168758072,0.27660670136795545
2025-06-13,USDNGN,1482.924,1486.9443,1481.8688,1482.7022,0.019282215832842287,0.017649772077412865,0.01765399684564252,0.28018144568283776,0.2802485117993331
2025-06-16,USDNGN,1504.6284,1508.217,1501.9486,1504.044338122918,0.014394082724715762,0.018168878168547023,0.017789181377032035,0.28842199941003666,0.2823944997062898
2025-06-17,USDNGN,1450.3967,1451.2989,1445.0141,1449.193,-0.03646922948519837,0.023225918791519626,0.01888168538448493,0.36870003056005657,0.2997374631666607
2025-06-18,USDNGN,1462.6456,1464.4545,1459.3565,1462.7200840126718,0.009334218432377028,0.0191440351024497,0.018894404050514103,0.30390213582823705,0.2999393657305908
2025-06-19,USDNGN,1481.1184,1486.0118,1477.4203,1482.2663461111792,0.013362954615955047,0.019575312019241897,0.01903694402301393,0.31074844463644613,0.302202117645314
2025-06-23,USDNGN,1464.0905,1467.1589,1461.0389,1462.7164807835804,-0.013189171688940515,0.019861473195958792,0.018429869359138765,0.3152911124872932,0.2925651061181431
2025-06-24,USDNGN,1447.4306,1450.2894,1440.2076,1445.38,-0.0118522495721749,0.020352536028108822,0.017700642175664583,0.3230864932791494,0.28098898345769857
2025-06-25,USDNGN,1456.7685,1461.5962,1454.2322,1457.2223742174042,0.008193260054383034,0.01891576764296169,0.017295563477486064,0.30027850224695435,0.27455855847695765
2025-06-26,USDNGN,1413.6689,1414.0002,1413.3504,1413.6251,-0.029918065347313894,0.019785500953587293,0.018066683154202286,0.31408509052813977,0.2867997038509155
2025-06-27,USDNGN,1418.0125,1422.9099,1416.1572,1421.9499100942332,0.005888980108115893,0.015967728143246842,0.01806359417762642,0.25347982601830976,0.2867506678679628
2025-06-30,USDNGN,1442.7919,1447.612,1441.586,1443.6535,0.015263259100546156,0.016839560666543834,0.018165932266615944,0.2673197382675604,0.2883752346666581
2025-07-01,USDNGN,1473.8974,1477.2805,1467.0567,1472.1099211780534,0.019711392780922488,0.0179251180974977,0.0183949182813015,0.284552428244653,0.2920102749580767
2025-07-02,USDNGN,1457.5239,1458.0771,1457.3537,1458.0754551855766,-0.009533572045520633,0.01755491311580998,0.017748785129969604,0.27867560635067545,0.2817532291645248
2025-07-03,USDNGN,1467.0441,1470.6326,1466.6479,1467.7722489386902,0.006650405998281705,0.01691041942281026,0.017790055926302655,0.26844458615131417,0.28240838274556584
2025-07-04,USDNGN,1466.9599,1469.9242,1466.6604,1466.917995310894,-0.0005820069349409263,0.016726917811917534,0.017777865948178522,0.26553158838570284,0.2822148728419432
2025-07-07,USDNGN,1483.2666,1484.1557,1481.7471,1483.095619254576,0.01102830832766033,0.009817023463074163,0.01674923964068575,0.1558404161890819,0.26588593643207603
2025-07-08,USDNGN,1495.8252,1497.7331,1492.6341,1496.15715800999,0.008806943116708155,0.009827986604375238,0.016784653890607217,0.1560144506619061,0.26644812022103653
2025-07-09,USDNGN,1470.6693,1473.4536,1469.2144,1471.640825683569,-0.016386201272485246,0.012491818980430757,0.01695505450945262,0.1983014786703373,0.2691531461853352
2025-07-10,USDNGN,1452.1162,1456.6935,1451.4345,1454.1455989586598,-0.011888245025264643,0.010986617375615794,0.016935738478685406,0.174407143954203,0.2688465137029737
2025-07-11,USDNGN,1462.7204,1467.4032,1453.6385,1458.2257694206774,0.0028058885334036887,0.010499495165319658,0.015872978581046016,0.1666743185949649,0.251975723347816
2025-07-14,USDNGN,1472.3725,1472.4435,1466.9913,1471.603007059842,0.009173639582901627,0.01080232195093948,0.01594415994255661,0.17148154478543962,0.2531056924310561
2025-07-15,USDNGN,1505.9966,1507.3771,1505.7002,1507.1178352565105,0.024133430025822467,0.013988504812717253,0.016320353878435456,0.22206062968848006,0.2590775860254521
2025-07-16,USDNGN,1514.4088,1515.2101,1509.8451,1513.1708285527643,0.0040162707617508175,0.01364426043482114,0.015571223434962894,0.21659591960360852,0.24718550890759655
2025-07-17,USDNGN,1508.9356,1513.2385,1506.2022,1509.922886628896,-0.0021464476201769056,0.013488033031153387,0.01558508754883563,0.2141158864551395,0.2474055948923298
2025-07-21,USDNGN,1500.9467,1508.0132,1497.4872,1501.2395,-0.005750880860070251,0.01162230838781362,0.015603135202514317,0.18449842592792923,0.24769209251262192
2025-07-22,USDNGN,1478.5296,1481.0637,1477.5925,1479.1274271388409,-0.014729210669689352,0.012257294525462198,0.015651506035289673,0.19457851836507864,0.24845995567801804
2025-07-25,USDNGN,1468.2539,1469.4076,1465.9205,1468.101523684311,-0.007454329662359149,0.012815431729763179,0.014508357229270286,0.2034386718052781,0.23031303096441175
2025-07-28,USDNGN,1473.0501,1474.765,1472.5447,1472.6742837639397,0.0031147437734095895,0.012371007291827179,0.014372693926562501,0.19638365256924822,0.2281594427983969
2025-07-29,USDNGN,1489.5517,1495.3105,1487.2618,1489.1679497929556,0.01119980583001734,0.008580412568032828,0.014372696339508849,0.1362098268080877,0.22815948110273268
2025-07-30,USDNGN,1529.3016,1529.4121,1526.2191,1527.830675876551,0.02596263644337138,0.013567978170219666,0.015052069323446408,0.21538497619412658,0.23894419288046065
2025-07-31,USDNGN,1509.3147,1515.7348,1508.3857,1509.1400851843623,-0.012233417607920072,0.014516886012969347,0.014884922165253287,0.23044842120833323,0.23629081400287963
2025-08-01,USDNGN,1482.3972,1484.3777,1478.3105,1481.5337464667589,-0.018292760883248937,0.016041160238591822,0.01504320997985057,0.25464552439350896,0.2388035551608575
2025-08-04,USDNGN,1465.8416,1470.9136,1464.3745,1466.10944087455,-0.010411038985101428,0.015535057229725932,0.013568296353116719,0.246611388198065,0.2153900271910288
2025-08-05,USDNGN,1496.4222,1497.2114,1492.0368,1496.8981898538027,0.02100030742649528,0.01724227454945918,0.013991506070721365,0.27371262296980353,0.22210827318227538
2025-08-06,USDNGN,1528.3087,1532.423,1527.6687,1529.724273747073,0.021929403158992722,0.018686276381729157,0.01433848470522227,0.2966354414152513,0.22761638824512842
2025-08-07,USDNGN,1525.92,1527.5407,1522.9647,1526.0345633087295,-0.0024120101260507454,0.01871386286566582,0.014099851680378198,0.29707336327150985,0.22382820641506135
2025-08-08,USDNGN,1503.9782,1506.8353,1499.0807,1505.9545099488687,-0.01315832147099183,0.01666936000345979,0.014144477125068817,0.26461788650256834,0.22453661338784361
2025-08-11,USDNGN,1547.0626,1548.6265,1545.4963,1547.2648196891626,0.0274313131421855,0.01914481928759083,0.014877108873966038,0.3039145843814286,0.23616678184887782
2025-08-13,USDNGN,1553.679,1555.3617,1549.5584,1552.418732569481,0.0033309830448764455,0.0165712933129602,0.01359201512833588,0.263061126052802,0.21576655107482645
2025-08-14,USDNGN,1580.5354,1587.7927,1575.4457,1579.931136160507,0.017722282663704236,0.015037533883200059,0.013841680800751715,0.23871344991992857,0.21972987075555855
2025-08-15,USDNGN,1585.4251,1588.8006,1585.1386,1586.1766613675488,0.003953036347026817,0.014487188526895674,0.013666254463598506,0.22997698823204477,0.21694506398644836
2025-08-18,USDNGN,1594.0678,1599.4444,1592.3459,1593.4662,0.004595666302495305,0.013214644347415327,0.013311823166758894,0.2097759756445583,0.21131864157667402
2025-08-19,USDNGN,1589.6937,1591.0384,1583.4775,1589.197992508454,-0.002678567949258026,0.013243020342937834,0.013151945139090942,0.21022643060869692,0.20878065656879657
2025-08-20,USDNGN,1613.376,1613.6768,1608.92,1612.1076252945245,0.014415845535966865,0.010438411050743437,0.013302681602483985,0.16570463833761337,0.2111735237426809
2025-08-21,USDNGN,1589.846,1591.1847,1583.8108,1587.3910618329055,-0.015331832114560795,0.010919029948946038,0.013714126727542615,0.17333422681786506,0.21770501261701092
2025-08-22,USDNGN,1604.1923,1609.4883,1601.9075,1604.2689642368289,0.010632479172734577,0.011220771851714245,0.013706050623629815,0.17812423102697772,0.2175768084419174
2025-08-25,USDNGN,1582.9125,1588.2192,1577.5052,1582.1509486866416,-0.013786974655281115,0.011470764685903094,0.013977639300181467,0.1820927442398491,0.22188814502425838
2025-08-26,USDNGN,1586.623,1590.773,1583.9379,1587.977829781374,0.0036828856940416266,0.011456703186708682,0.013542874585803985,0.18186952486027422,0.21498646914584532
2025-08-27,USDNGN,1586.1721,1588.7291,1584.7415,1585.3958566382023,-0.0016259503720699175,0.011300803183809516,0.013290841447684726,0.17939468903788158,0.2109855671121808
2025-08-28,USDNGN,1591.9463,1596.3414,1589.7282,1592.737779535832,0.004630971417572738,0.011421372642414628,0.013294242649986137,0.18130866985695449,0.21103955952486972
2025-08-29,USDNGN,1587.0023,1592.5254,1586.3794,1590.1366,-0.0016331498940083122,0.009598119209435482,0.013268432288864315,0.15236541889270894,0.21062983274420705
2025-09-02,USDNGN,1614.0536,1616.9615,1613.4319,1594.3343912691198,0.002639893496646506,0.0076100267466449175,0.012634682487297058,0.12080542945303435,0.20056936653390608
2025-09-03,USDNGN,1598.7957,1601.4679,1598.3064,1598.5321825382398,0.002632942808050709,0.006358628192520649,0.012629418958787409,0.10094009326160265,0.2004858106091747
2025-09-04,USDNGN,1598.4013,1600.0963,1595.5766,1596.7809216914343,-0.0010955430650290143,0.0026847177180057366,0.0126192396422412,0.04261857253351208,0.2003242189685875
2025-09-05,USDNGN,1611.6719,1614.6428,1610.2772,1611.2624207056317,0.009069183391080093,0.00394927216554938,0.012597735559309082,0.062692752058519,0.19998285223492213
2025-09-08,USDNGN,1619.5237,1621.2165,1618.3876,1618.720709017884,0.004628847676461101,0.0036662846614355492,0.012176901280498776,0.05820046469837462,0.19330231516550236
2025-09-09,USDNGN,1617.8454,1620.238,1617.343,1624.3993416384824,0.003508099074140958,0.0036061784585218457,0.012013200782037338,0.05724630830740235,0.1907036503149447
2025-09-10,USDNGN,1629.7634,1636.7006,1625.7886,1630.077974259081,0.003495835337430364,0.0030243518017733454,0.012013038389045026,0.048010096467974314,0.1907010724061108
2025-09-11,USDNGN,1621.0785,1626.1806,1620.5911,1623.225666403272,-0.004203668759418355,0.004233554404243848,0.012000001292920547,0.0672055926929486,0.19049411492112792
2025-09-15,USDNGN,1648.3607,1650.1879,1647.6018,1648.8391070492903,0.015779346751442214,0.006546747675275095,0.011458300174102872,0.10392639747040887,0.18189487624922582
2025-09-17,USDNGN,1656.1447,1659.1353,1654.699,1654.863548871147,0.003653747534310803,0.0061070258843839795,0.011110610775062117,0.09694603044188584,0.1763754781490938
2025-09-18,USDNGN,1673.1234,1676.37,1669.2553,1673.8666390562985,0.011483176481900337,0.006426158034672377,0.010439989992073915,0.10201209627205618,0.1657297032541846
2025-09-19,USDNGN,1617.5046,1619.1049,1615.021,1618.238788175722,-0.0332331438972574,0.016025021705789864,0.012216407519908897,0.2543893331275923,0.19392945727378974
2025-09-22,USDNGN,1626.1712,1626.7243,1622.9614,1624.212690993623,0.0036916077290642946,0.016031734034863295,0.011754995370988845,0.2544958880482703,0.18660476648611157
2025-09-23,USDNGN,1670.3093,1673.3219,1667.1528,1670.5516035782528,0.028530076659037507,0.019362949239514354,0.012179659094982125,0.30737729001913333,0.19334609411321235
2025-09-24,USDNGN,1652.2941,1653.3492,1648.0248,1651.717875881741,-0.011273957449845051,0.020015624104027806,0.012420815677364307,0.3177381822900456,0.19717433617726943
2025-09-25,USDNGN,1595.7854,1599.2319,1594.5782,1595.8746,-0.03380920960967981,0.023131874631952976,0.01382391049378912,0.367207125809228,0.21944777587789271
2025-09-26,USDNGN,1560.2117,1561.1392,1556.5513,1560.6059946036814,-0.02209986009948317,0.023674929712473064,0.013641909912216456,0.3758278579568259,0.21655860621403034
2025-09-29,USDNGN,1502.4273,1505.259,1498.6305,1501.8137622016795,-0.03767269420039121,0.024182337617321914,0.015290233270217857,0.38388270873381614,0.24272492832697393
2025-09-30,USDNGN,1472.5395,1475.1262,1471.0952,1474.7270782458745,-0.018035980650553896,0.02293561387129394,0.015174551285746782,0.3640915828202829,0.24088853375448852
2025-10-01,USDNGN,1474.8445,1475.5891,1470.8085,1472.5738842543049,-0.0014600626945365791,0.02238864668554319,0.015131207894387759,0.35540874792742677,0.2402004787474038
2025-10-02,USDNGN,1509.5547,1516.9034,1507.7668,1510.9065243548498,0.02603104707371351,0.021609602343554843,0.015954790162271058,0.34304180239226806,0.2532744419375345
2025-10-03,USDNGN,1469.4739,1469.8422,1468.6957,1468.8810778567615,-0.027814723029297217,0.022153494005430145,0.01665542059934745,0.35167581485717014,0.2643966053223343
2025-10-06,USDNGN,1489.1389,1489.8927,1483.7944,1488.2902765085994,0.01321359430959368,0.023106624136600706,0.016614747773573378,0.3668062866221282,0.2637509442296355
2025-10-07,USDNGN,1479.213,1480.9149,1478.0346,1480.042636569067,-0.005541687713555787,0.02246320628705189,0.01644987270058405,0.35659234490809133,0.2611336335864952
2025-10-08,USDNGN,1480.0881,1482.3633,1477.2177,1480.0108220597365,-2.1495670830429248e-05,0.01806227922854167,0.016277393882537676,0.2867297936983731,0.2583956172326328
2025-10-09,USDNGN,1471.052,1472.2565,1465.9155,1468.0270117747452,-0.008097109903773103,0.016942714371361498,0.01617482780657883,0.2689572525661354,0.2567674312529996
2025-10-10,USDNGN,1462.0687,1462.5898,1454.6224,1458.5302244681395,-0.006469082128894077,0.017093784314250533,0.016150114528466666,0.2713554135629021,0.25637512012520386
2025-10-13,USDNGN,1448.8753,1454.5922,1446.0589,1450.2828244746174,-0.005654596562460368,0.012147438452364044,0.01615759484309367,0.19283460726851154,0.2564938664385933
2025-10-14,USDNGN,1459.8378,1461.6215,1456.3067,1458.9717508619278,0.00599119443509788,0.007899443653486925,0.01618116679248822,0.12539978041736335,0.25686805953468317
2025-10-15,USDNGN,1463.2968,1464.9767,1462.7742,1463.094061783133,0.0028254905681139864,0.0053673126705812094,0.01621262536252488,0.08520344721050295,0.2573674488521954
2025-10-16,USDNGN,1495.7734,1496.1503,1492.5287,1495.3563603666637,0.02205073441704175,0.010435294200751859,0.016807186323434815,0.16565515987790372,0.26680581150320715
2025-10-17,USDNGN,1474.1552,1476.4276,1468.2349,1471.1908302910624,-0.016160382044100752,0.01242520458501361,0.016978049798739157,0.1972440079262731,0.2695181850860042
2025-10-20,USDNGN,1448.729,1450.1752,1446.712,1449.1477612375318,-0.014983147393033747,0.013339314511449688,0.017123669055067053,0.2117550531442256,0.2718298191160789
2025-10-21,USDNGN,1457.7158,1460.3051,1456.0342,1457.601078912471,0.005833302787370931,0.013427371782976276,0.01705451494266582,0.21315291899376704,0.2707320316147725
2025-10-22,USDNGN,1495.9919,1500.3186,1493.4185,1494.7448727517767,0.02548282542917657,0.01613240410343801,0.01779335176332365,0.2560939758437694,0.28246070253628197
2025-10-23,USDNGN,1494.1358,1497.2996,1492.1569,1493.22157671759,-0.001019101026506486,0.01623690069721203,0.017759817216243857,0.2577528078436458,0.28192835810486805
2025-10-24,USDNGN,1483.0126,1484.8547,1481.5658,1484.58655741409,-0.0057828117662762635,0.016612216983840508,0.017729872542273737,0.2637107691881129,0.281453001142373
2025-10-27,USDNGN,1500.0579,1501.1698,1498.9575,1499.3265046218353,0.009928654637301637,0.01472275470124694,0.017882745317195987,0.23371648531983874,0.2838797812104327
2025-10-28,USDNGN,1513.4585,1520.4656,1509.6569,1512.936206877475,0.009077210476628128,0.012955135920828224,0.017687467062120855,0.2056564070853075,0.2807798350141081
2025-10-29,USDNGN,1499.4525,1503.6726,1498.4632,1501.2319416825414,-0.0077361260453205904,0.011370836443082684,0.017668363473765457,0.18050643256312224,0.2804765749504841
2025-10-30,USDNGN,1529.3672,1534.5266,1524.1309,1526.9482470291473,0.01713013467977742,0.012257377080096428,0.017858045890663834,0.19457982887926914,0.2834876899696528
2025-10-31,USDNGN,1554.7253,1558.4324,1553.465,1557.1417721188827,0.019773771081292635,0.010918084552531106,0.017369222702817367,0.17331921911503936,0.2757278624289114
2025-11-03,USDNGN,1550.0279,1553.7845,1549.4925,1551.1151756015274,-0.0038702940382586704,0.011267277210143022,0.017351612615279143,0.1788624807051845,0.2754483109557581
2025-11-04,USDNGN,1565.2917,1566.8122,1564.0159,1565.385429615966,0.009199996388987941,0.010131964294324442,0.01654236150854724,0.16083994689221107,0.2626018478960597
2025-11-05,USDNGN,1547.1594,1548.4654,1547.1134,1548.407088660315,-0.010846108973823987,0.012185518996698804,0.016534301614310434,0.19343911716911003,0.26247390104159524
2025-11-06,USDNGN,1589.038,1595.143,1585.019,1590.804016372423,0.027380995619691983,0.014940013704711659,0.016249040771163643,0.23716536507938296,0.2579455255430892
2025-11-07,USDNGN,1576.5662,1579.0714,1574.023,1575.163331990832,-0.009831936694035481,0.015307809764421032,0.015821875143346195,0.24300394652246574,0.25116448142405073
2025-11-10,USDNGN,1629.905,1637.9812,1626.7819,1633.6201989346823,0.03711162249439082,0.018944609993903714,0.0154995166796501,0.3007363603738686,0.24604719945631046
2025-11-11,USDNGN,1630.1904,1633.7099,1626.3607,1629.0764007822456,-0.0027814287282930117,0.018892584978758103,0.015031351407354378,0.29991048886169064,0.23861530615848256
2025-11-12,USDNGN,1654.7071,1656.3424,1650.9153,1653.7269705846643,0.015131622918717724,0.018494477505984565,0.015149913465716503,0.29359072865347946,0.24049742048660722
2025-11-13,USDNGN,1632.3197,1634.7813,1630.6761,1632.5410270036416,-0.012811028638864408,0.020304411097585403,0.0148577974751569,0.322322533690986,0.23586022289657121
2025-11-14,USDNGN,1647.2823,1648.2356,1645.2449,1646.4554896669574,0.008523193250986383,0.01886399735935396,0.013723022433539634,0.2994566744725783,0.21784622757183766
2025-11-17,USDNGN,1623.0326,1625.7794,1614.8903,1621.9465104121457,-0.014885904543808448,0.01874931197917123,0.014021235990843962,0.29763610050270795,0.22258022103312863
2025-11-18,USDNGN,1628.5493,1629.1431,1624.9345,1627.100412428469,0.0031776029500589775,0.017899890000105043,0.013928889394874373,0.28415194461413923,0.22111426426897526
2025-11-19,USDNGN,1689.2745,1691.6822,1687.2041,1688.5840472531413,0.03778724063680072,0.01810393230076052,0.015268234066389847,0.2873910157209704,0.24237570179275192
2025-11-20,USDNGN,1739.3971,1746.9876,1736.1255,1740.7459,0.03089088330054479,0.020093895146774968,0.015807390591766616,0.3189806965738457,0.2509345462960596
2025-11-21,USDNGN,1741.4393,1746.3898,1739.2435,1739.84907188052,-0.0005151976055092211,0.020256992807390968,0.015684738529302588,0.3215697916702838,0.24898750516564574
2025-11-24,USDNGN,1748.3635,1756.7131,1743.4684,1747.2057925515178,0.0042283671554603774,0.01835022778248631,0.015534274983585124,0.29130083528308215,0.2465989704255493
2025-11-25,USDNGN,1697.2034,1703.4025,1696.4624,1700.119500400966,-0.02694948262607899,0.023078360847546782,0.01668182811214343,0.3663576208177117,0.2648158115919457
2025-11-26,USDNGN,1691.6053,1692.5087,1685.3729,1691.4875635273986,-0.005077253023409001,0.021952871243957495,0.0167834452767422,0.34849102725199615,0.26642893407072893
2025-11-27,USDNGN,1707.4063,1707.4912,1703.2858,1707.1507355868705,0.009259998357190602,0.021932730161332764,0.016494870076111362,0.3481712974774323,0.26184794477827034
2025-11-28,USDNGN,1715.7995,1719.0182,1712.8469,1715.6586651271084,0.004983701417152986,0.01729454733601483,0.016024196657263057,0.2745424277311792,0.2543762358882634
2025-12-01,USDNGN,1718.1773,1720.7475,1715.7317,1716.3989701065404,0.00043149898897709704,0.011933122798026144,0.015594062630169804,0.18943245172783457,0.2475480698915706
2025-12-02,USDNGN,1712.6624,1713.384,1709.7617,1712.4309265586223,-0.0023118421864770644,0.011916470593166337,0.01566374905711875,0.18916810617079488,0.24865430762435206
2025-12-04,USDNGN,1757.5749,1759.1379,1755.0537,1755.4816027323288,0.025140094999465568,0.01578980803640473,0.015648791901650996,0.25065543188265615,0.24841687014222044
2025-12-05,USDNGN,1776.3212,1778.9499,1771.1493,1774.431750905878,0.01079484293316102,0.010194620103018782,0.015627944266878715,0.16183457702020426,0.24808592420003228
2025-12-08,USDNGN,1802.1712,1807.8929,1798.0871,1803.620861171482,0.016449835419537706,0.009454829865740332,0.015582644181300873,0.15009077107905078,0.24736680763517882
2025-12-09,USDNGN,1813.0224,1815.8146,1809.3334,1811.018309566144,0.004101443132487059,0.009652858824505221,0.015576375771179615,0.15323438334273656,0.24726729970939915
2025-12-10,USDNGN,1796.5884,1798.4912,1792.3722,1794.4896813918415,-0.009126704068641911,0.011756701653613675,0.015822406572060403,0.18663185288306172,0.25117291759335486
2025-12-11,USDNGN,1762.0159,1767.114,1760.102,1762.9790133726665,-0.01755968192290447,0.014860542526051521,0.016209653070141227,0.2359037992285915,0.2573202651733699
2025-12-12,USDNGN,1783.0867,1784.998,1775.1458,1782.329559557581,0.010976050218485467,0.014779265492691056,0.016095907242640862,0.23461356632315417,0.2555146061399466
2025-12-16,USDNGN,1764.1764,1764.8038,1754.0285,1760.9385353300593,-0.012001722191507302,0.013280405957057621,0.016155491662668105,0.2108199088341312,0.2564604794843832
2025-12-17,USDNGN,1760.753,1767.2006,1755.1472,1760.2622158196648,-0.0003840676416725364,0.012487250144076749,0.016107659144417575,0.19822895064169535,0.2557011617971461
2025-12-18,USDNGN,1757.5566,1761.0671,1753.7095,1759.5864918978089,-0.00038387685413177053,0.009902599434689557,0.016103180994653216,0.1571988926236642,0.25563007337348487
2025-12-19,USDNGN,1734.138,1736.4495,1730.2044,1733.9822875222417,-0.014551262182032176,0.010030463312557317,0.01623487993462687,0.15922866875870278,0.25772072923209155
2025-12-22,USDNGN,1748.4176,1751.9912,1740.9266,1746.2363182693105,0.0070669872669686384,0.011044910083881443,0.015634569823369558,0.1753325120101191,0.24819110164866537
2025-12-23,USDNGN,1762.3701,1765.0307,1757.3537,1759.412104225196,0.0075452479243725,0.00985725895765765,0.015454844190141983,0.15647913486435544,0.24533804567020273
2025-12-24,USDNGN,1713.8765,1716.0385,1710.4819,1712.4033486037656,-0.026718445046808315,0.012614492280919674,0.015101639343905519,0.20024885694394431,0.2397310925601758
2025-12-25,USDNGN,1695.546,1702.1919,1694.5135,1698.6361645295951,-0.008039685326121204,0.012367545567618137,0.015185499976392623,0.1963286994010605,0.24106233883027256
2025-12-26,USDNGN,1754.814,1756.9224,1751.511,1755.3513127296362,0.033388638122954006,0.01919923391393381,0.016089326565817505,0.30477838979535676,0.25541014113394805
2025-12-29,USDNGN,1737.9354,1738.194,1736.0247,1736.1388257617878,-0.01094509505221053,0.019622564654586727,0.01603314745207105,0.3114985569679352,0.2545183253508533
2025-12-30,USDNGN,1743.4784,1745.3053,1738.1176,1740.6924497588031,0.0026228455521217775,0.018812237818845473,0.015988736442745705,0.2986350172396157,0.2538133224339639
2025-12-31,USDNGN,1783.836,1785.9195,1776.9011,1782.6445921013246,0.02410083547402908,0.020772226261865912,0.016154182802704625,0.32974886919637236,0.25643970197659693
2023-01-02,USDZAR,17.1325,17.1604,17.1149,17.11753083195181,,,,,
2023-01-03,USDZAR,17.6434,17.6674,17.6379,17.6539,0.031334494052553064,,,,
2023-01-05,USDZAR,17.908,17.9251,17.9053,17.922763822236178,0.015229712541488194,,,,
2023-01-06,USDZAR,17.7324,17.7561,17.7161,17.73281411359442,-0.01059823755564393,,,,
2023-01-09,USDZAR,17.7468,17.7713,17.7139,17.738754004531785,0.00033496606344129987,,,,
2023-01-10,USDZAR,18.0494,18.0871,18.0253,18.051892463276005,0.01765278771351242,,,,
2023-01-12,USDZAR,17.5131,17.5583,17.5023,17.53907088606232,-0.028408189238715464,,,,
2023-01-13,USDZAR,17.6371,17.6557,17.6281,17.65036703243476,0.006345612438392267,0.019747785781708663,,0.3134863807354703,
2023-01-16,USDZAR,17.2392,17.2602,17.1629,17.245935509481257,-0.02291349081921701,0.0180596970233816,,0.28668880246224693,
2023-01-17,USDZAR,17.0252,17.0818,16.9958,17.0383,-0.012039677950036687,0.016276293809925933,,0.2583781541213041,
2023-01-18,USDZAR,17.1481,17.208,17.1039,17.163636209297827,0.007356145231497635,0.017028500965998075,,0.27031907253752435,
2023-01-19,USDZAR,17.109,17.1255,17.0979,17.122879471885156,-0.0023745980697605917,0.01693013905634545,,0.26875762562899086,
2023-01-23,USDZAR,16.4586,16.4887,16.448,16.46190655579878,-0.038601738520186224,0.017764976923034935,,0.2820102659109113,
2023-01-24,USDZAR,16.6924,16.7207,16.6626,16.702843562653936,0.01463603295514293,0.01893295469014577,,0.300551338162678,
2023-01-25,USDZAR,16.7297,16.7508,16.7143,16.719203344768175,0.0009794608955577822,0.0184135483338982,,0.2923060178745742,
2023-01-26,USDZAR,16.83,16.8462,16.7801,16.832282624886826,0.0067634370960645285,0.01769316094851542,,0.2808702226584689,
2023-01-27,USDZAR,16.646,16.6487,16.6058,16.615122606790212,-0.012901400418237952,0.01776673838212611,,0.28203822820711044,
2023-01-30,USDZAR,16.7458,16.7806,16.7347,16.770621890066135,0.00935890074096557,0.017984530000524957,,0.2854955629666162,
2023-01-31,USDZAR,16.5262,16.5398,16.4428,16.535023549453413,-0.014048276930760384,0.018434855654300905,,0.29264426109991865,
2023-02-01,USDZAR,16.7826,16.8326,16.7624,16.79332609166714,0.015621540631084674,0.012225865395970276,,0.19407959640172542,
2023-02-02,USDZAR,16.5063,16.5185,16.4985,16.50804510003446,-0.016987759903872468,0.012991946493594439,,0.20624075681225099,
2023-02-03,USDZAR,16.487,16.5554,16.468,16.517336750058416,0.0005628558661943117,0.01297909791946783,,0.20603679202120628,
2023-02-06,USDZAR,16.2783,16.2905,16.2584,16.277403775660005,-0.014526129607278393,0.013168842101391283,,0.2090488875297514,
2023-02-07,USDZAR,16.3582,16.3908,16.3423,16.344493503407804,0.0041216479404486694,0.012972854760979816,,0.2059376849526772,
2023-02-08,USDZAR,16.103,16.1447,16.0781,16.1108143691794,-0.01429711689626123,0.012511310105086496,,0.19861089068200954,
2023-02-09,USDZAR,16.1681,16.1916,16.1643,16.167810287756105,0.003537742864553106,0.012307964663066377,,0.19538288186306713,
2023-02-13,USDZAR,16.186,16.1936,16.1495,16.178457473885047,0.0006585422478024849,0.009481733728699355,,0.15051785666323,
2023-02-14,USDZAR,16.3149,16.3485,16.2501,16.33200384411019,0.009490791719358516,0.009310745404953968,,0.14780350117287344,
2023-02-15,USDZAR,16.5448,16.5857,16.4998,16.516661084691723,0.0113064656574966,0.01051389869297089,,0.1669029675079681,
2023-02-16,USDZAR,16.5994,16.6159,16.5857,16.607683493922917,0.005510944903722503,0.008402263736472935,,0.1333818017801024,
2023-02-17,USDZAR,16.5306,16.5784,16.5118,16.524603095020705,-0.0050025278319286715,0.008876264658264162,0.015125858056469727,0.1409063331417522,0.2401155527032901
2023-02-21,USDZAR,16.4526,16.4789,16.39,16.466103256347303,-0.003540166038301429,0.006189860781091878,0.013835158599163329,0.09826099366128677,0.21962633401513754
2023-02-22,USDZAR,16.5089,16.5323,16.4553,16.503861744418632,0.002293104050393513,0.0061943188244174,0.013469103600994525,0.09833176290512646,0.21381539106717637
2023-02-23,USDZAR,16.5984,16.6843,16.5875,16.600542516776986,0.005858069696387913,0.006184142168735554,0.013469633955200195,0.09817021350445149,0.21382381017918625
2023-02-24,USDZAR,16.7946,16.7946,16.7722,16.78870936598868,0.011334981915291475,0.006502905937239266,0.013686415716285117,0.103230431455083,0.2172651139508182
2023-02-27,USDZAR,16.9705,17.0037,16.9245,16.97257321823268,0.010951637093467026,0.006437200514674062,0.013410879056562033,0.10218739020770734,0.21289110507856596
2023-02-28,USDZAR,17.1038,17.1673,17.0411,17.057938898138456,0.005029625078539768,0.006419861106095786,0.012495680105154488,0.10191213562983299,0.19836277212513725
2023-03-01,USDZAR,17.2187,17.271,17.2107,17.234569674133457,0.01035475487687898,0.0054413676006033794,0.012596327650221438,0.08637903277968466,0.19996050237103516
2023-03-02,USDZAR,17.452,17.4743,17.4427,17.4496,0.012476686678708937,0.0038868270930570792,0.012093013111516249,0.061701467264022834,0.19197063176709242
2023-03-03,USDZAR,17.5277,17.5881,17.5119,17.541973472259254,0.005293730071706859,0.003218246718189785,0.011887401436486858,0.05108808284387964,0.18870664761441722
2023-03-06,USDZAR,17.5954,17.6282,17.5707,17.59397912637636,0.002964641019401082,0.003788022981411965,0.01183386705201651,0.06013300061648104,0.18785681560702047
2023-03-08,USDZAR,17.6,17.6292,17.5763,17.587811994584147,-0.00035052512839284233,0.004712213185140749,0.011820350112105507,0.07480406527561193,0.18764224083807376
2023-03-09,USDZAR,17.5692,17.61,17.5196,17.58227672231174,-0.00031472205150429033,0.0049269497736609,0.009171550272430913,0.07821290293927628,0.14559384694667335
2023-03-10,USDZAR,17.6965,17.7595,17.6557,17.709477014024785,0.007234574550383899,0.004994343025777477,0.008922713529770124,0.07928273765014233,0.1416436861178584
2023-03-13,USDZAR,17.4491,17.509,17.4277,17.45633155032169,-0.014294350053512095,0.008418131922908198,0.009405149729606922,0.1336337014304943,0.14930212336719775
2023-03-14,USDZAR,17.3562,17.3984,17.3314,17.358315830733222,-0.005614909370042387,0.0073205238581702395,0.00943693203451708,0.11620971357260117,0.14980665181650601
2023-03-15,USDZAR,17.4979,17.5637,17.4736,17.520865091940376,0.009364345181423595,0.008007815899192187,0.009172128499711846,0.12712013648430961,0.1456030260201931
2023-03-16,USDZAR,17.3326,17.3576,17.3029,17.322110217666605,-0.01134389616213638,0.008862514003485096,0.009361569060275092,0.14068804826429393,0.1486103016890672
2023-03-17,USDZAR,17.4588,17.5215,17.4172,17.440657093674943,0.006843674039634928,0.009505026058169124,0.00896275914340901,0.15088761093062436,0.1422793905265832
2023-03-20,USDZAR,17.6586,17.7212,17.6288,17.656718614178523,0.012388381890837019,0.010815758287444653,0.008809178033966773,0.17169484001498642,0.1398413659966139
2023-03-21,USDZAR,17.8522,17.9052,17.8308,17.855274869887165,0.01124536557711231,0.011317088627587802,0.008231947818360494,0.17965321244324758,0.13067812039825544
2023-03-22,USDZAR,17.8753,17.9482,17.8695,17.891143036301884,0.0020088274572132025,0.009038705792020861,0.008223527086355369,0.14348500619739782,0.13054444542179935
2023-03-23,USDZAR,18.1933,18.2392,18.1471,18.194666639647384,0.016965020218643323,0.009247077451257283,0.007954381933985276,0.14679280374107861,0.12627189858330023
2023-03-24,USDZAR,18.416,18.519,18.3238,18.438146393048907,0.01338192989317899,0.0095536902142135,0.008146686048569309,0.1516601304585619,0.12932463176300316
2023-03-27,USDZAR,18.1693,18.1995,18.1225,18.16752341070494,-0.014677342102348723,0.01066012859839564,0.008176467728783138,0.16922429529193442,0.12979740127983183
2023-03-28,USDZAR,18.2632,18.3181,18.2329,18.275817650781462,0.005960869713959482,0.010665842297854746,0.008183247748984903,0.16931499745894416,0.129905030763859
2023-03-29,USDZAR,18.2555,18.3,18.2362,18.2721393253534,-0.00020126735221093206,0.01061861641780445,0.008197304057270377,0.16856530985458867,0.13012816774030914
2023-03-30,USDZAR,18.2379,18.2795,18.1767,18.25440867009285,-0.0009703655901938113,0.010414317442477007,0.008182448505868507,0.16532216416365828,0.1298923431727206
2023-03-31,USDZAR,18.0656,18.0672,18.0187,18.0436,-0.011548370254152784,0.01183813685994647,0.008511828046683698,0.1879245967065926,0.1351210812844185
2023-04-03,USDZAR,18.311,18.3324,18.2162,18.32375999273504,0.015526834597033856,0.011528844330557541,0.008805608249932203,0.18301473001579313,0.1397846974318758
2023-04-04,USDZAR,18.3628,18.3786,18.35,18.368649271093485,0.002449785326605447,0.010252457162827506,0.008666733242707163,0.16275271188110657,0.1375801250372373
2023-04-05,USDZAR,18.3533,18.4044,18.3126,18.34831023265601,-0.0011072691376105004,0.008201490419613234,0.008609108027041023,0.13019462418225236,0.13666535309784286
2023-04-06,USDZAR,18.4405,18.4638,18.3989,18.4136,0.0035583531407588076,0.008029445665197334,0.008605329218774008,0.12746349837490645,0.13660536637628257
2023-04-10,USDZAR,18.7375,18.7692,18.6757,18.71099137880001,0.016150637507060583,0.00977604703414619,0.008894956673876303,0.15518993554572832,0.14120305969062574
2023-04-11,USDZAR,18.4912,18.5389,18.4735,18.484990228114302,-0.012078523585969503,0.011380595955394859,0.00925237783256419,0.18066136001809396,0.14687694468582999
2023-04-12,USDZAR,18.6396,18.6792,18.5879,18.609134149277565,0.006715931122021956,0.009777578382123953,0.009162761264062283,0.15521424494124747,0.1454543257641878
2023-04-13,USDZAR,18.8229,18.8589,18.8167,18.83754131993376,0.012273927890678493,0.009225628211813644,0.00930928089293495,0.14645230762080255,0.14778025276530712
2023-04-14,USDZAR,18.3816,18.4278,18.3591,18.36865506618923,-0.02489105376232703,0.014352026978282468,0.010538383879600911,0.2278313651653513,0.16729165779573635
2023-04-17,USDZAR,18.4219,18.4464,18.3367,18.402473723518185,0.0018411068860018087,0.014354336643438494,0.010357404191608889,0.22786802996303934,0.16441869431505063
2023-04-18,USDZAR,18.1529,18.2034,18.1395,18.155159031474508,-0.013439209084570525,0.015167387311235932,0.010700140236230709,0.24077480918476143,0.16985946035149427
2023-04-19,USDZAR,18.2646,18.2744,18.2402,18.25436179361029,0.005464163765450891,0.013490740693547033,0.010724047817797823,0.21415886926310693,0.17023898144314772
2023-04-21,USDZAR,17.9394,17.9779,17.9199,17.972213679090622,-0.015456476523787899,0.013905092358933883,0.01114966905741484,0.22073649803474127,0.17699550915954967
2023-04-24,USDZAR,17.5535,17.5771,17.5144,17.561828337735264,-0.022834434793795655,0.014603426146766203,0.011954988891769614,0.23182220324304964,0.18977956520497247
2023-04-25,USDZAR,17.6268,17.6318,17.615,17.62552816069619,0.0036271749009215704,0.012848244162892028,0.01189803653520722,0.20395955303309735,0.18887547457271342
2023-04-26,USDZAR,17.2254,17.2763,17.2155,17.216708107550954,-0.023194768940705046,0.012518800456953008,0.012366203096727408,0.1987297963316365,0.19630738833634526
2023-04-27,USDZAR,17.3046,17.3404,17.291,17.304827879381982,0.005118270652005874,0.013048072379200623,0.012364981316231625,0.20713172762481433,0.19628799317225393
2023-04-28,USDZAR,17.0131,17.0245,16.9966,17.001788915238116,-0.017511816139178404,0.013382492614405122,0.012631716069490383,0.2124404842792473,0.20052227611109905
2023-05-01,USDZAR,16.4661,16.5837,16.4576,16.48,-0.030690236059245146,0.01372709010276495,0.013635914884735596,0.2179107998189528,0.21646343810312624
2023-05-02,USDZAR,16.4672,16.4995,16.4374,16.438368845767148,-0.0025261622714110032,0.014417066501502604,0.013543565575108218,0.22886383558833545,0.21499743826099096
2023-05-03,USDZAR,16.7676,16.8552,16.7271,16.797846914722374,0.021868232324510295,0.018450606175437954,0.013991185856943754,0.2928942928716084,0.22210318994614378
2023-05-04,USDZAR,17.1143,17.1734,17.0612,17.07013853498416,0.016209911999087057,0.02010487523728962,0.014176075702498377,0.3191550001070942,0.2250382252538158
2023-05-05,USDZAR,16.5825,16.6337,16.563,16.589585597841985,-0.028151671772160047,0.020947269089278978,0.014973044543564719,0.3325275879370958,0.23768971339058922
2023-05-08,USDZAR,16.5603,16.5643,16.5281,16.563641049909208,-0.0015639057274674517,0.02055266477005458,0.014521820406951942,0.3262634385674576,0.23052675228442576
2023-05-09,USDZAR,16.5106,16.55,16.4417,16.489470233865678,-0.004477929449209883,0.01992218084113421,0.014188351877108612,0.3162548164781802,0.22523310348423514
2023-05-10,USDZAR,16.3913,16.4263,16.3876,16.4109,-0.004764873143365822,0.016245117066863327,0.01403654330054111,0.2578832386683084,0.22282321704132924
2023-05-12,USDZAR,16.1311,16.1638,16.0205,16.11142602391658,-0.018248479735018974,0.017604135881870847,0.01418163549265276,0.27945699353771397,0.22512648418635703
2023-05-15,USDZAR,16.0268,16.1175,16.0183,16.0675008858175,-0.0027263345922251547,0.013951199593897134,0.01416521226035101,0.22146842769886277,0.2248657734559914
2023-05-16,USDZAR,16.1532,16.1782,16.1235,16.149281533006846,0.005089817499965621,0.01136059935583511,0.014255474946573985,0.18034392384108172,0.22629864917847928
2023-05-17,USDZAR,15.9294,15.941,15.9161,15.93345491157093,-0.01336447203516744,0.007756105475744044,0.014292542742642297,0.12312435738723033,0.22688708219875534
2023-05-18,USDZAR,16.0484,16.0845,16.0242,16.04101394685179,0.006750515558477721,0.009030932435750096,0.013964329237486724,0.14336160799212933,0.2216768543293086
2023-05-19,USDZAR,16.0133,16.0374,15.9559,16.02380987151252,-0.001072505478536101,0.009125716382851042,0.013920094842719864,0.14486625650599055,0.22097465508161715
2023-05-22,USDZAR,15.5162,15.551,15.4602,15.493897004738232,-0.03307034163681499,0.01430031958567629,0.014847898271222591,0.22701053575467411,0.23570307790584505
2023-05-23,USDZAR,15.5401,15.5463,15.5317,15.537567159692832,0.0028185391280997063,0.014020607633914184,0.01483291889719045,0.22257024617610396,0.23546528771493824
2023-05-24,USDZAR,15.5419,15.5497,15.4902,15.52434830623433,-0.0008507672612217965,0.014090875796194646,0.014290571936522908,0.22368571867098175,0.22685579662150998
2023-05-26,USDZAR,15.66,15.6752,15.6551,15.662191584726475,0.00887916682704093,0.014598424034518113,0.014499197770852889,0.23174279717281876,0.23016762906971291
2023-05-29,USDZAR,15.5907,15.6075,15.5551,15.578178130332258,-0.0053640931372686,0.014071680830426597,0.014317547367864366,0.22338100803590183,0.22728401831853914
2023-05-30,USDZAR,15.7578,15.7949,15.7355,15.779073235255147,0.012895930656469101,0.014954837626480331,0.014345059826573284,0.23740068754211047,0.22772076506073755
2023-05-31,USDZAR,15.5373,15.5621,15.5292,15.532721678235667,-0.015612549187556723,0.015752216482140993,0.014015219407814847,0.2500586844587867,0.22248471073850418
2023-06-02,USDZAR,15.9038,15.9674,15.8755,15.903311800058496,0.02385867264602415,0.012873129122730875,0.01495660794562041,0.20435458952381386,0.23742879048722565
2023-06-05,USDZAR,16.5203,16.5586,16.4463,16.494607516332092,0.037180665493298015,0.017975383330508847,0.01669609872268006,0.2853503640814942,0.26504235051116765
2023-06-06,USDZAR,16.2655,16.2695,16.2422,16.242826919700875,-0.015264418773342614,0.01996848344504421,0.016760076917204547,0.31698984752818377,0.26605797286342386
2023-06-08,USDZAR,15.9115,15.9894,15.889,15.915046211995085,-0.020180028348896872,0.02231174377226384,0.01689550198326557,0.35418795202562564,0.26820777913991567
2023-06-09,USDZAR,15.9364,15.9561,15.9057,15.923075789308358,0.0005045274268333788,0.022075920270066732,0.016527178006074356,0.35044436998491857,0.2623608172666146
2023-06-12,USDZAR,15.9413,15.9856,15.915,15.937638707358593,0.0009145794595799561,0.02167235733213624,0.016496338840128254,0.34403800695215847,0.26187126068421035
2023-06-13,USDZAR,15.8492,15.8846,15.824,15.8454,-0.005787476366621691,0.020664355777939316,0.016070088599291224,0.3280364783507286,0.2551047478829933
2023-06-14,USDZAR,15.8842,15.9004,15.8313,15.87101719588615,0.0016166960686476717,0.018527862786302644,0.016024462832337733,0.2941207035485104,0.25438046128658015
2023-06-15,USDZAR,15.7638,15.8388,15.7614,15.763989125596654,-0.006743617562032456,0.00850882441643005,0.015801563184915695,0.13507340013232924,0.250842039080164
2023-06-16,USDZAR,15.7481,15.7684,15.7394,15.745397062310111,-0.0011794009205673417,0.007695220757119381,0.014870550278861293,0.12215784244248033,0.2360626673792951
2023-06-19,USDZAR,15.6357,15.671,15.5917,15.6489,-0.006128588687108971,0.0036808243575657076,0.014894382816891332,0.0584312752189677,0.23644099719172892
2023-06-20,USDZAR,15.4683,15.5009,15.4444,15.4468,-0.01291464575784873,0.0051263183449405236,0.014354012143454518,0.08137778089236512,0.2278628786854911
2023-06-21,USDZAR,15.5279,15.543,15.4818,15.5337338792709,0.005627953962691334,0.006137839950471809,0.013999147945566306,0.09743518857639247,0.22222958418461536
2023-06-22,USDZAR,15.3582,15.3738,15.34,15.353566602283458,-0.011598452657146874,0.006829977904190374,0.013283341870550743,0.10842253796732321,0.2108665150159728
2023-06-23,USDZAR,15.2828,15.3736,15.2555,15.29601879663415,-0.0037481718183153268,0.0063140979747598166,0.013284062576961462,0.10023319796946636,0.21087795587555913
2023-06-26,USDZAR,15.4333,15.4381,15.3693,15.418487250371692,0.00800655748177359,0.007972421975712114,0.013416966541011816,0.1265582753676029,0.21298774089835054
2023-06-27,USDZAR,15.8987,15.9183,15.8847,15.889692782297836,0.030561074136166155,0.01510487014124911,0.014671056022158433,0.23978237987802134,0.2328957942319664
2023-06-28,USDZAR,15.7555,15.759,15.6603,15.728498569353595,-0.010144577063429527,0.015509366909162844,0.01441433837917334,0.24620356700219626,0.22882052798895908
2023-06-29,USDZAR,15.7352,15.7738,15.7178,15.739581239013871,0.0007046234967316156,0.014305734640250456,0.014411329825062729,0.22709649708110866,0.22877276867306373
2023-06-30,USDZAR,15.5452,15.6076,15.5272,15.548262005161154,-0.012155293774810949,0.015261277965899957,0.014520600021239526,0.24226527712080578,0.23050737926183398
2023-07-04,USDZAR,15.8098,15.8107,15.7596,15.776789751371298,0.014697960848246927,0.015099364849917668,0.014611019416665602,0.2396949860874736,0.23194274266579926
2023-07-05,USDZAR,15.785,15.8165,15.7667,15.792457829911465,0.000993109421313365,0.014797782340489526,0.014553915925300986,0.23490751216919167,0.23103625284293344
2023-07-06,USDZAR,15.97,15.9844,15.9542,15.978021472880023,0.011750143325828244,0.015004823211418425,0.014721371942160279,0.2381941841034162,0.23369453469984022
2023-07-07,USDZAR,15.7253,15.7431,15.7109,15.716525487694849,-0.01636598033298553,0.011960194432754754,0.013708093993700555,0.18986220060628986,0.2176092459361793
2023-07-10,USDZAR,15.6356,15.6564,15.626,15.63507440423822,-0.005182512096608138,0.011500874034331721,0.0137405475456994,0.18257071532833116,0.21812443010267718
2023-07-11,USDZAR,15.5287,15.5599,15.5148,15.517,-0.0075518926987782065,0.011742411753651438,0.013814154360266312,0.1864050077537013,0.21929290205953936
2023-07-12,USDZAR,15.79,15.8219,15.7352,15.775328232743291,0.016648078413565193,0.012595503145328854,0.014055587095564249,0.19994741376163194,0.22312552791522994
2023-07-13,USDZAR,15.8192,15.8439,15.784,15.796567544437965,0.001346362584747185,0.011323833275426716,0.014015106986493588,0.17976028040842243,0.2224829261053555
2023-07-14,USDZAR,16.0201,16.0521,16.0002,16.04199946578091,0.015537041237124072,0.01273294221059989,0.014103296847116142,0.20212919128442597,0.22388289674154385
2023-07-17,USDZAR,15.8553,15.8893,15.8427,15.854968576042102,-0.011658826578180848,0.01291363010070919,0.013963907906174355,0.204997522617327,0.22167016590207603
2023-07-18,USDZAR,15.8165,15.8222,15.7907,15.81750931868706,-0.0023626194637588194,0.011099640579374207,0.013272951202422601,0.17620133169135024,0.2107015682730356
2023-07-19,USDZAR,15.5145,15.524,15.4903,15.51875967544438,-0.01888727467918938,0.013346549577053408,0.011696966284658885,0.2118699062500657,0.18568358329868734
2023-07-20,USDZAR,15.4673,15.5097,15.4464,15.487231879567434,-0.002031592507153346,0.013054080044011514,0.011424474952170064,0.20722709634711345,0.18135791749757113
2023-07-21,USDZAR,15.3557,15.3677,15.31,15.32877564248862,-0.010231411159270287,0.011075065069001295,0.011000795448975762,0.17581120755861496,0.17463221389128603
2023-07-24,USDZAR,15.4612,15.4909,15.4069,15.473691067475109,0.009453816036344653,0.012108135876438275,0.011168451893422788,0.19221069821780865,0.17729367743751093
2023-07-25,USDZAR,15.358,15.3914,15.2919,15.376095602676726,-0.006307187106993739,0.008980557764112182,0.011205896093618727,0.14256193487094657,0.17788808568807193
2023-07-26,USDZAR,15.21,15.211,15.1827,15.205934954662489,-0.011066570630883343,0.008920990819495,0.011322327040410978,0.14161633894004444,0.17973636966881648
2023-07-27,USDZAR,14.9848,14.9937,14.9629,14.967444558600665,-0.015684033686379606,0.00944158951017027,0.01160515668463437,0.14988058695040007,0.1842261510808883
2023-07-28,USDZAR,14.9073,14.9733,14.8222,14.881577300299508,-0.005736935117078179,0.008083577281167037,0.011592078258780426,0.12832281113843777,0.1840185375067899
2023-07-31,USDZAR,14.849,14.9091,14.8252,14.86310767269346,-0.0012411068553651594,0.008152560046916259,0.011591959971999802,0.12941787859596895,0.1840166597623604
2023-08-01,USDZAR,15.2209,15.2427,15.2026,15.21947465061999,0.023976612817065757,0.013544438128243541,0.01247849527113712,0.2150112896126015,0.198089971342346
2023-08-02,USDZAR,15.6689,15.6852,15.6067,15.63725163511962,0.027450158043570205,0.017090661236101097,0.01328323042373181,0.27130583623425153,0.21086474585256898
2023-08-03,USDZAR,15.7762,15.7935,15.7625,15.784095969036164,0.009390674099452712,0.01690490838923953,0.013350976652755142,0.2683571012055437,0.21194018389811795
2023-08-04,USDZAR,15.9492,16.0591,15.9276,15.9844655418823,0.012694396514010275,0.01575213085544952,0.01332110033087026,0.25005732517719936,0.21146591199133769
2023-08-07,USDZAR,16.0429,16.0909,16.0074,16.067461718964147,0.005192302292771789,0.012275902595343027,0.013301288251721938,0.19487391231678014,0.21115140498504814
2023-08-08,USDZAR,16.1512,16.1693,16.114,16.1231,0.003462792195122244,0.010666481042708552,0.013253094928158503,0.16932513721915052,0.21038635969103303
2023-08-09,USDZAR,16.2688,16.2994,16.2172,16.284549395735425,0.010013545517637779,0.009156528029196703,0.01219190834898084,0.1453553762282811,0.19354054499217233
2023-08-10,USDZAR,16.1819,16.1901,16.1464,16.17582348019579,-0.006676630276801543,0.010374993222293663,0.012099766999077327,0.1646979115210182,0.19207784640830944
2023-08-11,USDZAR,16.2913,16.3293,16.2821,16.2838885259138,0.006680651890787148,0.0063304784316984405,0.012143751315208534,0.10049322966199357,0.19277607578073197
2023-08-14,USDZAR,15.8842,15.9313,15.8486,15.861101275345138,-0.0259635313700316,0.013288541649115151,0.01290539075436176,0.210949058941697,0.20486672704892084
2023-08-15,USDZAR,15.9569,16.012,15.9473,15.994526670948092,0.008412114221246103,0.012735250008545414,0.012720743694240637,0.20216582644106623,0.20193554584052273
2023-08-16,USDZAR,16.1198,16.1704,16.1025,16.13628286575477,0.008862793987155504,0.01304867914275898,0.012811334201221523,0.2071413596976945,0.20337362555621086
2023-08-17,USDZAR,16.3609,16.3926,16.3282,16.35843491087009,0.013767237905006224,0.01396351073509808,0.012875928540509387,0.22166386100670138,0.20439902890336015
2023-08-18,USDZAR,16.4743,16.4996,16.4498,16.488119759332218,0.007927705136140606,0.013789067591439788,0.012513736336461476,0.21889466195046048,0.19864940591105734
2023-08-22,USDZAR,16.7904,16.8047,16.7669,16.76805169665557,0.01697779621990625,0.014239827742869408,0.01274689754043399,0.226050257520184,0.2023507252776554
2023-08-23,USDZAR,16.6514,16.6729,16.6148,16.621536276994068,-0.0087377724205564,0.015143263586827148,0.012780659722718895,0.24039185693186763,0.20288668330592355
2023-08-24,USDZAR,16.5355,16.5423,16.4745,16.530795540506798,-0.005459226811234341,0.009548811957014553,0.012564749314482319,0.15158269052628298,0.19945921183193707
2023-08-25,USDZAR,16.7917,16.8166,16.7834,16.79305998048654,0.0158652037850866,0.010256528703733067,0.012829994527332769,0.16281734558924021,0.2036698490498532
2023-08-28,USDZAR,16.8134,16.8159,16.7563,16.79410483257933,6.221927951211015e-05,0.010530029063893954,0.012580650052531683,0.16715902920807404,0.19971162822318306
2023-08-29,USDZAR,16.9991,17.0027,16.9352,16.990376031882583,0.011686910452202381,0.01029346604907107,0.01245331364924283,0.16340370776837182,0.19769022548749668
2023-08-30,USDZAR,17.4853,17.5439,17.4263,17.491628003900722,0.029502111729460045,0.013787305528942778,0.013360445153061971,0.21886669007549062,0.2120904916807216
2023-08-31,USDZAR,17.7912,17.8176,17.7661,17.776912801635376,0.016309791042379507,0.013721459104273486,0.01286804075909394,0.21782141048910444,0.20427381425523228
2023-09-01,USDZAR,17.691,17.7135,17.6906,17.70686303978883,-0.003940490828087007,0.012808714962445157,0.012906719142145301,0.2033320464296515,0.20488781455124028
2023-09-04,USDZAR,17.6047,17.6706,17.5854,17.616834489812547,-0.0050843873233773484,0.012738064943803298,0.012736476835234968,0.20221051215296088,0.20218530171100024
2023-09-05,USDZAR,17.6116,17.6259,17.5495,17.59852057993188,-0.0010395687086268701,0.012865688869233489,0.012746256053449426,0.20423647916114168,0.20234054198747278
2023-09-06,USDZAR,17.6185,17.6522,17.5269,17.58876667083999,-0.0005542459690055512,0.012921367578721922,0.012622654981402852,0.20512035127290612,0.2003784357969755
2023-09-07,USDZAR,17.881,17.9164,17.8606,17.876286812609905,0.016346805159829003,0.013334706557529155,0.012442755271585395,0.21168190414346613,0.19752261643831742
2023-09-08,USDZAR,17.8528,17.8831,17.8326,17.850920734084237,-0.0014189791644970695,0.009285049703462278,0.011865159623134093,0.14739559455741127,0.18835356977338602
2023-09-11,USDZAR,17.6626,17.689,17.6239,17.6764,-0.009776567645108036,0.00819866619389571,0.01202430950667977,0.13014979098888307,0.19087999585166654
2023-09-12,USDZAR,17.629,17.6376,17.5773,17.629829741767246,-0.002634600836864731,0.008129357895859182,0.01205519085412534,0.12904955586649627,0.1913702220446159
2023-09-13,USDZAR,17.3875,17.4206,17.3746,17.39829127961915,-0.013133335122321177,0.009348144864427959,0.012027176148261197,0.14839719918649197,0.19092550237600103
2023-09-14,USDZAR,17.3412,17.3671,17.2941,17.294701346891213,-0.005954029109127901,0.009470139229552168,0.01136079041220807,0.15033379969531116,0.1803469567669772
2023-09-15,USDZAR,17.1163,17.1333,17.1005,17.10865343794832,-0.010757509205346016,0.009905576693000313,0.01158927033882759,0.1572461551341386,0.18397396315941042
2023-09-18,USDZAR,17.0898,17.1078,17.0856,17.089052458086357,-0.0011456763638970635,0.004873780916602996,0.01145463007323474,0.07736887349966376,0.1818366152041242
2023-09-19,USDZAR,17.2158,17.2242,17.1605,17.198923785003387,0.006429339905562825,0.0067521700617938114,0.01146764566490419,0.10718737676113232,0.18204323131646657
2023-09-20,USDZAR,17.2524,17.2757,17.1987,17.223683234234652,0.0014395929385333517,0.006838037348995292,0.011466729647215103,0.10855047768727759,0.1820286899864554
2023-09-21,USDZAR,17.3504,17.3916,17.3266,17.362434016929768,0.00805581366123409,0.008173646840589866,0.011426623566395037,0.12975262106801752,0.1813920256909873
2023-09-22,USDZAR,17.0261,17.0484,17.01,17.03685167856305,-0.01875211379056929,0.009585684479518257,0.011950818564382917,0.15216802367482157,0.1897133633100669
2023-09-25,USDZAR,17.2782,17.3145,17.2375,17.280225450168036,0.014285137664913572,0.011409207827084407,0.01213712360638156,0.18111555940030177,0.19267086416482201
2023-09-26,USDZAR,17.3732,17.3996,17.3361,17.365434316058135,0.004931004293654562,0.010459813025341103,0.010928526503487216,0.16604438415172024,0.17348497994763257
2023-09-27,USDZAR,17.4064,17.4378,17.3391,17.416899423292893,0.0029636521781184477,0.010357023334087409,0.010882075054829332,0.16441264838932992,0.17274758606050789
2023-09-28,USDZAR,17.4476,17.5056,17.4415,17.45085738424423,0.0019497133287640356,0.010230468253180025,0.010824514993177797,0.16240364876193436,0.17183384840903085
2023-09-29,USDZAR,17.3053,17.3168,17.3006,17.31572162225457,-0.007743789259986089,0.010899881834677357,0.010776449949199894,0.1730302599272804,0.17107083949030538
2023-10-02,USDZAR,17.4557,17.4923,17.4338,17.45196047057259,0.007867927845578215,0.010879285158064087,0.01077531265955747,0.1727032978223616,0.17105278557693035
2023-10-03,USDZAR,17.14,17.1889,17.1285,17.1485457679318,-0.017385708794860455,0.010475046879057126,0.010947964884985414,0.16628621408237063,0.17379355468763555
2023-10-04,USDZAR,17.4866,17.5576,17.4666,17.48039499184678,0.0193514498783649,0.01165593444881336,0.011299123086283036,0.18503222309778525,0.17936801831648116
2023-10-05,USDZAR,17.6247,17.6303,17.599,17.613919234978944,0.00763851407216154,0.011824534405895185,0.011264259187346519,0.18770866444275328,0.17881457107856047
2023-10-06,USDZAR,17.51,17.5199,17.4959,17.509719102079654,-0.005915783506737271,0.012186148799210433,0.01105162447868621,0.19344911497403514,0.17543909972326538
2023-10-09,USDZAR,17.1456,17.1564,17.1034,17.15229878797161,-0.02041268121003681,0.014544569080241357,0.011750574618468314,0.23088787627750848,0.18653458921544908
2023-10-10,USDZAR,17.0279,17.0711,17.0268,17.0318,-0.007025226732647161,0.014502808746233855,0.01164730192152325,0.23022495152680342,0.1848951859754116
2023-10-11,USDZAR,17.1631,17.1902,17.1454,17.1700039943171,0.008114467896352728,0.014531798927294143,0.010373407872415752,0.23068515638409295,0.16467274487191033
2023-10-12,USDZAR,17.2853,17.2991,17.2734,17.280103687662493,0.006412327765435322,0.013110406314865581,0.009967623393893439,0.2081212481768706,0.1582311159755499
2023-10-13,USDZAR,17.3332,17.3719,17.3267,17.337568129031183,0.0033254685508465887,0.010555913301409424,0.009979372463593417,0.1675699287401288,0.15841762667492496
2023-10-16,USDZAR,17.2403,17.2436,17.225,17.229812548193028,-0.006215149670138698,0.009918874317551389,0.009998799196980159,0.15745724837967892,0.158726016506891
2023-10-17,USDZAR,16.8505,16.8573,16.8242,16.83606094945172,-0.022852924118585527,0.012459886305166087,0.01078702552346984,0.19779456316565347,0.1712387215272452
2023-10-18,USDZAR,17.0584,17.1045,17.0448,17.08107309976382,0.014552819156910868,0.012504003238831914,0.01117444516064263,0.19849489777617255,0.17738881760513764
2023-10-19,USDZAR,16.8875,16.9569,16.7981,16.85660378644674,-0.013141405812506224,0.01322657856880143,0.010897150380010762,0.20996542553583122,0.17298689942868886
2023-10-20,USDZAR,16.6555,16.7064,16.6336,16.675050509439597,-0.01077045407884114,0.012883854639669118,0.011016069045623075,0.20452485182682106,0.17487467472141183
2023-10-23,USDZAR,16.725,16.7452,16.6872,16.71381380448288,0.0023246283434845694,0.012412054027167689,0.010950811540561137,0.19703524929230068,0.17383874394396528
2023-10-24,USDZAR,16.4548,16.4553,16.4402,16.44503648191079,-0.016081148546718826,0.012492373779492723,0.011256779743978996,0.19831028583241073,0.17869583859598653
2023-10-25,USDZAR,16.761,16.7702,16.7354,16.745583677848753,0.018275860699279,0.015870306349833045,0.011663412863549556,0.25193330299240485,0.1851509392513431
2023-10-26,USDZAR,16.6456,16.7094,16.589,16.59531549139789,-0.00897360100082023,0.013854995630331525,0.011718681604032518,0.21994123712246286,0.18602830330690523
2023-10-27,USDZAR,16.7812,16.8139,16.7509,16.797320351332274,0.01217240250955709,0.013403631898282193,0.011828403979808017,0.21277606000744367,0.1877700920242721
2023-10-30,USDZAR,16.7978,16.8428,16.778,16.814093962035244,0.0009985884862664385,0.012537307908400122,0.011831122276376711,0.1990235930152205,0.187813243644535
2023-10-31,USDZAR,16.6829,16.6838,16.6776,16.679329592993017,-0.008014964668718538,0.012192030878055909,0.011834462987423036,0.19354249008093835,0.18786627578831921
2023-11-01,USDZAR,16.6037,16.647,16.5911,16.625765939251753,-0.003211379296909289,0.012203241092517532,0.011832486845869523,0.1937204467185933,0.1878349055136829
2023-11-02,USDZAR,16.9259,16.9327,16.9167,16.92192343827618,0.01781316422392476,0.01179630940127267,0.01222082708837067,0.18726060638484432,0.1939996157481022
2023-11-03,USDZAR,16.6539,16.6849,16.6392,16.66074699494568,-0.015434205472159235,0.011949039629309977,0.012066651261734243,0.18968512359125775,0.19155215037535542
2023-11-07,USDZAR,16.4282,16.4868,16.356,16.4088,-0.01512219080105548,0.01285342275489156,0.012003882748362801,0.20404176063253074,0.190555731116079
2023-11-08,USDZAR,16.1025,16.1699,16.0776,16.092089116545406,-0.019301282449331714,0.012760718643307072,0.012355666084249987,0.2025701284839363,0.1961401184488842
2023-11-09,USDZAR,16.2921,16.3509,16.2456,16.264767707195098,0.010730650905490524,0.01411368554233431,0.012553059282769471,0.22404781216550615,0.19927363833155315
2023-11-10,USDZAR,16.3471,16.3999,16.3039,16.35287362911307,0.005416980033412733,0.014487847550826775,0.012608445774994818,0.22998744991262315,0.20015287163807602
2023-11-13,USDZAR,16.3484,16.3626,16.2766,16.352283695600473,-3.6075219926323676e-05,0.014519928394571353,0.012567664103546991,0.2304967175190068,0.19950548267387308
2023-11-14,USDZAR,16.2274,16.245,16.1646,16.213615950130155,-0.00848002322193242,0.011555059739140588,0.01248682740713049,0.1834308867255653,0.19822223990071655
2023-11-15,USDZAR,15.8445,15.859,15.8189,15.82615973516995,-0.02389696512807149,0.013048854160774842,0.012809165151879123,0.20714413802256407,0.20333919296536235
2023-11-16,USDZAR,15.9381,15.9958,15.9246,15.936344737609325,0.006962207148365485,0.013488211791431195,0.012265482291552337,0.21411872418657574,0.1947084951222847
2023-11-20,USDZAR,16.655,16.6801,16.6257,16.64265763307418,0.04432088456256689,0.02091691532617095,0.01490708575183211,0.3320457368858629,0.2366426500323725
2023-11-21,USDZAR,16.5629,16.6405,16.5166,16.554563931901455,-0.005293247215375829,0.021061872139390286,0.014901565461921257,0.33434685495759975,0.23655501814675792
2023-11-22,USDZAR,16.6066,16.6201,16.5594,16.59580511780375,0.0024912275594779487,0.02102828202675294,0.01449419850257683,0.3338136284503053,0.23008826814613847
2023-11-23,USDZAR,16.7325,16.7568,16.652,16.7191,0.007429279948821588,0.021079574335873538,0.014527141891205742,0.33462786861492544,0.23061122822807356
2023-11-24,USDZAR,16.3997,16.4633,16.3792,16.42413064860377,-0.01764265728395842,0.02219255792616177,0.014758765743170248,0.3522959353741163,0.2342881428881271
2023-11-27,USDZAR,16.4103,16.4731,16.3585,16.43194019931986,0.00047549248621892026,0.019145443145745202,0.014690395985886314,0.3039244878226077,0.2332028066383003
2023-11-28,USDZAR,16.2983,16.3022,16.2641,16.28423104356004,-0.008989148814327663,0.01988233840326249,0.014720831362350846,0.3156223373847695,0.23368595326140298
2023-11-29,USDZAR,16.2298,16.2349,16.2166,16.226038132103398,-0.003573574416929959,0.008210392671058895,0.01470253333451688,0.13033594304285506,0.2333954810746133
2023-11-30,USDZAR,15.998,16.0386,15.9863,16.002762495731186,-0.013760329820158512,0.00908132168607,0.014344969533480825,0.144161512542714,0.22771933170233102
2023-12-01,USDZAR,16.0389,16.0596,16.0204,16.036498527127684,0.0021081379796454858,0.009031104974579459,0.014038667226518756,0.1433643469611333,0.222856933320969
2023-12-04,USDZAR,16.132,16.2001,16.0973,16.121060661005618,0.005273104582954158,0.008567339063617693,0.013937241757344265,0.13600229135940836,0.2212468539127065
2023-12-05,USDZAR,16.367,16.3811,16.3539,16.367199454212923,0.015268151294950183,0.009548587509530396,0.014142390643626481,0.15157912753293012,0.22450349152177418
2023-12-06,USDZAR,16.5248,16.5583,16.5058,16.520985985792237,0.009396019887796259,0.010262354364967538,0.014250043714869126,0.16290982509433374,0.22621243104805633
2023-12-07,USDZAR,16.2546,16.3459,16.2498,16.268959519309707,-0.015254928894635533,0.011463269541299968,0.014219235907113438,0.18197376250788708,0.2257233722614925
2023-12-08,USDZAR,16.2869,16.3176,16.2526,16.293601473271337,0.001514660721380734,0.011365550848251704,0.01378850288436508,0.1804225263463993,0.21888569750356082
2023-12-11,USDZAR,16.3216,16.3605,16.3002,16.323075258010103,0.0018089177390963052,0.00943516685352206,0.013708952409743359,0.14977863043691497,0.21762287286840343
2023-12-12,USDZAR,16.3274,16.4019,16.3002,16.31153063378483,-0.0007072579181798266,0.009532729477236419,0.013499748687918681,0.15132738907453397,0.21430186674062005
2023-12-13,USDZAR,16.5614,16.6002,16.4999,16.57567887398366,0.01619395788962441,0.010867860152046077,0.013853497425599806,0.1725219314744552,0.21991745385966371
2023-12-14,USDZAR,16.6839,16.7008,16.6087,16.643535525473595,0.0040937479548086575,0.009700193618077772,0.013799787428621039,0.15398579989565786,0.21906483409012062
2023-12-15,USDZAR,16.7458,16.7562,16.7267,16.73319372922264,0.005386968628860123,0.009332067674095649,0.013819640998843006,0.14814198170209228,0.21937999974678513
2023-12-18,USDZAR,16.6009,16.6141,16.5884,16.59392408203821,-0.008322956719326813,0.00737563910775987,0.013498020764521649,0.11708464103576967,0.21427443680706132
2023-12-19,USDZAR,16.5494,16.5683,16.5187,16.553117427195147,-0.002459132308989753,0.007643828522897811,0.013209946996678311,0.12134201601605879,0.20970140751333236
2023-12-20,USDZAR,16.5098,16.5777,16.4631,16.54597693566352,-0.00043136838502066954,0.007713659135867702,0.012903858377713351,0.12245054263096398,0.2048424013237614
2023-12-21,USDZAR,16.6929,16.7585,16.6888,16.710652225669687,0.009952587909827226,0.008138732542095404,0.012464924438928637,0.12919837376191778,0.19787454105969898
2023-12-22,USDZAR,16.8016,16.8344,16.7481,16.821893819493802,0.0066569271098366745,0.006232107604517146,0.012380918425768633,0.09893164119208107,0.19654098694296665
2023-12-25,USDZAR,16.9806,17.0164,16.958,16.958377613068247,0.008113461839610592,0.006617028037096258,0.012422331738515192,0.10504206362699148,0.19719840290193508
2023-12-27,USDZAR,17.0432,17.0498,17.029,17.042388049590492,0.004953919439646626,0.006589682439705273,0.012437409069022382,0.10460796572609722,0.1974377481036756
2023-12-28,USDZAR,17.1833,17.2244,17.1533,17.193582168262957,0.008871650981805645,0.004779043495647673,0.01236279574057847,0.07586496356546722,0.19625329823435533
2023-12-29,USDZAR,17.1996,17.2535,17.1689,17.224099191616894,0.0017749078147466513,0.003839293242650359,0.011353480718808958,0.060946890781821667,0.18023091898161211
2024-01-01,USDZAR,17.4885,17.5013,17.4648,17.480786246260273,0.01490278543961887,0.004122749700870029,0.011542744223886452,0.06544662255760816,0.18323538398178488
2024-01-02,USDZAR,17.4896,17.5469,17.4102,17.447471654283497,-0.0019057833845376182,0.005378724234987209,0.00855663338017161,0.08538460017943378,0.13583234390332846
2024-01-03,USDZAR,17.3123,17.3454,17.2951,17.326396547939176,-0.006939406966429806,0.007297098142357228,0.008607561390138971,0.11583784186265175,0.1366408009981748
2024-01-04,USDZAR,17.5338,17.566,17.4799,17.539425726461676,0.01229506538956815,0.007818342598431562,0.008827587497800526,0.12411234108091466,0.1401336071750588
2024-01-05,USDZAR,17.7195,17.745,17.6879,17.743770383293324,0.011650589934843358,0.008231885361378498,0.008951815946508325,0.13067712892440345,0.14210567266129986
2024-01-08,USDZAR,17.6654,17.711,17.6296,17.647191141992426,-0.005442994313758276,0.009078220194005218,0.008279483133326411,0.14411227788253408,0.1314327201296131
2024-01-09,USDZAR,17.7079,17.8027,17.6983,17.71373155947157,0.003770595385052866,0.009036651290077394,0.008274513516084669,0.14345239199013474,0.13135382990161612
2024-01-10,USDZAR,17.523,17.5316,17.503,17.518282568274937,-0.011033755961607272,0.009160246041866984,0.008380490020365769,0.1454143978496628,0.1330361547524787
2024-01-11,USDZAR,17.5874,17.6127,17.5715,17.583657338857414,0.0037318024942050165,0.009177490918983861,0.00830456366872045,0.14568815178710956,0.13183086128601898
2024-01-12,USDZAR,17.4589,17.4619,17.4049,17.440185564610807,-0.00815938183289966,0.00936629766965289,0.007977930341210148,0.14868536603583213,0.12664571795903237
2024-01-15,USDZAR,17.7431,17.7751,17.6991,17.724794488355606,0.016319145383539846,0.010258052361720322,0.008342724845337674,0.16284153290994458,0.13243665118441972
2024-01-16,USDZAR,17.8293,17.8837,17.7987,17.828587980093307,0.00585583611736018,0.009513708840555852,0.008347971569479598,0.1510254458279246,0.13251994034808345
2024-01-17,USDZAR,17.982,17.9931,17.9806,17.99277393527662,0.009209139577774694,0.009543518010835913,0.008121026219121932,0.15149865173602592,0.1289172945985906
2024-01-18,USDZAR,18.0245,18.0433,18.0143,18.04200156636685,0.002735966742388296,0.009534229062389774,0.00803620333863229,0.1513511942508472,0.1275707731150081
2024-01-19,USDZAR,17.9829,17.996,17.907,17.98519265440581,-0.0031487034158637073,0.007986049438270063,0.007365372649761097,0.12677460462917794,0.1169216660675082
2024-01-22,USDZAR,18.2784,18.3597,18.2002,18.30123467476129,0.01757234556384124,0.009532323782072808,0.007796396551014284,0.15132094886346786,0.12376395837855297
2024-01-23,USDZAR,18.2637,18.2864,18.2251,18.269575706220664,-0.0017298815682794677,0.008180430017704418,0.00785582664818618,0.12986030066648158,0.1247073819236084
2024-01-24,USDZAR,18.8513,18.9003,18.8483,18.89732028881804,0.034360107355073,0.013089548316096572,0.009582454749808551,0.20779013771133487,0.15211675330513852
2024-01-25,USDZAR,18.9221,18.9495,18.8834,18.8852012397548,-0.0006413104544993331,0.013592273975329203,0.009393021339098558,0.21577066014345814,0.14910959113666614
2024-01-26,USDZAR,19.2372,19.2521,19.2054,19.209479702327545,0.017171035587913996,0.014004321345844898,0.009677467433904295,0.22231170936803382,0.153625032906223
2024-01-29,USDZAR,19.1356,19.1768,19.1077,19.145614124999742,-0.0033246906380324237,0.014662235062492205,0.009790399462747297,0.23275576583835578,0.15541777328645837
2024-01-31,USDZAR,19.2497,19.2763,19.2109,19.25506022099162,0.005716510072610648,0.013837103979953384,0.009484862118508025,0.2196572159777924,0.15056751831185686
2024-02-01,USDZAR,18.7094,18.7244,18.7072,18.71227668814416,-0.02818913712124993,0.019318607108847127,0.011193302680717351,0.30667338051704407,0.17768817145590438
2024-02-02,USDZAR,18.6189,18.6938,18.6038,18.61130974208581,-0.005395759572234482,0.019527430626813305,0.011299645090031623,0.30998835109568484,0.1793763048690944
2024-02-05,USDZAR,18.5516,18.6119,18.5515,18.56300745133398,-0.0025953192666823277,0.013704704032547475,0.01130356371779728,0.21755543197118798,0.17943851115638576
2024-02-06,USDZAR,18.7304,18.7399,18.7034,18.734917981463447,0.009260920170406584,0.014416931506469874,0.011338016296213997,0.22886169260862643,0.17998542888347926
2024-02-08,USDZAR,18.8511,18.876,18.8211,18.82317270843261,0.004710707944197257,0.012423527453548194,0.011308896937776917,0.19721738428963242,0.1795231733989057
2024-02-09,USDZAR,18.9589,18.9912,18.9571,18.970625745851564,0.007833591058371114,0.013049690225868145,0.011333460628750012,0.2071574101444645,0.17991310990448559
2024-02-12,USDZAR,19.3422,19.3679,19.3038,19.329486450025875,0.018916650878149754,0.015026038155387257,0.011637618192680206,0.2385309608983344,0.18474146154571672
2024-02-13,USDZAR,19.497,19.5401,19.4885,19.512,0.009442234818084483,0.008145401091508717,0.011671753512210996,0.12930423370203684,0.1852833429441299
2024-02-14,USDZAR,19.4731,19.4911,19.4015,19.462254641372112,-0.002549475124430489,0.0075279202505054614,0.011555894439704005,0.11950202923418704,0.18344413718622532
2024-02-15,USDZAR,19.7096,19.7096,19.6297,19.68688409349157,0.011541800077055298,0.006533284548465799,0.01159371271853204,0.10371267695796853,0.18404448375097418
2024-02-19,USDZAR,20.2418,20.278,20.2261,20.228490328951946,0.027511018650200114,0.009756649737937384,0.012155295966807554,0.15488201301447496,0.1929593414433553
2024-02-20,USDZAR,19.9263,19.9504,19.9083,19.917567497222443,-0.015370540592665738,0.013974547575603902,0.01264181890717084,0.22183906541813112,0.20068265368733026
2024-02-21,USDZAR,19.707,19.7251,19.6822,19.698929918840964,-0.010977122503135428,0.015750159133689684,0.012862728754806133,0.2500260250646125,0.20418948880137922
2024-02-22,USDZAR,19.3552,19.3817,19.3324,19.36552261728501,-0.016925147859786493,0.0164717726127409,0.013303444355012756,0.2614812839143023,0.21118563206369897
2024-02-23,USDZAR,19.7565,19.8228,19.7236,19.772184570274227,0.020999275931042893,0.01803618260137906,0.01369558085759788,0.28631552258519405,0.21741060605868423
2024-02-26,USDZAR,19.7099,19.7252,19.6954,19.71222615977341,-0.0030324626137142596,0.018057545239784405,0.013473629281848934,0.2866546439566065,0.21388723402350046
2024-02-27,USDZAR,19.7221,19.7546,19.6472,19.671974947322504,-0.002041941489746568,0.017580285638134217,0.013519169878228047,0.27907838265590157,0.21461016857896068
2024-02-28,USDZAR,19.3859,19.3925,19.331,19.39240414810653,-0.014211628469668502,0.013246220667757472,0.013747570994080595,0.21027723419022126,0.21823592388925364
2024-02-29,USDZAR,19.5643,19.5924,19.5064,19.5282173566554,0.007003422964559691,0.013289890863961023,0.013555028137214372,0.2109704770633812,0.21517940079331405
2024-03-01,USDZAR,19.3506,19.3961,19.3412,19.35499398275292,-0.00887041406487854,0.013094708385480937,0.013725733835441144,0.20787205127336808,0.2178892697426521
2024-03-04,USDZAR,19.6367,19.6842,19.6325,19.654900141758823,0.015495027240677306,0.012848548904147461,0.013873611393201556,0.20396439065055394,0.22023675319658195
2024-03-05,USDZAR,20.2668,20.2914,20.2666,20.28924553771936,0.032274160203582314,0.015935193342973424,0.01486393899971267,0.2529633520754381,0.2359577165764434
2024-03-06,USDZAR,20.1057,20.1885,20.0563,20.121769941392287,-0.008254402363839564,0.016423240576539207,0.014977725268218204,0.2607108617238468,0.23776401759092136
2024-03-07,USDZAR,20.4762,20.5092,20.4177,20.485202522564062,0.018061660690402936,0.017125851093519932,0.014993434669644482,0.2718644579026639,0.23801339660743906
2024-03-08,USDZAR,20.2958,20.3555,20.2858,20.28864854202229,-0.00959492493790437,0.016289454455345357,0.01516258961054954,0.2585870728905415,0.24069864804747473
2024-03-11,USDZAR,20.1581,20.2552,20.1336,20.188168981671883,-0.004952501402066933,0.016855577430281887,0.014073101480296878,0.26757399650951413,0.22340356015344298
2024-03-12,USDZAR,20.335,20.3848,20.2848,20.33691248476981,0.007367855065655959,0.01572745041925101,0.014091328950281562,0.24966553539862024,0.22369291226909918
2024-03-13,USDZAR,20.3848,20.3949,20.3205,20.391155417473616,0.0026672157213847303,0.015342402277144207,0.013819191074373214,0.2435530856378079,0.21937285741725013
2024-03-14,USDZAR,19.9879,20.0261,19.9429,19.995287256423104,-0.019413718984814587,0.012387918382940922,0.014338755029396104,0.19665210781816253,0.2276206795083524
2024-03-15,USDZAR,20.041,20.0992,20.0268,20.064344842549247,0.0034536931248116964,0.012194281622115622,0.014322010565697646,0.1935782195352195,0.2273548693876528
2024-03-18,USDZAR,19.8559,19.8879,19.8115,19.88362927111144,-0.009006801510636486,0.009343322971379901,0.013347129846687499,0.14832065400736968,0.21187911774493667
2024-03-19,USDZAR,20.1477,20.1902,20.1046,20.138040234570088,0.012794996325357744,0.010896496547014248,0.013407378169113885,0.1729765201516424,0.212835530213231
2024-03-20,USDZAR,20.5162,20.5719,20.4494,20.50502658895229,0.018223538641670478,0.012846415638225181,0.013659304995795356,0.2039305261038896,0.21683474460514007
2024-03-21,USDZAR,20.4348,20.4506,20.4282,20.431457672938137,-0.003587847872081773,0.012793082795776185,0.013671016300265378,0.2030838934768962,0.2170206558000751
2024-03-22,USDZAR,20.4948,20.5434,20.3928,20.45305863946291,0.001057240597834852,0.012766959258005937,0.0136713732194081,0.20266919517106455,0.21702632171581387
2024-03-25,USDZAR,20.2593,20.2834,20.2166,20.23934485788899,-0.010448988845197515,0.010721945465607405,0.013848445838781127,0.170205607636763,0.21983726240497287
2024-03-26,USDZAR,20.1769,20.2667,20.0959,20.15386808162181,-0.004223297585339791,0.01091357123521225,0.013529014470048482,0.17324757242375768,0.21476644662925554
2024-03-27,USDZAR,20.4913,20.5042,20.4583,20.4759,0.015978665587865537,0.011293956180978464,0.013713030285208256,0.17928599623757885,0.21768760713454907
2024-03-28,USDZAR,20.3354,20.3495,20.2912,20.34058794897449,-0.006608356703515228,0.011229937319078814,0.013776268734509425,0.1782697283107557,0.21869148639543864
2024-03-29,USDZAR,20.4662,20.5261,20.4625,20.469807746683088,0.006352805436733222,0.00894465826270576,0.013678899968933716,0.14199204795347092,0.2171458051603666
2024-04-01,USDZAR,20.4075,20.431,20.333,20.35041254572649,-0.005832746571640235,0.009124332672334071,0.012810424874211926,0.1448442907825041,0.20335919043744388
2024-04-02,USDZAR,20.6144,20.68,20.5991,20.620521629597743,0.013272904579419764,0.010537672571478297,0.01267045839578449,0.1672803661293485,0.20113729147461698
2024-04-03,USDZAR,20.4785,20.5144,20.4093,20.49606475908157,-0.006035583034792569,0.00983202807438129,0.012537662262107908,0.15607860700930898,0.19902921820594224
2024-04-04,USDZAR,20.471,20.506,20.4461,20.4757626133818,-0.0009905387174762303,0.00957205600913381,0.012063162605457579,0.15195167841449683,0.1914967696738484
2024-04-08,USDZAR,19.8856,19.9305,19.8747,19.89748295351968,-0.02824215492145765,0.013016514051732998,0.012711605400058714,0.20663075470717948,0.20179047991764645
2024-04-09,USDZAR,19.9959,20.0521,19.9757,20.033219543980174,0.006821797047273259,0.01354892153088695,0.012750092388400783,0.21508246142313245,0.20240144191683618
2024-04-10,USDZAR,20.2339,20.2498,20.1758,20.2291,0.00977778212781999,0.013960361553560252,0.012847345894715692,0.22161386929960647,0.20394529346786597
2024-04-11,USDZAR,20.383,20.4399,20.3097,20.417385634191724,0.009307662436377484,0.014363072762717989,0.012601647415523727,0.2280067115572634,0.20004495102717368
2024-04-12,USDZAR,20.9224,20.9873,20.857,20.93621153811631,0.025410986167383687,0.016696912626415122,0.0132931649535796,0.26505527083241237,0.21102245162478658
2024-04-15,USDZAR,21.192,21.2342,21.1781,21.213108996860896,0.013225767147053702,0.01668276194943159,0.013258780314705685,0.2648306357993226,0.21047661240449972
2024-04-16,USDZAR,21.1314,21.1368,21.0861,21.113394022308658,-0.004700629906111087,0.01696303105202523,0.013122105866444399,0.2692797698731507,0.20830697280044175
2024-04-17,USDZAR,21.1838,21.2666,21.1032,21.15051787955894,0.0017583083615575479,0.009420649047408075,0.011853695166047685,0.14954816740955582,0.18817157715918398
2024-04-18,USDZAR,21.2906,21.3253,21.2267,21.295110124287607,0.006836345358163021,0.009420141420425921,0.011747189858290718,0.14954010908103443,0.18648085781338397
2024-04-19,USDZAR,20.9884,21.0142,20.9797,21.00195964899809,-0.013766093416684111,0.012659833436383945,0.011679677554667993,0.20096862547303299,0.1854091332184471
2024-04-22,USDZAR,21.127,21.1304,21.0686,21.11378255725681,0.005324403537936284,0.012545965575675113,0.011534266218093201,0.1991610292224819,0.18310079981212862
2024-04-23,USDZAR,21.1352,21.1626,21.1005,21.132552614696763,0.0008889954885655804,0.008683445924303241,0.011472573107219117,0.13784543063270266,0.18212145203825605
2024-04-24,USDZAR,20.808,20.8092,20.7607,20.80079116958719,-0.015699071056794578,0.008976795979774278,0.011839028527258544,0.14250221839588287,0.1879387514863523
2024-04-25,USDZAR,20.5894,20.6229,20.5429,20.60515510704564,-0.009405222183451745,0.009315556116849862,0.0119784259297225,0.14787986885670776,0.19015161664832037
2024-04-26,USDZAR,20.6982,20.7652,20.6456,20.65496664764312,0.002417430994268388,0.009379936144964181,0.011380312730310814,0.14890187011944675,0.18065686395926933
2024-04-29,USDZAR,20.5855,20.5894,20.5487,20.573862446812,-0.003926619791486119,0.008246869896634444,0.011408424887917887,0.1309150010471981,0.18110313062634395
2024-04-30,USDZAR,20.7931,20.8178,20.7656,20.81731773411509,0.01183323199192543,0.009263385790936354,0.011418920070660366,0.14705169060760176,0.1812697364873486
2024-05-01,USDZAR,20.6986,20.7507,20.6758,20.724421078912385,-0.004462469967995264,0.008839192450993676,0.011268886934127576,0.1403178300958125,0.17888803428124003
2024-05-03,USDZAR,20.8675,20.9448,20.8645,20.88500169045041,0.007748376223711162,0.00963745667207568,0.010872726207692402,0.1529898817528345,0.17259917771309105
2024-05-06,USDZAR,20.8034,20.8805,20.7945,20.803917120350587,-0.0038824306218225857,0.007580185791946153,0.010876835892005965,0.12033171898292831,0.17266441692905507
2024-05-07,USDZAR,20.8123,20.8513,20.8102,20.820492280092463,0.0007967326367428473,0.00633934643457962,0.0108766114865879,0.10063400484349,0.17266085460348074
2024-05-08,USDZAR,20.3617,20.3724,20.3006,20.36328938277298,-0.021959274121325145,0.010846654940994002,0.011468572688329454,0.1721853091848006,0.18205794735712327
2024-05-09,USDZAR,20.5598,20.5854,20.4611,20.514537392231,0.007427484165990039,0.011344381607594396,0.011508461220859648,0.18008647506905942,0.18269115818055248
2024-05-10,USDZAR,19.9551,20.0095,19.9228,19.99413614822429,-0.025367437444813623,0.013237563708917339,0.012072076434848408,0.21013980922901457,0.19163827232863276
2024-05-13,USDZAR,19.9921,19.9979,19.961,19.977585401735784,-0.000827780023393232,0.013363567436942666,0.01202091682896866,0.2121400564007468,0.19082613876265342
2024-05-14,USDZAR,19.946,19.9501,19.9156,19.939754403548264,-0.0018936722044613497,0.012263933535639307,0.011952192422323168,0.19468390938436017,0.18973517262874673
2024-05-15,USDZAR,19.5668,19.6111,19.5515,19.60620701644404,-0.016727758043242003,0.012753107843075262,0.01227149232980075,0.20244931077578693,0.1948039015217364
2024-05-16,USDZAR,19.0804,19.0819,19.0209,19.06668717650956,-0.027517807982032072,0.013809655220379012,0.012861879140492352,0.21922148042800646,0.2041760015922717
2024-05-17,USDZAR,18.8092,18.8194,18.7188,18.79117408095533,-0.014449971985362353,0.013223392142266208,0.01303164102236115,0.20991484258273216,0.20687088792141067
2024-05-21,USDZAR,18.9466,19.028,18.8845,18.921841725962363,0.006953671146044282,0.013112078341416105,0.013150025123683483,0.2081477907754997,0.2087501772691073
2024-05-22,USDZAR,19.4389,19.5289,19.3824,19.427482808404392,0.026722614519507637,0.017807474917198945,0.013274465518186685,0.28268490065357355,0.21072560729054474
2024-05-23,USDZAR,19.3477,19.3704,19.2879,19.34149163402113,-0.004426264340641306,0.017753743365535958,0.013213069527950825,0.28183193871402623,0.20975097616058092
2024-05-24,USDZAR,19.6163,19.6639,19.5913,19.61480548506209,0.014130960331943054,0.01912272544141664,0.013359581629926186,0.3035638554465377,0.2120767836759098
2024-05-27,USDZAR,19.2204,19.2461,19.1655,19.224191661706183,-0.01991423385020985,0.019559470717252822,0.013648745901686679,0.31049697176340674,0.21666712418264994
2024-05-28,USDZAR,19.1738,19.1817,19.1662,19.17745123144641,-0.002431333971398053,0.016262543237311067,0.01263557413534813,0.2581598705481621,0.20058352100790688
2024-05-29,USDZAR,18.7409,18.7658,18.7118,18.765482143992045,-0.021481952032230023,0.01753882074011619,0.012702316740103812,0.2784201478061355,0.20164302701212414
2024-05-30,USDZAR,18.6805,18.7576,18.6526,18.71309931786387,-0.0027914457900005685,0.01727372746082362,0.012703468267703423,0.27421192245867915,0.20166130694606255
2024-05-31,USDZAR,18.9264,18.9675,18.8618,18.90640263672491,0.010329839839866128,0.013520196456037354,0.012930333348511704,0.21462646499646998,0.20526267845596224
2024-06-03,USDZAR,19.1174,19.1218,19.087,19.088277581222844,0.009619754111480194,0.01442350514982625,0.013017866549081028,0.22896604596179806,0.20665222493697005
2024-06-05,USDZAR,19.3265,19.4923,19.3243,19.32579188376147,0.012442940518230472,0.014123936581333225,0.013187512124670136,0.2242105423647331,0.20934526496115718
2024-06-06,USDZAR,19.0392,19.0692,18.9675,19.05124552326276,-0.014206215308020465,0.013042879325510341,0.013260396139998146,0.20704929045315737,0.21050226283581558
2024-06-07,USDZAR,19.4336,19.4866,19.3941,19.411,0.018883514796864898,0.015046314408388935,0.013851854870014783,0.2388528364361104,0.21989137909810827
2024-06-11,USDZAR,19.0271,19.076,19.0089,19.01595887705526,-0.02035140502523003,0.01475770349892707,0.014026928857005138,0.23427128028353275,0.2226705924817865
2024-06-12,USDZAR,19.2071,19.2146,19.1754,19.193631412412937,0.009343338219565567,0.014815096769662294,0.014143839505305005,0.2351823702112968,0.2245264914878872
2024-06-13,USDZAR,19.0591,19.0908,19.0561,19.07840161150063,-0.006003543489836116,0.014887187472152468,0.014131250843587509,0.23632677463507046,0.22432665267842553
2024-06-14,USDZAR,19.3257,19.3581,19.3013,19.34195332718852,0.013814140254234886,0.015350837014389492,0.014439341634561386,0.24368698294055907,0.2292174423633019
2024-06-17,USDZAR,18.8067,18.8388,18.7851,18.823951247297988,-0.026781270284753966,0.017853752824210548,0.014882149500678307,0.2834195396524692,0.23624679931727324
2024-06-19,USDZAR,18.9296,18.9854,18.9177,18.94928138129165,0.00665801416223144,0.01752945469115249,0.014988816003063215,0.27827146638818423,0.23794007754846253
2024-06-20,USDZAR,19.01,19.0655,18.9377,18.998346879946418,0.0025893065635305135,0.015466210144755927,0.014892055132760495,0.2455184746061308,0.2364040463516835
2024-06-21,USDZAR,18.8694,18.9073,18.8613,18.868567538702933,-0.006831085992038188,0.013672821228640131,0.014907506499869482,0.21704930814975837,0.23664932920040155
2024-06-24,USDZAR,18.7105,18.7519,18.6503,18.70237938799809,-0.008807671825853292,0.013086194842121264,0.014923132317859744,0.2077369029623341,0.2368973813710067
2024-06-25,USDZAR,19.1463,19.1819,19.1297,19.137061960803592,0.023242100044470915,0.016438674199086047,0.015269006656699946,0.2609558628863734,0.24238796628370707
2024-06-26,USDZAR,19.5004,19.5254,19.4576,19.474,0.017606570950468914,0.017001364016689956,0.015594325638342593,0.26988828682226285,0.24755224501687845
2024-06-27,USDZAR,19.3237,19.3266,19.3029,19.31395560238693,-0.008218362822895675,0.012875341236217043,0.01499650234702883,0.20438970573675136,0.23806209447620844
2024-06-28,USDZAR,19.3339,19.3517,19.3075,19.33096385637795,0.000880619917595693,0.012842874618052362,0.015000595494282122,0.20387431415130114,0.2381270711744791
2024-07-01,USDZAR,19.2307,19.2635,19.2111,19.242519817326123,-0.004575252414154463,0.013155588155475635,0.01501416654461848,0.20883848766105279,0.23834250491979875
2024-07-02,USDZAR,19.1011,19.1389,19.0568,19.099661654981706,-0.00742408809764028,0.013222915692199655,0.014773902214667074,0.20990727917240273,0.23452842692397283
2024-07-03,USDZAR,19.1334,19.2435,19.1263,19.161590754910744,0.0032424186903272645,0.012366147142054891,0.013894523431537001,0.1963065000834562,0.22056872151364018
2024-07-04,USDZAR,19.0925,19.1301,19.0426,19.12002510312179,-0.002169217176204552,0.008846048061994446,0.013624514323114519,0.14042665954657313,0.21628245979799118
2024-07-05,USDZAR,19.0052,19.0263,18.9804,18.99273650576943,-0.0066573446774177425,0.004381439726663957,0.013634610975083415,0.06955319940702988,0.21644273917909562
2024-07-08,USDZAR,18.9876,19.0651,18.9734,19.023382196907743,0.0016135479544512332,0.004211913434497519,0.012689173114323176,0.06686205294847425,0.2014343784212766
2024-07-09,USDZAR,19.1703,19.2087,19.1471,19.185390032361763,0.008516247730141036,0.005813522608917859,0.012775112647665052,0.09228681038668839,0.20279862621934588
2024-07-10,USDZAR,19.5426,19.6036,19.5413,19.55290908921489,0.01915619417865355,0.009299585013870666,0.013000338950586934,0.1476263354568296,0.20637398293679668
2024-07-11,USDZAR,19.736,19.737,19.6919,19.72620648740937,0.008862998206751183,0.008452671729365927,0.012535441486884345,0.13418200385981102,0.19899396449218631
2024-07-12,USDZAR,19.7866,19.8308,19.7126,19.78198358180208,0.0028275631418697156,0.008465647447848643,0.012523497557865294,0.13438798700493693,0.1988043604970178
2024-07-15,USDZAR,19.8423,19.8768,19.8185,19.83679778715627,0.002770915521566497,0.008001151392097543,0.01177520546516262,0.1270143407140101,0.18692559178505364
2024-07-16,USDZAR,19.624,19.643,19.5971,19.61623625080392,-0.011118807517166873,0.009200122980799457,0.01198634332127147,0.1460474246304338,0.19027730134274576
2024-07-17,USDZAR,19.5671,19.6813,19.5134,19.606408132345408,-0.0005010195805583706,0.009350359092477558,0.011878263283250392,0.1484323489670833,0.18856158392898067
2024-07-18,USDZAR,19.4528,19.491,19.393,19.45522198145097,-0.007711058031329099,0.010127240680687181,0.011880156614559627,0.1607649618503686,0.1885916396317428
2024-07-19,USDZAR,19.6618,19.687,19.62,19.659120232822232,0.010480386785905793,0.007988596715202459,0.011818525421615126,0.12681504139687913,0.1876132747745305
2024-07-22,USDZAR,19.9077,19.9686,19.8975,19.905696472796684,0.012542587717774722,0.0086970948430242,0.01166808553041142,0.1380621005003062,0.18522511553819876
2024-07-23,USDZAR,20.1908,20.2245,20.16,20.16875989863744,0.013215484632766339,0.009810716219900173,0.011420656026932693,0.1557402918077012,0.18129729393884936
2024-07-24,USDZAR,20.1024,20.1924,20.0554,20.13008130566955,-0.00191774770299602,0.009972644675823282,0.010685575556265698,0.15831082635504456,0.16962825322481828
2024-07-25,USDZAR,20.4012,20.4387,20.3583,20.39264511378171,0.013043355569468673,0.008721044994702783,0.010794591508708417,0.13844229737152905,0.17135882781943196
2024-07-26,USDZAR,20.309,20.341,20.242,20.29557042157068,-0.0047602795845952395,0.00934347070279787,0.010764840073612761,0.14832299917092634,0.17088653842896964
2024-07-29,USDZAR,20.2672,20.2857,20.2209,20.276976447084174,-0.0009161592456028433,0.00807098776117305,0.010546765699258569,0.1281229587042592,0.1674247150578265
2024-07-30,USDZAR,20.2318,20.2628,20.2174,20.236857981053515,-0.0019785230867804815,0.008277893852627737,0.009118334884499599,0.1314074910806601,0.14474907885234484
2024-07-31,USDZAR,20.232,20.264,20.216,20.23581987640046,-5.1297718945630955e-05,0.007487117986666754,0.009093949933075574,0.11885431337591307,0.14436197974914267
2024-08-01,USDZAR,20.2256,20.2494,20.2116,20.235773570174228,-2.288329631006114e-06,0.005767085311263099,0.009102741189197593,0.09154964113977414,0.1445015366136071
2024-08-02,USDZAR,20.137,20.2066,20.1029,20.15272975853164,-0.004103812061081236,0.005974539300972897,0.00902327384311237,0.09484287113133578,0.1432400316030563
2024-08-06,USDZAR,19.8134,19.9224,19.7887,19.844376836247697,-0.015300801726545243,0.005375173765937673,0.009368581966085919,0.08532823823057756,0.1487216281175274
2024-08-07,USDZAR,19.4923,19.5476,19.4693,19.469505734291875,-0.018890545419954052,0.007848164843681118,0.009234542839160125,0.12458575454772207,0.14659382294274018
2024-08-08,USDZAR,19.2675,19.3149,19.2076,19.257622488807733,-0.010882826116687117,0.007697645712624416,0.008885248643433876,0.12219633741772065,0.14104894948500032
2024-08-09,USDZAR,19.7776,19.7813,19.7711,19.771518987033225,0.026685355293684987,0.015087171174157695,0.010028874874608419,0.23950141748570172,0.15920345308798775
2024-08-12,USDZAR,19.9404,20.0005,19.9232,19.95074894939244,0.009065057797368103,0.015783757492356863,0.01014101462427986,0.25055938247357235,0.16098361642628178
2024-08-13,USDZAR,19.6919,19.7334,19.6787,19.7029419608976,-0.012420936633678936,0.01622425242220939,0.010390566829301407,0.2575520227026201,0.1649451348679707
2024-08-14,USDZAR,19.4892,19.5331,19.3705,19.46159968049744,-0.012249047927925139,0.016547524229492343,0.010558881616223393,0.2626838035503147,0.16761704927699309
2024-08-15,USDZAR,19.232,19.2424,19.1937,19.21402181880305,-0.012721352086102478,0.01630308767429053,0.010824198223238,0.25880349353193083,0.1718288198421297
2024-08-16,USDZAR,19.3942,19.406,19.3433,19.378116949484788,0.008540384320848027,0.015543178711579094,0.010921323223585005,0.24674031272562974,0.17337063142416112
2024-08-19,USDZAR,19.7499,19.8,19.6768,19.73537200624146,0.01843600478250651,0.016235565712912677,0.01130797598586032,0.25773161562488417,0.1795085537404611
2024-08-20,USDZAR,19.7955,19.8253,19.7913,19.797927963107625,0.0031697379125350533,0.012719574598755619,0.011312837726284953,0.20191698702504926,0.17958573147707627
2024-08-21,USDZAR,20.2073,20.2569,20.2006,20.2169,0.021162418495163093,0.014771602587028278,0.011812019865308282,0.234491921466931,0.18751000226976225
2024-08-22,USDZAR,20.0299,20.0627,20.0041,20.0196,-0.009759161889310364,0.014367595176125177,0.01152438203191175,0.22807850264447085,0.18294389322083837
2024-08-23,USDZAR,20.2031,20.2291,20.1538,20.20381536724861,0.009201750646796514,0.012947694105688745,0.011532666429493065,0.20553827193233562,0.18307540395541122
2024-08-26,USDZAR,20.0241,20.0467,19.9665,19.99540476370868,-0.01031540824104793,0.01240606342050222,0.01170378433150084,0.19694015135966525,0.1857918164369134
2024-08-27,USDZAR,20.3011,20.3722,20.2451,20.317808510101955,0.01612389197434161,0.013004331179005272,0.012045059731510852,0.20643735759822798,0.19120939545897686
2024-08-28,USDZAR,19.8789,19.9626,19.8698,19.88107700944436,-0.021495010174963136,0.01558250108838069,0.012539963430083043,0.24736453610549175,0.19906574811506542
2024-08-29,USDZAR,19.8576,19.9236,19.8512,19.85747168748568,-0.0011873261165613602,0.015575650707182325,0.01254252169201286,0.24725578967527054,0.19910635926419454
2024-08-30,USDZAR,19.7846,19.796,19.7803,19.7957,-0.0031107528923035588,0.012643449689816197,0.012466562764791777,0.20070854155926238,0.19790054867650111
2024-09-02,USDZAR,19.975,19.9962,19.9628,19.97806130700109,0.009212167642522973,0.012965938323324473,0.012434198871622533,0.20582788990871007,0.19738678779979904
2024-09-03,USDZAR,19.9223,19.9821,19.8317,19.93717532707732,-0.002046543921128352,0.012282010685737628,0.012235166284620035,0.19497087524579784,0.1942272434317604
2024-09-04,USDZAR,20.0762,20.0869,20.0329,20.066427377190383,0.006482967019782571,0.011985553060967066,0.012047076765959047,0.190264756349327,0.1912414148881915
2024-09-05,USDZAR,20.2713,20.3081,20.2315,20.29505393078228,0.011393485710953222,0.011059944000030327,0.012221670454518576,0.17557116803028713,0.19401300377065137
2024-09-06,USDZAR,20.6255,20.6561,20.6084,20.61614303791049,0.01582105217474683,0.007430618680476909,0.012331226305524837,0.11795741469535694,0.19575214898925905
2024-09-09,USDZAR,20.8059,20.8185,20.7937,20.80730444092828,0.009272413499764154,0.006963577623870243,0.01239328426915889,0.11054336776832846,0.19673728862113982
2024-09-10,USDZAR,20.7378,20.794,20.7116,20.71678314925505,-0.004350457404524444,0.007264466767731069,0.01242649832831873,0.11531983484945775,0.19726454546454733
2024-09-11,USDZAR,20.9324,20.9951,20.9306,20.946743455924228,0.01110019374206983,0.007413700988031201,0.012554777981734926,0.11768885465354641,0.1993009218318002
2024-09-12,USDZAR,20.2262,20.283,20.2205,20.26432793875381,-0.032578597174608315,0.016681605653880403,0.013991255098211688,0.2648122801764994,0.22210428911719626
2024-09-13,USDZAR,20.2021,20.2395,20.1708,20.21841315792166,-0.0022657934164369564,0.016656695017773754,0.01399816000271763,0.2644168360876677,0.22221390107809252
2024-09-16,USDZAR,20.0334,20.0881,19.9894,20.05644603206596,-0.008010872296980498,0.016287896184590846,0.014056349568516951,0.25856233610919105,0.22313763179811552
2024-09-17,USDZAR,20.3352,20.4332,20.3275,20.36345490816063,0.015307242150669698,0.016197350743235275,0.014023049407025309,0.2571249717881265,0.22260900812256446
2024-09-18,USDZAR,20.1275,20.1328,20.083,20.119488822041355,-0.011980584199467348,0.015796446163825955,0.013739705128201865,0.25076080888862246,0.2181110571394858
2024-09-19,USDZAR,20.014,20.0361,19.9722,20.018827292104948,-0.005003185261154841,0.01579608461586016,0.013602858344973297,0.2507550694925954,0.21593868180263406
2024-09-20,USDZAR,19.6459,19.6608,19.5753,19.63056248800156,-0.019394982455166798,0.014865572906372498,0.013244122767387132,0.2359836540405678,0.2102439310542894
2024-09-23,USDZAR,19.8392,19.8535,19.7698,19.8418719435126,0.010764309766477576,0.012272554706912003,0.013288466527136313,0.19482076623554606,0.21094786641725297
2024-09-24,USDZAR,20.127,20.1743,20.0647,20.14737791836109,0.015397033894696488,0.014112272649808055,0.013369152745346984,0.22402538319198376,0.21222872042294733
2024-09-25,USDZAR,20.3838,20.3861,20.3082,20.357762740828555,0.010442292953453336,0.014180737608785014,0.01324496050802126,0.2251122307218354,0.21025722977457587
2024-09-26,USDZAR,20.0976,20.1695,20.082,20.083299382171205,-0.013482000068057554,0.013924613275825387,0.013273991666906395,0.22104638298349455,0.21071808513466828
2024-09-27,USDZAR,19.9392,19.9556,19.8628,19.906959450418704,-0.008780426382979933,0.013586690831607136,0.013336518420280928,0.215682030484523,0.211710666572972
2024-09-30,USDZAR,20.1264,20.1738,20.0807,20.13756981172037,0.011584409054332667,0.014289342446307514,0.013083621044731802,0.22683627906941406,0.2076960451954286
2024-10-01,USDZAR,20.0978,20.1131,20.0522,20.07133052729636,-0.003289338537039166,0.011493902892504931,0.013095667298163069,0.1824600518825641,0.20788727354028375
2024-10-02,USDZAR,19.8084,19.8285,19.7681,19.82533462709102,-0.012256083365813408,0.01224866748752112,0.012696268061829958,0.1944415683834194,0.2015470072212846
2024-10-03,USDZAR,20.0083,20.0605,20.0012,20.0111,0.00937010024815077,0.011143448674190095,0.012699389731163736,0.1768967636371165,0.20159656218567992
2024-10-04,USDZAR,20.3014,20.3316,20.2375,20.31334782817818,0.015104008684089454,0.01203870678037364,0.012890119577277549,0.19110854548617442,0.20462430462816852
2024-10-07,USDZAR,20.6436,20.6813,20.6144,20.66196419472319,0.017161935565412678,0.01199664164166801,0.013087395860102904,0.1904407821108912,0.20775596853173134
2024-10-08,USDZAR,20.5049,20.5334,20.463,20.49815616623096,-0.007927998855697616,0.011847170096791943,0.012875155380687307,0.188067994895955,0.20438675537168258
2024-10-10,USDZAR,20.3462,20.3897,20.3143,20.34651164151139,-0.007397959284230149,0.012059036612508414,0.01229355457671975,0.19143127156632023,0.19515412883400227
2024-10-11,USDZAR,20.0863,20.1414,20.0815,20.111823516416703,-0.011534563232739714,0.012976875513365353,0.01249602408825665,0.2060015124180502,0.19836823268759843
2024-10-14,USDZAR,20.13,20.1771,20.1082,20.15246281352816,0.002020666951372485,0.011725132452884895,0.01248000319141057,0.18613070735775716,0.19811390883458874
2024-10-15,USDZAR,20.3434,20.3882,20.3058,20.355372788790024,0.010068743316357986,0.011797109423075092,0.012501179541575789,0.18727330633724018,0.1984500729718679
2024-10-16,USDZAR,20.7934,20.7975,20.7589,20.78015513415866,0.020868315691205064,0.012966794081378063,0.013017008328052587,0.2058414746466635,0.20663860110050297
2024-10-17,USDZAR,20.6395,20.7049,20.6225,20.6254,-0.007447255959329935,0.011879812340333399,0.013080087596595557,0.18858617444783035,0.20763995344519431
2024-10-18,USDZAR,21.0388,21.1072,20.9934,21.05169974799721,0.02066867784368842,0.013572809938950804,0.013438944351024608,0.2154616781448576,0.2133366278162846
2024-10-21,USDZAR,21.3302,21.3665,21.3208,21.3251081112425,0.012987472105253861,0.012917750154547863,0.013343043406446594,0.20506292644439897,0.21181424751718692
2024-10-22,USDZAR,21.2174,21.2929,21.1887,21.257710571214226,-0.003160478234234265,0.011211377653623067,0.013277036168311378,0.1779751027554809,0.21076641509617092
2024-10-23,USDZAR,21.3459,21.373,21.2819,21.36349899919088,0.004976473248248459,0.01100231736126462,0.01326147703895289,0.17465637349988747,0.21051942157477546
2024-10-24,USDZAR,21.9061,21.9176,21.8391,21.888927147611533,0.024594667214417942,0.012615949756445068,0.013828732512167596,0.20027199365063725,0.21952432304657368
2024-10-25,USDZAR,21.9444,21.9472,21.8815,21.941954944723808,0.002422585481447914,0.012000315577272389,0.012233688719069588,0.19049910403054351,0.19420378780580674
2024-10-28,USDZAR,22.0855,22.0947,22.0498,22.056639772611625,0.005226737005737725,0.010113028706356825,0.012204693521850858,0.16053935375206446,0.19374350331947054
2024-10-29,USDZAR,21.7311,21.7964,21.6759,21.75718188305242,-0.013576768385683557,0.012012502777745803,0.0124179226889469,0.19069256984032798,0.1971284114098799
2024-10-30,USDZAR,21.7704,21.8048,21.7029,21.79290374022061,0.0016418420988617566,0.011474118532160042,0.012191549468139546,0.18214598489863768,0.1935348479354341
2024-10-31,USDZAR,21.4498,21.474,21.4434,21.45016008119727,-0.015727305691291438,0.01344229441018056,0.012361271747737372,0.21338980835670862,0.19622910559801102
2024-11-01,USDZAR,21.9398,21.9742,21.9034,21.92680668384483,0.022221121000648214,0.015618409251944479,0.012804767212368928,0.24793456053045262,0.20326937784001184
2024-11-04,USDZAR,21.9455,22.0034,21.9367,21.9929,0.0030142700260984423,0.01269204371221467,0.01207923232799141,0.20147994775008635,0.19175186861062238
2024-11-05,USDZAR,22.1302,22.1641,22.1144,22.11448513441249,0.005528381178129926,0.012814117539128549,0.012013759639747146,0.20341780967571074,0.19071252190605525
2024-11-06,USDZAR,22.3009,22.3385,22.2439,22.28242115172593,0.007593937470970813,0.012968715335886673,0.011834707646700136,0.20587197361647377,0.18787015963393813
2024-11-07,USDZAR,22.119,22.1671,22.0697,22.103864836377248,-0.00801332647528974,0.012024887247886154,0.011936892831596107,0.19088916720899202,0.1894922991553975
2024-11-08,USDZAR,21.7433,21.8236,21.7154,21.76196535834484,-0.015467859605698075,0.013794973414599811,0.012035484358165337,0.21898841398667174,0.1910573911194799
2024-11-11,USDZAR,21.9778,22.0854,21.9489,22.00213332086232,0.011036133849252172,0.012385714697622946,0.01192416569057484,0.19661712539824727,0.18929026205513877
2024-11-12,USDZAR,21.7182,21.7313,21.6847,21.711156526686377,-0.013224935506596536,0.01068095102606974,0.01219490486210415,0.1695548410838442,0.19358811316332003
2024-11-13,USDZAR,22.0583,22.0963,22.01,22.053454182791,0.015765979840082878,0.012486530144230047,0.012373453842259149,0.19821752099846507,0.19642249035332604
2024-11-14,USDZAR,21.9865,22.0795,21.9571,22.02837832934102,-0.0011370487925446149,0.012288155675003442,0.012056431076186773,0.19506842392623688,0.19138990995948618
2024-11-15,USDZAR,22.6445,22.6986,22.6301,22.6425,0.027878660039218017,0.01626213003297389,0.012812349306679623,0.25815331113266116,0.20338973985579067
2024-11-18,USDZAR,22.1975,22.232,22.0733,22.18588585763122,-0.020166242348184982,0.018104192338274063,0.013383302493334122,0.2873951436885247,0.21245334070867655
2024-11-19,USDZAR,22.299,22.3134,22.2682,22.28315911460929,0.0043844657636067375,0.016651653772753617,0.01311875106139389,0.2643368088039391,0.20825371692127725
2024-11-20,USDZAR,22.3558,22.3939,22.3022,22.363783346371843,0.003618168830904045,0.016325356810624064,0.012967613507862356,0.25915700511183515,0.20585448263883435
2024-11-21,USDZAR,22.6433,22.6773,22.5911,22.61122771295165,0.011064512777081204,0.014964080377627408,0.012895577726862811,0.23754741166790178,0.2047109500666957
2024-11-22,USDZAR,22.6791,22.7304,22.5628,22.710857969192823,0.004406229396562322,0.014319877176936838,0.012574704488791269,0.2273210028909873,0.19961724532481576
2024-11-25,USDZAR,22.8258,22.8378,22.754,22.810488225434003,0.0043868997101002005,0.014121621103381088,0.01256840093119502,0.22417378529176743,0.1995171794501679
2024-11-26,USDZAR,22.8825,22.916,22.8302,22.8556,0.0019776768528652067,0.009921552882082088,0.012525180625312276,0.15749976927339213,0.19883107836444458
2024-11-27,USDZAR,22.8532,22.8964,22.8309,22.84897763958909,-0.00028974782595547754,0.003480061559124294,0.012128799285591959,0.05524426459583151,0.19253871966896519
2024-11-28,USDZAR,22.8677,22.9083,22.8346,22.85074373237547,7.729417106694392e-05,0.0038113817367509484,0.011977034675777525,0.06050380936185875,0.1901295311766267
2024-11-29,USDZAR,23.0047,23.1057,22.9601,23.01894019189701,0.007360655805842997,0.00406729276574729,0.011557965609631132,0.06456627100475651,0.18347701598952612
2024-12-02,USDZAR,23.0038,23.0993,22.9632,23.030870985248445,0.000518303329865466,0.0028444890573953337,0.011411429861357196,0.045154863917475516,0.18115083310084454
2024-12-03,USDZAR,22.9316,22.9443,22.8749,22.9032,-0.005543471861321314,0.0040441858381149,0.01146131860093941,0.06419945990028808,0.18194279228978655
2024-12-04,USDZAR,23.4365,23.4826,23.4188,23.43220623410724,0.023097481317337465,0.009282558671871322,0.012055618350398303,0.14735605065682522,0.19137700833756388
2024-12-06,USDZAR,23.0516,23.1015,23.0008,23.0682,-0.015534441378268649,0.011879096154603992,0.01181875980218869,0.1885748053518351,0.18761699545078925
2024-12-09,USDZAR,23.4008,23.4349,23.3273,23.43185373017058,0.015764287207956418,0.012999094548274491,0.01209019164127654,0.20635422866249886,0.19192584231557738
2024-12-10,USDZAR,22.7656,22.805,22.6773,22.776893808354423,-0.027951690436375465,0.017743786763073997,0.013269671830770892,0.2816738825499214,0.21064950986195372
2024-12-11,USDZAR,22.9706,23.0075,22.9462,22.972363887077886,0.008581946263970686,0.01783773136741484,0.013035931938685363,0.28316520691053476,0.2069390041063534
2024-12-12,USDZAR,23.0888,23.1433,23.0006,23.087388499432777,0.005007086467909927,0.0179462204642977,0.013048148090938889,0.28488741793241895,0.207132929511399
2024-12-13,USDZAR,23.2597,23.261,23.1521,23.2007,0.004907939266063366,0.017794840510582,0.012617807607332235,0.2824843356663457,0.20030148611916015
2024-12-16,USDZAR,23.1173,23.1467,23.0851,23.102705001513343,-0.004223794906475176,0.015198352718832213,0.012120621539647191,0.24126636979123448,0.19240890197663565
2024-12-17,USDZAR,23.2897,23.3067,23.2109,23.244277280832048,0.006127952519388247,0.014132543290675127,0.012144562237950204,0.22434716963988482,0.19278894878017364
2024-12-20,USDZAR,23.9129,23.9719,23.8869,23.900233786938674,0.028220129117438653,0.016806945528248043,0.013050086038953652,0.2668019889981205,0.20716369348240402
2024-12-23,USDZAR,24.0821,24.0971,24.0281,24.083286197025373,0.007659021736713623,0.009838202930293295,0.013050937507738036,0.15617662980805788,0.2071772101303197
2024-12-25,USDZAR,24.102,24.1522,24.0969,24.1108,0.0011424438820157867,0.0101662676926987,0.012898506867654194,0.16138449645954706,0.20475744873523027
2024-12-27,USDZAR,24.127,24.1528,24.1214,24.12405825409078,0.0005498886014059234,0.010445967094370966,0.012431544307028041,0.16582458681161735,0.19734464789326192
2024-12-30,USDZAR,23.917,23.9595,23.8735,23.909316146701148,-0.008901574732071427,0.011956414317916502,0.012548010765240435,0.18980219314355418,0.19919349560032487
2024-12-31,USDZAR,24.2175,24.2388,24.1546,24.159142997971987,0.010448933367143143,0.011475672912490267,0.012242865839894377,0.1821706599214172,0.19434947008253062
2025-01-01,USDZAR,24.2215,24.2907,24.1785,24.2027340670998,0.0018043301093699782,0.011612306611607648,0.012029526819649689,0.1843396526528697,0.19096281812744892
2025-01-02,USDZAR,24.4125,24.4791,24.4015,24.405301407413702,0.00836960567150391,0.006564496313900432,0.012037244285982693,0.10420814837388445,0.1910853291074608
2025-01-03,USDZAR,24.2412,24.2499,24.2283,24.2369614353954,-0.006897680516544047,0.00712793020616924,0.011256945538045269,0.11315238412889499,0.1786984704951958
2025-01-07,USDZAR,24.921,24.9783,24.9013,24.91448387846356,0.02795409997553211,0.012465690534786886,0.011368377471404954,0.1978867024544272,0.18046739759788089
2025-01-08,USDZAR,24.8575,24.9089,24.8298,24.86477916374556,-0.0019950128190681093,0.012644802051424063,0.01141925527437949,0.20073000963424464,0.18127505768142466
2025-01-09,USDZAR,24.9073,24.9612,24.8976,24.89800943969564,0.0013364396173094484,0.011378901375482609,0.011427577254487646,0.18063445939594672,0.1814071650201155
2025-01-10,USDZAR,25.0583,25.1571,25.0416,25.055514330216628,0.006326003325786811,0.011207197887020261,0.011354036533317187,0.177908751017665,0.18023974226339526
2025-01-13,USDZAR,25.2504,25.3409,25.1899,25.30716395655737,0.010043682321749792,0.011215082272959007,0.011416211905222401,0.17803391176427127,0.18122674569380015
2025-01-14,USDZAR,25.4638,25.4808,25.4076,25.42202121079045,0.004538527289357441,0.011199155085899437,0.011416570368722786,0.1777810755080047,0.1812324361254568
2025-01-15,USDZAR,25.4705,25.5057,25.4249,25.438246600546183,0.0006382415316703582,0.010068978786209503,0.011426082824423664,0.15984008294817206,0.18138344167830905
2025-01-16,USDZAR,25.8937,25.9871,25.8472,25.922041131234536,0.01901839141216466,0.007092993016716732,0.011736785878114562,0.11259777344010168,0.18631569974823584
2025-01-17,USDZAR,25.883,26.0135,25.8123,25.847824604969453,-0.002863066449487861,0.007255688512742052,0.011785282223570797,0.11518048437158145,0.1870855553656719
2025-01-21,USDZAR,25.5245,25.546,25.4776,25.54225987342825,-0.011821680787885591,0.009796812120760074,0.012122505557558429,0.15551957107652664,0.192438809833788
2025-01-22,USDZAR,25.5592,25.6277,25.5177,25.565578063446893,0.0009129258779057015,0.009768319203859274,0.01211932276978572,0.15506726004304855,0.1923882846442531
2025-01-23,USDZAR,25.1936,25.2306,25.1333,25.172459336545906,-0.015376876123253336,0.01128738581792956,0.012500918561291374,0.179181694957674,0.19844593003828997
2025-01-24,USDZAR,25.2847,25.2925,25.2792,25.2887,0.004617771426303596,0.011293562410019253,0.011930432651760423,0.1792797453173893,0.18938974697977765
2025-01-27,USDZAR,25.3711,25.4143,25.3507,25.363486398905028,0.002957304998083332,0.011372972157470617,0.011427575824848903,0.18054033597797384,0.18140714232530405
2025-01-28,USDZAR,25.0496,25.0975,24.9535,24.99412533213308,-0.01456270880756727,0.00857151513651966,0.011620286684656658,0.13606858446154124,0.18446633238526056
2025-01-29,USDZAR,25.1624,25.231,25.1251,25.15712970987588,0.006521707624360662,0.009656374476997963,0.010144699608168849,0.15329019259588805,0.16104211373201502
2025-01-31,USDZAR,25.2396,25.2658,25.2075,25.25182765267133,0.003764258637116269,0.009294405833074039,0.010097339567514909,0.14754411851053212,0.1602902963941016
2025-02-03,USDZAR,25.0561,25.1067,25.0003,25.07395881705032,-0.0070438004752577665,0.00942222548433155,0.010261647725649657,0.14957319256989837,0.16289860754292335
2025-02-04,USDZAR,25.4705,25.5166,25.4449,25.45115655633769,0.015043405871388638,0.009630928273053556,0.010497384177900066,0.15288624663120287,0.16664080770856676
2025-02-05,USDZAR,24.733,24.8562,24.6393,24.777258445598427,-0.026478093804796154,0.014133501036141942,0.011747804237957803,0.22436237337783177,0.18649061078824208
2025-02-07,USDZAR,25.1639,25.2085,25.1212,25.19053207399824,0.016679554330323088,0.015909732682355942,0.012018053478342564,0.2525591766181824,0.19078068448061522
2025-02-10,USDZAR,24.6727,24.6932,24.5901,24.64070742296285,-0.021826639049157714,0.017141080892385824,0.011833213515207186,0.272106223464564,0.18784644103179987
2025-02-11,USDZAR,25.0476,25.1146,24.9635,25.048611175125416,0.016554060123388892,0.01834058491316922,0.012111770298606269,0.2911477594782535,0.19226839288110423
2025-02-12,USDZAR,25.1371,25.1503,25.1241,25.13566808887301,0.00347551858819406,0.018329789810188058,0.01211766915866606,0.29097639253106056,0.1923620343815261
2025-02-13,USDZAR,25.0981,25.1051,24.9919,25.100258769527045,-0.0014087279964378752,0.018117716422199483,0.012128011271022936,0.28760983186518446,0.1925262103254904
2025-02-14,USDZAR,25.0155,25.0231,24.908,24.99069336362199,-0.004365110611452061,0.016930024465087037,0.012023039498837963,0.26875580654915776,0.1908598351021914
2025-02-17,USDZAR,24.7508,24.8167,24.7216,24.78995354967256,-0.008032582811073108,0.013699887553173227,0.012024593090581204,0.2174789727314732,0.19088449760654064
2025-02-18,USDZAR,25.0141,25.0343,24.9723,25.011090142711907,0.008920411754554047,0.012391345478986873,0.012112313862676019,0.19670651128130284,0.19227702169320537
2025-02-19,USDZAR,25.2685,25.3641,25.2238,25.25814870921789,0.009877960740466651,0.008750100165327452,0.012146327314157346,0.13890353390616958,0.1928169684963087
2025-02-20,USDZAR,25.3058,25.3374,25.2901,25.309566626316965,0.0020356961902086024,0.006622848525325293,0.012049649902355703,0.1051344610131695,0.19128226216216151
2025-02-21,USDZAR,25.1263,25.2858,25.1026,25.189776104488192,-0.004733013551651011,0.006934241491460717,0.011009410399850669,0.11007767110362404,0.1747689719967183
2025-02-24,USDZAR,24.6599,24.6809,24.556,24.62022181988901,-0.022610533822795764,0.01116122313179888,0.011781963646913208,0.17717892440424796,0.1870328745944158
2025-02-25,USDZAR,24.3963,24.4516,24.3643,24.381854865416685,-0.009681754949899202,0.011469966026412174,0.011901542534842787,0.18208006591347795,0.1889311305915078
2025-02-27,USDZAR,24.0338,24.0377,23.9879,24.00946170419484,-0.015273372894613058,0.012250919904230141,0.012117636065430534,0.1944773243901851,0.19236150904269841
2025-02-28,USDZAR,23.9417,24.0812,23.9185,24.01828307663754,0.00036741233732695555,0.011058408798990097,0.011931272085137936,0.17554679746929752,0.1894030725715323
2025-03-03,USDZAR,23.6992,23.7257,23.5459,23.63971086170404,-0.015761835004007296,0.009106063842727434,0.01214073415723879,0.14455428210320384,0.19272817988280713
2025-03-04,USDZAR,23.726,23.7692,23.6699,23.74584319189169,0.004489578185137066,0.009649761918730414,0.012193652471616608,0.15318522148765293,0.19356823208067375
2025-03-05,USDZAR,23.7933,23.845,23.7808,23.788949069159152,0.0018153020265112563,0.01042213999967962,0.011547823755250448,0.16544634340950642,0.18331601904238018
2025-03-06,USDZAR,23.9911,24.0175,23.9761,23.993090111486904,0.008581339248500353,0.00983232644806346,0.011732995849725609,0.1560833435446737,0.1862555349127616
2025-03-07,USDZAR,24.4434,24.4704,24.3564,24.41566639820481,0.017612416106235207,0.012170015876686684,0.012142535362938443,0.19319301276852408,0.19275677313685524
2025-03-10,USDZAR,24.3174,24.3752,24.2913,24.33730960552561,-0.0032092833921157915,0.01031646626667928,0.012138420197386144,0.16376882490372197,0.19269144690892379
2025-03-11,USDZAR,23.9209,24.0294,23.9056,23.945100750141204,-0.01611553872394178,0.012414889666333239,0.012168108704323383,0.19708026366854042,0.1931627373458403
2025-03-12,USDZAR,24.4416,24.5234,24.4112,24.461365197320976,0.021560337230016824,0.012713476081805218,0.012840879511853108,0.20182017606974684,0.20384264282224682
2025-03-13,USDZAR,24.0529,24.1163,23.9932,24.064548705962515,-0.016222172726562345,0.01503916749018841,0.013110231971783095,0.23873938262691574,0.20811848056623622
2025-03-14,USDZAR,23.9902,24.0377,23.897,23.94009569704593,-0.0051716327797058925,0.015283588028208804,0.012902179498178899,0.24261943838042715,0.20481574993738502
2025-03-17,USDZAR,23.7472,23.7932,23.6598,23.7590218084732,-0.007563624258823398,0.01516747510973495,0.012861900528864831,0.24077620294272475,0.20417634112215888
2025-03-18,USDZAR,23.7014,23.754,23.6826,23.71077494022893,-0.002030675700085638,0.012701662115943323,0.012818521885002576,0.20163263517573896,0.2034877264989343
2025-03-19,USDZAR,23.8896,23.9445,23.8679,23.90991637336071,0.008398773706628448,0.013566774006801506,0.012919374212129598,0.21536586069247257,0.20508870755925568
2025-03-20,USDZAR,24.0955,24.1626,24.0773,24.11848771759218,0.008723215128592088,0.012611248039225835,0.012689751963830005,0.200197356203655,0.2014435673723262
2025-03-21,USDZAR,24.51,24.5855,24.4314,24.51919017570787,0.01661391306153126,0.011349112241461628,0.012220025269941277,0.1801615715535978,0.19398688727513738
2025-03-24,USDZAR,24.7578,24.7987,24.6676,24.77615261421738,0.010480054058396027,0.009098212380097061,0.011973323187734818,0.14442964399791533,0.19007061313049675
2025-03-25,USDZAR,24.6563,24.7459,24.5888,24.6911942157011,-0.0034290391990695612,0.008818360002890657,0.011294356687674367,0.13998712523452503,0.17929235408427352
2025-03-26,USDZAR,24.8464,24.9428,24.749,24.871395755157227,0.007298210766230939,0.007054922228202897,0.0109514418892318,0.11199341840835922,0.17384875041889628
2025-03-27,USDZAR,25.3568,25.3938,25.3051,25.3895736643847,0.020834291502117352,0.0076705304735017925,0.011591069654345037,0.12176589634096958,0.18400252640774625
2025-03-28,USDZAR,25.5737,25.6258,25.5562,25.573886799497192,0.007259402522817426,0.0077182894958708085,0.01165230378997483,0.12252404731725751,0.18497458817549284
2025-03-31,USDZAR,25.3071,25.3737,25.2843,25.3570684259564,-0.00847811579212343,0.010360685456748278,0.011737703617384479,0.16447078278431757,0.18633026840749545
2025-04-01,USDZAR,25.7739,25.792,25.6997,25.76236923495549,0.015983740793324985,0.010267834961874263,0.011949119312889382,0.16299682687304204,0.18968638852886582
2025-04-02,USDZAR,26.0534,26.0823,26.0522,26.07836607508513,0.01226582994940073,0.010386283091921718,0.012037466408732926,0.16487713264523926,0.19108885519680666
2025-04-03,USDZAR,25.9566,25.9661,25.9008,25.946901349850155,-0.005041141184093267,0.010679900461780254,0.011985935770711397,0.1695381638927666,0.19027083167817394
2025-04-04,USDZAR,26.2569,26.2578,26.2164,26.2484300787818,0.011620991842765438,0.010813346369639853,0.012142157503663072,0.17165655200682103,0.192750774806816
2025-04-07,USDZAR,25.7328,25.7935,25.6821,25.72275287340065,-0.020026996045225842,0.013327224317453106,0.012711316196737594,0.2115631272645207,0.20178588895725033
2025-04-09,USDZAR,26.7939,26.8437,26.7713,26.785851448261205,0.04132911357088376,0.020095765698792987,0.013954432708152468,0.3190103906665703,0.22151975179654199
2025-04-10,USDZAR,26.0957,26.1157,26.0879,26.095112741068625,-0.025787446351175025,0.02312654315809042,0.014743002725700562,0.3671224912854574,0.23403791274330657
2025-04-11,USDZAR,25.8112,25.8177,25.7255,25.77752976010269,-0.012170209192701398,0.02321101920097533,0.014625357139629376,0.3684635068927552,0.23217034696177377
2025-04-14,USDZAR,26.2462,26.2767,26.2145,26.2357323733182,0.017775272397306807,0.023770550259364042,0.014881965444497184,0.377345787080635,0.23624387751597817
2025-04-15,USDZAR,26.241,26.2705,26.2233,26.2511069791386,0.0005860177867966776,0.023622947981089507,0.014462609952690731,0.37500267355306915,0.2295868154624838
2025-04-16,USDZAR,26.3506,26.4996,26.3059,26.332123882682325,0.00308622808204273,0.02325521687147593,0.01446190094272527,0.369165123160793,0.22957556027820974
2025-04-17,USDZAR,25.9721,26.0269,25.8854,26.01334533430526,-0.012106070509060318,0.022250465164907036,0.014740241569925835,0.35321518429109877,0.23399408075424036
2025-04-18,USDZAR,26.2009,26.2012,26.1715,26.19106803657181,0.006831981814817922,0.014516511373602728,0.014721211000310451,0.23044247399276077,0.2336919798271791
2025-04-21,USDZAR,25.9638,25.9771,25.9373,25.9396,-0.00960128988327913,0.01121667876858371,0.014629844566842834,0.17805925534662426,0.23224158266037365
2025-04-22,USDZAR,26.0162,26.0319,25.9583,26.02935474637531,0.0034601438100554383,0.010073403173490243,0.01459665569647311,0.15991031791886412,0.23171472567661294
2025-04-23,USDZAR,26.3585,26.3681,26.3185,26.343611317276824,0.012073160244023162,0.008663535401588063,0.014270951600951617,0.13752936088323667,0.22654433345014235
2025-04-24,USDZAR,26.2012,26.2979,26.1619,26.2465,-0.003686332754732624,0.00881537345514218,0.013895559438657392,0.1399397152587985,0.22058516761682245
2025-04-28,USDZAR,26.6677,26.6967,26.6338,26.67523470014984,0.01633492847236151,0.01078792249337165,0.013656805283477184,0.17125296048300737,0.21679506290228154
2025-04-29,USDZAR,26.5963,26.6276,26.5798,26.59665551032595,-0.002945773137787988,0.00925187167121522,0.013613886417015452,0.1468689096235141,0.21611374701901834
2025-04-30,USDZAR,26.6829,26.7365,26.56,26.724478657743564,0.004805985751403563,0.009150801177821294,0.013450360621664523,0.14526446528107254,0.21351785549436272
2025-05-01,USDZAR,26.4391,26.5568,26.4236,26.4638717905264,-0.009751616506900485,0.009185195922068224,0.013642530437712781,0.14581046491918281,0.21656845675090305
2025-05-02,USDZAR,26.5149,26.5434,26.5107,26.5424,0.0029673741656242036,0.009182063094306622,0.013614830190758872,0.14576073282023724,0.21612872896273233
2025-05-05,USDZAR,26.7395,26.7978,26.7077,26.749737854392706,0.007811571462742917,0.008589066169947653,0.013603960555441398,0.13634719847975715,0.21595617885138033
2025-05-06,USDZAR,27.8208,27.8559,27.8136,27.84908796012516,0.04109760296405773,0.016496214719657783,0.01507030904237017,0.26186929033282547,0.2392337394419966
2025-05-07,USDZAR,28.7525,28.765,28.7092,28.749905677605955,0.032346399234711054,0.01870668229098462,0.015883242400620785,0.2969593751822479,0.25213865643239486
2025-05-08,USDZAR,28.7945,28.7972,28.7437,28.77699688719729,0.0009423060338049627,0.018279749148550614,0.015822314862765547,0.2901820216542577,0.25117146175343225
2025-05-12,USDZAR,28.9246,28.9375,28.8502,28.85763655384914,0.0028022266175984356,0.018416490407079857,0.015823412579042,0.2923527218384399,0.25118888745909784
2025-05-13,USDZAR,27.7316,27.7598,27.7294,27.755396184080706,-0.03819579499213743,0.025556796137021418,0.01739038609162573,0.4057015613168093,0.27606382081102915
2025-05-14,USDZAR,27.5849,27.6263,27.5515,27.61068733440972,-0.0052137194767907236,0.025961683801866746,0.017437041284061316,0.4121289537373998,0.2768044490303557
2025-05-15,USDZAR,27.9079,28.025,27.8492,27.93601227978924,0.011782573227508308,0.026052582489920647,0.017381286361669503,0.4135719256759557,0.2759193670762571
2025-05-16,USDZAR,27.811,27.8733,27.7069,27.73077463011165,-0.007346705307187729,0.021341460218736383,0.01731970468086916,0.33878517812252756,0.2749417881999667
2025-05-19,USDZAR,27.0662,27.0793,27.0289,27.045222493011547,-0.02472170886837366,0.017249951783408744,0.017914310192434463,0.27383449528052795,0.28438085807070745
2025-05-20,USDZAR,27.385,27.454,27.3669,27.41075154333421,0.013515475807866384,0.018973336743154556,0.018005492452008786,0.3011923833808268,0.285828331567595
2025-05-21,USDZAR,27.3058,27.3553,27.2827,27.307917436524,-0.003751597494422443,0.01857998612801616,0.01794049677545792,0.294948135946564,0.2847965571889071
2025-05-22,USDZAR,27.0445,27.0799,27.0181,27.05947966542135,-0.009097646192908426,0.013054752879985821,0.017596482468604353,0.20723777728708037,0.2793354993686103
2025-05-23,USDZAR,26.9705,26.9887,26.9643,26.974545431102147,-0.0031387977658616784,0.0130341579122677,0.01595127619759872,0.20691084231003107,0.2532186594777013
2025-05-26,USDZAR,27.2761,27.3887,27.1904,27.25173071750496,0.010275809359264088,0.01275393366047494,0.015256841363137005,0.20246242022059432,0.24219484823534526
2025-05-27,USDZAR,27.5531,27.6234,27.5122,27.5538,0.011084407285039344,0.013687699473216129,0.015125435022358715,0.21728549296031807,0.2401088372449671
2025-05-28,USDZAR,27.1792,27.3381,27.1531,27.165672225596328,-0.014086179561572987,0.010900650885588725,0.01512242098381285,0.17304246823202257,0.24006099086636115
2025-05-29,USDZAR,26.7833,26.837,26.6664,26.752933165274165,-0.015193405003733673,0.010667380361553557,0.015418619736769881,0.16933941346322995,0.2447630003001917
2025-05-30,USDZAR,27.161,27.1848,27.0818,27.14624324245112,0.014701568412972321,0.012663739969050685,0.015623880959455343,0.20103063975658148,0.24802142119437642
2025-06-02,USDZAR,27.1287,27.1682,27.0584,27.12806692167279,-0.00066957039381077,0.01213046756551625,0.015428003284436323,0.1925652027917467,0.24491195950143727
2025-06-03,USDZAR,27.2137,27.3445,27.1928,27.19469136419912,0.0024559229641645253,0.012040513299386022,0.01539664891466502,0.19113722308644726,0.2444142243118571
2025-06-04,USDZAR,27.7588,27.7596,27.686,27.721780217916844,0.019382049483805508,0.013575563847230458,0.015592652114917257,0.21550539508350627,0.24752567865609837
2025-06-05,USDZAR,27.4027,27.4663,27.3225,27.36053245425465,-0.0130311892245909,0.014091519096969525,0.015840336205724875,0.22369593075419303,0.251457541704003
2025-06-09,USDZAR,26.5911,26.6731,26.5689,26.624,-0.02691952196055003,0.016685930021796358,0.016550853599496484,0.2648809273889984,0.26273665566063553
2025-06-10,USDZAR,26.7261,26.7497,26.6575,26.6614,0.0014047475961538325,0.015778163802124847,0.016532696533579038,0.2504705853939821,0.2624484211748985
2025-06-11,USDZAR,26.6136,26.6632,26.5887,26.59044592655122,-0.0026613033617433057,0.01430796382465383,0.016273182775897347,0.22713188428645564,0.2583287679871447
2025-06-12,USDZAR,26.0118,26.0134,25.8472,25.98282841464138,-0.022850971119033336,0.016086954181425518,0.016795755273353603,0.2553724806992554,0.26662434920877187
2025-06-13,USDZAR,26.4126,26.4245,26.386,26.40222516103276,0.016141304545391533,0.01800731748669354,0.017048142265258845,0.2858573030950546,0.2706308684971455
2025-06-16,USDZAR,26.1734,26.2215,26.1019,26.20530275242812,-0.007458553489471664,0.014741118859553958,0.017009233497949715,0.2340080072953431,0.27001321096442527
2025-06-17,USDZAR,26.1501,26.1555,26.0782,26.133917294582947,-0.002724084454187814,0.01465895733660381,0.01700457124249944,0.23270373355295657,0.26993919995360477
2025-06-18,USDZAR,25.3383,25.3406,25.303,25.309204530529463,-0.031557181219993735,0.015799340667505046,0.017848961870229364,0.2508067577100455,0.28334348561580736
2025-06-20,USDZAR,26.2989,26.3714,26.2253,26.319247868436925,0.03990814237915252,0.023886637929896863,0.017751695619708185,0.37918862171969886,0.2817994317567749
2025-06-23,USDZAR,26.5057,26.5921,26.4559,26.5184,0.007566786579866758,0.024122587421680587,0.016654046980546063,0.38293420378308973,0.2643747997998662
2025-06-25,USDZAR,26.9278,26.9974,26.907,26.92379594441047,0.015287345556687981,0.022382138120398,0.016961034816385813,0.35530542765883055,0.2692480806147896
2025-06-26,USDZAR,26.531,26.5678,26.498,26.550164816032964,-0.013877357009722702,0.0228320432635568,0.017068616889886454,0.36244745039303317,0.2709558930868578
2025-06-27,USDZAR,26.5296,26.5702,26.5171,26.530419929428803,-0.0007436822611450733,0.022555807698223854,0.015691961983683354,0.3580623467381793,0.2491021739490357
2025-06-30,USDZAR,26.2518,26.2943,26.2329,26.24745730603686,-0.01066559157919944,0.023026649866297735,0.01576921563403714,0.36553673443909507,0.250328537629284
2025-07-01,USDZAR,26.0598,26.0855,26.0191,26.069308495259808,-0.006787278809520347,0.018717352593450864,0.015590612066629438,0.29712876098268504,0.24749329389350558
2025-07-02,USDZAR,25.9148,25.9953,25.8034,25.91824007042684,-0.005794876563773643,0.01037055282123391,0.015575463678558303,0.16462742233946526,0.24725282068790724
2025-07-03,USDZAR,26.3137,26.3735,26.2567,26.29734442423596,0.014626932723016406,0.01172708841919267,0.015261328726168063,0.1861617573602963,0.24226608291508112
2025-07-04,USDZAR,26.2713,26.3279,26.2506,26.30643779045593,0.0003457902848773564,0.009360497367185135,0.015022233114938494,0.14859328908868033,0.23847055775379858
2025-07-07,USDZAR,26.319,26.3686,26.2707,26.30734171214891,3.436123507793987e-05,0.008129087277317532,0.015016489485212926,0.12904525993032806,0.23837938045853843
2025-07-08,USDZAR,26.3758,26.4525,26.3677,26.424742812387954,0.004462674394229094,0.008419688623016636,0.014972558046324948,0.1336584132786113,0.23768199048632951
2025-07-09,USDZAR,26.1411,26.191,26.1001,26.13192925854849,-0.011081037038596753,0.00850400276769201,0.015087260355519124,0.13499685883150828,0.23950283319592527
2025-07-10,USDZAR,26.0787,26.0877,26.0048,26.05593197217224,-0.002908215678388504,0.008152678000773683,0.01494037118120107,0.1294197510554065,0.23717103984272617
2025-07-11,USDZAR,26.6831,26.7391,26.621,26.67971617485389,0.023940199235546578,0.0116526794516457,0.015484860538826183,0.18498055161964216,0.2458145404335103
2025-07-14,USDZAR,26.8949,26.9161,26.7888,26.9119,0.008702634751599936,0.010964211249246465,0.015377247555344748,0.17405145772489783,0.24410623728070882
2025-07-16,USDZAR,26.3908,26.446,26.3482,26.4054,-0.018820670409744333,0.013853832330018176,0.01551287562420909,0.2199227703024876,0.24625926612679877
2025-07-17,USDZAR,27.2228,27.2319,27.1476,27.218374613336405,0.030788195343997904,0.017917976785776824,0.016307673520115806,0.2844390634355636,0.2588762915775582
2025-07-21,USDZAR,26.9365,26.9427,26.8985,26.916638733807712,-0.011085742033282497,0.01893243134058393,0.016437557866181736,0.30054303024594164,0.2609381416509024
2025-07-22,USDZAR,27.058,27.0768,27.0218,27.04003848082984,0.004584515482876306,0.017918118584405073,0.016453694103716308,0.28444131441900317,0.2611942964805789
2025-07-23,USDZAR,27.5508,27.5585,27.4579,27.517862729709822,0.017670989973580742,0.01808630273368318,0.01638680664379491,0.2871111550197202,0.26013249097189395
2025-07-24,USDZAR,27.4011,27.4105,27.3407,27.408673730301054,-0.003967931684275783,0.017023552379413345,0.01622323406433173,0.27024051616085754,0.2575358567724804
2025-07-25,USDZAR,27.2402,27.2899,27.1703,27.24371189999564,-0.006018599510820066,0.017250931932739518,0.015449427507972452,0.2738500546687896,0.24525205850649281
2025-07-28,USDZAR,27.482,27.4948,27.4723,27.47501799624554,0.008490256287357889,0.014687083473557133,0.01551172814101434,0.2331502221352732,0.24624105039579716
2025-07-29,USDZAR,27.4158,27.4515,27.3485,27.364271318177924,-0.00403081366799285,0.009932494969730187,0.015525244027484892,0.15767346952983657,0.24645560844189515
2025-07-30,USDZAR,27.5795,27.6837,27.5114,27.6061,0.008837387957830733,0.00873983329688452,0.014907122538033437,0.1387405524223091,0.23664323399521486
2025-07-31,USDZAR,27.6204,27.7007,27.5189,27.63155677686923,0.0009221431810080283,0.008784232079341363,0.014670911487418217,0.1394453612436783,0.23289349981409588
2025-08-01,USDZAR,27.1224,27.1355,27.0703,27.133406051516754,-0.018028326430361785,0.009283325311495474,0.015019274056540698,0.1473682206835695,0.23842358415798567
2025-08-04,USDZAR,27.6525,27.71,27.5898,27.65017638928945,0.01904553880156179,0.012104548913314798,0.015342112971907348,0.19215375694348857,0.24354849305954956
2025-08-05,USDZAR,28.2144,28.2312,28.2084,28.23069230391296,0.020995016684536516,0.013591032170144011,0.01434697903400401,0.2157509470972773,0.22775123153419383
2025-08-06,USDZAR,27.4273,27.4434,27.3433,27.41039848771693,-0.029056808361810238,0.018564265927749502,0.013870223224946946,0.29469858550376976,0.2201829676929715
2025-08-07,USDZAR,27.1538,27.1792,27.1071,27.16931679969265,-0.008795263889808558,0.018814298305402294,0.01394281915155135,0.29866772644967055,0.2213353923009208
2025-08-08,USDZAR,26.8326,26.9168,26.7875,26.843861372143795,-0.011978785846854079,0.018669022537073476,0.013861234055143827,0.29636154512253926,0.2200402690462196
2025-08-11,USDZAR,26.4046,26.4243,26.3307,26.396731780161502,-0.01665667937200288,0.019098673062409446,0.013966031338457637,0.30318203576678265,0.22170387434456074
2025-08-12,USDZAR,26.029,26.09,25.9501,26.046235781676305,-0.013278007345917442,0.018694832423863248,0.014171950791130183,0.29677126437341406,0.22497274431585326
2025-08-13,USDZAR,26.1957,26.2002,26.1804,26.1901669581576,0.005525987620159434,0.016254366089286224,0.014080145228924652,0.2580300623475171,0.22351537619644343
2025-08-14,USDZAR,26.3393,26.4279,26.339,26.363112548078085,0.006603455037029304,0.012513448519223445,0.014069060402497627,0.19864483695404817,0.2233394100321301
2025-08-15,USDZAR,26.35,26.3544,26.2994,26.34716329918864,-0.0006049835299363204,0.00939647669192278,0.014021207238839652,0.14916444316225538,0.22257976460921003
2025-08-18,USDZAR,26.4426,26.4781,26.3787,26.45795124612123,0.004204928844692812,0.009928809858786426,0.013789966069591432,0.15761497020717133,0.21890892484894653
2025-08-19,USDZAR,26.6312,26.6837,26.6239,26.672508078763137,0.008109351727426883,0.010053133579627517,0.013863606798680811,0.15958854809164177,0.22007793518216237
2025-08-20,USDZAR,27.2332,27.3718,27.1793,27.265001875020285,0.022213651393694578,0.01060071931987992,0.01441536818702377,0.1682812022328002,0.22883687568178157
2025-08-21,USDZAR,26.8776,26.9064,26.8316,26.86173462978537,-0.014790655327421076,0.011034394984850825,0.014695245298176958,0.1751655899878417,0.2332797870844047
2025-08-22,USDZAR,26.6574,26.6995,26.5856,26.6425,-0.008161596144363514,0.011986899341198117,0.014624369733453909,0.1902861278854452,0.232154672374674
2025-08-25,USDZAR,26.4848,26.5227,26.4402,26.501440560955576,-0.005294527129376836,0.012152227360527627,0.014651408894668781,0.19291062882882576,0.23258390575208
2025-08-26,USDZAR,26.3895,26.4491,26.3447,26.38165797144689,-0.004519852014579162,0.012317212669969057,0.01399952741438823,0.19552968942139212,0.22223560806541404
2025-08-27,USDZAR,26.6349,26.6997,26.6081,26.665065990110264,0.010742615910270148,0.012900961700931282,0.014049527209790032,0.20479641800539808,0.2230293302108377
2025-08-28,USDZAR,26.3345,26.3791,26.288,26.356663292219007,-0.011565795412081137,0.013278841589169947,0.013777989102731847,0.2107950752637924,0.21871879639431857
2025-08-29,USDZAR,26.8421,26.8898,26.8003,26.871527738303325,0.019534507853894878,0.012492551031440402,0.013045403480753608,0.1983130996198485,0.2070893601754226
2025-09-01,USDZAR,26.8551,26.9001,26.8057,26.87490396598161,0.00012564330957154368,0.011148624972898953,0.012886728189726394,0.17697893483168906,0.20457046801980977
2025-09-02,USDZAR,26.3575,26.4406,26.2992,26.368621738108963,-0.018838475795615928,0.013040762658463675,0.013303987535896327,0.20701568940547455,0.2111942547929081
2025-09-03,USDZAR,25.9588,26.0031,25.8953,25.97296113853961,-0.015004978398151514,0.014004657344490936,0.013079365681219647,0.22231704318118345,0.20762849339388056
2025-09-04,USDZAR,25.8712,25.8912,25.8483,25.86816936399814,-0.004034648724976386,0.013995863594817345,0.013079745395157834,0.222177446732815,0.2076345211657793
2025-09-05,USDZAR,26.155,26.1816,26.0975,26.154013898088053,0.011050048809705837,0.014045544969187782,0.013261841905004642,0.22296611410107145,0.21052521364378418
2025-09-08,USDZAR,25.9703,26.0496,25.8796,25.96642465181361,-0.007172484002088697,0.01367539595082003,0.013172163136931724,0.21709018059725693,0.20910160733456268
2025-09-09,USDZAR,26.1235,26.1921,26.0555,26.141664917879755,0.006748725264103861,0.010880461713878069,0.013255878755327086,0.1727219750668859,0.21043055157731935
2025-09-10,USDZAR,25.4749,25.489,25.4642,25.4664212663621,-0.02583017009967936,0.013416897880304195,0.013828012513267695,0.2129866509434073,0.2195128934183734
2025-09-11,USDZAR,25.3321,25.373,25.2688,25.27655282888152,-0.007455638760337835,0.012482672794195395,0.013839166290994815,0.19815628746499658,0.21968995415064252
2025-09-15,USDZAR,26.178,26.1942,26.1269,26.1562,0.03480091518307726,0.018973100445459797,0.015143776954023557,0.30118863227121256,0.24040000638346537
2025-09-16,USDZAR,26.1153,26.1161,26.0335,26.106827289312445,-0.0018876102296033759,0.01889234583164419,0.014657448892073375,0.29990669251894964,0.23267978773839218
2025-09-17,USDZAR,25.9632,26.0815,25.9294,25.99460501704489,-0.004298579487423848,0.018480667418441593,0.0140138221983353,0.2933715003101431,0.2224625307256301
2025-09-18,USDZAR,26.5294,26.57,26.5137,26.536634344790976,0.020851608531488486,0.01983749163243122,0.013730692442978617,0.3149104169684265,0.21796798519701205
2025-09-19,USDZAR,26.174,26.2075,26.166,26.18545487595356,-0.013233760705089193,0.020674502429971302,0.013841179225111928,0.3281975514582278,0.21972190848911916
2025-09-22,USDZAR,26.4691,26.4795,26.3851,26.467771105667985,0.010781413996885814,0.01727879309578039,0.0138501639227705,0.2742923369206486,0.21986453614277726
2025-09-23,USDZAR,26.5554,26.5623,26.49,26.5227,0.00207531242856529,0.016428435868489764,0.013509008183172135,0.26079333442678404,0.21444885667085975
2025-09-24,USDZAR,27.0555,27.0751,26.9904,27.047646885475544,0.019792362220872883,0.01276922135995366,0.01371505103369115,0.20270510492622823,0.21771968552223678
2025-09-25,USDZAR,26.987,27.0406,26.9311,26.96334443058251,-0.0031168129061276417,0.012885540158208062,0.013715056648276732,0.2045516086041265,0.21771977465101977
2025-09-26,USDZAR,27.0724,27.1019,26.9941,27.02023483874836,0.002109916605943285,0.012357040627036828,0.013676921332007229,0.19616193863916662,0.21711439527291237
2025-09-29,USDZAR,27.2214,27.2379,27.2002,27.22546328654276,0.007595361365997144,0.010509297565613362,0.013727430201934742,0.1668299268755368,0.217916198725899
2025-09-30,USDZAR,27.5879,27.654,27.5353,27.58907488259657,0.013355570563735375,0.007824772188968945,0.013897470944237567,0.12421440766647801,0.22061551182719158
2025-10-01,USDZAR,27.5362,27.5845,27.505,27.545220036881897,-0.0015895728980146462,0.008343471752519155,0.013850895104892562,0.1324485079683476,0.2198761432991257
2025-10-02,USDZAR,28.2016,28.2926,28.074,28.216853532031408,0.024382941731822205,0.01064934937855273,0.013969717363929886,0.1690531804817446,0.22176238818491564
2025-10-03,USDZAR,28.2738,28.3023,28.0412,28.24113879881219,0.0008606653025013955,0.009802046680683577,0.013638793460567237,0.15560266713920937,0.2165091340778096
2025-10-06,USDZAR,28.7748,28.859,28.7274,28.7397671300659,0.017656098601614545,0.009644510561308446,0.013804681881231996,0.15310185877294868,0.21914253111659493
2025-10-07,USDZAR,28.4312,28.4384,28.3915,28.402357328416457,-0.011740171732166349,0.012374723011104906,0.013981153406298416,0.19644263778415177,0.22194392972945523
2025-10-08,USDZAR,28.7938,28.8388,28.7485,28.787221719206343,0.013550438308331136,0.01260755425575789,0.014061514201370104,0.2001387192089364,0.22321961780296987
2025-10-09,USDZAR,28.7927,28.8572,28.775,28.821639278267863,0.001195584603378208,0.0125953068228503,0.013988277243386608,0.1999442972389018,0.22205701713735057
2025-10-10,USDZAR,28.0835,28.1648,27.989,28.1128,-0.024593995900932142,0.017174900509166625,0.014633469737199594,0.27264309323718905,0.23229913045571904
2025-10-13,USDZAR,28.4509,28.4979,28.4097,28.474557318441985,0.012868064313835248,0.015232065924575731,0.014410960871837932,0.2418015503410111,0.22876691172219435
2025-10-14,USDZAR,28.4315,28.5129,28.363,28.38145478990164,-0.0032696743095650405,0.015336062921920527,0.014439764533906625,0.24345245149344175,0.22922415568228457
2025-10-15,USDZAR,28.167,28.1901,28.114,28.142375469167053,-0.008423786677054124,0.013634806666967342,0.014043228095457628,0.2164458456914464,0.22292933487081668
2025-10-17,USDZAR,27.7421,27.7581,27.7138,27.74829848101892,-0.014002975284722718,0.013903058813226418,0.014001861844062997,0.22070421649741145,0.22227266598764966
2025-10-20,USDZAR,27.5187,27.5652,27.4585,27.51272609426352,-0.008489615567474962,0.0118042229315309,0.014094687013466285,0.1873862297831795,0.2237462198695409
2025-10-21,USDZAR,27.3498,27.3729,27.3398,27.35401829419254,-0.0057685232472863834,0.011342999873802674,0.01406302056544148,0.18006454072511346,0.2232435305912706
2025-10-22,USDZAR,26.9097,27.0319,26.8838,26.9052,-0.01640776464230942,0.009553666283526606,0.014359443656642592,0.15165975057068456,0.22794910128432155
2025-10-24,USDZAR,25.9722,25.9871,25.9496,25.954999750956446,-0.03531660233127998,0.010792300475376104,0.015789960308097036,0.171322458792776,0.2506578491208335
2025-10-27,USDZAR,26.1687,26.2642,26.1448,26.15474242278337,0.007695730061394679,0.013021945917143358,0.015077792706470711,0.2067169828973654,0.23935253892663005
2025-10-28,USDZAR,26.2677,26.3269,26.2299,26.26803076328421,0.004331464583728906,0.01435348096648683,0.015003267394498495,0.22785444651253908,0.23816948627548212
2025-10-29,USDZAR,26.3896,26.4211,26.3858,26.412115199946346,0.005485163237418211,0.01524400023627629,0.013645514643099271,0.24199100166598156,0.2166158295427858
2025-10-30,USDZAR,26.436,26.4641,26.267,26.359,-0.0020110165181489448,0.015329554540995338,0.013646251280900504,0.2433491341492474,0.21662752330535615
2025-10-31,USDZAR,26.1159,26.17,26.0545,26.115040178588487,-0.009255276050362915,0.015377398655781433,0.013734955575661584,0.2441086359257796,0.2180356603303233
2025-11-03,USDZAR,26.2146,26.2898,26.1566,26.17083292926774,0.002136422165070817,0.014977586944313871,0.013180593973148509,0.23776182176701394,0.20923544271040626
2025-11-04,USDZAR,25.7938,25.8321,25.715,25.758134927912213,-0.015769387335547558,0.008594764656046536,0.013273674210861756,0.13643765914216038,0.21071304567619042
2025-11-05,USDZAR,25.2474,25.3114,25.2162,25.251852465916087,-0.019655245358913942,0.010047644016708907,0.013545024571817554,0.1595014039819073,0.21502059911573035
2025-11-06,USDZAR,24.9695,25.0294,24.8869,24.938298943424662,-0.012417050310057354,0.009441472328584862,0.013671791805975346,0.1498787267504007,0.2170329665715684
2025-11-07,USDZAR,24.8034,24.805,24.7826,24.80058752423877,-0.0055220855078489395,0.007703087112873993,0.013049985602532973,0.12228271696878672,0.20716209910365388
2025-11-10,USDZAR,24.9009,24.9434,24.8777,24.9141,0.0045770075265469945,0.008984812514848336,0.013119047756612857,0.14262947694497716,0.20825842681186468
2025-11-11,USDZAR,25.064,25.0679,24.999,25.014613368446938,0.004034396925714168,0.010016843892675436,0.013147282830833835,0.15901246717065223,0.20870664471969363
2025-11-12,USDZAR,25.2606,25.3716,25.2187,25.23977185845842,0.009001078157597764,0.011219997670178656,0.013186888493211832,0.178111941276101,0.2093353651186666
2025-11-13,USDZAR,25.198,25.2712,25.1814,25.186511660904188,-0.002110169531361339,0.010197875881303857,0.012846123131235036,0.16188626089820188,0.20392588269937356
2025-11-14,USDZAR,24.5636,24.6444,24.4783,24.52583083465261,-0.02623153357426311,0.012097223066338394,0.013525824850400837,0.19203746272803368,0.2147158129870682
2025-11-18,USDZAR,24.8788,24.8879,24.8472,24.85384297110757,0.01337414983681251,0.013031817923842873,0.012868973062702528,0.20687369614537388,0.2042886141162007
2025-11-19,USDZAR,24.7048,24.7739,24.6191,24.6560251800062,-0.007959243620044298,0.013222290611556248,0.01285151213720093,0.20989735632481182,0.20401143051697115
2025-11-20,USDZAR,24.4988,24.6122,24.4835,24.56325287167554,-0.003762662783370674,0.013035745520039384,0.012158208869375846,0.2069360448020914,0.19300558233808968
2025-11-21,USDZAR,23.9456,23.9952,23.8756,23.931494703925388,-0.025719645970776472,0.015396218637635855,0.012676403328900456,0.2444073938757729,0.20123166436213155
2025-11-24,USDZAR,24.0271,24.0899,23.9621,24.045609957984205,0.004768413150562534,0.014770045935248343,0.012314811712952475,0.2344672103860052,0.19549157541034554
2025-11-25,USDZAR,24.37,24.4398,24.3509,24.38115611966919,0.01395457059610039,0.016738189994262808,0.012780102252807356,0.2657105287330142,0.20287783374542756
2025-11-26,USDZAR,25.0923,25.0994,25.0636,25.08729143641148,0.02896233932781489,0.017769231698802773,0.013724045617035422,0.2820778083823075,0.2178624701062903
2025-11-27,USDZAR,25.4281,25.4881,25.3087,25.471232305772887,0.015304197758238658,0.017964168417568566,0.013832219619113994,0.28517233285780286,0.2195796791532252
2025-11-28,USDZAR,25.1984,25.2157,25.1804,25.20968028985167,-0.01026852618598828,0.018232095090805804,0.013885104854295631,0.28942553693972245,0.22041920623513186
2025-12-01,USDZAR,25.09,25.1343,25.0673,25.10425119976655,-0.004182087550216096,0.018259918151573903,0.01385848355523209,0.2898672143367526,0.21999660621373424
2025-12-02,USDZAR,25.0297,25.0526,24.9987,25.0076532732669,-0.0038478712522024283,0.013801660632966933,0.013721684862515866,0.21909457028724486,0.217824994290099
2025-12-03,USDZAR,24.7107,24.7937,24.6267,24.684075359957927,-0.012939155456656803,0.015646674804175843,0.01380275064921108,0.2483832622616972,0.21911187375868707
2025-12-04,USDZAR,24.1794,24.2544,24.078,24.23192507067249,-0.018317489421495914,0.016880613775086636,0.014061061780526412,0.26797143616206276,0.22321243584472777
2025-12-05,USDZAR,24.2407,24.3538,24.1415,24.20130930060732,-0.0012634477028085067,0.010772835707208888,0.0138683846214513,0.17101346517738814,0.2201537807673167
2025-12-08,USDZAR,24.5423,24.5883,24.5147,24.54998334235304,0.014407238774348796,0.010491724115427108,0.012860934045645128,0.16655095700231554,0.20416099867668497
2025-12-09,USDZAR,24.7003,24.7492,24.6845,24.69860711901224,0.006053925763884305,0.01098036936062597,0.01282268748309086,0.17430795979109773,0.20355385331855497
2025-12-11,USDZAR,24.4325,24.4693,24.4098,24.432600642977363,-0.010770100303758245,0.011386416622270404,0.012868883646449355,0.1807537602401974,0.2042871946771863
2025-12-12,USDZAR,24.0061,24.0499,23.9511,23.985715672471592,-0.018290519991543297,0.012634343861660095,0.013100917542061195,0.20056399101856837,0.207970618578345
2025-12-15,USDZAR,24.085,24.149,24.0316,24.096159895686203,0.004604583191210265,0.012738936032631055,0.013175761479377126,0.2022243402594094,0.20915872925001816
2025-12-16,USDZAR,23.8038,23.8453,23.7934,23.835786125749262,-0.01080561263969504,0.011528603573571381,0.013204542611765522,0.18301090811712245,0.2096156155625213
2025-12-17,USDZAR,24.2319,24.3175,24.206,24.245345250114287,0.017182530595145185,0.013706135763738638,0.013681718640301977,0.21757815999924465,0.21719055018117484
2025-12-18,USDZAR,24.2348,24.3001,24.1383,24.25941357222868,0.0005802483721830676,0.012261153431247595,0.013456797235701388,0.19463977659532458,0.21362003357452386
2025-12-19,USDZAR,24.7606,24.788,24.6851,24.76172232546862,0.020705725294817734,0.014783637396154218,0.01363772627293807,0.2346829681390712,0.21649219299939548
2025-12-22,USDZAR,24.826,24.8581,24.7355,24.80096596068749,0.0015848507911948584,0.013932729724386276,0.013456450510257529,0.2211752276100215,0.21361452947873782
2025-12-23,USDZAR,25.2532,25.3054,25.2395,25.24696595569576,0.017983170321480113,0.011578192172013368,0.013809325332836884,0.1837981027131729,0.21921624362562392
2025-12-24,USDZAR,25.5543,25.5837,25.543,25.566415747325127,0.012652997282522893,0.011653120839726902,0.013965604550023021,0.18498755843820933,0.22169709928819814
2025-12-25,USDZAR,25.6885,25.7548,25.6382,25.67597494359367,0.00428527789547517,0.008422585592640175,0.013967586322234665,0.13370440124568886,0.22172855894676124
2025-12-26,USDZAR,25.598,25.659,25.5753,25.62191182006017,-0.002105591848109656,0.00908170784946253,0.013894229951752926,0.14416764269652643,0.22056406266649925
2025-12-29,USDZAR,25.6673,25.7084,25.6644,25.668434931714184,0.001815754889047394,0.0089251443808307,0.01388636490487925,0.14168227468214153,0.22043920891803356
2025-12-30,USDZAR,25.3531,25.3732,25.2452,25.2914,-0.014688660711773549,0.01050118058789363,0.013259456947178342,0.16670107384887362,0.21048735361200957
2025-12-31,USDZAR,25.1345,25.201,25.1133,25.13520431706397,-0.006175841706510088,0.011078571251330752,0.01311555534353965,0.17586686647758493,0.20820298647306137
