date,pair,open,high,low,close,daily_return,vol_7d,vol_30d,vol_7d_annualized,vol_30d_annualized,vol_7d_percent,vol_30d_percent,rate_change,close_30d_mean,trend_change_pct
2023-01-03,USDEGP,30.4812,30.5486,30.3962,30.437224241834127,,,,,,,,,30.437224241834127,
2023-01-04,USDEGP,30.1865,30.2276,30.0607,30.21410248260819,-0.0073305554229635694,,,,,,,-0.22312175922593624,30.325663362221157,-0.366527771148184
2023-01-05,USDEGP,30.1834,30.223,30.1328,30.21972040591552,0.00018593712358527803,,,,,,,0.0056179233073301305,30.29034904345261,-0.11645027627833482
2023-01-06,USDEGP,30.4435,30.4759,30.3348,30.47331123324789,0.008391567622933138,,,,,,,0.2535908273323706,30.33608959090143,0.1510070002270547
2023-01-09,USDEGP,30.6222,30.67,30.5968,30.648722654160927,0.005756231069554918,,,,,,,0.1754114209130364,30.39861620355333,0.2061129614762791
2023-01-10,USDEGP,31.0649,31.2233,31.0047,31.14314922756221,0.01613204501147969,,,,,,,0.49442657340128093,30.522705040888145,0.40820554627847283
2023-01-11,USDEGP,31.3379,31.4317,31.327,31.34017117702461,0.006326333538807072,,,,,,,0.19702194946240326,30.63948591747907,0.3826032995256634
2023-01-12,USDEGP,31.1459,31.1985,31.1197,31.18464119383805,-0.00496263987545098,0.008128908822908518,,0.12904242705440838,,12.904242705440838,,-0.15552998318656108,30.707630327023942,0.22240715698822466
2023-01-13,USDEGP,31.4421,31.4582,31.2964,31.43179095308525,0.007925368058941729,0.006652237548923466,,0.10560099729946415,,10.560099729946415,,0.2471497592472005,30.78809261880853,0.2620270301801231
2023-01-16,USDEGP,31.4144,31.4993,31.284,31.373685991322,-0.0018486048679179357,0.006969151257445704,,0.11063184645836648,,11.063184645836648,,-0.058104961763252305,30.84665195605988,0.19020125077697791
2023-01-17,USDEGP,31.5394,31.6005,31.3923,31.50566519883884,0.004206684785247994,0.0068470401477444,,0.10869339268683981,,10.86933926868398,,0.13197920751684222,30.906562250857963,0.19421976454179202
2023-01-18,USDEGP,31.5306,31.6295,31.5152,31.517430738283387,0.0003734420260703697,0.007020603774354078,,0.11144862984277389,,11.144862984277388,,0.011765539444546391,30.957467958143415,0.16470841005307157
2023-01-19,USDEGP,31.2778,31.3062,31.2232,31.267694163353664,-0.007923760569302218,0.005903431463936057,,0.09371406921293267,,9.371406921293266,,-0.2497365749297238,30.98133151239036,0.07708496792828701
2023-01-20,USDEGP,31.1488,31.2007,31.121,31.15446373733465,-0.0036213231915170896,0.005472688102094624,,0.08687623032698663,,8.687623032698664,,-0.11323042601901534,30.99369809988638,0.039916255668592804
2023-01-23,USDEGP,31.4775,31.5627,31.3911,31.4505825642602,0.009504860344320187,0.0063206023168749315,,0.10033645119953843,,10.033645119953844,,0.29611882692555014,31.02415706417797,0.0982747015003671
2023-01-24,USDEGP,31.649,31.7331,31.6187,31.667,0.006881190047835162,0.006146195409104633,,0.09756782737018652,,9.756782737018652,,0.2164174357398032,31.064334747666845,0.12950451290509868
2023-01-25,USDEGP,31.4162,31.5025,31.3073,31.48079737798757,-0.005880020905435601,0.006635913627170304,,0.10534186307518328,,10.534186307518329,,-0.18620262201243065,31.088832549450416,0.07886150462439456
2023-01-26,USDEGP,31.4788,31.4973,31.4305,31.43266735437722,-0.0015288692669520598,0.006454413112065109,,0.10246063172039248,,10.246063172039248,,-0.04813002361035146,31.107934483057463,0.06144307148447936
2023-01-27,USDEGP,31.1674,31.2342,31.1363,31.206392353834364,-0.0071987209355093285,0.006936618010862123,,0.11011539717955629,,11.011539717955628,,-0.22627500054285576,31.113116476256245,0.016658107601474903
2023-01-30,USDEGP,31.6103,31.7446,31.501,31.65166878830672,0.014268757164352053,0.008377357920128451,,0.1329864342026231,,13.29864342026231,,0.44527643447235477,31.140044091858773,0.0865474714597525
2023-01-31,USDEGP,31.974,32.1492,31.9236,32.011564043918625,0.011370498598951118,0.00867873345203392,,0.13777062245459318,,13.777062245459318,,0.3598952556119066,31.18154504195686,0.1332719696082174
2023-02-01,USDEGP,31.8287,31.8859,31.8177,31.878945867988985,-0.0041428208802197775,0.008746861050195263,,0.13885211454752353,,13.885211454752353,,-0.13261817592963965,31.21324507950377,0.10166281851735626
2023-02-02,USDEGP,32.4026,32.5087,32.3219,32.362823536331575,0.015178596881664008,0.009996706242928486,,0.15869279189133373,,15.869279189133373,,0.48387766834258983,31.263226751539765,0.16012968824190565
2023-02-03,USDEGP,32.8087,32.8527,32.7929,32.81813442951701,0.014068948362131906,0.009834768701195368,,0.1561221131112279,,15.61221131112279,,0.45531089318543394,31.328014571455483,0.20723331097780573
2023-02-07,USDEGP,32.4732,32.5105,32.4458,32.494475387907684,-0.00986220110422309,0.011294393861056407,,0.17929294419341912,,17.92929441934191,,-0.323659041609325,31.37467300411357,0.14893517286793667
2023-02-08,USDEGP,32.3443,32.3586,32.2935,32.354175431447494,-0.004317655687169575,0.010826573604323196,,0.17186652784785234,,17.186652784785235,,-0.1402999564601899,31.412346174395644,0.12007510094889096
2023-02-10,USDEGP,31.7568,31.8157,31.6884,31.7406,-0.018964335306506208,0.013220831919740102,,0.2098742003101018,,20.987420031010178,,-0.6135754314474937,31.4245037234921,0.0387030915454778
2023-02-13,USDEGP,31.8823,31.9102,31.8599,31.91006002997229,0.005338904430675084,0.012573128014296065,,0.1995922195680405,,19.95922195680405,,0.1694600299722886,31.44184502015211,0.05518399530695106
2023-02-14,USDEGP,32.3676,32.3843,32.2881,32.34544994537276,0.013644283808664781,0.013453821319886358,,0.21357279237550844,,21.357279237550845,,0.43538991540047434,31.473003810676957,0.09909975227242462
2023-02-15,USDEGP,32.7616,32.7875,32.6819,32.748127220772616,0.012449271105516191,0.01304688224772221,,0.20711283487329823,,20.711283487329823,,0.4026772753998529,31.515507924346814,0.1350494345107256
2023-02-17,USDEGP,32.7692,32.888,32.7157,32.79251739191443,0.001355502586225965,0.011881534453373336,0.008910708334270222,0.18861351214482966,0.14145310954745768,18.861351214482966,14.145310954745769,0.04439017114181354,31.59401769601616,0.2491147274472194
2023-02-20,USDEGP,32.6619,32.7282,32.5401,32.656406008080666,-0.004150684200516008,0.011276165493013357,0.008807737577972456,0.17900357782152831,0.13981849946660094,17.90035778215283,13.981849946660093,-0.13611138383376442,31.675427813531904,0.2576757356377968
2023-02-22,USDEGP,32.6826,32.7502,32.632,32.67239453399486,0.0004895984545953969,0.01105932583894825,0.008805003765908766,0.175561355027327,0.13977510154549067,17.5561355027327,13.977510154549066,0.01598852591419586,31.757183617801218,0.25810481471819635
2023-02-23,USDEGP,33.0578,33.1418,33.0234,33.08968369247919,0.01277191844785519,0.007086312010897677,0.008938935860278706,0.11249171576067171,0.14190120763112804,11.249171576067171,14.190120763112803,0.4172891584843299,31.84439603310893,0.2746226376914018
2023-02-24,USDEGP,32.7303,32.7818,32.7279,32.7716,-0.009612775251504946,0.009239842779277042,0.00919956662894633,0.14667795688381755,0.14603859281856485,14.667795688381755,14.603859281856485,-0.3180836924791919,31.915158611303568,0.2222135980254336
2023-02-27,USDEGP,32.0531,32.0898,32.0169,32.03820811529432,-0.022378885519952707,0.012375134120440398,0.009862406310499278,0.196449163942532,0.15656084655753094,19.6449163942532,15.656084655753094,-0.7333918847056822,31.9449939075613,0.09348315206920699
2023-02-28,USDEGP,31.4113,31.4211,31.3223,31.36590106564824,-0.02098453968544922,0.012634889034711268,0.010586909036702423,0.20057264537245775,0.16806197078386198,20.057264537245775,16.806197078386198,-0.6723070496460757,31.945851570515423,0.002684811762998507
2023-03-01,USDEGP,30.9836,31.0204,30.9505,30.9684,-0.01267303192777025,0.012370061913715208,0.01080493545525148,0.19636864515697303,0.17152303288019932,19.6368645156973,17.152303288019933,-0.3975010656482425,31.93864353072082,-0.02256330459274869
2023-03-02,USDEGP,31.624,31.6959,31.5384,31.6361388070762,0.021561940787260703,0.016766576846917947,0.01142643913668144,0.2661611560487902,0.18138909796004804,26.61611560487902,18.138909796004803,0.6677388070762014,31.945455125853854,0.021327127204018304
2023-03-06,USDEGP,31.9148,31.969,31.8856,31.886210169331942,0.007904610729543515,0.017351291225659888,0.011502308934863236,0.27544320905371905,0.18259349366810618,27.544320905371904,18.259349366810618,0.250071362255742,31.96253926512085,0.05347909178219368
2023-03-07,USDEGP,31.5455,31.5711,31.4989,31.53600622687689,-0.01098292774824261,0.015939480536772965,0.011671341947675223,0.25303140916713357,0.18527680955966924,25.303140916713357,18.527680955966925,-0.35020394245505315,31.963550632722118,0.003164227950969156
2023-03-08,USDEGP,32.2193,32.2752,32.1925,32.24892353881741,0.022606455199546627,0.019274051559210578,0.012374145171176801,0.30596608309384743,0.1964334648596676,30.59660830938474,19.64334648596676,0.7129173119405188,31.98793372607325,0.07628405752322376
2023-03-09,USDEGP,31.6729,31.7575,31.6671,31.673813825214165,-0.017833454593019105,0.018540995942931775,0.012742905557124266,0.29432918594673,0.2022873545072027,29.432918594673,20.22873545072027,-0.5751097136032435,32.001471048135265,0.0423200891246589
2023-03-10,USDEGP,31.9582,32.0179,31.8719,31.896286581945898,0.0070238701900380285,0.01654670314790314,0.01277211287074498,0.26267076928416794,0.2027510062370308,26.267076928416795,20.27510062370308,0.22247275673173306,32.026198476288975,0.07726966087437948
2023-03-13,USDEGP,32.2983,32.3132,32.2241,32.30672540677563,0.01286791877089688,0.015416752257108961,0.012864994428911451,0.24473335497962415,0.20422545526278676,24.473335497962413,20.422545526278675,0.41043882482972904,32.05473657103949,0.0891085926780999
2023-03-14,USDEGP,32.244,32.3462,32.2106,32.2982979027943,-0.0002608591206695321,0.013917667421133248,0.012817940688513932,0.2209361209585454,0.20347850029070338,22.09361209585454,20.34785002907034,-0.008427503981323525,32.07577983446597,0.06564790629255413
2023-03-15,USDEGP,32.091,32.2197,31.9505,32.149108550415406,-0.004619108809631456,0.013993827815131834,0.012797543970716101,0.22214512973218312,0.20315471243357325,22.214512973218312,20.315471243357326,-0.1491893523788974,32.098056873546895,0.06945127817903352
2023-03-16,USDEGP,32.1267,32.1441,32.0814,32.10487791505097,-0.0013757966350784745,0.013031282002433434,0.012796622290788963,0.20686518865674397,0.20314008121831958,20.686518865674397,20.314008121831957,-0.0442306353644355,32.12046389223602,0.06980802226563831
2023-03-17,USDEGP,32.1631,32.2524,32.123,32.177508357955126,0.0022622868430253185,0.009668076264492623,0.01270937184313266,0.15347595271352285,0.20175502330065376,15.347595271352285,20.175502330065378,0.07263044290415621,32.152834425706715,0.1007785366341496
2023-03-20,USDEGP,32.6698,32.7361,32.6658,32.67513364623171,0.015465003776576003,0.0075495794083950685,0.012753910790370766,0.11984585770648494,0.2024620571689457,11.984585770648494,20.24620571689457,0.4976252882765806,32.186949920970875,0.10610416118363997
2023-03-21,USDEGP,32.6055,32.6352,32.5331,32.620323491039066,-0.0016774271158631615,0.007774013205326601,0.012614722220993855,0.12340863378135777,0.20025250712946072,12.340863378135777,20.02525071294607,-0.054810155192640764,32.20724190254156,0.06304412695365968
2023-03-22,USDEGP,33.0836,33.1649,32.8939,33.07148979765644,0.013830834839553718,0.007978650049907051,0.012801966341496157,0.12665714298040284,0.20322491539330934,12.665714298040283,20.322491539330933,0.4511663066173739,32.24699336686381,0.12342399402760496
2023-03-23,USDEGP,33.1449,33.2166,33.1386,33.18591913853494,0.0034600600571255136,0.007818387327556386,0.012540130757052213,0.12411305113375853,0.19906840434835374,12.411305113375853,19.906840434835374,0.11442934087850176,32.274429886937256,0.08508241299058916
2023-03-24,USDEGP,33.5423,33.5584,33.4395,33.51720085509472,0.009982598799715081,0.007077382152687377,0.012413866507424034,0.11234995865626657,0.1970640215243877,11.234995865626656,19.70640215243877,0.3312817165597792,32.297732101123174,0.07220023488423433
2023-03-27,USDEGP,33.6104,33.6864,33.5502,33.6105541937383,0.0027852367220990715,0.006507140210258313,0.012253806260394646,0.1032976484554323,0.19452314387382375,10.32976484554323,19.452314387382373,0.0933533386435812,32.3349347279842,0.11518649899175948
2023-03-28,USDEGP,33.8939,33.9407,33.8056,33.87765880079994,0.007947045607221925,0.006226125623831745,0.012267994202570704,0.09883668019263409,0.19474837047350543,9.883668019263409,19.474837047350544,0.26710460706163985,32.385717506962614,0.15705236273282352
2023-03-29,USDEGP,33.8141,33.8474,33.7778,33.8038581431717,-0.0021784462161976714,0.005983121941848055,0.011665359891088724,0.09497911633142288,0.1851818473553297,9.497911633142287,18.51818473553297,-0.07380065762824017,32.45449277840167,0.21236296964632917
2023-03-30,USDEGP,33.6928,33.7833,33.6243,33.652979723801906,-0.004463349086686219,0.006557031946462496,0.011710652255664604,0.10408965521427332,0.1859008413530768,10.408965521427332,18.59008413530768,-0.1508784193697963,32.51259010152932,0.1790116503262995
2023-03-31,USDEGP,33.5431,33.5705,33.471,33.4902856308502,-0.0048344632269408105,0.005881324550526434,0.011553307104451568,0.09336313284211006,0.1834030645124075,9.336313284211005,18.34030645124075,-0.16269409295170334,32.550751291045245,0.11737357558028183
2023-04-03,USDEGP,33.8185,33.9584,33.6835,33.770104156165,0.008355214655351828,0.006379572500073551,0.011439770420057782,0.10127257383660725,0.18160072552287482,10.127257383660725,18.16007255228748,0.2798185253147949,32.584817188891655,0.10465472069083326
2023-04-04,USDEGP,33.9414,33.9558,33.8705,33.87837149026028,0.0032060112576086652,0.005512474005183219,0.011446248899640096,0.08750781195853786,0.1817035681979665,8.750781195853786,18.17035681979665,0.10826733409528089,32.62101232550318,0.11107975963684513
2023-04-05,USDEGP,33.7425,33.8544,33.6404,33.75475332097984,-0.0036488816859446827,0.005800180897543595,0.011438600097166888,0.09207501728452656,0.18158214722293708,9.207501728452657,18.158214722293707,-0.12361816928044078,32.657623902599816,0.11223311138022218
2023-04-06,USDEGP,34.1332,34.1737,34.1,34.14546130876902,0.011574902772177653,0.006661481174754775,0.011593971215456123,0.10574773531043721,0.18404858726242898,10.574773531043721,18.4048587262429,0.3907079877891846,32.70672612842562,0.15035455724596858
2023-04-07,USDEGP,34.5508,34.6529,34.5159,34.597636131051864,0.013242603993366409,0.007827342108658165,0.011610007804014954,0.12425520387680052,0.18430316021365617,12.425520387680052,18.430316021365616,0.4521748222828421,32.75699120971138,0.15368423329313874
2023-04-10,USDEGP,34.5319,34.6394,34.4344,34.511542217977635,-0.002488433393198153,0.007528784073646525,0.011445463892104081,0.11951574200143501,0.18169110658966084,11.9515742001435,18.169110658966083,-0.08609391307422953,32.81498928364397,0.17705555910578763
2023-04-11,USDEGP,34.5058,34.5418,34.4626,34.506811163190534,-0.0001370861596743378,0.006825091363191685,0.010507933781811873,0.10834496653380009,0.166808277478852,10.83449665338001,16.6808277478852,-0.004731054787100675,32.89727605190718,0.2507596987216587
2023-04-12,USDEGP,34.1028,34.2495,34.0444,34.12799878700798,-0.010977901562420844,0.00859349601565112,0.009875541070460696,0.13641752010022373,0.15676935440786158,13.641752010022373,15.676935440786158,-0.3788123761825517,32.989345975952496,0.27987096530437405
2023-04-13,USDEGP,34.2713,34.3076,34.185,34.249073676501794,0.003547670352704646,0.00860550570909119,0.009429511329433357,0.13660816807321102,0.1496888517752803,13.660816807321103,14.96888517752803,0.12107488949381207,33.09870176516923,0.33148820014936575
2023-04-14,USDEGP,34.3329,34.3946,34.2803,34.34225583216621,0.0027207204651595873,0.008290518775132368,0.008783822629023913,0.13160790551227242,0.13943886142139303,13.160790551227242,13.943886142139302,0.09318215566441523,33.18890566600556,0.2725300269367459
2023-04-17,USDEGP,34.7762,34.821,34.7667,34.81478202655688,0.013759323112026989,0.00871917400954735,0.00896485299370781,0.13841259640296125,0.14231262936962255,13.841259640296125,14.231262936962255,0.47252619439066734,33.28652472791306,0.29413160798335003
2023-04-18,USDEGP,34.2782,34.325,34.2194,34.27955895840581,-0.015373443031836298,0.0096689742875867,0.009232367525346091,0.15349020838819397,0.14655929090648742,15.349020838819397,14.655929090648742,-0.535223068151069,33.37797648563069,0.27474108055787205
2023-04-19,USDEGP,34.1822,34.337,34.1556,34.19875831500879,-0.002357108605016256,0.009666362324091828,0.00848257670874745,0.1534487447531479,0.13465673069024717,15.344874475314791,13.465673069024717,-0.0808006433970192,33.4429709781704,0.194722686582538
2023-04-20,USDEGP,33.5121,33.5371,33.4743,33.50391772879812,-0.020317713871667697,0.012002775706358468,0.008692338340119544,0.1905381573690728,0.13798659335752975,19.053815736907282,13.798659335752975,-0.6948405862106668,33.5039744416232,0.18241041889675014
2023-04-21,USDEGP,33.3906,33.4583,33.3516,33.38759598377983,-0.0034718848691031035,0.011619525160903843,0.008690663854247903,0.18445424357045603,0.13796001171838823,18.445424357045603,13.796001171838823,-0.11632174501828985,33.55368475501766,0.14837139241816732
2023-04-24,USDEGP,33.4592,33.466,33.4098,33.429504624278934,0.001255215874765625,0.011432714474120614,0.00842420563432089,0.18148871585359044,0.13373011861009323,18.148871585359043,13.373011861009324,0.041908640499102034,33.591110728934446,0.11154057800220052
2023-04-25,USDEGP,33.0989,33.1897,32.9783,33.12206313519984,-0.009196710885623127,0.011255684013430215,0.00863209104404167,0.17867844441277048,0.13703019718201295,17.867844441277047,13.703019718201295,-0.3074414890790962,33.61856957001463,0.08174436773396021
2023-04-26,USDEGP,32.849,32.9422,32.7979,32.9117934926847,-0.006348325635901486,0.007618549669760115,0.008675712265658657,0.12094072666307118,0.13772266260771326,12.094072666307119,13.772266260771326,-0.21026964251513647,33.6439924014236,0.07562139536017032
2023-04-27,USDEGP,33.2027,33.3039,33.15,33.18343659107073,0.008253670479744901,0.008916618231952245,0.008769366941873682,0.1415469262647005,0.13920938450201265,14.15469262647005,13.920938450201264,0.2716430983860292,33.67994435729093,0.10685995716075425
2023-04-28,USDEGP,33.3999,33.4333,33.3259,33.359761957603425,0.0053136559876423295,0.009676803216211498,0.008800482447938551,0.15361448877723372,0.13970332784780604,15.361448877723372,13.970332784780604,0.17632536653269426,33.719352810612534,0.11700866516743957
2023-05-01,USDEGP,33.2524,33.4223,33.2257,33.2787442568045,-0.0024286054829134596,0.006251668403884297,0.008400483530409146,0.09924215925550774,0.133353541884939,9.924215925550774,13.3353541884939,-0.0810177007989239,33.739473164298296,0.05967004704618972
2023-05-02,USDEGP,33.0588,33.1721,33.0486,33.072182921961456,-0.006207005085560269,0.006515734292749082,0.008483947218661109,0.10343407528553639,0.1346784868606525,10.343407528553639,13.46784868606525,-0.20656133484304462,33.754535145329044,0.04464201606646512
2023-05-03,USDEGP,32.9331,33.0448,32.8201,32.9287086539779,-0.004338215845083648,0.006487788625025458,0.008140577603441109,0.10299045156342626,0.12922766320276416,10.299045156342626,12.922766320276416,-0.14347426798355656,33.74977577387309,-0.014099946675205643
2023-05-04,USDEGP,32.5961,32.6008,32.5206,32.592172469678246,-0.01022014521844905,0.0066820490567761764,0.008314869322099738,0.10607424031538089,0.13199445846165675,10.60742403153809,13.199445846165675,-0.3365361842996535,33.72998421824454,-0.058642035909084456
2023-05-05,USDEGP,32.4572,32.5432,32.3968,32.47405881942717,-0.0036239882554917058,0.006482091660875545,0.008087503415649696,0.10290001506121393,0.12838513659116724,10.290001506121394,12.838513659116725,-0.11811365025107534,33.69521281705562,-0.10308751099299407
2023-05-09,USDEGP,32.7948,32.82,32.601,32.81685375630691,0.010555962184642942,0.007110665103692517,0.008334308051764492,0.11287830912381426,0.13230303872863247,11.287830912381427,13.230303872863248,0.3427949368797414,33.668756135807904,-0.07851762620215696
2023-05-10,USDEGP,32.987,33.0117,32.9449,32.984656521826864,0.005113310580167951,0.007078699508622786,0.008247801038423467,0.11237087103342606,0.13092978246485268,11.237087103342606,13.092978246485268,0.16780276551995144,33.63898939317547,-0.08841058016032521
2023-05-11,USDEGP,33.2432,33.3493,33.1878,33.2625,0.008423415838490822,0.007994240970758468,0.008414675443432277,0.1269046411761029,0.13357883151986377,12.69046411761029,13.357883151986377,0.27784347817313915,33.620944121736414,-0.05364391667104229
2023-05-12,USDEGP,32.9153,32.9581,32.8757,32.94396587657003,-0.00957637349657936,0.008511951890734967,0.008548359536266632,0.13512304724778457,0.13570100070317362,13.512304724778456,13.570100070317363,-0.3185341234299699,33.59731032682868,-0.07029485793782486
2023-05-15,USDEGP,33.1477,33.2388,33.0587,33.09809138565546,0.004678413936648695,0.008520734745306461,0.008565134580745705,0.1352624707417691,0.13596729627871568,13.526247074176908,13.596729627871568,0.154125509085425,33.58423718532219,-0.038911274085107195
2023-05-16,USDEGP,32.7595,32.8194,32.7306,32.782593012171844,-0.00953222256254782,0.008375660779412193,0.008560331515792056,0.1329594929289725,0.1358910499863262,13.29594929289725,13.589104998632621,-0.31549837348361365,33.55132014718909,-0.09801335653824017
2023-05-17,USDEGP,32.7723,32.8482,32.6784,32.83363583720465,0.001557009996550729,0.008138670483152857,0.008537968185897828,0.12919738860674615,0.13553604313000167,12.919738860674615,13.553604313000168,0.05104282503280899,33.51649562542057,-0.10379478844869672
2023-05-18,USDEGP,32.6706,32.6928,32.6588,32.662360283430225,-0.005216466267203734,0.0073963070338740125,0.008559455931124612,0.11741273419145054,0.13587715051063518,11.741273419145054,13.587715051063517,-0.1712755537744286,33.480082524168914,-0.10864232841824029
2023-05-19,USDEGP,32.6443,32.6494,32.6,32.60828657103466,-0.0016555359724874652,0.006945940568866263,0.008220096214002296,0.11026338819992787,0.13048998201164191,11.026338819992787,13.048998201164192,-0.05407371239556369,33.428843366244436,-0.15304370258791833
2023-05-22,USDEGP,32.7687,32.8689,32.7319,32.824901680724686,0.0066429467006230425,0.0065375714289766405,0.007893734980802768,0.10378072907636014,0.12530915804793208,10.378072907636014,12.530915804793208,0.21661510969002506,33.36975221790019,-0.17676695450346003
2023-05-23,USDEGP,32.9518,32.974,32.9096,32.9163664005144,0.002786443069330513,0.005729198976623359,0.007934704853205686,0.09094821422250698,0.12595953460967707,9.094821422250698,12.595953460967706,0.09146471978971249,33.31657969065142,-0.1593434883830125
2023-05-24,USDEGP,32.782,32.8907,32.7563,32.84574745104008,-0.0021454053772232973,0.005347333567304847,0.007930881814445793,0.08488628877837896,0.12589884575080965,8.488628877837897,12.589884575080964,-0.07061894947431568,33.261210900246404,-0.16618989980101695
2023-05-25,USDEGP,32.3854,32.4019,32.328,32.371177415267304,-0.014448446834104622,0.006774730905514689,0.008095797134684314,0.10754551905225174,0.12851679529922388,10.754551905225174,12.85167952992239,-0.47457003577277845,33.20265018785505,-0.17606308010548188
2023-05-26,USDEGP,32.675,32.7252,32.5359,32.62447122533739,0.00782467090463701,0.007647644955159302,0.008228482655263108,0.12140260000001535,0.13062311263940768,12.140260000001534,13.062311263940767,0.2532938100700832,33.14849677281623,-0.1630996764789172
2023-05-29,USDEGP,32.2,32.2132,32.0856,32.1578963818147,-0.014301376420787104,0.009131648318336825,0.008503574437759282,0.14496042306252252,0.13499005930462177,14.496042306252251,13.499005930462177,-0.46657484352268597,33.075684791137846,-0.21965394743961308
2023-05-30,USDEGP,32.4438,32.6076,32.374,32.436578884980186,0.008666067576580616,0.0100214188057054,0.008221075482636087,0.15908509166353446,0.13050552741927235,15.908509166353447,13.050552741927234,0.27868250316548426,32.99641135308529,-0.23967285500856583
2023-05-31,USDEGP,32.5598,32.615,32.4921,32.5209,0.0025995686943069973,0.009636034617165917,0.007885263849866507,0.15296730733098304,0.1251746830132472,15.296730733098304,12.517468301324719,0.08432111501981154,32.937789387805104,-0.17766163917916078
2023-06-01,USDEGP,32.6492,32.7371,32.6059,32.68807337916488,0.0051404905511496235,0.009840845167969915,0.0079827149213087,0.15621857403084027,0.12672167081344418,15.621857403084027,12.672167081344417,0.16717337916487907,32.88743322327697,-0.15288264775527027
2023-06-02,USDEGP,32.2876,32.3357,32.2721,32.27822519983999,-0.012538156488174135,0.010789169194609823,0.007458620920937267,0.17127275125161978,0.11840193648182136,17.12727512516198,11.840193648182137,-0.4098481793248894,32.84657680564503,-0.12423109263214327
2023-06-05,USDEGP,32.2448,32.3103,32.2316,32.27073554384928,-0.0002320343186262841,0.00939986103652227,0.007448258238107737,0.14921816796722256,0.11823743399172709,14.921816796722256,11.82374339917271,-0.0074896559907102755,32.80934812431401,-0.11334113004012325
2023-06-06,USDEGP,32.1685,32.1812,32.1379,32.14818207206325,-0.003797665895142077,0.00870450942675281,0.0074501389073409864,0.138179803368032,0.1182672886902644,13.8179803368032,11.82672886902644,-0.12255347178602705,32.7666373725735,-0.1301786051301157
2023-06-07,USDEGP,32.048,32.0912,31.8762,31.99095119246517,-0.0048908171306741854,0.007073869804471149,0.0073328157808098685,0.11229420185687858,0.11640484179523698,11.229420185687857,11.640484179523698,-0.15723087959807813,32.728933641149,-0.11506744190985518
2023-06-08,USDEGP,31.6953,31.6973,31.6803,31.6949068703691,-0.00925400186805947,0.00631174739269555,0.007422737052346498,0.10019588363599659,0.11783229772760077,10.01958836359966,11.783229772760077,-0.2960443220960727,32.68837075373848,-0.12393586621324282
2023-06-09,USDEGP,31.9096,31.9922,31.7772,31.90418916863569,0.0066030261304299565,0.0070694008737055515,0.007355843599969775,0.11222325978028576,0.11677039709163667,11.222325978028575,11.677039709163667,0.20928229826659006,32.64572917299065,-0.1304487796870646
2023-06-12,USDEGP,31.9424,32.0731,31.8599,31.96400283105305,0.001874790238397983,0.006553954454514433,0.007275854164104185,0.10404080154413506,0.11550060416276045,10.404080154413506,11.550060416276045,0.05981366241736197,32.59920386877231,-0.1425157452351722
2023-06-13,USDEGP,31.4205,31.441,31.3677,31.37221125130012,-0.018514313832371676,0.008167342117645346,0.00791873431336178,0.12965253669403934,0.12570601014929453,12.965253669403934,12.570601014929453,-0.5917915797529325,32.535652768588825,-0.19494678593779957
2023-06-14,USDEGP,31.1656,31.178,31.1426,31.17313125571689,-0.006345743179801522,0.008019035448385255,0.007921355788818599,0.1272982413062323,0.12574762478205537,12.72982413062323,12.574762478205537,-0.19907999558322942,32.47235104638067,-0.1945610947423959
2023-06-15,USDEGP,31.5962,31.6699,31.5574,31.614577740274125,0.014161121028747337,0.01081660479940276,0.008431738420902146,0.17170827797572438,0.1338496978899332,17.17082779757244,13.38496978899332,0.4414464845572361,32.42854668259054,-0.13489742004686445
2023-06-16,USDEGP,31.1086,31.2611,31.0645,31.14070988383036,-0.01498890354749538,0.011838883414996762,0.008647462585274704,0.18793644790061115,0.13727421283423524,18.793644790061116,13.727421283423524,-0.47386785644376417,32.380164596395616,-0.1491959743632365
2023-06-19,USDEGP,30.5413,30.5497,30.4914,30.494605406847548,-0.020747904572281484,0.013416494857927043,0.00933185457510727,0.21298025316151087,0.14813859886052494,21.298025316151087,14.813859886052494,-0.6461044769828135,32.314182815976295,-0.20377222056081612
2023-06-20,USDEGP,30.537,30.5882,30.4975,30.51148729583896,0.0005536024738206358,0.012687827867904867,0.009039981267906965,0.2014130232964269,0.14350525374938516,20.14130232964269,14.350525374938517,0.01688188899141352,32.23733726729403,-0.23780749499341391
2023-06-21,USDEGP,31.0348,31.0611,30.9736,31.0289356543342,0.016959132587607728,0.015314161586782808,0.009618979472456053,0.24310477857651364,0.15269656530212392,24.310477857651364,15.26965653021239,0.5174483584952405,32.17214657171095,-0.2022210924015222
2023-06-23,USDEGP,31.3916,31.5355,31.3394,31.460932930897968,0.01392240073511597,0.015143407491289614,0.009873302386614309,0.24039414134438905,0.15673381640353176,24.039414134438903,15.673381640353176,0.4319972765637665,32.11209433607421,-0.18665908879559323
2023-06-26,USDEGP,32.0901,32.1019,32.0141,32.0926081513482,0.020078082930270025,0.01639372283209831,0.010531190019109205,0.2602422820575217,0.16717745880077106,26.02422820575217,16.717745880077107,0.6316752204502336,32.083715745233484,-0.0883735285021392
2023-06-27,USDEGP,31.7565,31.7766,31.6853,31.733620285216382,-0.011185998484100734,0.01664401983158152,0.010643349858990644,0.2642156237447511,0.16895794106126175,26.421562374475112,16.895794106126175,-0.35898786613181954,32.038233375218844,-0.14176154151158693
2023-06-28,USDEGP,31.8496,31.8823,31.8384,31.85116707822849,0.003704172166793862,0.015147928782871195,0.010566433827560378,0.24046591462316708,0.16773693691527067,24.04659146231671,16.77369369152707,0.11754679301210658,32.007185844087395,-0.09690775008669439
2023-06-30,USDEGP,31.6623,31.7181,31.6205,31.65966759048396,-0.006012322477044418,0.011926049737752383,0.010595916277004711,0.18932017037687932,0.1682049562908951,18.93201703768793,16.82049562908951,-0.19149948774452952,31.968053569196705,-0.12226090441475046
2023-07-03,USDEGP,30.9943,31.0751,30.9915,31.026495730488524,-0.019999321161089822,0.015362086779337944,0.011121819670643589,0.24386556742272827,0.1765534138501754,24.386556742272827,17.65534138501754,-0.6331718599954357,31.91352475076532,-0.170572844897654
2023-07-04,USDEGP,30.6095,30.7333,30.5698,30.658,-0.011876807928599464,0.014688556117346733,0.011277423538280089,0.2331735996306956,0.17902354867101133,23.31735996306956,17.902354867101135,-0.36849573048852236,31.848515198397493,-0.20370533457375606
2023-07-05,USDEGP,30.4236,30.5637,30.4154,30.47327784694974,-0.006025251257429143,0.013008639300487393,0.01117969411498318,0.20650574690658527,0.17747214217210702,20.650574690658527,17.7472142172107,-0.18472215305026296,31.770127737271665,-0.24612595167315954
2023-07-06,USDEGP,30.797,30.9486,30.7598,30.7851,0.010232642337210107,0.0101240864648009,0.01138000579441224,0.16071489022546956,0.18065199150293293,16.071489022546956,18.065199150293292,0.3118221530502616,31.69908552392118,-0.22361324429659435
2023-07-07,USDEGP,30.8562,30.915,30.7489,30.83487577498799,0.001616878781877773,0.010162239367917617,0.011400953568210755,0.1613205487861214,0.18098452710288077,16.13205487861214,18.098452710288075,0.0497757749879888,31.632056468052784,-0.2114542257624863
2023-07-10,USDEGP,30.9841,31.0717,30.9108,30.996158492646508,0.0052305291850516245,0.010370625433477873,0.011227248629883538,0.16462857502310324,0.178227046692975,16.462857502310325,17.8227046692975,0.1612827176585192,31.586222503965423,-0.14489719988218797
2023-07-11,USDEGP,31.0288,31.0415,30.9946,30.995,-3.737536207215619e-05,0.010407217691012952,0.011095857165518624,0.1652094591031927,0.176141271858338,16.52094591031927,17.6141271858338,-0.0011584926465069145,31.531906796454177,-0.17196012440052755
2023-07-12,USDEGP,31.0622,31.1423,31.0331,31.04810083091941,0.0017132063532636632,0.007244241959050244,0.010848529811407505,0.1149987759649578,0.1722150718299282,11.49987759649578,17.22150718299282,0.05310083091940854,31.494913611424334,-0.11731984769789428
2023-07-13,USDEGP,31.2928,31.3177,31.2465,31.28403725502,0.007599061384960137,0.005363817439312545,0.010817066989503858,0.0851479621342337,0.17171561501612,8.51479621342337,17.171561501612,0.2359364241005899,31.456495557092328,-0.12198177396514076
2023-07-14,USDEGP,31.3344,31.3932,31.2833,31.30817139820373,0.0007714523220578862,0.003890948058210921,0.010800360230556805,0.061766885557774605,0.17145040343979318,6.176688555777461,17.145040343979318,0.02413414318372986,31.416071270365784,-0.12850855128847538
2023-07-17,USDEGP,31.2856,31.3368,31.2151,31.25587579722544,-0.001670349900450896,0.0031867621889677886,0.010733654672654906,0.05058828143707555,0.17039148553614772,5.058828143707554,17.039148553614773,-0.052295600978290224,31.368331350967804,-0.1519601830131223
2023-07-19,USDEGP,31.8409,31.8775,31.7627,31.85873699229474,0.019287931619014653,0.007174866653591537,0.011162784322353613,0.11389747713272053,0.17720370753599,11.389747713272053,17.720370753599,0.6028611950693019,31.354348410716295,-0.04457661485101072
2023-07-20,USDEGP,31.3903,31.5046,31.3785,31.390496654003115,-0.014697391751746891,0.01023137598648674,0.011464699045355525,0.1624180585814524,0.18199645518126206,16.241805858145238,18.199645518126207,-0.4682403382916256,31.325007114388086,-0.09357967176948367
2023-07-21,USDEGP,31.4073,31.4111,31.2365,31.36490603720673,-0.0008152345303247266,0.010259506597290862,0.011451250994306416,0.1628646181839487,0.1817829739890954,16.28646181839487,18.17829739890954,-0.025590616796385746,31.298897913226202,-0.0833493862157586
2023-07-24,USDEGP,31.6918,31.7535,31.6294,31.69658081279137,0.010574709683210726,0.010788545093545944,0.011605876697301147,0.17126284395437183,0.18423758092763096,17.12628439543718,18.423758092763094,0.3316747755846414,31.289085567237077,-0.03135045207127707
2023-07-25,USDEGP,31.8132,31.8259,31.6667,31.797368371189275,0.0031797612175641365,0.01060275520776601,0.01149446222331936,0.16831352095106303,0.18246893098397765,16.831352095106304,18.246893098397766,0.10078755839790432,31.292500950597752,0.010915574229031222
2023-07-26,USDEGP,31.872,31.9514,31.8563,31.914116329690497,0.0036716232971971685,0.010586264161459483,0.011450278122773983,0.1680517337067451,0.1817675301323008,16.80517337067451,18.17675301323008,0.11674795850122166,31.292831855966245,0.0010574590027623287
2023-07-27,USDEGP,31.6567,31.7266,31.65,31.6507,-0.008253912687704035,0.011315898065143104,0.011544284853675316,0.1796343128503538,0.18325984072148738,17.96343128503538,18.32598407214874,-0.26341632969049655,31.282388428264476,-0.03337322665407649
2023-07-28,USDEGP,32.1269,32.209,32.0718,32.15232790923775,0.015848872512701062,0.010476101434208986,0.011374536103723994,0.1663029546264244,0.18056516285507568,16.63029546264244,18.056516285507566,0.5016279092377474,31.3083923168624,0.08312628895825735
2023-07-31,USDEGP,31.8404,31.8683,31.7487,31.8215014851402,-0.010289345923300885,0.00943043277927515,0.011483210222605678,0.14970347933804232,0.18229031101013568,14.970347933804232,18.229031101013568,-0.33082642409754826,31.330004657843173,0.0690305039046546
2023-08-01,USDEGP,31.7618,31.8568,31.6481,31.76863573468436,-0.0016613216846642631,0.009477654840224597,0.01120602677633395,0.15045310631605135,0.17789016021186274,15.045310631605135,17.789016021186274,-0.0528657504558403,31.335139924323517,0.016390889616602067
2023-08-02,USDEGP,31.8619,31.8806,31.7222,31.7768124143424,0.00025738214653991953,0.0086652528965984,0.01083184069933573,0.13755662527128876,0.1719501403890618,13.755662527128877,17.19501403890618,0.008176679658038921,31.356343342007253,0.0676665805065646
2023-08-03,USDEGP,32.0804,32.1515,32.0699,32.083884390036026,0.009663397690418796,0.009333494385734371,0.010154246233468205,0.14816463004722424,0.16119366171042712,14.816463004722424,16.119366171042714,0.30707197569362776,31.409319308113535,0.16894816314665384
2023-08-04,USDEGP,32.0309,32.0909,31.9567,32.00348190885453,-0.0025060083188201965,0.009366030850283754,0.010181948844547005,0.14868113040965789,0.161633427027917,14.868113040965788,16.1633427027917,-0.08040248118149407,31.459052461880717,0.15833884612181937
2023-08-07,USDEGP,32.5368,32.542,32.4977,32.53527069143647,0.01661659141016192,0.010199827009461447,0.010164357574696819,0.16191723409748787,0.16135417427630047,16.191723409748786,16.135417427630045,0.5317887825819412,31.509263629784126,0.1596080109667941
2023-08-09,USDEGP,33.1091,33.1417,32.9705,33.06862822678294,0.01639321032257013,0.01030682082644642,0.010276773746526338,0.16361570828687066,0.16313872568031734,16.361570828687068,16.313872568031734,0.5333575353464681,31.562853472980294,0.17007646965609968
2023-08-10,USDEGP,32.6116,32.673,32.5115,32.59109126537037,-0.014440785330968153,0.011338434176300748,0.010080270576179287,0.1799920625242036,0.160019334556873,17.99920625242036,16.0019334556873,-0.47753696141256796,31.57946957678103,0.052644491775621916
2023-08-11,USDEGP,32.2752,32.3531,32.2671,32.303865820234584,-0.008813004842246008,0.012170058678971677,0.009993837050212563,0.1931936922337339,0.15864724486899462,19.31936922337339,15.864724486899462,-0.28722544513578896,31.598477761281636,0.06019158888781462
2023-08-14,USDEGP,32.5911,32.5986,32.5778,32.59516841371289,0.009017576877620614,0.0123556494675104,0.010096530380007643,0.19613985466632092,0.16027745094065216,19.61398546663209,16.027745094065217,0.29130259347830645,31.623277805797787,0.07848493431712456
2023-08-15,USDEGP,33.1309,33.2336,33.0843,33.10494849257524,0.015639743669736195,0.013024416344488279,0.010361748332557107,0.20675619971568568,0.1644876554147058,20.67561997156857,16.448765541470582,0.5097800788623488,31.671453835867496,0.15234356908087054
2023-08-16,USDEGP,32.9787,33.0441,32.9158,33.01909733376623,-0.0025933028963407434,0.013032346876591532,0.009571183142906422,0.20688209300994342,0.15193782209270384,20.68820930099434,15.193782209270385,-0.08585115880900673,31.737873889310084,0.20971583365512192
2023-08-17,USDEGP,32.88,33.0338,32.7842,32.90193291505231,-0.00354838345608266,0.012115908577156538,0.009267123131425711,0.19233408601650379,0.1471110190485994,19.23340860165038,14.711101904859941,-0.11716441871391936,31.812671653145163,0.23567351769040457
2023-08-18,USDEGP,31.9811,32.0142,31.9053,31.9903,-0.02770757929043277,0.014426598203228594,0.010683962575395016,0.22901514666236472,0.16960264794729832,22.901514666236473,16.96026479472983,-0.9116329150523121,31.863239058246837,0.1589536573759487
2023-08-22,USDEGP,32.168,32.2019,32.093,32.139604256710534,0.0046671727589466805,0.014065218737227336,0.010578056908800752,0.2232784254865768,0.16792144760985264,22.32784254865768,16.792144760985263,0.1493042567105327,31.90838920013719,0.14169978704241526
2023-08-23,USDEGP,32.4456,32.5526,32.4282,32.436917617922035,0.009250685193157748,0.014242609432189393,0.010672596717384629,0.22609441546917597,0.16942222054490416,22.609441546917598,16.942222054490415,0.29731336121150065,31.961790594901654,0.1673584787671878
2023-08-24,USDEGP,32.2506,32.2879,32.2071,32.28282483400272,-0.004750537203762506,0.013843607782753514,0.010715678077046648,0.21976046064650448,0.17010611592775357,21.976046064650447,17.01061159277536,-0.15409278391931736,32.00467947294686,0.13418797021982343
2023-08-25,USDEGP,32.3431,32.419,32.2818,32.368789737705974,0.0026628680775393487,0.01193579715864243,0.0107144222313285,0.18947490588647536,0.17008617999502185,18.947490588647536,17.008617999502185,0.08596490370325682,32.05047246420373,0.14308217426635128
2023-08-28,USDEGP,32.1296,32.1598,32.053,32.09389480201881,-0.008492592337085214,0.012097474709258938,0.010868409292407517,0.1920414574355554,0.17253064880744262,19.20414574355554,17.25306488074426,-0.27489493568716483,32.085332263240375,0.10876532031027786
2023-08-29,USDEGP,31.9726,32.1152,31.9542,32.04668577348785,-0.0014709660146323689,0.012135488210162243,0.010809164775924569,0.19264490305467383,0.17159017126449372,19.264490305467383,17.15901712644937,-0.04720902853095765,32.11075388052264,0.07923127326123769
2023-08-30,USDEGP,31.6608,31.8118,31.5001,31.749861083678766,-0.009262258565740589,0.006943580142553529,0.010966083304891867,0.11022591759385834,0.17408117568696704,11.022591759385834,17.408117568696703,-0.2968246898090854,32.12547687003847,0.045850650441314755
2023-09-01,USDEGP,31.6635,31.7728,31.5703,31.66106313243396,-0.0027967981028570454,0.006475454568548912,0.01097578468786528,0.10279465448686487,0.17423518036729332,10.279465448686487,17.423518036729334,-0.08879795124480694,32.138983114545425,0.04204216037506647
2023-09-04,USDEGP,31.8482,31.8674,31.7787,31.856573935062706,0.006175118056236828,0.005623419020446479,0.01044977328003141,0.08926900947607097,0.165885008135825,8.926900947607097,16.5885008135825,0.1955108026287462,32.13891101263769,-0.00022434408541993633
2023-09-06,USDEGP,31.8431,31.9575,31.8227,31.878617572416644,0.0006919650995387272,0.005646620059726454,0.010071721151056999,0.0896373145566293,0.15988361664051615,8.963731455662929,15.988361664051615,0.02204363735393855,32.15518170991814,0.050626162392530816
2023-09-07,USDEGP,31.7459,31.8434,31.578,31.811111416175542,-0.0021175998641644878,0.005297349895480532,0.010080672198251484,0.08409282258681294,0.1600257101096174,8.409282258681294,16.002571010961738,-0.06750615624110168,32.17005522255043,0.04625541465281824
2023-09-08,USDEGP,31.0652,31.0823,30.8857,31.022777307960187,-0.024781721641278343,0.009933832764881054,0.010898282217015744,0.15769470636948263,0.1730048667841279,15.769470636948263,17.300486678412792,-0.7883341082153557,32.14759510572273,-0.0698168426268575
2023-09-11,USDEGP,30.6418,30.7405,30.5927,30.6443078300462,-0.012199729062197018,0.010160640085285893,0.0110718538839972,0.16129516096140353,0.17576023157700704,16.129516096140353,17.576023157700703,-0.37846947791398833,32.10915975435129,-0.11955902531757268
2023-09-12,USDEGP,31.1594,31.2233,31.1137,31.14614105668164,0.016376066622832974,0.01311714254580858,0.01149821672871692,0.20822818252796504,0.18252853190944562,20.822818252796505,18.252853190944563,0.5018332266354406,32.083560578584326,-0.07972546140355696
2023-09-13,USDEGP,31.1725,31.2277,31.0984,31.15179434532252,0.00018150847742570697,0.013160374018896696,0.0114111344725656,0.20891446088757787,0.18114614394914869,20.891446088757785,18.11461439491487,0.005653288640882437,32.06693039009508,-0.05183398659419636
2023-09-14,USDEGP,30.941,30.9796,30.8537,30.885813405885184,-0.008538222116161176,0.012761423479543631,0.011072412399438658,0.20258131741231808,0.17576909773477595,20.258131741231807,17.576909773477595,-0.2659809394373376,32.02471323998333,-0.13165323153223607
2023-09-15,USDEGP,30.7656,30.8378,30.7138,30.72002659456674,-0.0053677333712977005,0.012567153246852225,0.010970300700078673,0.19949737307525342,0.17414812476003566,19.949737307525343,17.414812476003565,-0.1657868113184442,31.98799741029755,-0.11464842607845638
2023-09-18,USDEGP,30.382,30.432,30.3621,30.379796710861115,-0.011075181938996037,0.012655911762057834,0.011120076373081381,0.20090637082309373,0.17652573985931067,20.090637082309375,17.652573985931067,-0.340229883705625,31.941702776170107,-0.14472501524130932
2023-09-19,USDEGP,30.5388,30.5776,30.5082,30.516948956037368,0.004514587325306962,0.01020397630983981,0.011169392948700918,0.1619831021989842,0.17730861622692629,16.19831021989842,17.73086162269263,0.13715224517625302,31.899707327559938,-0.13147529705742622
2023-09-20,USDEGP,31.102,31.1342,31.0513,31.11698942901453,0.019662531593233057,0.012000868702550002,0.01164643649797585,0.1905078846221141,0.18488144780250063,19.05078846221141,18.488144780250064,0.6000404729771631,31.867477495525886,-0.10103488318279341
2023-09-21,USDEGP,30.8245,30.8501,30.7496,30.79230895550328,-0.010434186580032923,0.01097581381091303,0.011772145431943007,0.17423564268134395,0.18687701526363745,17.423564268134395,18.687701526363746,-0.3246804735112505,31.827105063747513,-0.12668850800644504
2023-09-22,USDEGP,30.9465,30.9676,30.8394,30.95762274892113,0.005368671562003824,0.011285265856854085,0.01135631757612881,0.17914804161890494,0.18027595269545194,17.914804161890494,18.027595269545195,0.16531379341784813,31.774516798997002,-0.16523106529853226
2023-09-25,USDEGP,30.3941,30.4207,30.3764,30.38803573407459,-0.018398926153539552,0.012905655133845785,0.01123203662567348,0.2048709239431197,0.17830305376980668,20.487092394311972,17.830305376980668,-0.5695870148465367,31.68516371590672,-0.2812098879599656
2023-09-27,USDEGP,30.2497,30.3149,30.1942,30.251182564194423,-0.004503521421317602,0.012874924787582809,0.011019986797421867,0.2043830948196313,0.1749368671031603,20.43830948196313,17.49368671031603,-0.13685316988016893,31.607166759200858,-0.24616239134881424
2023-09-28,USDEGP,30.127,30.1366,30.0698,30.13517513013816,-0.0038348065835142053,0.012314572948096358,0.01095772875702691,0.19548778513575887,0.1739485513511647,19.548778513575886,17.39485513511647,-0.11600743405626446,31.534877069530978,-0.22871296950029985
2023-09-29,USDEGP,30.4548,30.4804,30.3863,30.42365048720853,0.009572712148663287,0.012835582312545247,0.010977872499913903,0.20375855239016435,0.17426832335608275,20.375855239016435,17.426832335608275,0.28847535707037153,31.4624931386475,-0.22953611242523264
2023-10-02,USDEGP,30.5824,30.5969,30.5772,30.5811,0.005175234078424129,0.009900086307337588,0.010548099379347087,0.15715899796374616,0.1674458865728829,15.715899796374616,16.74458865728829,0.15744951279146946,31.378364855561657,-0.26739229696486344
2023-10-03,USDEGP,30.2607,30.3492,30.2026,30.212028994217352,-0.012068598113954332,0.010136594419304918,0.010689246492506537,0.160913447847636,0.16968652753105049,16.0913447847636,16.968652753105047,-0.3690710057826472,31.284795910910027,-0.29819573162062074
2023-10-04,USDEGP,30.2283,30.2706,30.1434,30.2583,0.0015315424790405263,0.0097248262267816,0.010718843726253606,0.1543768304362964,0.17015636905099166,15.43768304362964,17.015636905099164,0.04627100578264631,31.196674813741616,-0.2816738757681403
2023-10-05,USDEGP,30.3138,30.3318,30.2429,30.31093169156163,0.0017394133696087,0.007113542114602376,0.009647663146830642,0.1129239802561345,0.15315190451662025,11.29239802561345,15.315190451662025,0.05263169156163272,31.140695870127004,-0.17943881503023063
2023-10-06,USDEGP,29.9447,29.9881,29.8616,29.9441,-0.012102290199933252,0.008330318846705412,0.009748270663889967,0.13223971206154148,0.1547489993375962,13.223971206154147,15.47489993375962,-0.3668316915616323,31.067512394903318,-0.2350091196706039
2023-10-10,USDEGP,30.1681,30.213,30.0982,30.178702309618163,0.007834675599472485,0.008915204103337232,0.009693640814375725,0.1415244776688774,0.1538817773617428,14.152447766887741,15.38817773617428,0.23460230961816464,30.99223855129319,-0.2422911839651376
2023-10-11,USDEGP,29.9763,30.007,29.9403,30.000344753195098,-0.005910047244351624,0.008097072797103526,0.009705817485049511,0.12853704581233252,0.15407507601614023,12.853704581233252,15.407507601614023,-0.17835755642306594,30.916155881932937,-0.24548942869787593
2023-10-12,USDEGP,29.9936,30.1252,29.9651,29.98672129558474,-0.0004541100351490579,0.007528565706347244,0.009666403374208637,0.11951227552802482,0.1534493964035501,11.951227552802482,15.34493964035501,-0.013623457610357548,30.836753600528894,-0.2568310294050691
2023-10-13,USDEGP,30.2966,30.3219,30.1825,30.266453726590267,0.009328543399198308,0.00747018754245538,0.009831582833899922,0.11858555090609817,0.15607153903578505,11.858555090609817,15.607153903578505,0.27973243100552736,30.775838898014612,-0.1975392847878621
2023-10-16,USDEGP,29.9575,29.9844,29.9305,29.9844049860244,-0.009318856550348809,0.008252263514955992,0.009923599740097573,0.13100062208367183,0.1575322621370603,13.100062208367182,15.753226213706032,-0.28204874056586604,30.707096205099162,-0.22336578100519144
2023-10-17,USDEGP,29.9806,30.0468,29.9315,29.95126162343653,-0.001105353352962024,0.008148819087680068,0.00983383459464915,0.1293584927091462,0.1561072846295119,12.93584927091462,15.61072846295119,-0.03314336258787165,30.647142889757752,-0.1952425424435078
2023-10-18,USDEGP,30.2208,30.2549,30.1913,30.23295744990284,0.00940514059166997,0.007598182514224647,0.010045321382007857,0.12061740809230743,0.15946453329907473,12.061740809230743,15.946453329907474,0.2816958264663114,30.59953936700672,-0.15532776716664642
2023-10-19,USDEGP,30.074,30.1227,30.0111,30.091286885760603,-0.004685964460373837,0.007297960912179353,0.009954912015979095,0.11585153790897995,0.15802932910685602,11.585153790897994,15.802932910685602,-0.14167056414223822,30.540696465363315,-0.19229995895575502
2023-10-20,USDEGP,29.7984,29.8124,29.7346,29.79313983486679,-0.009908085753384643,0.007930834337922509,0.010049229923785341,0.1258980920843673,0.1595265794762675,12.58980920843673,15.95265794762675,-0.29814705089381377,30.47118054077832,-0.22761735202677658
2023-10-23,USDEGP,29.8736,29.9562,29.8589,29.895814569455748,0.0034462542436966004,0.00810756346641775,0.01010207823240239,0.12870358002488483,0.1603655203671341,12.870358002488484,16.03655203671341,0.10267473458895893,30.407337312554326,-0.20952003529549623
2023-10-24,USDEGP,29.9415,30.0648,29.917,29.96,0.0021469704528416234,0.007056811442978273,0.00916235638323375,0.11202340876317222,0.1454478984802903,11.202340876317223,14.54478984802903,0.06418543054425285,30.371911402288983,-0.11650448015623205
2023-10-25,USDEGP,30.2021,30.2892,30.1961,30.20390596310732,0.008141053508255114,0.006887937704774977,0.009066343794413607,0.10934262127763775,0.1439237458837927,10.934262127763775,14.392374588379269,0.24390596310731993,30.357231340057687,-0.048334337726896326
2023-10-26,USDEGP,30.6371,30.8296,30.6238,30.68067855179028,0.015785130216777743,0.008717326983427087,0.009029108154001986,0.1383832757722857,0.14333264841716845,13.83832757722857,14.333264841716845,0.4767725886829588,30.341715923227977,-0.05110945940988154
2023-10-27,USDEGP,30.5047,30.5823,30.4998,30.553231432266163,-0.0041539863373288854,0.008686604930748873,0.009053110902373119,0.1378955783053738,0.14371368023500092,13.78955783053738,14.371368023500091,-0.12744711952411691,30.321763826126098,-0.06575797213435042
2023-10-30,USDEGP,30.6283,30.7268,30.581,30.64498866123536,0.003003192286636258,0.008243115542253541,0.00894907578114112,0.13085540251904526,0.14206217388462297,13.085540251904526,14.206217388462298,0.0917572289691968,30.313736334637774,-0.026474355299233032
2023-10-31,USDEGP,30.6532,30.7355,30.5041,30.69525940435487,0.0016404229636117762,0.0062216033493134055,0.008901469211020037,0.09876489131021875,0.14130644301274412,9.876489131021875,14.130644301274412,0.05027074311951196,30.312910761630707,-0.0027234287385491385
2023-11-01,USDEGP,30.5378,30.5838,30.521,30.53879850192472,-0.005097233431685999,0.007178438230312662,0.008709572708083336,0.11395417415547543,0.13826018046734317,11.395417415547543,13.826018046734317,-0.1564609024301511,30.31821082133283,0.017484496107278424
2023-11-02,USDEGP,30.9333,31.0874,30.8171,30.90760373844935,0.012076612526238817,0.00791023499446402,0.008944684007793975,0.12557108764459313,0.14199245664407634,12.557108764459313,14.199245664407634,0.36880523652462927,30.331232647413227,0.042950509702355255
2023-11-03,USDEGP,30.8959,30.9696,30.8463,30.897230780663573,-0.0003356118408128772,0.007906095803627021,0.008176687238027633,0.1255053800270907,0.12980088588106029,12.55053800270907,12.980088588106028,-0.010372957785776293,30.32390735913486,-0.024150974553260873
2023-11-06,USDEGP,31.1656,31.1994,31.1622,31.16328475698917,0.008610932747154187,0.006319822334579022,0.008093929000447449,0.10032406936444638,0.12848713958758531,10.032406936444637,12.848713958758532,0.2660539763255976,30.336273219184395,0.040779243595112646
2023-11-07,USDEGP,31.1343,31.2116,31.1121,31.11684936891392,-0.001490067187633004,0.005938694065630102,0.008046374914638282,0.09427384566091407,0.12773224187832882,9.427384566091407,12.773224187832882,-0.046435388075252604,30.341580773184152,0.01749573509379765
2023-11-08,USDEGP,31.6455,31.707,31.6233,31.661894802553302,0.017516086772714434,0.008195353730192256,0.007852832500307435,0.13009720725776547,0.12465985129955415,13.009720725776546,12.465985129955415,0.545045433639384,30.384042742133442,0.13994646246915377
2023-11-09,USDEGP,31.1133,31.1459,31.0579,31.120849747214912,-0.017088208356208612,0.011678700544446346,0.008489371136450683,0.18539362366199802,0.13476458888626974,18.539362366199803,13.476458888626974,-0.5410450553383903,30.413031648234128,0.09540832451662151
2023-11-10,USDEGP,30.7631,30.8475,30.7139,30.80281668935389,-0.010219292225125853,0.012341167297546286,0.008691844384951453,0.19590995734530323,0.13797875206232826,19.590995734530324,13.797875206232826,-0.31803305786102243,30.43528636687465,0.07317494322145457
2023-11-13,USDEGP,30.8616,30.9366,30.8307,30.891565693673023,0.0028811976909179915,0.011460324761820148,0.008542663916204372,0.1819270155828699,0.1356105855376913,18.192701558286988,13.561058553769131,0.08874900431913346,30.45088354042347,0.05124700770284818
2023-11-14,USDEGP,30.6363,30.6889,30.5388,30.682006171777072,-0.006783713197770047,0.01174571166700244,0.00859795420696079,0.1864573922541502,0.13648829169323895,18.64573922541502,13.648829169323895,-0.20955952189595095,30.454247079482702,0.011045784779173395
2023-11-15,USDEGP,31.0359,31.1143,31.0184,31.0317,0.011397358642884159,0.012163099030780352,0.008515469894624362,0.19308321124377342,0.13517889382820075,19.308321124377343,13.517889382820075,0.3496938282229287,30.481569446342125,0.0897161134475466
2023-11-16,USDEGP,30.7174,30.8283,30.6376,30.685417097142324,-0.011159005238439268,0.012820118921120262,0.008795060684898468,0.20351307866134738,0.13961726002777655,20.35130786613474,13.961726002777656,-0.34628290285767704,30.495806682913535,0.04670768871160025
2023-11-17,USDEGP,30.6509,30.7364,30.6325,30.6910719187116,0.00018428367948764013,0.009745161600498212,0.00879211487025669,0.1546996444863267,0.13957049667007274,15.46996444863267,13.957049667007274,0.005654821569276436,30.508478023818533,0.04155109270185253
2023-11-20,USDEGP,30.4392,30.5122,30.4076,30.43851414024484,-0.008229030876982235,0.008288906252602108,0.008628302535926195,0.13158230751068106,0.13697005648013197,13.158230751068107,13.697005648013198,-0.252557778466759,30.524958495160032,0.05401931662611936
2023-11-21,USDEGP,30.9019,30.9485,30.7965,30.8958,0.015023264856103946,0.01000519335520798,0.008931168158582995,0.15882752062197747,0.14177789918945571,15.882752062197747,14.177789918945571,0.4572858597551601,30.54886175150609,0.07830725257120807
2023-11-22,USDEGP,30.9614,31.0077,30.9287,30.949123040220705,0.0017258993203186357,0.009968317637925734,0.008841060809328763,0.15824213675790177,0.14034748936490007,15.824213675790178,14.034748936490008,0.05332304022070389,30.580487694406944,0.10352576524161883
2023-11-24,USDEGP,30.814,30.8605,30.734,30.8174,-0.004256115433368568,0.009711059042367534,0.008890862564515248,0.1541582831590173,0.14113806771936785,15.41582831590173,14.113806771936785,-0.1317230402207059,30.60817698455412,0.090545613346249
2023-11-27,USDEGP,31.1104,31.1236,31.0828,31.08597400258796,0.008715011733240408,0.009259621825372365,0.008871608733001052,0.1469919395066474,0.14083242261953763,14.69919395066474,14.083242261953762,0.26857400258796105,30.635494327087375,0.08924851207912088
2023-11-28,USDEGP,31.3441,31.43,31.2349,31.32995795496862,0.00784868289346008,0.008052162222164082,0.008740510250400216,0.12782411253717232,0.1387512987262192,12.782411253717232,13.875129872621919,0.24398395238065973,30.680346092718846,0.1464045761840893
2023-11-29,USDEGP,31.1363,31.1515,31.0317,31.07420137375344,-0.008163323474062345,0.009090190621639712,0.008906501650789492,0.1443023025301819,0.14138633051745145,14.43023025301819,14.138633051745146,-0.25575658121518074,30.717777417729412,0.12200424629320583
2023-11-30,USDEGP,31.4008,31.4538,31.3578,31.3885404396484,0.01011575686577304,0.008326127226603265,0.00892980911487406,0.13217317215525703,0.14175632503940747,13.217317215525703,14.175632503940747,0.3143390658949592,30.756296850720933,0.12539785176413076
2023-12-01,USDEGP,31.5374,31.6196,31.5038,31.581337857693068,0.006142286813729525,0.007016546498848329,0.008898732422926032,0.11138422259084178,0.14126299784861718,11.138422259084178,14.126299784861718,0.19279741804466966,30.805965216452012,0.161490071357262
2023-12-05,USDEGP,32.4236,32.5227,32.2531,32.41220785972957,0.026308891845571614,0.01112666901679806,0.009697395005588439,0.17663039483385137,0.15394137329968097,17.663039483385138,15.394137329968096,0.8308700020365016,30.89326748394744,0.2833940338567986
2023-12-06,USDEGP,33.0042,33.0346,32.9964,33.032857677850984,0.019148643647091346,0.010807071324013207,0.010143745163493543,0.1715569387456589,0.16102696239250885,17.155693874565888,16.102696239250886,0.6206498181214144,30.997835587560612,0.3384818509971632
2023-12-07,USDEGP,33.4858,33.5696,33.4063,33.52084079809413,0.014772658333170652,0.010927343226775766,0.01035057842055004,0.17346619601216853,0.16431033855868277,17.346619601216855,16.431033855868275,0.4879831202431433,31.11653028083042,0.3829128422032202
2023-12-08,USDEGP,33.984,34.1031,33.9126,33.9485229186554,0.012758693110871633,0.010857550991338035,0.010451172843982691,0.1723582786216995,0.1659072255247791,17.23582786216995,16.59072255247791,0.427682120561272,31.241350846015354,0.4011390860690911
2023-12-11,USDEGP,33.5917,33.6211,33.5146,33.5966093671952,-0.010366093167099688,0.011535975262295247,0.010520882687436901,0.18312793004775801,0.1670138349830576,18.312793004775802,16.70138349830576,-0.35191355146019987,31.338548539862188,0.3111187295514517
2023-12-12,USDEGP,33.512,33.6382,33.4716,33.58252018327683,-0.00041936326860803064,0.012368630830499322,0.010454166562364933,0.19634592741520498,0.16595474933078777,19.6345927415205,16.595474933078776,-0.014089183918372328,31.43952483156254,0.3222111310353437
2023-12-13,USDEGP,33.7566,33.8467,33.6698,33.71727136980498,0.004012539433989826,0.012498075185873507,0.010455106324630826,0.19840079285285195,0.1659696675942702,19.840079285285196,16.59696675942702,0.1347511865281561,31.541934255181527,0.325734641880393
2023-12-14,USDEGP,33.3427,33.4238,33.2996,33.315596705277216,-0.011913024044035825,0.012256876763126168,0.010813410734499443,0.19457188659358907,0.17165757376729093,19.457188659358906,17.165757376729093,-0.4016746645277678,31.62927883187894,0.27691572745911497
2023-12-15,USDEGP,32.9123,32.9345,32.8981,32.911226966326446,-0.01213755054510901,0.011492315350208969,0.01106399191771956,0.1824348504298986,0.17563542673148738,18.24348504298986,17.56354267314874,-0.4043697389507699,31.70835978069233,0.25002450809497034
2023-12-18,USDEGP,32.8659,32.9106,32.8506,32.91050601218254,-2.1906024489593e-05,0.009389928412671915,0.010924614262711217,0.14906049245177622,0.17342287505065876,14.906049245177622,17.342287505065876,-0.000720954143908159,31.77512318981677,0.21055459691452505
2023-12-19,USDEGP,32.2336,32.2599,32.077,32.20593859019063,-0.02140858672094259,0.008955744477633708,0.011737366402817547,0.14216803615955312,0.18632491529220002,14.216803615955312,18.63249152922,-0.7045674219919107,31.81874678346767,0.13728851148837595
2023-12-20,USDEGP,32.2022,32.2936,32.1346,32.16987767739174,-0.0011196976202976217,0.009136577608006142,0.011666899877264622,0.14503867311015378,0.18520629387799312,14.503867311015378,18.52062938779931,-0.03606091279888801,31.852299880814424,0.1054507192727927
2023-12-21,USDEGP,32.3347,32.3666,32.2339,32.36274074538674,0.005995144586158574,0.010079442171893523,0.011689044436230136,0.1600061840465221,0.18555782785348884,16.000618404652208,18.555782785348885,0.19286306799499897,31.89382959336352,0.13038214730016762
2023-12-22,USDEGP,32.6393,32.775,32.6109,32.65753603992022,0.009109095451858451,0.011000156936114619,0.01138557936737298,0.17462207781384903,0.1807404692307421,17.462207781384905,18.07404692307421,0.2947952945334791,31.92701763460908,0.10405787473217742
2023-12-25,USDEGP,33.1489,33.2167,33.0071,33.16374695822072,0.015500585153813029,0.012673502427479548,0.011142946075446497,0.20118561397970572,0.17688878512940764,20.118561397970574,17.688878512940764,0.5062109183005035,31.99511420830928,0.21328823906929806
2023-12-26,USDEGP,33.1291,33.1812,33.0431,33.132544468163715,-0.0009408614200413501,0.011636316219025103,0.010913283706906257,0.18472079335468697,0.1732430080534024,18.472079335468695,17.32430080534024,-0.03120249005700515,32.07277180093627,0.24271703523666144
2023-12-27,USDEGP,33.2009,33.2282,33.1319,33.21937214635929,0.0026206160616188967,0.01163988670711308,0.010913065904473563,0.1847774730959264,0.1732395505469713,18.47774730959264,17.32395505469713,0.08682767819557569,32.15036534935914,0.24192966203377964
2023-12-28,USDEGP,33.2778,33.3452,33.1502,33.29600723574018,0.0023069397291208826,0.005964648960979109,0.010772213718055635,0.09468586685130316,0.171003591405682,9.468586685130315,17.1003591405682,0.07663508938088626,32.237498718157916,0.27101828502396064
2023-12-29,USDEGP,33.1732,33.2174,33.0901,33.10940291289292,-0.005604405402908408,0.0068754828410673525,0.01075070673851235,0.10914490644573627,0.1706621786897399,10.914490644573627,17.06621786897399,-0.18660432284725914,32.30675548192101,0.21483293219670685
2024-01-01,USDEGP,32.5726,32.6563,32.5085,32.58034077319598,-0.01597921113494083,0.010132765236381833,0.010990867892046657,0.16085266145320165,0.17447461881072093,16.085266145320166,17.447461881072094,-0.5290621396969399,32.369919604456136,0.19551366763050915
2024-01-02,USDEGP,33.3795,33.4276,33.2787,33.3996905345169,0.02514859396421687,0.013519270598338254,0.011762130777790076,0.21461176746114247,0.1867180375575076,21.461176746114248,18.67180375575076,0.8193497613209217,32.46020689164965,0.2789234211786118
2024-01-03,USDEGP,33.7258,33.7674,33.6651,33.72302010933914,0.009680615887386557,0.012803409659423793,0.011632117641427716,0.20324782735510527,0.1846541430015896,20.324782735510528,18.46541430015896,0.3233295748222389,32.569690423952785,0.33728538043082956
2024-01-04,USDEGP,33.9277,33.9459,33.8451,33.84583780097495,0.003641954108428047,0.012717301517596698,0.011426669864637163,0.20188090298031106,0.18139276065279614,20.188090298031106,18.139276065279613,0.12281769163580947,32.66802501731862,0.3019205650585999
2024-01-05,USDEGP,34.1682,34.1818,34.122,34.13945034871559,0.008674997187754219,0.012882764451074974,0.011468058267770382,0.20450754561940748,0.18204978118391163,20.450754561940748,18.204978118391164,0.2936125477406435,32.77436926093512,0.3255300666634042
2024-01-08,USDEGP,34.6727,34.8862,34.6542,34.70926617627001,0.01669083191832521,0.013692846289776578,0.011626266455522385,0.2173671961402938,0.18456125830490774,21.73671961402938,18.456125830490773,0.5698158275544216,32.904098133477454,0.3958241621966563
2024-01-09,USDEGP,34.7954,34.8946,34.7137,34.77479120987654,0.0018878253799363698,0.012901230759073182,0.011598331375895802,0.20480068917098818,0.18411780266362737,20.48006891709882,18.411780266362737,0.0655250336065265,33.02705870705373,0.3736937966738463
2024-01-10,USDEGP,34.9797,35.0121,34.9759,34.98223226204824,0.005965270960786917,0.008146654478003628,0.011580799111593059,0.1293241305958099,0.18383948659603788,12.932413059580991,18.38394865960379,0.20744105217170272,33.148801183956394,0.3686143473522696
2024-01-11,USDEGP,34.8566,34.9163,34.7584,34.794149469379285,-0.005376523466542937,0.006913678144774893,0.011492811427528523,0.10975123809490069,0.18244272541321022,10.975123809490068,18.24427254132102,-0.18808279266895767,33.272799453810585,0.3740656235683204
2024-01-12,USDEGP,34.209,34.2809,34.1091,34.151356724565375,-0.0184741617374381,0.011197265574883302,0.012122559800696769,0.17775108045051544,0.19243967091691427,17.775108045051542,19.243967091691427,-0.6427927448139101,33.364893329974485,0.27678427326724986
2024-01-15,USDEGP,34.3048,34.4031,34.1869,34.31772799870044,0.004871586083003088,0.011239471177621698,0.01211300904262266,0.1784210736231917,0.19228805733273688,17.84210736231917,19.22880573327369,0.16637127413506647,33.45610633467473,0.27338017777596146
2024-01-16,USDEGP,34.2514,34.3696,34.1778,34.20054087950248,-0.0034147691596132512,0.010974716961453608,0.011317020695737036,0.17421823073597212,0.1796521340585482,17.421823073597213,17.965213405854822,-0.11718711919795766,33.515717435333826,0.17817704207054863
2024-01-17,USDEGP,34.2676,34.3748,34.2502,34.33274878820076,0.003865667188249544,0.008596575737679002,0.010845816741056318,0.13646640917178163,0.17217200317329626,13.646640917178162,17.217200317329624,0.1322079086982768,33.55904713901215,0.12928174299693396
2024-01-18,USDEGP,34.5573,34.6552,34.472,34.59896034314721,0.007753866624216954,0.009246089927434791,0.0106194996061172,0.14677712728639022,0.16857933003440692,14.677712728639023,16.857933003440692,0.26621155494645166,33.59498445718059,0.10708682525928381
2024-01-19,USDEGP,34.8598,34.9203,34.8559,34.884776049638475,0.00826081777188059,0.00955683924854772,0.010480210851090199,0.151710119828872,0.16636818959703145,15.171011982887201,16.636818959703145,0.2858157064912632,33.62619289488002,0.09289612185774399
2024-01-22,USDEGP,34.9345,34.9707,34.86,34.881791818306894,-8.554537736849e-05,0.00929964039002462,0.010262909712481505,0.14762721452602115,0.16291864096281278,14.762721452602115,16.291864096281277,-0.0029842313315810998,33.66903230991708,0.12739894513476013
2024-01-23,USDEGP,34.6427,34.7626,34.6157,34.65541943798496,-0.006489700457507075,0.005622763957255207,0.01035744617297006,0.08925861067028813,0.16441936074849878,8.925861067028814,16.441936074849878,-0.22637238032193352,33.70479561840735,0.10622018524641952
2024-01-24,USDEGP,34.9607,35.0341,34.9416,34.96151867234995,0.008832651265778146,0.00612410860080445,0.01044122112088936,0.09721721015808187,0.1657492468182499,9.721721015808187,16.57492468182499,0.30609923436499287,33.74627052849219,0.12305343890643972
2024-01-25,USDEGP,34.7162,34.7831,34.667,34.7458,-0.006170174538801088,0.006646977617089376,0.010242099902460182,0.10551749847018724,0.16258829546993125,10.551749847018725,16.258829546993127,-0.21571867234995068,33.79394397164961,0.1412702571597313
2024-01-26,USDEGP,34.6404,34.7517,34.6139,34.67315901158279,-0.002090640837661306,0.006790025823463018,0.009942266774975853,0.10778831834753824,0.15782859212907768,10.778831834753824,15.782859212907768,-0.07264098841721278,33.852675039824824,0.17379169541289485
2024-01-29,USDEGP,35.1113,35.1487,35.0778,35.092910242913085,0.012105941405283316,0.007614719973351417,0.01011127758870452,0.12087993211730541,0.16051155562111796,12.087993211730542,16.051155562111795,0.4197512313302951,33.92542184751584,0.21489234633729204
2024-01-30,USDEGP,34.8803,35.0052,34.716,34.80898452198439,-0.008090686094808341,0.007895456819491276,0.009299119271561641,0.12533649138973743,0.14761894202688128,12.533649138973743,14.761894202688127,-0.2839257209286927,34.0121900452423,0.2557615882168074
2024-01-31,USDEGP,34.8217,34.9331,34.8056,34.83184863426339,0.0006568451390633889,0.007903549135860685,0.009280015501163542,0.12546495292960091,0.147315679073419,12.546495292960092,14.7315679073419,0.022864112278995208,34.10092241047135,0.2608840098535792
2024-02-01,USDEGP,34.3958,34.4698,34.3129,34.362472427271186,-0.01347548939824239,0.009172522911407124,0.009712066745193246,0.14560928711175236,0.15417427994545105,14.560928711175237,15.417427994545104,-0.4693762069922016,34.167580133200836,0.1954719052086995
2024-02-02,USDEGP,34.8258,34.9063,34.7757,34.85406014320422,0.014305947192056356,0.010328345964986087,0.00988715788742573,0.1639574092679437,0.15695376566015543,16.39574092679437,15.695376566015543,0.4915877159330364,34.2407976033103,0.2142893053123096
2024-02-05,USDEGP,34.8758,34.9424,34.8394,34.88963006592451,0.0010205388575719176,0.010010819277605762,0.009564619874983684,0.15891682937133675,0.15183363344443515,15.891682937133675,15.183363344443515,0.03556992272028481,34.29832704023376,0.16801430150650276
2024-02-06,USDEGP,34.5827,34.5975,34.5665,34.582472275999656,-0.008803698673344296,0.01061835669410844,0.009746521285549974,0.16856118686873325,0.1547212288173767,16.856118686873327,15.472122881737672,-0.307157789924851,34.346657967161626,0.14091336545707378
2024-02-07,USDEGP,34.7017,34.7701,34.6666,34.73899465621878,0.004526061033749418,0.009462923728546258,0.009760445979807603,0.1502192571678329,0.15494227648590647,15.02192571678329,15.494227648590646,0.15652238021912268,34.397312050823615,0.14747893000366386
2024-02-08,USDEGP,35.153,35.2384,35.074,35.10520454039078,0.010541752511725067,0.009881365534716809,0.009897644589660937,0.15686181491151274,0.15712023689728066,15.686181491151274,15.712023689728067,0.36620988417200095,34.457618627645296,0.1753235157810451
2024-02-09,USDEGP,35.2402,35.2615,35.1707,35.18739826474382,0.00234135437833638,0.00988493463010423,0.00979813749162598,0.15691847254431626,0.15554061068676334,15.691847254431627,15.554061068676333,0.08219372435303995,34.52688513937366,0.20101943920405319
2024-02-12,USDEGP,34.9738,34.9773,34.9185,34.962814117309044,-0.006382516426620799,0.008337080046138987,0.009333957682855599,0.13234704277513598,0.14817198466101966,13.234704277513599,14.817198466101967,-0.22458414743477562,34.606300917510765,0.23001141810659043
2024-02-13,USDEGP,35.2679,35.3343,35.2066,35.31594210261383,0.010100101900263336,0.00744932851505346,0.008429675900290218,0.11825442411152119,0.13381695639025457,11.82544241115212,13.381695639025457,0.35312798530478773,34.67017596978066,0.18457636492887897
2024-02-15,USDEGP,35.1619,35.2606,35.1546,35.19189294015314,-0.003512554248170874,0.007730870614435835,0.008353330327762965,0.12272376638288597,0.13260500799860683,12.272376638288597,13.260500799860683,-0.1240491624606932,34.71913839747446,0.14122347615563857
2024-02-16,USDEGP,34.8416,34.9114,34.7711,34.8261,-0.010394238831517355,0.00809089709655483,0.008615635376298687,0.12843900960539179,0.1367689715549803,12.843900960539179,13.67689715549803,-0.3657929401531419,34.75181380410863,0.09411352971981923
2024-02-19,USDEGP,35.1085,35.1568,34.9701,35.10011630407088,0.007868130628203573,0.008423262818737242,0.008592038533717674,0.13371515187669405,0.13639438329180611,13.371515187669406,13.639438329180612,0.2740163040708836,34.78383600262047,0.09214540194173448
2024-02-20,USDEGP,34.7124,34.7911,34.6572,34.69325687951936,-0.011591398188738555,0.008619256368872103,0.008354951859329548,0.13682645303007115,0.13263074901421615,13.682645303007115,13.263074901421614,-0.40685942455152,34.78330235939544,-0.0015341701386395457
2024-02-21,USDEGP,34.9296,35.0024,34.8655,34.952843593835205,0.007482339153608963,0.009214784670690286,0.008459892494569863,0.1462801717419403,0.13429662995384223,14.62801717419403,13.429662995384223,0.25958671431584435,34.78923743886074,0.01706301317792036
2024-02-22,USDEGP,34.9432,35.0699,34.9255,34.971772192424204,0.0005415467424898512,0.008896648322635179,0.008390212824628889,0.1412299137821557,0.13319049948523695,14.122991378215572,13.319049948523695,0.018928598588999535,34.788888769873274,-0.001002232337155018
2024-02-23,USDEGP,34.8939,34.9844,34.8054,34.91074940586471,-0.0017449154770804443,0.007719702952017047,0.00833562673012222,0.12254648523796977,0.13232397209859548,12.254648523796977,13.232397209859547,-0.06102278655949078,34.792775434422786,0.011172143425519643
2024-02-26,USDEGP,34.973,35.0323,34.9335,35.02225431009632,0.0031939991586911187,0.007860784000000332,0.007570276933711394,0.12478607744397861,0.1201744207349337,12.478607744397861,12.01744207349337,0.11150490423160875,34.82180535394048,0.08343663060859097
2024-02-28,USDEGP,35.0187,35.0711,34.9341,34.99664705660647,-0.0007311709081636586,0.006617271398134147,0.007537125489452587,0.10504592686370183,0.11964815787226517,10.504592686370183,11.964815787226517,-0.025607253489852155,34.844435989204015,0.06498983907785583
2024-03-01,USDEGP,35.0622,35.0822,35.0571,35.05758341083272,0.0017412054968490853,0.005877590873408847,0.00749920811779053,0.09330386255533639,0.1190462382575431,9.33038625553364,11.90462382575431,0.06093635422624999,34.87300407358169,0.0819875069481002
2024-03-04,USDEGP,35.4208,35.4323,35.3551,35.387065045441815,0.009398298529250226,0.0041823608943238845,0.007642522442602751,0.06639292091701615,0.12132128263414071,6.639292091701615,12.13212826341407,0.3294816346090954,34.90814794882306,0.10077673597379544
2024-03-05,USDEGP,35.2654,35.4235,35.1737,35.239846198913455,-0.004160244607438135,0.004340603837729502,0.007590826566585486,0.06890494976690895,0.12050063604364486,6.890494976690895,12.050063604364485,-0.1472188465283608,34.92951081068193,0.06119735108891522
2024-03-06,USDEGP,35.3285,35.3301,35.2912,35.32787413471542,0.0024979659475552474,0.004355830589973631,0.00746316207927698,0.06914666696518791,0.11847402513560763,6.9146666965187915,11.847402513560763,0.08802793580196777,34.94428074685117,0.04228497859386504
2024-03-07,USDEGP,35.3567,35.4091,35.333,35.363056584537574,0.0009958835815591094,0.004137829758082102,0.007463109223631353,0.0656860110444468,0.11847318607824535,6.56860110444468,11.847318607824535,0.035182449822151796,34.960322905725526,0.045907823917090695
2024-03-08,USDEGP,35.4574,35.4617,35.3702,35.41346866203087,0.0014255576967105998,0.00409572446499514,0.007347087759800297,0.06501761023812126,0.11663140243798946,6.501761023812127,11.663140243798946,0.05041207749329857,34.98559121319372,0.07227709977488672
2024-03-11,USDEGP,35.2948,35.401,35.176,35.3688,-0.0012613467056042937,0.004150454224582544,0.007193586803138874,0.06588641823721701,0.11419465029396968,6.5886418237217015,11.419465029396967,-0.0446686620308725,34.99916725744872,0.03880467296455414
2024-03-12,USDEGP,34.5013,34.5176,34.4774,34.5102437355449,-0.024274396203860515,0.01058262949843602,0.008419640103965932,0.16799403521998746,0.13365764306255923,16.799403521998745,13.365764306255922,-0.8585562644551032,34.99131538196688,-0.02243446372333091
2024-03-13,USDEGP,34.1858,34.2437,34.148,34.207964202010274,-0.00875912485147945,0.009429277833301672,0.008558367508611952,0.14968514513910108,0.135859872338896,14.968514513910108,13.585987233889599,-0.3022795335346231,34.97580888831447,-0.044315263610816835
2024-03-14,USDEGP,34.3481,34.3657,34.274,34.307188227643806,0.0029006118296774908,0.009875102267343517,0.008253579905110275,0.15676238862432615,0.13102151912953122,15.676238862432616,13.102151912953122,0.09922402563353216,34.94961815447216,-0.07488242495244934
2024-03-15,USDEGP,33.9296,33.9501,33.862,33.891175028014985,-0.012126123448776505,0.00987198686305524,0.008409239436393599,0.1567129331144449,0.13349253758336654,15.67129331144449,13.349253758336655,-0.41601319962882144,34.91902450467318,-0.0875364350584884
2024-03-18,USDEGP,34.1355,34.3104,34.0137,34.088492077003934,0.005822077541597359,0.010575017279384931,0.008493734628035992,0.16787319498878028,0.13483385716776564,16.787319498878027,13.483385716776564,0.19731704898894975,34.89424595276453,-0.07096003470926648
2024-03-19,USDEGP,34.4445,34.5441,34.3549,34.415486232261046,0.009592508654194809,0.011804524968846573,0.008338526132097776,0.1873910244769231,0.13236999867806426,18.73910244769231,13.236999867806427,0.3269941552571112,34.89601307959752,0.0050642356203667305
2024-03-20,USDEGP,34.6791,34.8283,34.6095,34.71887826763172,0.00881556730952937,0.012771176397175194,0.008071626979764329,0.20273614017998057,0.12813310598481478,20.273614017998057,12.813310598481479,0.3033920353706776,34.89150701707844,-0.012912829063893572
2024-03-21,USDEGP,34.9968,35.0038,34.9288,34.9654,0.007100509713129588,0.008763349408399974,0.008176327021352679,0.13911385911954802,0.12979516761862014,13.911385911954802,12.979516761862014,0.24652173236827934,34.89403268154762,0.007238622476091194
2024-03-22,USDEGP,34.952,35.0128,34.9071,34.97641518219796,0.0003150309219388525,0.00750322943130286,0.008001354799319831,0.11911007463052779,0.1270175697035604,11.91100746305278,12.70175697035604,0.011015182197958495,34.907164111754234,0.03763230901527859
2024-03-25,USDEGP,35.3317,35.4131,35.1291,35.38053174521762,0.011553973182058419,0.008131654295324519,0.008225792190127276,0.12908601007787313,0.13058040282944466,12.908601007787313,13.058040282944466,0.4041165630196559,34.928548681387525,0.06126126306000845
2024-03-26,USDEGP,35.2981,35.3706,35.2931,35.3340423062993,-0.001313983612600711,0.004808573881759466,0.008015944375533093,0.07633374391209632,0.12724917204592506,7.633374391209633,12.724917204592506,-0.04648943891831436,34.93617660691781,0.02183865582239264
2024-03-27,USDEGP,35.266,35.2717,35.2496,35.262239084219914,-0.0020321258874642645,0.005688416733865388,0.00801632658663502,0.09030081618903664,0.12725523945906925,9.030081618903663,12.725523945906925,-0.07180322207938872,34.938671300900346,0.007140718375109323
2024-03-28,USDEGP,35.0569,35.1958,34.9854,35.13232270794797,-0.0036842917422700294,0.006050047154344788,0.007955972442087735,0.09604152114366192,0.12629714711668427,9.604152114366192,12.629714711668427,-0.12991637627194308,34.94432158725498,0.016172012684667614
2024-03-29,USDEGP,35.2374,35.3914,35.1507,35.194978340460146,0.0017834184500986616,0.005472968907793102,0.007740809113859359,0.08688068797925605,0.12288153517016479,8.688068797925604,12.288153517016479,0.06265563251217543,34.94028946184986,-0.01153871422301389
2024-04-01,USDEGP,35.1327,35.2398,35.088,35.14702302026372,-0.0013625614351152615,0.005068022089629124,0.007717902707998765,0.08045235652884336,0.12251790725014013,8.045235652884337,12.251790725014013,-0.04795532019642934,34.93879379785354,-0.004280628521835528
2024-04-02,USDEGP,35.269,35.3175,35.2541,35.27189995684403,0.0035529875889721563,0.0051683348529594185,0.007487674249709942,0.0820447722794292,0.11886314377796792,8.20447722794292,11.886314377796792,0.12487693658031418,34.95365379641501,0.042531515676946796
2024-04-03,USDEGP,35.6689,35.7084,35.6352,35.65682104076759,0.01091296710397005,0.004955909320134017,0.00761129057785576,0.0786726214875708,0.12082549215153267,7.86726214875708,12.082549215153266,0.38492108392355817,34.97221062097157,0.05308979903686506
2024-04-04,USDEGP,35.7871,35.8835,35.7687,35.905160520383795,0.006964711726047401,0.005256310727509697,0.007339484756801689,0.08344134599202992,0.11651070850707988,8.344134599202992,11.651070850707988,0.24833947961620595,35.01260740900038,0.11551110813847743
2024-04-05,USDEGP,36.2236,36.2883,36.1424,36.1535,0.006916540018675699,0.0051118878048676,0.007323417860969479,0.08114870317046127,0.11625565444280304,8.114870317046128,11.625565444280305,0.24833947961620595,35.05262928920588,0.11430705442181388
2024-04-08,USDEGP,36.1715,36.2211,36.1148,36.13778341662218,-0.0004347181705179892,0.004446080775733469,0.007328393667563378,0.07057934424897538,0.1163346429237195,7.057934424897539,11.63346429237195,-0.015716583377823667,35.09149633001247,0.11088195549016078
2024-04-09,USDEGP,36.5472,36.6543,36.4474,36.54966075298227,0.011397415597179217,0.005071070618212889,0.00754096049063689,0.08050075041982725,0.11970903662873299,8.050075041982724,11.9709036628733,0.41187733636009227,35.14612670824973,0.15567981975890266
2024-04-10,USDEGP,36.6276,36.6482,36.4714,36.643849310898666,0.0025770022477900056,0.004361739127984982,0.007537185284423305,0.06924046209832795,0.1196491070879982,6.924046209832794,11.96491070879982,0.09418855791639658,35.20017987494314,0.15379551534115965
2024-04-11,USDEGP,36.3157,36.3668,36.248,36.31775823724762,-0.008898930646842884,0.007159917162632262,0.007766003957871214,0.11366016132088903,0.1232814909196234,11.366016132088903,12.32814909196234,-0.3260910736510496,35.24421691429784,0.12510458614458653
2024-04-12,USDEGP,36.6785,36.7603,36.5831,36.6803,0.009982492872606885,0.007021934651166295,0.007927503733649342,0.11146975685719862,0.1258452203806331,11.146975685719863,12.584522038063309,0.3625417627523859,35.298307467270085,0.1534735559702627
2024-04-15,USDEGP,36.4389,36.512,36.4286,36.50466598375141,-0.004788238270913681,0.007596600602474142,0.007865457210935255,0.12059229602178012,0.12486026236772634,12.059229602178013,12.486026236772634,-0.1756340162485941,35.33556083188041,0.1055386710676176
2024-04-16,USDEGP,36.6097,36.6104,36.54,36.566349978323125,0.0016897564437152734,0.007330078112934359,0.007803667667260935,0.11636138266501166,0.12387938377060785,11.636138266501165,12.387938377060784,0.06168399457171603,35.37977762452739,0.1251339772343263
2024-04-18,USDEGP,36.3876,36.4836,36.3674,36.41355818101659,-0.004178480963976772,0.007637366294876104,0.007862186979453338,0.12123943132649381,0.12480834905234174,12.123943132649382,12.480834905234174,-0.15279179730653425,35.41596709273744,0.10228856889411553
2024-04-19,USDEGP,36.1464,36.1874,36.0833,36.10557993958777,-0.008457790361980577,0.0068243671099361206,0.008051178754251813,0.10833346936979737,0.12780850046806266,10.833346936979737,12.780850046806266,-0.30797824142882035,35.44071787123911,0.06988593149768185
2024-04-22,USDEGP,36.0965,36.1174,35.9808,36.084694335234495,-0.0005784591852068255,0.006593147492039001,0.008053473698490628,0.10466297172662643,0.12784493157843468,10.466297172662644,12.784493157843468,-0.0208856043532748,35.463092060345886,0.06313130898778496
2024-04-23,USDEGP,35.8169,35.8326,35.6225,35.764173074714336,-0.008882471264477054,0.006590352465249216,0.008234261400393772,0.10461860205186523,0.13071484737444225,10.461860205186522,13.071484737444225,-0.3205212605201595,35.47627116283637,0.03716286912618383
2024-04-24,USDEGP,35.5808,35.6568,35.5183,35.6256,-0.0038746338248851764,0.003836142333138006,0.006852434162097052,0.06089687164398155,0.10877902001011239,6.089687164398154,10.877902001011238,-0.138573074714337,35.51344970498487,0.10479833683154638
2024-04-25,USDEGP,36.2999,36.4298,36.1944,36.25815349471121,0.017755588529349886,0.009085435308692125,0.007238226052601845,0.1442268142773883,0.11490327641071925,14.422681427738828,11.490327641071925,0.6325534947112104,35.581789348074906,0.19243313070891332
2024-04-26,USDEGP,36.3989,36.4158,36.3369,36.41369804481445,0.004289919235019202,0.009261944155283478,0.007248839622041962,0.14702880535108973,0.11507176160228684,14.702880535108973,11.507176160228685,0.15554455010324375,35.652006341980595,0.19733969311885868
2024-04-29,USDEGP,36.8276,36.8752,36.8157,36.8525341038901,0.01205140050690745,0.010190315285334782,0.006960882073922676,0.16176624015801622,0.11050057723948156,16.17662401580162,11.050057723948155,0.4388360590756477,35.750718311176435,0.2768763369134897
2024-04-30,USDEGP,37.0297,37.1183,36.9391,37.06141443305402,0.005668004500723578,0.009178646863580374,0.006958646903980279,0.14570650183870001,0.11046509501664828,14.57065018387,11.046509501664827,0.20888032916391808,35.84981572304477,0.2771899882004769
2024-05-01,USDEGP,36.9912,37.0856,36.9651,37.04176883852402,-0.0005300821576975645,0.009174839513095534,0.006863416828608218,0.14564606202347832,0.10895336443603781,14.564606202347832,10.895336443603782,-0.019645594529997368,35.937358476586866,0.24419303635589973
2024-05-02,USDEGP,36.7293,36.838,36.5712,36.66557669260146,-0.010155890437157367,0.009475509984705898,0.007128147605550788,0.1504190577902475,0.11315583523708753,15.04190577902475,11.315583523708753,-0.376192145922559,36.00224842408586,0.18056404324005015
2024-05-03,USDEGP,37.0922,37.2001,37.0102,37.1415,0.01298011241957564,0.009400568662068318,0.0073548634395524835,0.14922940117451974,0.11675483752738205,14.922940117451974,11.675483752738206,0.4759233073985385,36.07478509075252,0.20147815717568296
2024-05-06,USDEGP,37.4824,37.569,37.4595,37.52797928104627,0.010405591617093313,0.008204125382310844,0.007502476693513894,0.13023645291832323,0.11909812528857552,13.023645291832322,11.909812528857552,0.3864792810462703,36.1598372273808,0.2357661630258301
2024-05-07,USDEGP,38.38,38.6307,38.3778,38.46739119629709,0.025032307447613533,0.01114222904317609,0.008418614103015377,0.1768774025949906,0.13364135580239872,17.68774025949906,13.364135580239871,0.9394119152508225,36.262732542416785,0.2845569087851718
2024-05-08,USDEGP,38.6767,38.7001,38.5999,38.6868386605945,0.0057047659711984,0.011007579953569005,0.0083970870087051,0.174739914562821,0.13329962377442978,17.4739914562821,13.329962377442978,0.21944746429741002,36.37449242089329,0.3081948618896213
2024-05-09,USDEGP,37.8755,37.9027,37.8301,37.88457827952162,-0.020737294874653256,0.0152521541842572,0.009420351450080376,0.24212044157734663,0.14954344319843624,24.212044157734663,14.954344319843624,-0.8022603810728839,36.461903727403346,0.24030935057075542
2024-05-10,USDEGP,37.5238,37.5527,37.4474,37.451305725349954,-0.011436647149002832,0.01622768818680936,0.009696333495433366,0.2576065637747894,0.153924522348374,25.76065637747894,15.3924522348374,-0.43327255417166555,36.53920316131675,0.21200054306353966
2024-05-13,USDEGP,37.0062,37.0287,36.9549,36.99312057857425,-0.01223415680446005,0.01649719761853898,0.010047405986378237,0.2618848933688469,0.15949762536755063,26.18848933688469,15.949762536755063,-0.45818514677570477,36.59914123592055,0.16403771680291168
2024-05-14,USDEGP,36.7747,36.8604,36.6963,36.80824966935834,-0.004997440235495643,0.01577532261850188,0.010107485987144737,0.25042548300220946,0.160451365812331,25.042548300220947,16.0451365812331,-0.18487090921590976,36.654515457557046,0.1512992375409805
2024-05-15,USDEGP,36.0987,36.2383,36.0325,36.14828884225958,-0.017929698723168408,0.015941401267838565,0.010706835474585756,0.2530618998275437,0.1699657439654288,25.30618998275437,16.99657439654288,-0.6599608270987574,36.68372842040422,0.07969812854571323
2024-05-16,USDEGP,36.4228,36.561,36.3711,36.37603130306893,0.006300227980448714,0.010738130181607498,0.010590179803530312,0.17046253203822173,0.16811389259760043,17.04625320382217,16.81138925976004,0.22774246080934546,36.70770209581427,0.0653523413304713
2024-05-17,USDEGP,36.5183,36.5597,36.4606,36.52605847742708,0.004124341468374926,0.010416087657805825,0.010545026125932982,0.16535026546082077,0.1673971001873853,16.535026546082076,16.739710018738528,0.15002717435815072,36.72839869438238,0.05638216882681846
2024-05-20,USDEGP,36.1533,36.2641,36.1511,36.17538110661512,-0.00960074493196894,0.008911351289113446,0.010636031252639951,0.14146331613917418,0.16884176178717666,14.146331613917418,16.884176178717667,-0.35067737081195816,36.729128064602875,0.001985848135022117
2024-05-21,USDEGP,36.2647,36.3338,36.154,36.26712902728848,0.0025361977639701827,0.009192010457967269,0.010644950998391899,0.14591864232291799,0.16898335836128214,14.5918642322918,16.898335836128215,0.09174792067336313,36.733439584958425,0.011738695097718299
2024-05-22,USDEGP,36.4488,36.4782,36.3427,36.36590137919298,0.0027234676290526227,0.008837850992806203,0.010445520260342074,0.14029653510726303,0.16581749354131073,14.029653510726304,16.581749354131073,0.0987723519044934,36.72731427249879,-0.01667503105847734
2024-05-23,USDEGP,35.535,35.6461,35.4739,35.5443,-0.02259263067965811,0.011727422421789722,0.011205019636555062,0.18616705948715062,0.17787417236352024,18.61670594871506,17.787417236352024,-0.8216013791929768,36.690662628802166,-0.09979396648686079
2024-05-24,USDEGP,36.0145,36.131,35.8614,35.97601120680028,0.012145722571559325,0.01167584803721572,0.011348329551567072,0.1853483415135265,0.18014914673670973,18.53483415135265,18.014914673670972,0.43171120680027997,36.67927106112059,-0.03104759321690409
2024-05-27,USDEGP,35.9941,36.0568,35.8625,36.04176757530984,0.0018277837454401258,0.011351704664768513,0.011191288908852936,0.18020272499777595,0.17765620381860162,18.020272499777594,17.765620381860163,0.06575636850956101,36.65798664696425,-0.05802845460279871
2024-05-28,USDEGP,35.8572,35.9646,35.8381,35.840638558049314,-0.005580442658375873,0.011175446378134854,0.011202625018957099,0.17740471144009393,0.17783615898762437,17.740471144009394,17.783615898762438,-0.20112901726052712,36.63585239944084,-0.06038042333467164
2024-05-29,USDEGP,35.4744,35.5446,35.3667,35.40708914097208,-0.012096587408034987,0.011470146388324326,0.01138875432617934,0.1820829290700712,0.1807908701392891,18.20829290700712,18.07908701392891,-0.4335494170772307,36.597210371529144,-0.10547598972281413
2024-05-30,USDEGP,35.755,35.8804,35.6784,35.79642212646983,0.010995904914623988,0.012546485613080702,0.011578596989887566,0.19916928456036775,0.1838045289977013,19.916928456036775,18.38045289977013,0.3893329854977452,36.57663916971091,-0.05620975372002679
2024-05-31,USDEGP,35.5807,35.6298,35.5155,35.53542625529001,-0.0072911161416554515,0.012516092482314318,0.011552894802267495,0.19868680856693266,0.1833965194181431,19.868680856693267,18.33965194181431,-0.2609958711798157,36.557634046900986,-0.05195972960156947
2024-06-04,USDEGP,34.7378,34.8442,34.7345,34.74477219432596,-0.022249741857151673,0.012428032278889835,0.012218527916099377,0.19728889617495501,0.19396311751979536,19.7288896174955,19.396311751979535,-0.7906540609640516,36.51296997553737,-0.12217440359055809
2024-06-05,USDEGP,35.1108,35.1477,35.0227,35.062552773054584,0.009146140805047942,0.011849869285876728,0.012270296953049795,0.18811084319431426,0.1947849255041001,18.811084319431426,19.47849255041001,0.3177805787286232,36.489582632148704,-0.06405215298654898
2024-06-07,USDEGP,34.2061,34.3166,34.1442,34.18361189948816,-0.025067794671296273,0.01396551469005734,0.013051305824137757,0.22169567280546604,0.2071830569719044,22.169567280546605,20.718305697190438,-0.878940873566421,36.44151636213165,-0.1317260065745618
2024-06-11,USDEGP,34.1568,34.1826,34.0909,34.160463286756865,-0.000677184517521523,0.014195926124783858,0.01254775409664485,0.2253533409385378,0.1991894211126852,22.53533409385378,19.91894211126852,-0.023148612731297646,36.37159335519984,-0.19187732540260072
2024-06-12,USDEGP,34.591,34.6936,34.5671,34.6279,0.01368355895291229,0.015827582694779813,0.012821967271852945,0.2512550859941815,0.20354242031959321,25.12550859941815,20.35424203195932,0.4674367132431314,36.31206675370603,-0.1636623419614458
2024-06-13,USDEGP,34.5209,34.5336,34.4076,34.491,-0.003953459493645228,0.014572839999498028,0.012564975965307566,0.23133666320763852,0.19946280980224537,23.13366632076385,19.946280980224536,-0.13689999999999714,36.23334895024302,-0.21678139114726935
2024-06-14,USDEGP,34.5507,34.5953,34.4786,34.54346008118415,0.001520978840397591,0.01474186588173591,0.01249888197540764,0.23401986590484686,0.19841360023965807,23.401986590484686,19.841360023965805,0.05246008118415091,36.14941713851402,-0.23164243483058122
2024-06-17,USDEGP,34.5919,34.6354,34.5906,34.6056389884767,0.001800019660636698,0.012376926174405433,0.0125172726085412,0.19647761191729693,0.1987055424900046,19.647761191729693,19.87055424900046,0.06217890729254805,36.06821281017912,-0.22463523553850617
2024-06-18,USDEGP,34.6067,34.6366,34.3952,34.5923236287184,-0.0003847742780515029,0.011640361855883888,0.012429643524071238,0.18478501584882628,0.19731447389926188,18.47850158488263,19.73144738992619,-0.013315359758301781,35.999104374716346,-0.1916048234119061
2024-06-19,USDEGP,34.4766,34.5965,34.4546,34.53811162646448,-0.0015671685671011515,0.005715023196799681,0.01211025258213148,0.09072318069418384,0.19224429987898625,9.072318069418383,19.224429987898624,-0.05421200225391942,35.912324762265165,-0.2410604762493218
2024-06-20,USDEGP,34.4343,34.465,34.3688,34.40800625096286,-0.0037670089467752854,0.0060213155743374484,0.011869612096796489,0.09558542145082166,0.18842425060156462,9.558542145082166,18.84242506015646,-0.13010537550161416,35.80832566126238,-0.2895916699663603
2024-06-21,USDEGP,34.5947,34.6705,34.4912,34.60619767098936,0.0057600378987652245,0.0034425230653943673,0.010781848594543618,0.05464835948182344,0.17115654032828215,5.464835948182344,17.115654032828214,0.1981914200264967,35.67961921041879,-0.3594316362655947
2024-06-24,USDEGP,34.432,34.5486,34.3905,34.478156672474405,-0.003699944146776102,0.003396056258226006,0.010641908799489518,0.05391072178590338,0.16893506495087518,5.3910721785903375,16.893506495087518,-0.12804099851495465,35.53932981081479,-0.3931919754430413
2024-06-25,USDEGP,34.4964,34.6416,34.3813,34.45345596109865,-0.0007164162402997221,0.003328361753700191,0.010158395156422752,0.052836104841297124,0.1612595238205061,5.283610484129713,16.12595238205061,-0.024700711375757578,35.42495906686735,-0.3218145771354264
2024-06-27,USDEGP,35.5435,35.6388,35.5387,35.56058883754767,0.032134160291469316,0.012823807058833774,0.011893307032156818,0.20357162603249288,0.1888003960393357,20.357162603249286,18.88003960393357,1.1071328764490218,35.361935170607275,-0.17790816960752132
2024-07-01,USDEGP,34.9427,34.9635,34.8356,34.933799473422255,-0.017625955717122443,0.015228824989260332,0.012097641357222435,0.24175010208785236,0.19204410288996282,24.175010208785235,19.204410288996282,-0.6267893641254147,35.29329113376888,-0.1941184398060014
2024-07-02,USDEGP,34.9926,35.0141,34.925,34.9386,0.00013741782028020566,0.015185124629678698,0.012087700139577526,0.24105638038590974,0.19188629095225726,24.105638038590975,19.188629095225725,0.004800526577746211,35.230969478123605,-0.176582159507499
2024-07-03,USDEGP,35.1203,35.2444,35.0355,35.114942556648856,0.00504721301508515,0.015016287951121638,0.01174469844560979,0.23837618120402093,0.18644130786318217,23.837618120402094,18.644130786318218,0.176342556648855,35.19652460193658,-0.09776874351531406
2024-07-04,USDEGP,34.7375,34.7599,34.6749,34.73451524068381,-0.010833772982864032,0.015798341864864368,0.011798984480030559,0.2507909022096691,0.18730307194362966,25.07909022096691,18.730307194362965,-0.38042731596504353,35.14180739985707,-0.15546194602548136
2024-07-05,USDEGP,34.8558,34.9578,34.7999,34.887921456708085,0.0044165353960257114,0.01572486458827231,0.01180388192904137,0.24962448660440772,0.187380816536477,24.96244866044077,18.7380816536477,0.15340621602427262,35.08720283249977,-0.15538349162292908
2024-07-08,USDEGP,35.5999,35.6182,35.569,35.605425388727845,0.02056596959810575,0.017151287411695325,0.0123584593662526,0.2722682469356311,0.19618446042600773,27.226824693563113,19.618446042600773,0.7175039320197598,35.0682043085702,-0.054146590197756694
2024-07-09,USDEGP,35.8295,35.9239,35.7925,35.84,0.006588170446249597,0.012447062111226342,0.012414298214036557,0.19759098539807693,0.19707087465440415,19.75909853980769,19.707087465440416,0.2345746112721585,35.05396667432725,-0.04059983829702851
2024-07-10,USDEGP,35.0872,35.156,35.0783,35.08209167902571,-0.021146995562898896,0.013370811369028587,0.012965231463710324,0.2122550502576283,0.20581666886020483,21.225505025762832,20.581666886020482,-0.7579083209742947,35.011173017655004,-0.12207935572549067
2024-07-11,USDEGP,35.3169,35.3605,35.2892,35.3079319989466,0.006437481607059148,0.013539014587695805,0.012377036703610254,0.2149251935755128,0.19647936651402834,21.49251935755128,19.647936651402834,0.22584031992089137,35.003294084286566,-0.022504054247096672
2024-07-12,USDEGP,35.5834,35.6896,35.5766,35.59374907095638,0.00809498194395264,0.013716858360781962,0.012259832413170472,0.217748375950357,0.19461880608346765,21.774837595035702,19.461880608346764,0.28581707200977746,34.990552013091765,-0.03640249161727116
2024-07-15,USDEGP,35.2457,35.2507,35.1905,35.22759143160277,-0.010287133244201718,0.013632799505293666,0.012386764953982355,0.2164139829876685,0.19663379770108644,21.641398298766852,19.663379770108644,-0.36615763935360945,34.96341280830153,-0.07756152226487956
2024-07-16,USDEGP,34.5701,34.6427,34.4901,34.5553,-0.019084229272616438,0.01570253957732831,0.012808878999769756,0.24927008804256004,0.20333465044145121,24.927008804256005,20.33346504414512,-0.6722914316027655,34.920568189699885,-0.12254129434260408
2024-07-17,USDEGP,34.3906,34.4948,34.3404,34.37053624531072,-0.0053469006111735995,0.012407900797166064,0.012668248353106313,0.19696931880996896,0.20110220813473723,19.696931880996896,20.110220813473724,-0.18476375468928552,34.886016426511176,-0.09894387456989007
2024-07-18,USDEGP,34.7349,34.7978,34.6456,34.77243378091352,0.011693083073664345,0.013316743774180809,0.012691464962718748,0.2113967537979006,0.20147076038666067,21.13967537979006,20.147076038666068,0.4018975356028065,34.85188348165929,-0.09784133686855379
2024-07-19,USDEGP,34.7897,34.8161,34.7734,34.78687640943659,0.0004153470710177576,0.011054202171000668,0.01263528414617122,0.17548001932018836,0.20057891757243684,17.548001932018835,20.057891757243684,0.01444262852306366,34.826931820130845,-0.07159343781686367
2024-07-22,USDEGP,34.8602,34.8609,34.7405,34.8092885677278,0.0006442705009619409,0.010598601091993851,0.011957833873814135,0.16824757640756,0.18982472789481794,16.824757640756,18.982472789481793,0.02241215829121046,34.829082365910914,0.006174950441151239
2024-07-23,USDEGP,34.5339,34.6368,34.3356,34.45146806859555,-0.010279454532259091,0.009942088918136796,0.011978754055598567,0.157825768739287,0.19015682548512114,15.7825768739287,19.015682548512114,-0.3578204991322451,34.808712875762275,-0.058484142460712985
2024-07-24,USDEGP,34.5412,34.5556,34.5145,34.54244219074564,0.0026406457329757327,0.009911652929947863,0.011052917881527425,0.15734261240536052,0.17545963185684266,15.734261240536052,17.545963185684265,0.0909741221500866,34.82067388547086,0.03436211431107061
2024-07-25,USDEGP,34.6374,34.6473,34.5353,34.64516077349867,0.0029736919638110315,0.0069079076142862725,0.011060665160828709,0.10965963376326585,0.17558261610305398,10.965963376326584,17.558261610305397,0.10271858275302748,34.83683046836225,0.04639939750887834
2024-07-26,USDEGP,34.648,34.7005,34.5725,34.627143780270146,-0.0005200435739441955,0.006466428418961406,0.01077854716358404,0.10265136880423481,0.17110413173654399,10.265136880423482,17.110413173654397,-0.018016993228521017,34.836805261037924,-7.235825988383127e-05
2024-07-29,USDEGP,34.3811,34.4435,34.2969,34.37188916569973,-0.007371518026151991,0.005128306397592967,0.010840271043150735,0.08140934024983512,0.17208396794826947,8.140934024983512,17.208396794826946,-0.2552546145704184,34.83283489989458,-0.011397029990534158
2024-07-30,USDEGP,34.7254,34.8555,34.5989,34.72965248050099,0.010408602014179591,0.006886263878314849,0.011005122675400447,0.10931605010632947,0.17470090648120432,10.931605010632946,17.470090648120433,0.3577633148012609,34.83904131320514,0.01781770943536376
2024-07-31,USDEGP,34.4116,34.6059,34.3251,34.44637919851746,-0.008156525094587974,0.007480991480475533,0.011106046291263903,0.11875705810518705,0.17630301921513306,11.875705810518705,17.630301921513304,-0.28327328198352575,34.83373265353983,-0.015237674359591669
2024-08-01,USDEGP,34.536,34.5763,34.5225,34.54611348935673,0.0028953490369623136,0.006487162386539199,0.011119226774386062,0.10298051033564992,0.17651225289813854,10.298051033564992,17.651225289813855,0.09973429083926533,34.83219231556111,-0.004421972213097813
2024-08-02,USDEGP,34.718,34.799,34.5674,34.70620152023519,0.004634038816776931,0.006643274845176597,0.011146407172246244,0.1054587187883304,0.17694372833778155,10.54587187883304,17.694372833778154,0.16008803087846246,34.837795312020134,0.016085684209210527
2024-08-05,USDEGP,35.3983,35.4598,35.3039,35.4195,0.020552479053316253,0.010081235663495757,0.011716103606655112,0.16003465484307006,0.18598737886725805,16.003465484307007,18.598737886725804,0.7132984797648092,34.87151177032137,0.09678126299113021
2024-08-06,USDEGP,35.2556,35.3136,35.2225,35.29622169891697,-0.003480520647751284,0.010322808850135017,0.01170899180798401,0.1638695102946833,0.1858744825633095,16.38695102946833,18.587448256330948,-0.12327830108302607,34.89451257125229,0.06595871461614333
2024-08-07,USDEGP,35.4198,35.44,35.375,35.415591019497256,0.003381929136736739,0.009310249514369253,0.011688088532050512,0.14779562915388553,0.1855426533450699,14.779562915388553,18.55426533450699,0.11936932058028304,34.92576038281972,0.08954935680394183
2024-08-08,USDEGP,35.1471,35.1662,35.1129,35.1528,-0.007420207087680208,0.0097929625962786,0.011784934543460754,0.15545846176986364,0.18708003611503005,15.545846176986364,18.708003611503006,-0.26279101949725714,34.9490718507831,0.06674577076595245
2024-08-09,USDEGP,34.8998,34.9519,34.7324,34.91841493140107,-0.006667607376906859,0.009554634845037146,0.010249493722152099,0.1516751260080027,0.16270566871879324,15.16751260080027,16.270566871879325,-0.23438506859893238,34.927666053911544,-0.06124854177229633
2024-08-12,USDEGP,34.4303,34.4685,34.3364,34.39174690045107,-0.015082816101036234,0.011489537066626575,0.010113056179372172,0.18239074654531484,0.1605397898726627,18.239074654531485,16.05397898726627,-0.5266680309499989,34.9095976348125,-0.05173096613771966
2024-08-13,USDEGP,34.6691,34.6859,34.6638,34.6688,0.008055801886158287,0.011816635199695837,0.010232133690333444,0.1875832684318035,0.16243008675712728,18.75832684318035,16.243008675712726,0.27705309954892954,34.90060430147917,-0.02576177883059083
2024-08-14,USDEGP,34.8405,34.9181,34.7832,34.80295657602893,0.003869663098490239,0.008035932171792914,0.010213521641106888,0.12756646847488337,0.1621346296352707,12.756646847488337,16.21346296352707,0.1341565760289356,34.89020476879184,-0.029797571977541182
2024-08-15,USDEGP,34.1223,34.1937,34.0637,34.16030030565892,-0.01846556538856392,0.010082867006091577,0.010574953743188216,0.16006055160394017,0.16787218638292573,16.006055160394016,16.787218638292572,-0.6426562703700114,34.87106427095768,-0.05485923043729857
2024-08-16,USDEGP,34.5273,34.659,34.4656,34.55592251013845,0.011581344453637454,0.011538395008480248,0.010768976800512043,0.18316634232760648,0.1709522069326734,18.31663423276065,17.09522069326734,0.39562220447952967,34.85999763940536,-0.03173585832176862
2024-08-19,USDEGP,34.8246,34.8372,34.7334,34.808451963999445,0.007307848713542731,0.012025676919083147,0.010138318026759643,0.19090170285062055,0.1609408092677346,19.090170285062054,16.09408092677346,0.2525294538609941,34.83343185858108,-0.07620706432363011
2024-08-20,USDEGP,34.7211,34.7383,34.6601,34.706479538591125,-0.0029295306069280214,0.011831252730521779,0.010050780685058392,0.1878153145398871,0.15955119704829543,18.78153145398871,15.955119704829542,-0.10197242540832008,34.79564784320078,-0.10847055074474365
2024-08-21,USDEGP,35.0465,35.1048,34.9468,34.9813278837055,0.007919222830098827,0.010301522021836425,0.00942535381606924,0.16353159237140685,0.14962285329667702,16.353159237140684,14.9622853296677,0.2748483451143713,34.79228905002344,-0.009652911744817416
2024-08-22,USDEGP,35.2069,35.2929,35.0607,35.15824008509529,0.005057332356791289,0.01009107388894679,0.009395904347836829,0.16019083183038377,0.14915535748156067,16.019083183038376,14.915535748156067,0.1769122013897899,34.78729931956173,-0.014341483696389545
2024-08-23,USDEGP,35.0433,35.0827,35.0167,35.06572831541276,-0.0026312969437211065,0.010194169208321089,0.0092766785501135,0.1618274192887788,0.14726270661772536,16.18274192887788,14.726270661772537,-0.09251176968252395,34.76969862771028,-0.05059516603969083
2024-08-26,USDEGP,35.6635,35.7602,35.6392,35.65714062386657,0.01686582132657022,0.007182617725122931,0.009603317288122706,0.11402052157871857,0.1524479358337194,11.402052157871857,15.24479358337194,0.5914123084538048,34.78401693411907,0.04118041563174746
2024-08-27,USDEGP,36.2191,36.3309,36.1641,36.18688343265512,0.014856570087226295,0.0076833088924710856,0.009214196695405477,0.12196874745341763,0.14627083792365636,12.196874745341763,14.627083792365635,0.529742808788555,34.83840304854091,0.15635374869109597
2024-08-28,USDEGP,36.1926,36.3003,36.1489,36.19755273398485,0.00029483891171744325,0.008030361405299063,0.00912508765650471,0.1274780352983549,0.1448562757846599,12.747803529835492,14.48562757846599,0.010669301329727432,34.89930359816338,0.1748086717339392
2024-08-29,USDEGP,36.2942,36.3125,36.2445,36.26661241308168,0.0019078549205895357,0.007349993144297243,0.008930907078789989,0.1166775239870411,0.14177375467622788,11.66775239870411,14.177375467622788,0.06905967909683142,34.949109552568984,0.14271331880739702
2024-08-30,USDEGP,36.5687,36.7175,36.4259,36.60020647040167,0.00919837931153622,0.007411894839105933,0.009039395342167276,0.11766018292822437,0.14349595246662133,11.766018292822437,14.349595246662133,0.33359405731999203,35.00955388793448,0.17294957193281224
2024-09-02,USDEGP,36.0574,36.0589,35.9783,36.0380895714386,-0.015358298577295093,0.011150988021181255,0.009562957337868255,0.17701644706023512,0.1518072414859181,17.70164470602351,15.180724148591809,-0.562116898963076,35.05051392139151,0.11699673063001459
2024-09-03,USDEGP,36.4773,36.5237,36.4138,36.50475210571947,0.012949147411263295,0.011256557184218476,0.009541695318196958,0.17869230556931742,0.15146971738739082,17.869230556931743,15.146971738739081,0.46666253428087145,35.11895672262897,0.1952690376836097
2024-09-04,USDEGP,36.9148,36.9372,36.8234,36.82544818433723,0.00878505016796205,0.010309009955766854,0.00962207047443135,0.16365045963748842,0.1527456334372958,16.36504596374884,15.27456334372958,0.3206960786177646,35.19505692241536,0.21669265515895653
2024-09-05,USDEGP,36.4204,36.5106,36.2934,36.36945183497971,-0.01238264221727714,0.010941090288260753,0.009980211972111193,0.17368442384785168,0.1584309534594943,17.36844238478517,15.843095345949429,-0.45599634935752675,35.2525332911314,0.1633080714793067
2024-09-06,USDEGP,37.1542,37.1793,37.064,37.09847948551031,0.020045054674963092,0.013126295679473803,0.010516563789951697,0.20837348402033573,0.16694527461095462,20.837348402033573,16.69452746109546,0.7290276505306039,35.33491114797274,0.23367925408659396
2024-09-09,USDEGP,36.6168,36.7126,36.5872,36.678776701152,-0.011313207176650741,0.014307095099411362,0.010665823934736569,0.22711809370076036,0.16931470595348022,22.711809370076036,16.93147059534802,-0.4197027843583072,35.411807399154476,0.21762118166850364
2024-09-10,USDEGP,36.3332,36.4498,36.315,36.3550234322644,-0.00882671937304369,0.014355312649025228,0.010734697087088645,0.2278835235714036,0.17040803335227614,22.788352357140358,17.040803335227615,-0.32375326888760014,35.46598643087993,0.15299708121294664
2024-09-11,USDEGP,37.0332,37.1305,37.0166,37.07106849520348,0.01969590431630963,0.014572059533715946,0.011062870404754135,0.2313242736974414,0.17561762326509547,23.13242736974414,17.561762326509548,0.7160450629390738,35.5534760741028,0.2466860562115647
2024-09-12,USDEGP,37.2765,37.3751,37.2752,37.29897967831275,0.006147952901297105,0.014105784915395951,0.011082699382668261,0.22392239360102378,0.1759323985309757,22.39223936010238,17.593239853097568,0.2279111831092706,35.64523828040133,0.25809630008406526
2024-09-13,USDEGP,37.5932,37.6999,37.4946,37.63552124225849,0.009022808850222441,0.01412185149877343,0.011139048083858204,0.22417744270523554,0.17682690643127616,22.417744270523553,17.682690643127614,0.33654156394574386,35.742882271135436,0.2739327760022059
2024-09-16,USDEGP,37.8389,38.0191,37.6933,37.90704926625067,0.007214674196867277,0.012349458669820106,0.010660492226648435,0.19604157879968714,0.16923006771149385,19.604157879968714,16.923006771149385,0.27152802399217535,35.82580058001046,0.23198551321639282
2024-09-17,USDEGP,37.8399,37.8821,37.621,37.8322,-0.0019745474179470035,0.010893678331294766,0.010635753563146196,0.1729317823640343,0.16883735360312363,17.29317823640343,16.883735360312365,-0.07484926625066635,35.910333190046565,0.23595455975176094
2024-09-18,USDEGP,37.2728,37.3748,37.1976,37.29290678098166,-0.014254873335897478,0.011567134444702889,0.01105699624498645,0.18362256673399832,0.17552437386965494,18.36225667339983,17.552437386965494,-0.5392932190183402,35.972910382096046,0.17425956957377586
2024-09-19,USDEGP,37.2204,37.261,37.1765,37.1923326951946,-0.002696869042086769,0.01077781798383917,0.010954594840205745,0.17109255636694806,0.1738988019639345,17.109255636694805,17.389880196393452,-0.10057408578705918,36.0408948052692,0.188987831262577
2024-09-20,USDEGP,38.0892,38.1138,38.0411,38.04284029151256,0.02286782072230298,0.011615757321449378,0.011469469453818855,0.18439443097339686,0.18207218306793907,18.439443097339687,18.20721830679391,0.8505075963179607,36.14504231727291,0.2889703836889357
2024-09-23,USDEGP,38.1543,38.2061,38.1407,38.170432589148376,0.003353910924055903,0.011567971740765003,0.010953685977720331,0.18363585839692284,0.17388437421926034,18.363585839692284,17.388437421926035,0.1275922976358146,36.270998506896156,0.3484743177712524
2024-09-24,USDEGP,39.0337,39.0671,38.9728,39.03174621977539,0.022564942868158244,0.013622418740647454,0.01146822901058885,0.2162491934576331,0.18205249164212653,21.62491934576331,18.205249164212653,0.8613136306270164,36.41643004755534,0.40095819427614643
2024-09-25,USDEGP,39.5846,39.5864,39.5316,39.582665168511774,0.014114637496214888,0.014027956753503745,0.011615119303574445,0.22268690983283948,0.18438430275362236,22.26869098328395,18.438430275362236,0.5509189487363813,36.57575366730477,0.4375047733711668
2024-09-26,USDEGP,40.0723,40.1694,39.9905,40.11132370465703,0.013355809516480077,0.01371733021329588,0.010888675404437238,0.217755866376801,0.1728523633622795,21.7755866376801,17.28523633622795,0.528658536145258,36.77412111393804,0.5423468465957759
2024-09-27,USDEGP,40.0239,40.0422,39.8988,40.00081189817769,-0.0027551273872946647,0.010951650964019297,0.010923695378248846,0.17385206937825506,0.17340828821203258,17.385206937825508,17.340828821203257,-0.11051180647934444,36.95561742687267,0.4935435774856556
2024-09-30,USDEGP,39.8453,39.9387,39.7073,39.78068086514725,-0.005503164125537863,0.011534658453997352,0.011077534984459134,0.18310702636407455,0.17585041625097975,18.310702636407456,17.585041625097976,-0.2201310330304409,37.12135839024427,0.4484865222440515
2024-10-01,USDEGP,39.2183,39.2363,39.1362,39.222367956653954,-0.014034775080545292,0.012875927546173003,0.011512075555771533,0.2043990131187594,0.18274853396854296,20.439901311875943,18.274853396854297,-0.5583129084932921,37.271888004179694,0.40550674992267943
2024-10-02,USDEGP,39.246,39.3749,39.1498,39.19987854050036,-0.0005733824173607127,0.013016056205268117,0.011520596210926137,0.20662348661987112,0.18288379517582148,20.662348661987114,18.288379517582147,-0.02248941615359712,37.41250635940619,0.37727725306193616
2024-10-03,USDEGP,39.1999,39.334,39.1105,39.24878369271646,0.0012475842792618597,0.01007839896094326,0.01152801154139689,0.15998962358608582,0.18300150989771133,15.998962358608582,18.300150989771133,0.04890515221610059,37.54885781299356,0.36445420757835745
2024-10-04,USDEGP,38.7591,38.8928,38.7522,38.764294430073576,-0.01234405800791194,0.009190795875757912,0.011845128357161522,0.1458993614280812,0.18803558328413075,14.589936142808119,18.803558328413075,-0.4844892626428816,37.67214335014892,0.3283336546995974
2024-10-07,USDEGP,39.5235,39.6135,39.4614,39.50982979102022,0.019232527559388757,0.011015169695266237,0.011945255085904017,0.17486039797709757,0.18962504582718914,17.486039797709758,18.962504582718914,0.7455353609466471,37.800566322387375,0.34089637811369755
2024-10-08,USDEGP,39.2691,39.3215,39.1662,39.3018922917396,-0.005262930779010522,0.011080452017021429,0.011849765061815298,0.1758967227073364,0.18810918868863122,17.58967227073364,18.810918868863123,-0.2079374992806251,37.90439995102353,0.27468802385284263
2024-10-10,USDEGP,39.1494,39.2821,39.1486,39.21599484577381,-0.002185580412468968,0.01099937780301583,0.011876643124912841,0.17460970945934334,0.18853586471270645,17.460970945934335,18.853586471270646,-0.08589744596579152,38.005014688083165,0.265443423955114
2024-10-11,USDEGP,38.7647,38.7964,38.7374,38.73922612717684,-0.012157506662064055,0.010674822210571935,0.012184316076354774,0.16945754915401268,0.19342002140064607,16.945754915401267,19.342002140064608,-0.4767687185969649,38.087435145219665,0.21686732083370241
2024-10-14,USDEGP,38.8165,38.9951,38.7074,38.82142882820308,0.0021219500037603645,0.010771270192903672,0.012113904360414103,0.170988613408235,0.19230227006206005,17.0988613408235,19.230227006206004,0.08220270102624028,38.16147589047971,0.19439677410080236
2024-10-15,USDEGP,38.2771,38.3712,38.1262,38.33387787170196,-0.012558810203990411,0.01146140568264336,0.011985388096890238,0.1819441746689809,0.19026213762579172,18.19441746689809,19.02621376257917,-0.48755095650112423,38.23800216715516,0.2005328014437202
2024-10-16,USDEGP,38.3868,38.4958,38.3047,38.4552871647208,0.0031671539577911023,0.010909338836575789,0.011812713174810894,0.1731803851783095,0.1875210082169153,17.31803851783095,18.75210082169153,0.12140929301884285,38.303020002455206,0.1700346033137956
2024-10-17,USDEGP,38.6139,38.6833,38.6131,38.63422805687603,0.004653219501098871,0.007113852001214919,0.011752443239435915,0.11292889955360301,0.18656425265369855,11.292889955360302,18.656425265369855,0.17894089215523223,38.36331266487316,0.15740968313748827
2024-10-18,USDEGP,38.5269,38.6434,38.4592,38.59434675640442,-0.0010322789525625264,0.007086527212127265,0.011463733539653652,0.11249513197428367,0.18198112825340262,11.249513197428367,18.198112825340264,-0.0398813004716132,38.437475828920654,0.19331793553740706
2024-10-21,USDEGP,38.9125,39.0723,38.8874,38.90806116808375,0.008128506842191019,0.008169371031263872,0.011016222875359864,0.12968474469923685,0.17487711669277856,12.968474469923684,17.487711669277857,0.313714411679328,38.49779521833977,0.1569285914808427
2024-10-22,USDEGP,39.0246,39.0761,39.024,39.0265927795787,0.003046453817960648,0.00661106221015276,0.010742231616943173,0.10494735906024741,0.1705276403057214,10.49473590602474,17.05276403057214,0.1185316114949515,38.57605575428733,0.20328576092139006
2024-10-23,USDEGP,39.5052,39.6698,39.3774,39.50172282934076,0.012174520395505262,0.007851755298759037,0.010688031172543465,0.12464275125510041,0.1696672349247365,12.46427512551004,16.96672349247365,0.47513004976205764,38.68094573418987,0.27190436619710656
2024-10-24,USDEGP,40.0877,40.0934,40.0128,40.084334304133606,0.01474901429767761,0.005568144041440044,0.010454390286387302,0.0883915463870189,0.16595830083954075,8.83915463870189,16.595830083954073,0.5826114747928486,38.78138792782087,0.25966840190834173
2024-10-25,USDEGP,40.2862,40.4086,40.1479,40.318833054875896,0.005850134592807921,0.005397247898552482,0.010451105840977472,0.08567865422241502,0.1659061618850457,8.567865422241502,16.59061618850457,0.23449875074228999,38.88204970703965,0.2595620853129921
2024-10-28,USDEGP,40.0412,40.0747,39.9125,40.07206930509287,-0.00612030981767675,0.0073079010397685065,0.010498335984710021,0.11600933254258687,0.16665591717325864,11.600933254258686,16.665591717325864,-0.24676374978302817,38.96326797580079,0.20888371208074297
2024-10-29,USDEGP,40.4968,40.567,40.3937,40.45953564641263,0.009669237152934329,0.006879849923960903,0.010548642811535454,0.1092142317374831,0.167454513291432,10.921423173748309,16.745451329143197,0.3874663413197652,39.048350855139525,0.21836689723147007
2024-10-30,USDEGP,40.5717,40.6079,40.5123,40.60082512790176,0.003492118217171214,0.006951793364416189,0.010520720707775854,0.11035629844892551,0.16701126363565413,11.03562984489255,16.701126363565415,0.14128948148912457,39.140638359402914,0.23634161812813304
2024-10-31,USDEGP,41.0597,41.0629,41.0409,41.04435740802221,0.010924218380370831,0.0070081520560904675,0.010142953740730432,0.11125096494324817,0.16101439894563022,11.125096494324817,16.101439894563022,0.44353228012045065,39.2656867136376,0.3194847081604779
2024-11-01,USDEGP,40.6867,40.727,40.6657,40.66831689316911,-0.009161807824517143,0.008894568693029601,0.010340405503056174,0.14119690068562277,0.16414884849990227,14.119690068562276,16.414884849990226,-0.376040514853095,39.38155285357008,0.2950824234336791
2024-11-04,USDEGP,41.0275,41.0832,40.9629,40.98943088710109,0.007895925340984933,0.007856569590255066,0.009691065145959169,0.12471917576332521,0.153840889893203,12.47191757633252,15.384088989320299,0.3211139939319807,39.4797725400897,0.24940531645571973
2024-11-05,USDEGP,40.685,40.8223,40.6809,40.78384817507834,-0.005015505401599674,0.00831087218577049,0.009786675264103309,0.1319310058895551,0.15535865346578837,13.19310058895551,15.535865346578836,-0.20558271202275336,39.56688639295403,0.22065439403400333
2024-11-06,USDEGP,41.2371,41.2652,41.1654,41.23083892807946,0.010959994532204531,0.00814853617182794,0.009165923906464953,0.12935400155922608,0.14550453115588755,12.935400155922608,14.550453115588754,0.446990753001117,39.640189483230834,0.18526373177005784
2024-11-07,USDEGP,41.3175,41.3727,41.3152,41.339849485510754,0.0026439083042051337,0.007773606273062933,0.008872031870636463,0.12340217393193709,0.14083913972125953,12.340217393193708,14.083913972125952,0.10901055743129717,39.698762293797465,0.14776117705341818
2024-11-08,USDEGP,41.4028,41.4428,41.3795,41.38502349044221,0.0010927472038158026,0.007806548983694637,0.008584161748935061,0.1239251232510002,0.13626934320981268,12.39251232510002,13.626934320981269,0.04517400493145374,39.74121895332363,0.10694706099891871
2024-11-11,USDEGP,41.7251,41.8336,41.6094,41.71995451854926,0.00809304912402431,0.007374628545720319,0.00864538857103403,0.11706859886072334,0.13724128887885667,11.706859886072333,13.724128887885668,0.3349310281070501,39.798523707336024,0.14419475678311144
2024-11-12,USDEGP,42.7854,42.8144,42.7404,42.780078972644255,0.025410489209034326,0.009611193387781667,0.009581011079430551,0.15257296503971202,0.1520938357483665,15.257296503971201,15.209383574836648,1.0601244540949963,39.89850364425259,0.2512151899195736
2024-11-13,USDEGP,41.9623,42.0,41.7558,41.891989035726695,-0.02075942724382185,0.014281477630307078,0.010047767557766733,0.22671142898594746,0.15950336513540156,22.671142898594745,15.950336513540156,-0.8880899369175594,39.987491013555015,0.22303435260595528
2024-11-14,USDEGP,42.5895,42.6305,42.5493,42.5542,0.01580757991005277,0.014451798741113108,0.010330392211700136,0.22941519279924966,0.16398989242750242,22.941519279924965,16.398989242750243,0.6622109642733065,40.09930172887167,0.27961423055713475
2024-11-15,USDEGP,42.395,42.4755,42.299,42.36998566150147,-0.004328934358971304,0.01476071529320038,0.010409014299979839,0.23431909103541634,0.1652379793863704,23.431909103541635,16.52379793863704,-0.18421433849853486,40.203341794497845,0.25945605319921405
2024-11-18,USDEGP,42.131,42.3212,42.044,42.157142898970186,-0.005023432489019597,0.015156783015852852,0.01012847585332144,0.24060647121428522,0.16078456960806747,24.06064712142852,16.078456960806747,-0.21284276253128098,40.316436743461054,0.28130733395572705
2024-11-19,USDEGP,42.2373,42.2585,42.1424,42.15635708845008,-1.864003265095171e-05,0.015184650984576194,0.009653462775260224,0.24104886150300417,0.15324397076374777,24.104886150300416,15.324397076374776,-0.0007858105201066223,40.404654320042056,0.2188129301762043
2024-11-20,USDEGP,42.3902,42.448,42.3195,42.40557456836471,0.005911741363034295,0.015078501576613454,0.009570464976876518,0.23936379189128726,0.15192642156041278,23.936379189128726,15.192642156041277,0.24921747991463405,40.508110395929556,0.2560498972916214
2024-11-21,USDEGP,42.3327,42.4274,42.2767,42.4154,0.0002317014150921004,0.011182226439924819,0.009539074595492344,0.1775123415843133,0.1514281147042008,17.75123415843133,15.142811470420082,0.009825431635285042,40.61475723440376,0.2632728049564159
2024-11-22,USDEGP,42.0424,42.0797,41.9971,42.059706994376455,-0.008385940144936543,0.008130887041748854,0.009360210527861443,0.12907383030495073,0.14858873565557998,12.907383030495073,14.858873565557998,-0.355693005623543,40.72543992997708,0.27251842214524036
2024-11-25,USDEGP,42.1662,42.2085,42.0904,42.18365581253039,0.002946972934702252,0.004954056984224019,0.009359400275472095,0.07864321656659634,0.1485758732976515,7.864321656659634,14.85758732976515,0.12394881815393433,40.837514162788,0.2751946522950188
2024-11-26,USDEGP,42.2633,42.3275,42.1342,42.23256092119122,0.0011593378458749637,0.004815725135175336,0.008906551138858475,0.0764472665407011,0.1413871161161918,7.6447266540701095,14.13871161161918,0.04890510866083275,40.96747026443764,0.31822725823027476
2024-11-27,USDEGP,41.8964,42.0168,41.8332,41.95099280652871,-0.0066670859763379164,0.005106921960501771,0.009089639390817902,0.08106987283501267,0.14429355201216487,8.106987283501267,14.429355201216488,-0.2815681146625124,41.08399378583123,0.2844293793135222
2024-11-28,USDEGP,41.9152,41.9622,41.9012,41.91901584570447,-0.000762245627218161,0.005098384256708849,0.009108284868254261,0.08093434098899104,0.1445895397904009,8.093434098899104,14.45895397904009,-0.031976960824238176,41.19348671212551,0.2665099378241109
2024-11-29,USDEGP,41.5202,41.5555,41.501,41.52664957911456,-0.009360102060461784,0.005016987930095479,0.00935161923774713,0.07964221436187204,0.1484523531530779,7.964221436187204,14.84523531530779,-0.39236626658991014,41.291230139549185,0.23727883999413724
2024-12-02,USDEGP,42.3211,42.343,42.1359,42.2614954362118,0.01769576559980468,0.009349775394798981,0.009707046857182723,0.14842308305369314,0.15409459169373962,14.842308305369315,15.409459169373962,0.7348458570972412,41.40301128182012,0.2707140036592559
2024-12-03,USDEGP,42.4003,42.5342,42.2921,42.45158531135722,0.00449794483567989,0.008785606554883585,0.009711907716971004,0.13946718036648545,0.1541717554506861,13.946718036648544,15.41717554506861,0.19008987514541786,41.51717769954607,0.2757442374151209
2024-12-04,USDEGP,43.2847,43.3603,43.2148,43.22788350184173,0.018286671387907516,0.010905205762567741,0.009974744485728524,0.1731147746624564,0.15834415980390323,17.31147746624564,15.834415980390323,0.7762981904845105,41.64138305529611,0.2991661828482206
2024-12-05,USDEGP,43.4288,43.4638,43.3888,43.4009,0.004002428158456972,0.010854150759179967,0.009730355925559217,0.17230430160955873,0.15446461168304046,17.230430160955873,15.446461168304046,0.17301649815826892,41.751935245158315,0.2654863545608066
2024-12-06,USDEGP,43.6082,43.7413,43.519,43.65641725028252,0.005887372157778348,0.00979144603345435,0.009730774133564919,0.1554343870813802,0.15447125052931673,15.54343870813802,15.447125052931673,0.2555172502825229,41.86318805167187,0.26646143672215405
2024-12-09,USDEGP,43.7856,43.8395,43.7515,43.81009876035259,0.003520250165949479,0.009444395307055308,0.009587571361950733,0.14992512759512308,0.15219797700483886,14.992512759512309,15.219797700483886,0.15368151007006503,41.98778903351386,0.29763854030466774
2024-12-10,USDEGP,43.5609,43.7761,43.532,43.6181,-0.0043825228836585906,0.008164002730021954,0.009594845734628567,0.1295995255589429,0.15231345409113617,12.959952555894292,15.231345409113617,-0.19199876035258967,42.093074511966776,0.2507526137393912
2024-12-11,USDEGP,43.9617,44.0183,43.8121,44.00549365268165,0.00888148848027881,0.006821858969841446,0.009663241547814594,0.10829365388013447,0.1533992039655857,10.829365388013446,15.33992039655857,0.38739365268165216,42.20656346279277,0.26961430625298544
2024-12-12,USDEGP,43.2857,43.4218,43.2453,43.40154459800911,-0.013724401308601974,0.010097728062351968,0.009985260014347493,0.16029646355844857,0.15851108864568428,16.029646355844857,15.851108864568427,-0.6039490546725403,42.28513636912567,0.1861627668458654
2024-12-13,USDEGP,42.5602,42.58,42.4989,42.55423920564343,-0.019522470921566004,0.010778365917991584,0.010544927325592972,0.1711012545519608,0.1673955317806106,17.11012545519608,16.73955317806106,-0.8473053923656835,42.34800044620815,0.14866707897951414
2024-12-16,USDEGP,42.4254,42.6256,42.3239,42.43158172936921,-0.0028823797244140748,0.010427410107084003,0.010505356878757458,0.165530003770954,0.16676737041104375,16.5530003770954,16.676737041104374,-0.1226574762742132,42.39607214095042,0.1135158549063986
2024-12-17,USDEGP,42.501,42.7207,42.4143,42.5901000423256,0.0037358567957099797,0.01014362516886219,0.010447972576306431,0.1610250575367895,0.16585642285037777,16.10250575367895,16.58564228503778,0.15851831295638874,42.45628053652533,0.1420140888871435
2024-12-18,USDEGP,43.2459,43.4029,43.1733,43.19144252046164,0.014119301845697318,0.011986694674350967,0.01056193129013207,0.19028287889997011,0.1676654613494463,19.02828788999701,16.76654613494463,0.6013424781360399,42.52163398960473,0.1539311787408737
2024-12-19,USDEGP,43.6715,43.7169,43.6129,43.65248105662265,0.010674302807612612,0.01280424659486201,0.010690188445168239,0.2032611132933029,0.16970148056598844,20.326111329330292,16.970148056598845,0.46103853616100565,42.5987217086418,0.18129058506055618
2024-12-20,USDEGP,43.5644,43.6158,43.4548,43.58378170320136,-0.0015737788954578447,0.012216798219639056,0.010707955263371056,0.19393565943972954,0.16998352006130973,19.393565943972956,16.998352006130972,-0.06869935342128741,42.672013649067104,0.17205197124596783
2024-12-23,USDEGP,43.8535,43.9475,43.8432,43.8633,0.006413355745541249,0.011128953247521061,0.010678170062788983,0.1766666558724323,0.1695106946603677,17.66666558724323,16.95106946603677,0.27951829679864204,42.743458498448796,0.16742788369270567
2024-12-24,USDEGP,43.5423,43.6241,43.5343,43.54008301783235,-0.007368733820019235,0.007714898624013852,0.009813157726702482,0.12247021889529033,0.15577904952664026,12.247021889529034,15.577904952664026,-0.3232169821676507,42.76879196662173,0.05926864381797792
2024-12-25,USDEGP,43.0712,43.0996,42.9943,43.02338017197216,-0.011867291241694944,0.009464461791707334,0.009263604186644741,0.15024367316358242,0.14705515753199253,15.024367316358243,14.705515753199252,-0.5167028458601948,42.80650500449657,0.0881788709493625
2024-12-26,USDEGP,42.6389,42.7756,42.5343,42.61521443239168,-0.009487068146411648,0.010343438464001006,0.009010471044304464,0.16419699526227946,0.1430367934726684,16.419699526227944,14.30367934726684,-0.4081657395804754,42.808538818909625,0.004751180720874437
2024-12-27,USDEGP,41.9716,42.1392,41.886,41.98413443624194,-0.0148087955101327,0.009572880614384292,0.00938302212456901,0.1519647686170323,0.1489508585269591,15.196476861703228,14.89508585269591,-0.6310799961497437,42.795677111400984,-0.030044724401945277
2024-12-30,USDEGP,42.3032,42.4318,42.0548,42.15634439211318,0.004101786500630755,0.008102870725561487,0.009371258491789042,0.1286290850732472,0.14876411664585623,12.862908507324718,14.876411664585623,0.17220995587124577,42.79565049450575,-6.21952894075406e-05
2024-12-31,USDEGP,42.5333,42.5578,42.4811,42.55439919770996,0.00944234637363972,0.009765212269647912,0.009527051342582742,0.15501793899146996,0.15123725148130776,15.501793899146996,15.123725148130776,0.39805480559677875,42.80891856481441,0.03100331495222708
2025-01-01,USDEGP,42.309,42.3735,42.0844,42.2565,-0.0070004324658868855,0.008793726515564487,0.009559073496826012,0.13959608074618918,0.1517455874207412,13.959608074618918,15.17455874207412,-0.29789919770995965,42.80394941253558,-0.01160775007971182
2025-01-02,USDEGP,42.4533,42.649,42.3699,42.52475452475272,0.006348242868025489,0.009730211571122076,0.00963076202959231,0.1544623201273925,0.1528836075980696,15.44623201273925,15.28836075980696,0.26825452475272016,42.80759456336068,0.00851592172013138
2025-01-03,USDEGP,42.1115,42.3067,41.9693,42.07362983860073,-0.010608519465747923,0.009556091416135344,0.009706785099619352,0.151698248357359,0.1540904364212408,15.169824835735902,15.409043642124079,-0.4511246861519922,42.80805865816816,0.001084141288965057
2025-01-06,USDEGP,41.7375,41.782,41.619,41.68194802717823,-0.009309437120710418,0.009536658377809488,0.009837979499710943,0.1513897584375874,0.15617308295752075,15.13897584375874,15.617308295752075,-0.3916818114225009,42.79133506532308,-0.039066459375358686
2025-01-07,USDEGP,41.8609,41.9869,41.8316,41.90462368468929,0.005342256493527264,0.00839275286255451,0.009889643199182223,0.13323082133726816,0.15699321876118427,13.323082133726816,15.699321876118427,0.22267565751106133,42.78040382410635,-0.025545454938580292
2025-01-08,USDEGP,42.9295,42.9696,42.7786,42.92807577850844,0.024423369161362674,0.012603485224132316,0.01077895765079634,0.20007412533438765,0.1711106480190247,20.007412533438764,17.11106480190247,1.0234520938191523,42.81297325650567,0.07613166190116871
2025-01-09,USDEGP,42.5579,42.6705,42.4907,42.51838891509934,-0.009543564578177843,0.012939703296692365,0.010941519410318151,0.20541142177206378,0.1736912359493275,20.54114217720638,17.369123594932752,-0.40968686340910665,42.83295235881884,0.04666600049818559
2025-01-10,USDEGP,42.5252,42.612,42.4132,42.45829772505426,-0.0014132988473544161,0.01260755796136914,0.010788928213706504,0.20013877803369134,0.1712689257983744,20.013877803369134,17.126892579837442,-0.060091190045078235,42.86400729701683,0.07250244610235157
2025-01-13,USDEGP,42.7898,42.848,42.7788,42.80330503732069,0.008125792383401276,0.0127561702411906,0.010406727238228606,0.20249792483875886,0.16520167340660954,20.249792483875886,16.520167340660954,0.3450073122664321,42.882067617053785,0.042133998139304296
2025-01-14,USDEGP,43.0723,43.1139,43.0283,43.110597775793615,0.0071791825001594756,0.011793071119357372,0.010453857212833999,0.18720920025310636,0.1659498385592255,18.720920025310637,16.59498385592255,0.30729273847292404,42.904034699201674,0.05122673268476152
2025-01-15,USDEGP,43.5925,43.8167,43.5199,43.64158755032356,0.012316919781337088,0.010641280537582865,0.010157533774535989,0.16892509160229585,0.1612458498069687,16.892509160229586,16.12458498069687,0.5309897745299423,42.917824834151055,0.03214181380857273
2025-01-16,USDEGP,43.7513,43.8963,43.7174,43.75192211340387,0.0025281977415025914,0.010750759202332365,0.01014289696684901,0.1706630115270634,0.16101349768820297,17.06630115270634,16.1013497688203,0.11033456308031475,42.92952557126453,0.02726311773415535
2025-01-17,USDEGP,44.1486,44.1634,44.0051,44.12758683591795,0.00858624500062799,0.00744116212259137,0.010205769600880422,0.11812478665014173,0.16201156981171513,11.812478665014172,16.201156981171515,0.375664722514081,42.94523122411904,0.03658473427208264
2025-01-20,USDEGP,44.1161,44.1779,44.0436,44.10260100421526,-0.0005662179487765373,0.005142955643349881,0.010190059911555787,0.0816418898168399,0.1617621862249527,8.16418898168399,16.17621862249527,-0.024985831702693417,42.95498129891447,0.02270350983686331
2025-01-21,USDEGP,43.927,43.9724,43.8294,43.91368760858664,-0.004283497828406091,0.005831190786486583,0.010188516120052307,0.09256728401048783,0.16173767929458663,9.256728401048782,16.173767929458663,-0.1889133956286173,42.96483421920068,0.02293778273967373
2025-01-22,USDEGP,44.6835,44.7251,44.6336,44.68670872395708,0.017603192932931666,0.007563837861913167,0.010560211419761798,0.12007220363902052,0.16763815925372424,12.007220363902052,16.763815925372423,0.7730211153704403,42.9875413882432,0.05285059154811478
2025-01-23,USDEGP,45.1442,45.243,45.0838,45.1998187487966,0.011482385691216512,0.007827446670669922,0.01038532721597732,0.12425686374727868,0.16486195858504063,12.425686374727867,16.486195858504065,0.51311002483952,43.047483859936115,0.13944149806461859
2025-01-24,USDEGP,45.9411,45.9915,45.9074,45.92675837011073,0.016082799476568432,0.008379033156233496,0.00993587738081476,0.13301302775135068,0.15772716364120595,13.301302775135069,15.772716364120596,0.7269396213141306,43.159901165418354,0.26114721559107323
2025-01-27,USDEGP,45.8854,45.989,45.8843,45.92708479411835,7.10749069177119e-06,0.008669845427465607,0.00989488963839157,0.13762952943866685,0.15707650340168358,13.762952943866685,15.707650340168358,0.0003264240076177316,43.27641793424333,0.26996532818368557
2025-01-28,USDEGP,46.0068,46.1734,45.7889,45.948967032218434,0.0004764560650469818,0.008957663167394984,0.009900895666372811,0.14219849441526164,0.15717184614011753,14.219849441526163,15.717184614011753,0.021882238100083384,43.38838016723976,0.258714187404685
2025-01-29,USDEGP,45.1661,45.3269,45.1257,45.20029887217561,-0.01629347096133582,0.012210682443112606,0.01023023129979859,0.19383857449715133,0.1623998872436168,19.383857449715133,16.23998872436168,-0.7486681600428255,43.455342045630225,0.15433136275739834
2025-01-30,USDEGP,45.9454,45.9515,45.8448,45.90905183599278,0.015680271624342268,0.012397346170539988,0.010422914981053757,0.19680176930656654,0.16545864585742645,19.680176930656653,16.545864585742645,0.7087529638171688,43.53056107160923,0.17309500383180243
2025-01-31,USDEGP,45.959,45.9643,45.7825,45.93280489206843,0.0005173937410101193,0.01147984197170604,0.01040701204685223,0.18223684168473342,0.16520619460334568,18.22368416847334,16.52061946033457,0.023753056075655365,43.608861844571464,0.17987540485275844
2025-02-03,USDEGP,45.5188,45.7003,45.4234,45.56075657427444,-0.008099838855219477,0.011733831803564724,0.010522024943948043,0.18626880526855655,0.16703196774302917,18.626880526855654,16.703196774302917,-0.3720483177939897,43.66544373038061,0.12974859561987184
2025-02-04,USDEGP,46.1647,46.2591,46.1634,46.18907883080262,0.013790865292236054,0.011272085162998923,0.010628183307591448,0.17893880459061673,0.16871717952176923,17.893880459061673,16.871717952176922,0.628322256528179,43.75374359081296,0.2022190842204008
2025-02-05,USDEGP,45.8481,45.9661,45.8368,45.85529716739496,-0.007226419574860032,0.011688090987675518,0.01045130609263205,0.18554269232690837,0.16590934078151154,18.55426923269084,16.590934078151154,-0.33378166340766313,43.84814082399372,0.21574664344967687
2025-02-06,USDEGP,45.9243,46.0501,45.8577,45.9817,0.002756559010916426,0.01174059910107281,0.010216423435715214,0.18637623278608287,0.16218069419660724,18.637623278608288,16.218069419660726,0.12640283260503793,43.96035700958066,0.2559200537997297
2025-02-07,USDEGP,45.7951,45.8964,45.713,45.7526780402017,-0.0049807197167197614,0.009699315700722628,0.009787928242983903,0.15397186338969757,0.15537854388888478,15.397186338969757,15.537854388888478,-0.22902195979829543,44.08597512971265,0.28575318463543997
2025-02-10,USDEGP,46.2771,46.4061,46.106,46.30884036297428,0.012155841944025525,0.008917252370115213,0.009930997295314924,0.14155699289595694,0.15764969468555018,14.155699289595693,15.764969468555018,0.5561623227725789,44.22439166207469,0.3139695378286955
2025-02-11,USDEGP,47.046,47.0813,47.0459,47.07298797010157,0.016501117305849355,0.01058237250985971,0.010165245635966711,0.16798995565281127,0.1613682718119152,16.79899556528113,16.13682718119152,0.7641476071272919,44.37501128782107,0.340580435559823
2025-02-12,USDEGP,46.4735,46.6428,46.3955,46.54936969211709,-0.011123540284229683,0.011182192174200852,0.010337396119214587,0.17751179763280867,0.16410107601243604,17.751179763280867,16.410107601243602,-0.5236182779844825,44.518106944224975,0.32246900282633106
2025-02-13,USDEGP,46.5648,46.6327,46.5153,46.599130059450864,0.0010689804752006538,0.01014551991726545,0.010328327406517984,0.1610551357352219,0.16395711466139581,16.105513573522188,16.39571146613958,0.04976036733377498,44.65391946204825,0.30507253597604755
2025-02-14,USDEGP,46.5974,46.638,46.5761,46.636034267998326,0.0007919505900728652,0.00945025678409651,0.010011188940452163,0.15001817565852232,0.15892269758709984,15.001817565852232,15.892269758709984,0.03690420854746179,44.80599960969483,0.3405751375886057
2025-02-17,USDEGP,47.7876,47.8697,47.7669,47.76769948292776,0.024265897233590072,0.012552996649366974,0.010400604012094188,0.1992726440571125,0.16510447020517102,19.927264405711252,16.510447020517102,1.1316652149294342,45.00885799155315,0.45274825609387115
2025-02-18,USDEGP,48.7773,48.8973,48.7052,48.780300890879225,0.021198454581497383,0.01279851874364562,0.010833251119747344,0.20317018647411084,0.1719725301189809,20.317018647411082,17.197253011898088,1.0126014079514647,45.23804723175949,0.5092091877766602
2025-02-19,USDEGP,49.1146,49.1855,49.0753,49.15258538693725,0.007631861412475072,0.012742342014991354,0.010218591322973297,0.20227840855318077,0.1622151083399391,20.227840855318078,16.22151083399391,0.37228449605802183,45.44553088537378,0.45864856312503033
2025-02-20,USDEGP,49.3497,49.3686,49.1798,49.36277691968254,0.004276306751529457,0.01231253748703195,0.009865628595130311,0.1954554731930802,0.15661199874025403,19.54554731930802,15.661199874025403,0.21019153274529145,45.67367715219322,0.5020213481384816
2025-02-21,USDEGP,49.7663,49.8419,49.5592,49.6916308529628,0.006661982039935399,0.009491898474389896,0.009793537911546432,0.15067921699865433,0.15546759461660847,15.067921699865433,15.546759461660848,0.32885393328026424,45.91478825645683,0.5278994801758197
2025-02-24,USDEGP,49.8632,49.9133,49.7372,49.86555804168945,0.003500130419170411,0.00917486375678468,0.009783983954077275,0.14564644688011238,0.1553159302436092,14.564644688011239,15.531593024360921,0.17392718872664403,46.1501966899358,0.5127072179100356
2025-02-25,USDEGP,50.3954,50.5178,50.3076,50.43853453797113,0.01149042583264892,0.0082791508971855,0.009846287041290015,0.13142744604438072,0.15630496109166808,13.142744604438072,15.630496109166808,0.572976496281683,46.39446124867504,0.5292817284839657
2025-02-26,USDEGP,51.5143,51.7776,51.2499,51.35937428963954,0.018256671414098813,0.006907236175332064,0.01005000251851709,0.10964897500030546,0.15953884403741417,10.964897500030546,15.953884403741418,0.9208397516684101,46.65172080665225,0.554504893586949
2025-02-27,USDEGP,51.594,51.873,51.5748,51.64607880399239,0.005582321013803293,0.0051476241904745805,0.010034409220294095,0.08171600070489554,0.1592913081021103,8.171600070489554,15.929130810211031,0.2867045143528486,46.9148593630052,0.5640489821233441
2025-02-28,USDEGP,51.63,51.6457,51.5494,51.564883881511385,-0.0015721410872092667,0.006351606427319221,0.010101097036003415,0.10082862619467665,0.1603499443571801,10.082862619467665,16.034994435718012,-0.08119492248100357,47.162769264524975,0.5284251192176903
2025-03-04,USDEGP,51.1876,51.2111,51.0726,51.167463876346375,-0.007707183169038512,0.008442664243902187,0.010324654924760202,0.13402313995309412,0.16389881582084273,13.402313995309411,16.38988158208427,-0.3974200051650101,47.39826469359601,0.4993248546331097
2025-03-05,USDEGP,50.6048,50.7487,50.5066,50.57860462742071,-0.011508470506740975,0.010460765215985088,0.010628847855944578,0.16605949970958847,0.1687277288998286,16.605949970958847,16.87277288998286,-0.5888592489256652,47.62042859422381,0.4687173719628124
2025-03-06,USDEGP,51.5773,51.5951,51.5525,51.55726664558794,0.019349328147274747,0.012255112599358126,0.010706016144368002,0.19454388136197567,0.1699527375014419,19.45438813619757,16.99527375014419,0.9786620181672276,47.84944719161151,0.48092510745583184
2025-03-07,USDEGP,52.8385,52.9762,52.8167,52.89282371501087,0.02590434203201153,0.014553807111626179,0.011320984901442248,0.23103452547939676,0.17971506387319958,23.103452547939675,17.97150638731996,1.3355570694229328,48.105880690485314,0.5359173698432196
2025-03-10,USDEGP,53.6854,53.698,53.5875,53.68461725257558,0.014969772493730549,0.014174438473586015,0.01128624890311352,0.22501223505056744,0.17916364699448337,22.501223505056743,17.916364699448337,0.7917935375647076,48.364475986567484,0.5375544369429219
2025-03-11,USDEGP,52.925,53.0304,52.8569,52.94292951991163,-0.01381564721183448,0.016129401830979505,0.011780174410073547,0.2560463162460098,0.18700447134012976,25.604631624600984,18.700447134012975,-0.7416877326639479,48.59833747742725,0.483539800833821
2025-03-12,USDEGP,52.7228,52.8614,52.6604,52.75139528545954,-0.0036177490779020216,0.016258014253529424,0.011855663302865839,0.25808797515949367,0.1882028203625859,25.808797515949365,18.82028203625859,-0.19153423445209228,48.82508508586863,0.466574825829591
2025-03-13,USDEGP,53.4607,53.586,53.2361,53.3237760631403,0.010850533423492958,0.015652885275888064,0.011218465903411605,0.24848185044374685,0.17808762523250796,24.848185044374684,17.808762523250795,0.5723807776807632,49.09586765890079,0.5545972373748764
2025-03-14,USDEGP,53.3052,53.4481,53.1259,53.28552289422077,-0.0007173754700762203,0.014092615044475483,0.011108566495188408,0.22371332838149752,0.1763430262121575,22.37133283814975,17.63430262121575,-0.03825316891953179,49.34175002750838,0.5008209047569823
2025-03-17,USDEGP,52.5937,52.838,52.5809,52.64853390715875,-0.011954259852653193,0.014682584515325321,0.011509715835921855,0.23307880338743175,0.18271107457722677,23.307880338743175,18.271107457722678,-0.6369889870620185,49.56560766134473,0.45368807087617924
2025-03-18,USDEGP,53.2411,53.4178,53.1828,53.24554817757945,0.011339618145369101,0.011623855218750454,0.011314305986325416,0.184522981107804,0.1796090393826385,18.4522981107804,17.96090393826385,0.5970142704207007,49.8217673814549,0.5168094011080759
2025-03-19,USDEGP,52.9145,53.0927,52.7835,52.95529821865041,-0.005451159183506249,0.009982432503108778,0.011359961893521526,0.158466203296283,0.1803338044405702,15.8466203296283,18.03338044405702,-0.2902499589290386,50.04730802771648,0.4526949928025603
2025-03-20,USDEGP,51.6486,51.6891,51.4174,51.56659330436035,-0.026224097701350813,0.013072509592168501,0.012514481230419644,0.2075196563543055,0.1986612307360559,20.75196563543055,19.86612307360559,-1.3887049142900594,50.23768456561534,0.3803931627919477
2025-03-21,USDEGP,51.6506,51.7026,51.5162,51.54719795953874,-0.0003761222834157696,0.01313244729424997,0.012538227116817258,0.20847113787749097,0.1990381849964692,20.847113787749098,19.90381849964692,-0.01939534482161065,50.42320116426662,0.36927776480020214
2025-03-24,USDEGP,52.4508,52.5195,52.2338,52.36411649920574,0.015847971800683203,0.014123247435451403,0.012606489780062973,0.224199602513011,0.20012182118114386,22.4199602513011,20.012182118114385,0.8169185396670002,50.64358244623342,0.43706325040500094
2025-03-25,USDEGP,53.244,53.2949,53.0515,53.15622290354208,0.015126893324904023,0.01564514681028992,0.012679468169885723,0.24835900611073533,0.20128031720446138,24.835900611073534,20.12803172044614,0.7921064043363373,50.87182853091902,0.4506910326257385
2025-03-27,USDEGP,52.609,52.7599,52.3532,52.63111008601191,-0.009878670621181085,0.015403976633324431,0.012746299404760488,0.2445305482393586,0.20234123016820124,24.45305482393586,20.234123016820124,-0.5251128175301716,51.05709926811603,0.3641912283227855
2025-03-28,USDEGP,52.492,52.5084,52.2987,52.50135151280855,-0.002465434853859305,0.01458010680218674,0.012492100619544172,0.23145202012408395,0.19830594955265868,23.145202012408394,19.830594955265866,-0.12975857320336104,51.25549866213908,0.38858336424714146
2025-03-31,USDEGP,51.8299,51.8774,51.7098,51.80189069621952,-0.013322720204990923,0.015188932248667976,0.012882515610876766,0.24111682446350724,0.20450359540372356,24.111682446350724,20.450359540372357,-0.6994608165890241,51.42892401669803,0.3383546333284526
2025-04-01,USDEGP,52.4579,52.5039,52.4027,52.44228419265773,0.012362357586398698,0.012051171595720143,0.01296801636767382,0.19130641829544554,0.2058608778400805,19.130641829544555,20.58608778400805,0.6403934964382074,51.62246568085335,0.3763284335726702
2025-04-02,USDEGP,52.098,52.1246,51.8801,52.09157546624704,-0.006687518131786252,0.012526380992697603,0.012523772217248073,0.19885013360594553,0.19880872057955032,19.885013360594552,19.88087205795503,-0.3507087264106872,51.766594880297326,0.27919859608223074
2025-04-03,USDEGP,51.4003,51.5594,51.2401,51.37984435051128,-0.013663075254787271,0.011868535626786667,0.012390566183405359,0.18840716216992578,0.19669414034746385,18.84071621699258,19.669414034746385,-0.7117311157357662,51.85324632895173,0.16738873564074996
2025-04-04,USDEGP,50.945,50.9719,50.8628,50.936532530050094,-0.008628126964280503,0.008985420062948795,0.012482242359071609,0.1426391214720771,0.19814945451923807,14.26391214720771,19.81494545192381,-0.443311820461183,51.91271123372215,0.1146792322185286
2025-04-07,USDEGP,50.844,51.0682,50.7408,50.91677554253191,-0.00038787460662992324,0.009025690467921803,0.012472476136282613,0.14327839433260373,0.19799442053874927,14.327839433260372,19.799442053874927,-0.019756987518185554,51.96451118781714,0.09978279474129881
2025-04-08,USDEGP,50.3152,50.3706,50.1563,50.26761763875847,-0.012749391469834559,0.009432087034535061,0.012676301122733906,0.1497297398261788,0.20123004188953664,14.97297398261788,20.123004188953665,-0.6491579037734354,51.98371074734366,0.036947445646373644
2025-04-09,USDEGP,50.8308,50.8593,50.6403,50.79809177949139,0.010552999438825594,0.010646375760359213,0.012799397556822117,0.16900597575634,0.2031841372007942,16.900597575634,20.31841372007942,0.5304741407329203,52.01479520527038,0.059796535260447925
2025-04-10,USDEGP,50.6618,50.6803,50.3583,50.67608239182047,-0.0024018498214568584,0.008375338399841413,0.012645812861157051,0.13295437531194018,0.2007460557413024,13.295437531194018,20.07460557413024,-0.1220093876709214,52.022713467065365,0.015223095205385562
2025-04-14,USDEGP,51.3955,51.468,51.2978,51.45721012483453,0.015414130219745248,0.011243121494943633,0.012516100101039554,0.1784790206142336,0.19868692951044634,17.84790206142336,19.868692951044633,0.7811277330140598,52.02597466157186,0.006268789705776712
2025-04-15,USDEGP,51.6572,51.7879,51.5771,51.69913115391223,0.004701401970507169,0.010065925749497266,0.012503916729084704,0.1597916174928673,0.19849352447650995,15.97916174928673,19.849352447650993,0.24192102907769453,52.02774307323586,0.003399093770961592
2025-04-16,USDEGP,52.8013,53.0603,52.7277,52.80796722884215,0.02144786672775667,0.011607565492194674,0.013089763853305361,0.18426438971545298,0.20779355925845128,18.4264389715453,20.779355925845127,1.1088360749299255,52.06917918481356,0.07964233912542973
2025-04-17,USDEGP,53.2366,53.2417,53.1838,53.2340420047024,0.008068380553522658,0.01136348635244021,0.013049834508149536,0.1803897534913996,0.20715970055467545,18.03897534913996,20.715970055467544,0.42607477586025055,52.138065122425424,0.13229695318868195
2025-04-18,USDEGP,52.9742,52.9795,52.8318,52.94131745759312,-0.005498822484368615,0.009501419311954338,0.01288995069964613,0.15083035560946567,0.20462162377888013,15.083035560946566,20.462162377888014,-0.2927245471092803,52.2168222167645,0.1510548850521154
2025-04-21,USDEGP,52.9544,53.0871,52.91,53.06154769643608,0.002271009574691174,0.009568818448073682,0.012448753306785751,0.1519002837259799,0.19761783229528837,15.190028372597991,19.761783229528838,0.12023023884295725,52.266964918459436,0.09602786911617756
2025-04-22,USDEGP,53.4597,53.4915,53.384,53.41118310725295,0.006589242605909762,0.008779123968245163,0.011587835440459864,0.13936427249389927,0.18395118485398448,13.936427249389926,18.39511848539845,0.3496354108168731,52.28424356486751,0.03305844606631414
2025-04-23,USDEGP,53.2693,53.3419,53.2283,53.32933207753688,-0.0015324698865349928,0.008590221889994564,0.011258883304475274,0.1363655449667332,0.17872923158363213,13.63655449667332,17.872923158363214,-0.08185102971606995,52.27240072569955,-0.02265087598192217
2025-04-24,USDEGP,53.4874,53.552,53.4144,53.46658336079633,0.0025736546458128284,0.008646183821776295,0.010967276761068954,0.1372539130930205,0.17410012121643842,13.72539130930205,17.41001212164384,0.13725128325944524,52.289855853729044,0.03339262744233018
2025-04-25,USDEGP,53.8405,53.8851,53.7002,53.82477981810555,0.006699445425418116,0.004920455951777708,0.010999104411491205,0.07810981671270863,0.17460536950343508,7.810981671270863,17.46053695034351,0.35819645730921934,52.325635338150576,0.068425287921281
2025-04-28,USDEGP,53.364,53.4966,53.3472,53.4124,-0.007661523549174487,0.005622503655696617,0.010930826335883407,0.08925447851114866,0.17352148865509728,8.925447851114866,17.35214886550973,-0.41237981810554913,52.32858946937923,0.0056456671946092385
2025-04-29,USDEGP,53.359,53.4644,53.2502,53.4457,0.0006234507342866014,0.004974167667934945,0.010930054541473092,0.07896246377336387,0.1735092367986595,7.896246377336387,17.35092367986595,0.033300000000004104,52.33392870623854,0.010203288323729076
2025-04-30,USDEGP,54.2078,54.3409,54.1824,54.2243,0.014568056925065909,0.007074885186493334,0.01098905427456906,0.11231032054677714,0.1744458285258062,11.231032054677714,17.44458285258062,0.7785999999999973,52.38645424266658,0.10036612523947053
2025-05-01,USDEGP,53.8859,54.0011,53.6716,53.94314296214706,-0.005185074548734514,0.007500272071784505,0.010868573516665222,0.11906312800358992,0.1725332557867134,11.906312800358993,17.25332557867134,-0.28115703785294244,52.40970740215217,0.0443877330919884
2025-05-02,USDEGP,55.0689,55.0785,54.8889,55.00895144917218,0.01975799756000529,0.00999541051629071,0.011356860978530623,0.15867222286862964,0.18028457894115413,15.867222286862964,18.028457894115412,1.065808487025123,52.478162509836224,0.13061532123959108
2025-05-05,USDEGP,54.7423,54.8373,54.6521,54.71177760646266,-0.005402281535653475,0.01068038127468665,0.010191199278731014,0.16954579656103144,0.16178027311813856,16.954579656103146,16.178027311813857,-0.29717384270951896,52.58300198657297,0.19977733922580398
2025-05-06,USDEGP,55.4954,55.5792,55.3482,55.53417066072085,0.01503137149323841,0.011545998543791165,0.010450917698104082,0.183287044708712,0.16590317520952205,18.328704470871198,16.590317520952205,0.8223930542581854,52.71590107661237,0.25274154197840737
2025-05-07,USDEGP,55.4769,55.627,55.398,55.44554762632779,-0.0015958288984720959,0.010672853509693369,0.010166299249205271,0.1694262969964293,0.16138499740355886,16.94262969964293,16.138499740355886,-0.08862303439305919,52.81861544751644,0.1948451393343431
2025-05-08,USDEGP,55.4127,55.4153,55.3159,55.36978585591049,-0.001366417569321987,0.010846357530265775,0.009871250996228976,0.17218058793585583,0.15670125159072276,17.218058793585584,15.670125159072276,-0.07576177041729437,52.892400879262055,0.13969588396145483
2025-05-09,USDEGP,56.3462,56.5263,56.3201,56.36912894372414,0.01804852723133621,0.011416678873446363,0.01008470595368968,0.18123415858454478,0.16008974399205214,18.12341585845448,16.008974399205215,0.9993430878136493,53.01700150785246,0.23557378095737658
2025-05-12,USDEGP,57.3555,57.6085,57.3238,57.4114262471254,0.018490569624409536,0.011189417927666456,0.010459283232213042,0.17762650291303897,0.16603597394654127,17.762650291303896,16.603597394654127,1.0422973034012557,53.18067066566302,0.3087107025211866
2025-05-13,USDEGP,57.8307,57.9559,57.6298,57.91882964723106,0.008838021161877485,0.010151867867122235,0.010038086019674292,0.16115590631515886,0.15934967548279438,16.115590631515886,15.934967548279438,0.5074034001056589,53.38456863069674,0.3834061558109836
2025-05-14,USDEGP,57.5021,57.6211,57.3686,57.50325509572601,-0.007175119974560995,0.010540183551839683,0.010095419539403,0.16732022670684765,0.16025981689273544,16.732022670684763,16.025981689273543,-0.4155745515050455,53.553267660799015,0.3160071054789215
2025-05-15,USDEGP,56.6022,57.027,56.5454,56.67368205295277,-0.014426540573959645,0.012569129208961876,0.010447532709326956,0.19952874050130676,0.16584944017855194,19.952874050130674,16.584944017855193,-0.8295730427732408,53.706004547022545,0.2852055400072828
2025-05-16,USDEGP,57.4177,57.4822,57.3651,57.40085278061749,0.012830836136344503,0.012874127869436718,0.010116611340510877,0.2043704441362523,0.16059622630612536,20.43704441362523,16.059622630612537,0.7271707276647206,53.906704828026086,0.373701754014899
2025-05-19,USDEGP,57.4058,57.4982,57.3545,57.40965963316055,0.00015342720737465676,0.01276050450757172,0.009870154006833737,0.20256672918452098,0.1566838374239387,20.256672918452097,15.668383742393871,0.008806852543060018,54.1224757314631,0.40026728423741
2025-05-20,USDEGP,56.7549,56.8162,56.6961,56.79077902437104,-0.010780077999836046,0.012592968244968349,0.01020760442257717,0.1999071734659186,0.16204069670317356,19.99071734659186,16.204069670317356,-0.6188806087895102,54.318275847524404,0.3617722829842407
2025-05-21,USDEGP,56.7057,56.8065,56.3929,56.72837405973213,-0.0010988573446426564,0.01000310701036459,0.009772713305341895,0.15879440092434907,0.15513701424160012,15.879440092434907,15.513701424160011,-0.06240496463890821,54.53363439489019,0.3964753004501054
2025-05-22,USDEGP,56.1501,56.2293,56.1157,56.13422207588106,-0.010473629708220744,0.009258833703136772,0.010043067470465678,0.14697942845401882,0.15942875356256825,14.697942845401881,15.942875356256824,-0.59415198385107,54.711505404769845,0.32616753285072964
2025-05-23,USDEGP,55.5921,55.7617,55.4658,55.52836688416343,-0.010792973863584465,0.009534842331977704,0.010322707156675711,0.15136092960374503,0.16386789596106358,15.136092960374503,16.386789596106357,-0.6058551917176302,54.87324822118128,0.2956285249598123
2025-05-26,USDEGP,54.7025,54.7583,54.5381,54.68643432813816,-0.015162206332875017,0.009660050053996505,0.010571818277166292,0.15334854057186495,0.16782241240289592,15.334854057186496,16.78224124028959,-0.8419325560252702,54.980889027958064,0.19616262981718702
2025-05-27,USDEGP,54.7573,55.0692,54.5377,54.748306020350114,0.001131390133075838,0.006569112889418778,0.010561435786279662,0.1042814342382662,0.16765759546964343,10.42814342382662,16.765759546964343,0.06187169221195177,55.08252819017266,0.1848627114103385
2025-05-28,USDEGP,55.7455,55.818,55.7119,55.71788227501793,0.017709703279356726,0.011286927526430936,0.010343458667558085,0.179174419805674,0.16419731598380524,17.9174419805674,16.419731598380523,0.9695762546678139,55.17952535837852,0.17609425600615403
2025-05-29,USDEGP,56.2638,56.3297,56.1629,56.27530394998399,0.010004358604562391,0.011982746783862776,0.01038958659645094,0.19022020808135967,0.16492957415387505,19.022020808135967,16.492957415387504,0.557421674966065,55.28090075655457,0.18371922831457166
2025-05-30,USDEGP,55.9666,56.0779,55.9031,56.05508038525376,-0.003913325193693473,0.012024355032837221,0.010354596303323993,0.19088071855701114,0.1643741204703841,19.088071855701113,16.43741204703841,-0.22022356473023308,55.38469285414327,0.18775399128494463
2025-06-02,USDEGP,56.9236,57.0711,56.737,56.82008950374575,0.01364745377643306,0.012517859194040165,0.010572463152652763,0.19871485424612226,0.16783264948387874,19.871485424612224,16.783264948387874,0.7650091184919887,55.50997758105358,0.22620821828922555
2025-06-03,USDEGP,56.8476,56.8892,56.6572,56.806601906111005,-0.00023737374848475934,0.011326648982779075,0.010551245040581178,0.1798049783769369,0.16749582239688848,17.98049783769369,16.74958223968885,-0.013487597634743054,55.62315820768219,0.20389240198006586
2025-06-04,USDEGP,56.2894,56.3144,56.2387,56.29281516067024,-0.009044490045187814,0.009796298317638757,0.010728323320724152,0.1555114147048355,0.17030685294798448,15.55114147048355,17.03068529479845,-0.5137867454407683,55.721940977119964,0.17759288149181707
2025-06-05,USDEGP,56.3137,56.3595,56.2542,56.3226384546882,0.0005297886405724039,0.009830137034765887,0.010730122944809925,0.15604858768605862,0.17033542109469063,15.604858768605862,17.033542109469064,0.029823294017965907,55.817142813583025,0.17085161570762342
2025-06-06,USDEGP,56.4435,56.5326,56.2254,56.3858,0.001121423765731766,0.007790046009098971,0.010690401610082601,0.12366314665096251,0.16970486445409833,12.366314665096251,16.970486445409833,0.06316154531180018,55.90251015297951,0.15294107704795223
2025-06-10,USDEGP,56.7605,57.0136,56.6534,56.67668599466971,0.0051588519568703806,0.00711856477411124,0.010562655308380641,0.11300371250401815,0.16767695478282865,11.300371250401815,16.767695478282864,0.29088599466970777,56.01131968613517,0.1946415873954388
2025-06-11,USDEGP,56.9463,57.0517,56.849,57.046626896120685,0.006527214761388178,0.0070011721569412325,0.010590447623096376,0.11114016247929705,0.16811814410140868,11.114016247929705,16.81181441014087,0.369940901450974,56.131350582672525,0.21429756915203324
2025-06-13,USDEGP,56.1911,56.4236,56.1613,56.33575775752623,-0.01246119494302289,0.007045130745901724,0.010654141729632591,0.11183798344554567,0.16912925669666037,11.183798344554567,16.912925669666038,-0.7108691385944539,56.20173250792339,0.12538790625962193
2025-06-16,USDEGP,56.6551,56.75,56.4196,56.56785057997874,0.004119813626213276,0.007331121010619014,0.010593237189801938,0.11637793815251053,0.16816242710001994,11.637793815251053,16.816242710001994,0.23209282245250762,56.289222761851114,0.15567180943290015
2025-06-17,USDEGP,56.5806,56.6445,56.4483,56.6009,0.0005842438714289688,0.006310095811758704,0.010025560629377943,0.10016966560142264,0.1591508410760054,10.016966560142263,15.915084107600542,0.0330494200212641,56.34228771354538,0.09427195667415234
2025-06-18,USDEGP,55.6827,55.7249,55.5774,55.71768214676541,-0.015604307585826205,0.008856763871580117,0.01041564853218831,0.14059676775013558,0.1653432945577512,14.059676775013557,16.534329455775122,-0.8832178532345907,56.37581786488881,0.05951151915217778
2025-06-19,USDEGP,55.1222,55.2565,54.8997,55.13040989930676,-0.010540141384771218,0.009362146107261904,0.010243900260975167,0.14861946202599863,0.16261687527533972,14.861946202599864,16.261687527533972,-0.5872722474586496,56.36235917284167,-0.023873165049936862
2025-06-20,USDEGP,54.8417,54.8614,54.6764,54.82749102395268,-0.005494587758504754,0.008618209900328909,0.01028695679939642,0.13680984085695028,0.16330037663320732,13.680984085695028,16.33003766332073,-0.3029188753540808,56.34175728609583,-0.03655256282417696
2025-06-23,USDEGP,55.0301,55.0541,54.8932,54.94032308351399,0.0020579467973833587,0.007772246589184927,0.010293970371947169,0.12338058961951989,0.16341171364583565,12.338058961951988,16.341171364583566,0.11283205956130615,56.32744186034928,-0.025408198884979694
2025-06-24,USDEGP,54.7298,54.8074,54.7245,54.73738304162465,-0.0036938268743131886,0.007110552822992662,0.009713277752629191,0.11287652672296117,0.15419350409251922,11.287652672296117,15.419350409251923,-0.20294004188933457,56.2730503302793,-0.09656311075663115
2025-06-25,USDEGP,54.1386,54.2945,54.1086,54.16277681118024,-0.01049751008387556,0.0064127239690701535,0.009139291272355231,0.10179883709197611,0.14508175119621014,10.179883709197611,14.508175119621015,-0.5746062304444166,56.16476201574779,-0.1924337029820422
2025-06-26,USDEGP,53.9237,54.0286,53.8217,53.84546092514913,-0.005858560153540804,0.005705096272875322,0.008935508579642608,0.09056559566225755,0.14184680123770999,9.056559566225756,14.184680123770999,-0.3173158860311034,56.02898305834506,-0.24175114881579418
2025-06-27,USDEGP,54.1432,54.3239,54.1298,54.14875899522001,0.0056327509294142875,0.006058593185984367,0.009004666697500396,0.09617718519015081,0.142944652323668,9.617718519015082,14.294465232366798,0.3032980700708734,55.917166521661535,-0.19956909902699715
2025-06-30,USDEGP,54.38,54.4614,54.2275,54.30655713186784,0.002914159799336513,0.005786853119411251,0.008729335211269685,0.0918634453657232,0.1385739004796344,9.18634453657232,13.857390047963438,0.15779813664783404,55.83826235762536,-0.14110901704149637
2025-07-01,USDEGP,53.8018,53.8765,53.786,53.8312,-0.008753217971700367,0.006217288295944081,0.008400612266528296,0.09869639196156353,0.13335558550747514,9.869639196156353,13.335558550747514,-0.47535713186783823,55.71927393160478,-0.21309478661513115
2025-07-02,USDEGP,52.9127,53.0748,52.8887,52.91045885071261,-0.017104228575387403,0.007833243198173075,0.008821073546765215,0.1243488807687252,0.14003020140810749,12.43488807687252,14.003020140810749,-0.9207411492873945,55.569300572189846,-0.2691588544370238
2025-07-04,USDEGP,52.7561,52.7824,52.5989,52.74153718472382,-0.003192594992710296,0.007853035120763878,0.008688571265598608,0.12466306779958383,0.1379267929034139,12.466306779958384,13.79267929034139,-0.16892166598879044,55.4343258442016,-0.24289441579870008
2025-07-07,USDEGP,53.2336,53.4564,52.9996,53.301718147518,0.01062124831197453,0.00941032651724595,0.00900792869434504,0.14938430232329614,0.1429964349182384,14.938430232329614,14.29964349182384,0.5601809627941847,55.32010398046114,-0.20604898138651961
2025-07-08,USDEGP,53.3546,53.4932,53.2968,53.32588950875819,0.00045348184036564376,0.009308630817990469,0.008874902003046711,0.14776993314548723,0.1408847016607836,14.776993314548722,14.08847016607836,0.024171361240185263,55.22649289489038,-0.1692171178923063
2025-07-09,USDEGP,52.6404,52.6726,52.4916,52.64820102746658,-0.012708432761919686,0.009593530941986669,0.00894936722855154,0.15229258240499968,0.14206680046883233,15.229258240499968,14.206680046883232,-0.6776884812916109,55.13048736633382,-0.17383962573774836
2025-07-10,USDEGP,52.633,52.7112,52.5756,52.686037603871625,0.0007186679823174558,0.009364215357348217,0.008590231447432109,0.14865231035277132,0.13636569668635068,14.865231035277132,13.636569668635069,0.03783657640504856,55.06380747552493,-0.12094921339222964
2025-07-11,USDEGP,52.405,52.6412,52.3789,52.40277654436206,-0.005376397094792096,0.009180590868548508,0.00861132193762306,0.14573736196085896,0.1367004978387929,14.573736196085896,13.67004978387929,-0.28326105950956304,54.98562315965866,-0.14198857552853994
2025-07-15,USDEGP,53.3848,53.5516,53.304,53.3345,0.017780039858177776,0.010168853245633902,0.008616718490517613,0.1614255408399559,0.13678616546016886,16.142554083995588,13.678616546016887,0.9317234556379361,54.90617708382474,-0.14448517861339605
2025-07-16,USDEGP,53.777,53.8258,53.7225,53.76642502063535,0.008098416984041457,0.010253859146855601,0.008536229852854519,0.16277496768758912,0.13550844794843125,16.277496768758912,13.550844794843126,0.43192502063535443,54.82254778617978,-0.15231309496794854
2025-07-18,USDEGP,52.4561,52.5002,52.3627,52.38093491070773,-0.025768685743861153,0.014121717402078982,0.009615145332370664,0.22417531398620466,0.15263570021517758,22.417531398620465,15.263570021517758,-1.3854901099276233,54.70007627036158,-0.22339624983477302
2025-07-21,USDEGP,53.017,53.063,52.8757,53.03449517064536,0.012477063669286137,0.0152155606327065,0.009550734664218444,0.24153953695539596,0.1516132125569159,24.153953695539595,15.16132125569159,0.6535602599376276,54.57388979259156,-0.23068793752010208
2025-07-22,USDEGP,53.3501,53.6174,53.3116,53.39050814799406,0.006712856909511178,0.014406447116324446,0.00968463078872656,0.22869525807478858,0.15373874763869877,22.86952580747886,15.373874763869877,0.35601297734870485,54.46002000065433,-0.20865251197961232
2025-07-23,USDEGP,53.6768,53.7384,53.5963,53.60498575751207,0.004017148683498117,0.014407996076876895,0.009651475548041386,0.22871984706126314,0.15321242450963002,22.871984706126312,15.321242450963002,0.21447760951800632,54.37042568721573,-0.16451391945416782
2025-07-24,USDEGP,53.9297,54.0262,53.8692,53.91010009344825,0.005691902192016318,0.013992848372294678,0.009736110848012446,0.22212958155916002,0.15455596824479467,22.212958155916002,15.455596824479468,0.30511433593618165,54.29000774184105,-0.1479075147163833
2025-07-25,USDEGP,53.6007,53.7425,53.5851,53.68881552557063,-0.004104695919577961,0.012835384948441012,0.009735968674188328,0.20375541933213911,0.15455371130530532,20.37554193321391,15.455371130530532,-0.22128456787761763,54.20010825936008,-0.16559121322741177
2025-07-28,USDEGP,52.9012,53.0491,52.8226,52.87614125958388,-0.015136751631253498,0.01367594226518646,0.009953800070950572,0.21709885306896434,0.15801167752675377,21.709885306896435,15.801167752675378,-0.8126742659867503,54.07342343485722,-0.23373537170192638
2025-07-29,USDEGP,52.322,52.3538,52.1067,52.29467147923812,-0.010996827047026092,0.01013178608707801,0.009934342258451254,0.16083711793987573,0.15770279432917064,16.083711793987572,15.770279432917064,-0.5814697803457634,53.91502492096114,-0.292932283244296
2025-07-30,USDEGP,52.2813,52.2964,52.1617,52.1848270218724,-0.0021004904373350675,0.008452981631294995,0.009767277268705925,0.13418692340042182,0.15505071983526045,13.418692340042181,15.505071983526046,-0.10984445736571757,53.776660563106006,-0.2566341350263124
2025-07-31,USDEGP,52.0027,52.113,51.9595,52.030146301013325,-0.0029640937737370754,0.007472790171127886,0.009686976414434912,0.11862686635543315,0.15377598329245762,11.862686635543316,15.377598329245762,-0.15468072085907636,53.62540375380716,-0.2812685051749253
2025-08-01,USDEGP,53.3545,53.5172,53.2566,53.31335509256401,0.024662794221773865,0.013020825026853396,0.010894036385256446,0.20669918931564005,0.17293746629446557,20.669918931564006,17.293746629446556,1.2832087915506847,53.515818923559294,-0.2043524571879618
2025-08-04,USDEGP,52.6641,52.7008,52.6146,52.67623975974132,-0.011950389010718099,0.013280681628641577,0.010755488603367001,0.21082428498485925,0.17073808844099103,21.082428498485925,17.073808844099105,-0.6371153328226882,53.41443751065849,-0.1894419536877856
2025-08-05,USDEGP,53.8003,53.8204,53.6771,53.67727036289743,0.019003455974113903,0.01568123950754349,0.011269165642673551,0.24893195991720626,0.17889245864224554,24.893195991720628,17.889245864224552,1.00103060315611,53.365999526111516,-0.09068331860146994
2025-08-06,USDEGP,54.5176,54.6888,54.3507,54.452996138432496,0.014451662133536214,0.014864345717948087,0.01156881024367677,0.2359641730282709,0.18364916921799168,23.596417302827092,18.364916921799168,0.775725775535065,53.353516363260844,-0.02339160319589917
2025-08-07,USDEGP,55.0266,55.2675,54.9856,55.09411745351254,0.011773848282841115,0.01337563965432353,0.011767441679797255,0.21233169691052403,0.1868023455131982,21.233169691052403,18.68023455131982,0.6411213150800421,53.358642842260785,0.009608511958303367
2025-08-08,USDEGP,55.9605,56.1573,55.7519,55.918804648523015,0.014968697805284537,0.012868556208697694,0.0120466624893123,0.2042819967640218,0.19123483845030387,20.42819967640218,19.123483845030385,0.8246871950104762,53.398023562490735,0.07380382658226381
2025-08-12,USDEGP,56.4029,56.4163,56.334,56.3551461885279,0.007803127100936891,0.011647326522374738,0.011918456921611989,0.18489557650182206,0.1891996381573306,18.489557650182206,18.91996381573306,0.43634154000488223,53.471102541735654,0.1368570864039409
2025-08-13,USDEGP,57.0629,57.0998,56.9182,57.00355498450767,0.011505760162711987,0.010138819466558806,0.011975692072522148,0.16094876937777092,0.19010821801068778,16.09487693777709,19.01082180106878,0.6484087959797762,53.576372343714276,0.19687232350680262
2025-08-14,USDEGP,56.9962,57.1004,56.9957,57.02537700973749,0.00038281867219946975,0.005976709997458504,0.011958684751934096,0.0948773298697721,0.18983823516622658,9.48773298697721,18.983823516622657,0.02182202522981669,53.672259610864856,0.17897304904375133
2025-08-15,USDEGP,56.2853,56.4538,56.1583,56.27261780055704,-0.013200424945054023,0.010118970112194094,0.012264725063021117,0.16063367064576559,0.1946964744920092,16.063367064576557,19.46964744920092,-0.7527592091804465,53.73779496648783,0.12210284437086383
2025-08-18,USDEGP,56.6983,56.7273,56.616,56.6880907593719,0.0073832171854415485,0.009567206460562019,0.012163920007233053,0.15187469421754551,0.19309624384092994,15.187469421754551,19.309624384092995,0.4154729588148598,53.8330246584669,0.17721175950455859
2025-08-20,USDEGP,55.6177,55.8645,55.5957,55.678638273463896,-0.017807135015234565,0.012556125405975378,0.012202199323269597,0.19932231152850463,0.193703909144472,19.932231152850463,19.3703909144472,-1.0094524859080067,53.92529730589194,0.17140528144283795
2025-08-21,USDEGP,54.9845,55.1729,54.879,55.02319058215341,-0.011771977757273344,0.011850604289596342,0.012421168605894504,0.18812251101664312,0.1971799387439983,18.812251101664312,19.71799387439983,-0.655447691310485,54.00135241913959,0.1410379117916305
2025-08-22,USDEGP,55.3553,55.5828,55.234,55.25296178831053,0.0041758975393122455,0.011409171895381877,0.012313004954969961,0.1811149890022073,0.19546289401653946,18.11149890022073,19.546289401653947,0.22977120615711755,54.06639387383267,0.12044412182170561
2025-08-25,USDEGP,56.1313,56.1362,56.0494,56.09960071381978,0.01532296003882938,0.012263958678422851,0.012575383274043363,0.19468430851367535,0.19962802070663974,19.468430851367536,19.962802070663972,0.8466389255092537,54.1588509140014,0.17100648581165334
2025-08-26,USDEGP,55.893,55.9402,55.7256,55.83699394647488,-0.004681080863383258,0.012234403249422302,0.012339928328949883,0.19421513062351167,0.1958902893285734,19.421513062351167,19.589028932857342,-0.26260676734490573,54.26514401130167,0.19626172916602513
2025-08-27,USDEGP,55.9254,56.1443,55.8935,56.00648587489073,0.003035477314167867,0.011480775252799492,0.012338651221852601,0.18225165706279298,0.1958700158819114,18.2251657062793,19.587001588191143,0.1694919284158516,54.37582562033564,0.20396446199593132
2025-08-28,USDEGP,56.2118,56.4035,56.123,56.2543,0.004424739764298913,0.011187750099567595,0.012263035682159426,0.17760002696276384,0.19466965640223097,17.760002696276384,19.466965640223098,0.24781412510927225,54.504209735523574,0.23610513260863275
2025-08-29,USDEGP,56.0493,56.2206,56.0413,56.14875612692907,-0.0018761920967984569,0.0085087858636119,0.011935890642221668,0.13507278812531426,0.18947638989228935,13.507278812531426,18.947638989228935,-0.10554387307092838,54.598018273087874,0.17211246254096313
2025-09-01,USDEGP,55.1458,55.2529,54.9514,55.110055753562825,-0.018499080745763563,0.010393548319013598,0.012428378140583233,0.16499246454986038,0.19729438655912754,16.49924645498604,19.729438655912755,-1.0387003733662468,54.642805964185456,0.08203171564500344
2025-09-02,USDEGP,53.9828,54.1126,53.9422,54.01176949132688,-0.019928963003542965,0.012635785376325252,0.012035848950621063,0.2005868743544599,0.19106317884528634,20.05868743544599,19.106317884528636,-1.0982862622359448,54.697167116872755,0.09948455561181735
2025-09-04,USDEGP,53.9737,54.1592,53.7255,53.896882965238845,-0.0021270646596106557,0.009776805636127043,0.01185346800734566,0.15520197797884083,0.18816797112658176,15.520197797884084,18.816797112658175,-0.11488652608803562,54.72591337669255,0.052555299177337034
2025-09-05,USDEGP,54.6391,54.6482,54.3807,54.56430689020418,0.012383349244812436,0.01194903974571712,0.01199853464593153,0.18968512543916385,0.19047083262196357,18.968512543916386,19.047083262196356,0.667423924965334,54.76504000143289,0.0714956084351126
2025-09-08,USDEGP,55.4358,55.4783,55.4102,55.42544328901992,0.015782045954483515,0.013877963257693788,0.012296063623131109,0.22030583690369734,0.1951939587109965,22.030583690369735,19.51939587109965,0.8611363988157379,54.825721919149814,0.11080411466026785
2025-09-09,USDEGP,55.1016,55.3401,55.0432,55.10779488663305,-0.005731093583329017,0.013696496468965647,0.012328570713639183,0.21742514093854437,0.1957099927749803,21.74251409385444,19.57099927749803,-0.3176484023868653,54.86564507892264,0.07281830202199302
2025-09-10,USDEGP,56.702,56.9146,56.6837,56.721342962374415,0.029279851953080804,0.018342529141579283,0.013335591997023576,0.2911786231474431,0.21169596005968552,29.117862314744308,21.169596005968554,1.6135480757413632,54.96672932681609,0.1842396052175177
2025-09-11,USDEGP,57.8384,58.0379,57.7896,57.88083906151181,0.02044197190300201,0.01709563007331013,0.013348529287730906,0.2713847140796131,0.2119013331827888,27.138471407961312,21.190133318278882,1.1594960991373924,55.13355258688036,0.3034986110823201
2025-09-12,USDEGP,57.6554,57.8879,57.6373,57.73790228612536,-0.00246950074850405,0.013348099166107456,0.013126841760249513,0.21189450521369382,0.2083821527839054,21.189450521369384,20.83821527839054,-0.14293677538644545,55.3149936137766,0.3290936614511075
2025-09-15,USDEGP,58.4293,58.4593,58.304,58.32019495810897,0.010085102660952305,0.012309765252550973,0.013139641945985776,0.19541146533500448,0.20858534943306695,19.54114653350045,20.858534943306694,0.582292671983609,55.51950587831782,0.36972301934838914
2025-09-16,USDEGP,58.7312,58.8145,58.6181,58.72608594260674,0.0069596986908104785,0.012407559041060326,0.013088421178482065,0.19696389359998004,0.20777224495640687,19.696389359998005,20.777224495640688,0.4058909844977663,55.74270386637093,0.40201724515036563
2025-09-17,USDEGP,58.4075,58.5618,58.3985,58.42105913609259,-0.005194059873362855,0.013443180357223184,0.012598977273180316,0.21340387233000596,0.20000256383153883,21.340387233000595,20.000256383153882,-0.3050268065141495,55.912960667821885,0.30543333861072774
2025-09-18,USDEGP,57.8709,57.9519,57.8212,57.91718776315344,-0.00862482434228673,0.013957001827411705,0.01247573619444486,0.22156053530043246,0.19804617235769076,22.156053530043245,19.804617235769076,-0.5038713729391446,56.08765893460229,0.3124468185798257
2025-09-19,USDEGP,57.2974,57.4698,57.0984,57.2678705940592,-0.0112111308261299,0.011452258349668969,0.012378651061633819,0.18179896525972247,0.1965049936531726,18.179896525972246,19.65049936531726,-0.6493171690942461,56.20734560897435,0.2133921733328492
2025-09-22,USDEGP,57.4753,57.5221,57.3612,57.4498,0.0031768145742734344,0.008018995794271429,0.012164238979986156,0.12729761181669044,0.19310130737640824,12.729761181669044,19.310130737640822,0.18192940594080653,56.3072390710266,0.17772314449289173
2025-09-23,USDEGP,57.8986,57.9642,57.7094,57.90336144594879,0.00789491775339135,0.008643523042847536,0.012075505686514573,0.1372116745369852,0.1916927100111831,13.721167453698522,19.16927100111831,0.453561445948786,56.40088053744115,0.16630448936845177
2025-09-24,USDEGP,57.6044,57.8336,57.5827,57.63364747989649,-0.004658001872725026,0.007639815828890717,0.011863301066487192,0.12127831647347775,0.18832406610127467,12.127831647347776,18.832406610127467,-0.2697139660523007,56.4580419651536,0.10134846684619614
2025-09-25,USDEGP,57.0379,57.1731,56.9221,56.96213861649777,-0.011651333773954775,0.007371705060901894,0.012013619895363961,0.11702218997797599,0.19071030353274512,11.7022189977976,19.071030353274512,-0.6715088633987207,56.478275046085926,0.03583737626753347
2025-09-26,USDEGP,57.1901,57.2585,57.1834,57.24514265256928,0.004968283195560197,0.008133135015364381,0.011864088638062889,0.12910951577979385,0.18833656841244842,12.910951577979384,18.833656841244842,0.28300403607151026,56.486327968354644,0.01425844231635054
2025-09-29,USDEGP,56.7976,56.8471,56.6528,56.79847742836635,-0.007802674663836884,0.008041637622609888,0.01195373568887671,0.1276570396987587,0.18975967122579085,12.765703969875869,18.975967122579085,-0.4466652242029312,56.478764648975606,-0.013389646045458559
2025-09-30,USDEGP,57.5917,57.6767,57.5014,57.6479,0.014955023621978869,0.009419153592622078,0.011992014020071237,0.14952442780079167,0.19036732089545058,14.952442780079167,19.03673208954506,0.849422571633653,56.52460738895704,0.08116809966780547
2025-10-01,USDEGP,57.9773,58.115,57.93,58.00184005740292,0.006139686916659892,0.009599006189849728,0.011970871076316418,0.15237949927027225,0.1900316870684961,15.237949927027225,19.00316870684961,0.353940057402923,56.56839903222473,0.07747359122083353
2025-10-02,USDEGP,57.7803,57.8679,57.682,57.79701673553242,-0.0035313245522521353,0.0092779136255413,0.011477937838696784,0.14728231283231955,0.18220661451029935,14.728231283231954,18.220661451029933,-0.20482332187050645,56.63901164762702,0.12482696454263476
2025-10-03,USDEGP,58.269,58.2857,58.0137,58.18237039529641,0.00666736246141042,0.009363271454936047,0.011244643371712907,0.14863732636650423,0.1785031796589791,14.863732636650424,17.85031796589791,0.38535365976399305,56.74431764139845,0.18592484350994365
2025-10-06,USDEGP,58.5152,58.5988,58.465,58.52390333630562,0.005870041710037022,0.007439616373186717,0.01126058758233787,0.11810024863905812,0.17875628615596842,11.810024863905811,17.875628615596842,0.3415329410092127,56.85334902633163,0.19214502784614673
2025-10-07,USDEGP,58.2784,58.5436,58.1473,58.390946873318754,-0.002271831771418875,0.007761868921257637,0.010996785723668401,0.12321584924837337,0.1745685614753523,12.321584924837337,17.45685614753523,-0.13295646298686847,56.92972723164826,0.1343424910311919
2025-10-09,USDEGP,58.2008,58.4682,58.1662,58.28497944370105,-0.0018147921089138874,0.00663962661453574,0.010954558351977615,0.1054008049223237,0.17389822273127004,10.54008049223237,17.389822273127002,-0.10596742961770644,57.01132674822246,0.1433337564435755
2025-10-10,USDEGP,58.7146,58.8523,58.6383,58.82855507485379,0.009326170075736107,0.00524632260226264,0.011045013873822701,0.08328278941922505,0.17533415962435803,8.328278941922505,17.533415962435804,0.5435756311527413,57.10539572155457,0.1650004984931286
2025-10-13,USDEGP,58.3004,58.3866,58.2114,58.227140387718094,-0.01022317625123459,0.006940405763560562,0.011242357627262268,0.1101755258895636,0.17846689459071688,11.01755258895636,17.846689459071687,-0.6014146871356942,57.17115706781183,0.11515785054343475
2025-10-14,USDEGP,58.5773,58.5994,58.5554,58.55636530915054,0.005654148894145061,0.006902954245871671,0.011255122287195548,0.10958100147740314,0.1786695272852395,10.958100147740314,17.86695272852395,0.3292249214324485,57.251410707219215,0.14037434875104893
2025-10-15,USDEGP,57.8118,57.8201,57.7181,57.76848449056208,-0.013455084078883961,0.008569144814375018,0.010980997661059146,0.13603095676401025,0.17431793375126664,13.603095676401026,17.431793375126663,-0.7878808185884623,57.34002499845253,0.15478097419552306
2025-10-16,USDEGP,57.884,58.0419,57.7239,57.926694726186405,0.002738694584417667,0.00822635533274845,0.010198403474981847,0.1305893424414144,0.1618946361881934,13.05893424414144,16.189463618819342,0.158210235624324,57.47052250628118,0.2275853696125374
2025-10-17,USDEGP,57.7218,57.8197,57.5889,57.72820107209706,-0.0034266352504248587,0.008257451770973081,0.010220966079478113,0.13108298309462793,0.16225280643075557,13.108298309462793,16.225280643075557,-0.19849365408934716,57.598233109843115,0.2222193186915522
2025-10-20,USDEGP,56.9363,57.067,56.8299,56.868084775935216,-0.014899412768598741,0.009673680764568494,0.010506480891068117,0.15356492139406444,0.16678521355331125,15.356492139406445,16.678521355331124,-0.8601162961618414,57.67502570603415,0.13332456925299052
2025-10-21,USDEGP,56.0312,56.2423,56.0034,56.11991510310611,-0.013156231228411475,0.008360458418028988,0.01047197481993389,0.13271816292360714,0.16623744665565282,13.271816292360713,16.623744665565283,-0.748169672829107,57.69817476650369,0.040137061381706474
2025-10-22,USDEGP,55.3792,55.4911,55.2397,55.38579563958422,-0.013081264684259297,0.008627788862881328,0.01070539146256957,0.13696190217334048,0.16994282098531868,13.696190217334047,16.99428209853187,-0.7341194635218926,57.70744145826873,0.016060632424763632
2025-10-23,USDEGP,55.3018,55.4197,55.2771,55.29671145312233,-0.0016084302018805063,0.007150063632659234,0.009192951164996245,0.11350374138182051,0.14593357558404943,11.350374138182051,14.593357558404943,-0.0890841864618892,57.65995374129366,-0.08229045643863842
2025-10-24,USDEGP,55.7752,55.8084,55.6885,55.6993434752131,0.007281301392255468,0.008701874519360909,0.008426018315547795,0.13813797550991208,0.133758894032489,13.813797550991207,13.3758894032489,0.40263202209077065,57.587237221750364,-0.12611269143496528
2025-10-27,USDEGP,55.3056,55.4538,55.2466,55.377,-0.0057872042128565004,0.007977859054426262,0.008464323323326441,0.1266445863164208,0.13436696717979316,12.66445863164208,13.436696717979316,-0.3223434752130956,57.50854047887952,-0.13665656952391858
2025-10-28,USDEGP,55.6357,55.6419,55.6127,55.6138,0.004276143525290266,0.00892815463504809,0.008257484914863665,0.14173006098639532,0.13108350923757972,14.173006098639531,13.108350923757971,0.23679999999999524,57.418327313609225,-0.15686916155248642
2025-10-29,USDEGP,55.6637,55.7085,55.4571,55.546756127664175,-0.0012055258287659854,0.007912121996026481,0.008100410597951474,0.12560104286574028,0.1285900317581497,12.560104286574028,12.859003175814971,-0.0670438723358231,57.31234965311114,-0.18457113861790608
2025-11-03,USDEGP,56.9088,56.995,56.7913,56.94372637752276,0.0251494479110157,0.01211198605460327,0.00944725601355603,0.19227181790137585,0.14997053990297224,19.227181790137585,14.997053990297223,1.3969702498585832,57.26310522782548,-0.0859228867490569
2025-11-04,USDEGP,57.2341,57.2554,57.127,57.248490178171984,0.005352017158636979,0.010083454731021168,0.00939307536765485,0.16006988144795822,0.149110448813408,16.006988144795823,14.911044881340798,0.30476380064922637,57.2408153083261,-0.03892544669154008
2025-11-05,USDEGP,58.3305,58.3956,58.305,58.34324039039075,0.0191227787634507,0.010905467831847461,0.009806549184969001,0.17311893488329883,0.15567414217890677,17.311893488329883,15.567414217890677,1.094750212218763,57.27666096820382,0.06262255295392816
2025-11-06,USDEGP,58.9854,59.0563,58.8825,58.98149854145471,0.010939710355359233,0.010967237238112037,0.009976022426140626,0.17409949380894793,0.15836444647902792,17.409949380894794,15.836444647902791,0.6382581510639653,57.327717586252305,0.08914035347979965
2025-11-07,USDEGP,59.502,59.607,59.4224,59.53579841072077,0.009397860057361429,0.009060839876622562,0.010015923023699828,0.1438363738975228,0.15899784882885504,14.38363738975228,15.899784882885504,0.5542998692660603,57.382132151744706,0.09491842303075426
2025-11-10,USDEGP,59.1633,59.1746,59.0605,59.14256018038307,-0.006605071920340433,0.011015685584970706,0.010059898473117623,0.17486858747226935,0.15969593744656574,17.486858747226936,15.969593744656574,-0.3932382303377011,57.43242924176092,0.08765287752501294
2025-11-11,USDEGP,58.9954,59.1054,58.9205,59.09782596663179,-0.0007563793926885776,0.010948259056676719,0.009783632781837822,0.17379822451846325,0.15531035555713157,17.379822451846323,15.531035555713157,-0.04473421375128339,57.50361882009872,0.12395362563915047
2025-11-12,USDEGP,59.0957,59.2466,58.9448,59.13554327503186,0.0006382182048687568,0.008560311691484815,0.00975915893707307,0.13589073528520496,0.15492184531589276,13.589073528520496,15.492184531589276,0.037717308400068816,57.56663217418081,0.10958154525757546
2025-11-13,USDEGP,58.1123,58.4257,58.1088,58.18601768897139,-0.016056766091491648,0.01180646802644484,0.010129006691292982,0.18742186956005163,0.16079299639962252,18.742186956005163,16.07929963996225,-0.9495255860604672,57.61288351620098,0.08034401227472454
2025-11-14,USDEGP,57.6811,57.7499,57.4647,57.623596445019565,-0.009665917453883899,0.009856542351916417,0.009942846173361036,0.15646775910087915,0.15783778979330104,15.646775910087914,15.783778979330105,-0.5624212439518246,57.61207339770163,-0.0014061412134003248
2025-11-17,USDEGP,58.7743,58.7858,58.7236,58.77803090620667,0.02003405778895795,0.012139752940705798,0.010542596539781644,0.19271260355323552,0.16735853170291382,19.27126035532355,16.73585317029138,1.1544344611871082,57.637946425995096,0.0449090386226203
2025-11-18,USDEGP,59.2177,59.3063,59.148,59.181837450160415,0.006870025037043259,0.011832366647783782,0.010576536510713722,0.18783299742822526,0.16789731203846006,18.783299742822525,16.789731203846006,0.40380654395374194,57.68410711648269,0.08008732675246488
2025-11-19,USDEGP,59.4004,59.5728,59.2676,59.35625784491547,0.002947194650756435,0.011598693523016191,0.010527594713433145,0.1841235515709388,0.16712038509253438,18.41235515709388,16.71203850925344,0.1744203947550531,57.72323669813667,0.06783425038539015
2025-11-20,USDEGP,60.1874,60.3163,60.1622,60.19368938920112,0.014108563691357823,0.012629714599389262,0.010771216864831054,0.20049050375823446,0.17098776685132674,20.049050375823445,17.098776685132673,0.8374315442856499,57.77889623323317,0.096424833880282
2025-11-21,USDEGP,60.4197,60.5017,60.304,60.44137938243654,0.004114883067457553,0.012603615965548381,0.010767556220697484,0.20007620079002542,0.17092965592723233,20.007620079002542,17.092965592723232,0.24768999323541863,57.8472439835371,0.11829189333771861
2025-11-24,USDEGP,60.5005,60.5794,60.407,60.5720554836194,0.0021620304254810208,0.009453332803740304,0.010753542489767537,0.15006700595655487,0.17070719484534747,15.006700595655486,17.070719484534745,0.1306761011828641,57.92347985153438,0.13178824564050728
2025-11-25,USDEGP,61.2263,61.341,61.1197,61.12515373999457,0.009131244630203206,0.006554591658253323,0.01074860815391473,0.10405091683990055,0.17062886469203667,10.405091683990054,17.06288646920367,0.5530982563751721,58.0000331403724,0.13216279310952483
2025-11-26,USDEGP,60.9886,61.0123,60.9305,60.95255425185265,-0.002823706405322035,0.005438537998321549,0.01055748151905519,0.086334114236003,0.16759482342348272,8.6334114236003,16.75948234234827,-0.17259948814191972,58.090880269176886,0.1566328911995818
2025-11-27,USDEGP,61.4609,61.5709,61.4573,61.46466593118249,0.008401808351030216,0.005545949385098567,0.010605854751922997,0.08803921714033437,0.16836272468916533,8.803921714033438,16.836272468916533,0.5121116793298341,58.18782362324462,0.16688222595100388
2025-11-28,USDEGP,60.7803,60.8107,60.6298,60.75766703148624,-0.01150252570294319,0.008518566443037171,0.010515433133701589,0.13522805001033852,0.1669273259994181,13.522805001033852,16.69273259994181,-0.7069988996962451,58.28746304127542,0.17123757485062452
2025-12-01,USDEGP,60.8789,61.1251,60.7182,60.99770594293831,0.003950759191061026,0.007137727279386305,0.010521743653953067,0.11330790784474686,0.16702750240279118,11.330790784474685,16.70275024027912,0.2400389114520678,58.38983008183383,0.17562445715970654
2025-12-03,USDEGP,60.3005,60.3482,60.2385,60.27400758913937,-0.01186435362792071,0.00870222275924495,0.010775350514465121,0.1381435036466907,0.17105338650495963,13.814350364669071,17.105338650495963,-0.7236983537989374,58.47469029906857,0.14533389995450285
2025-12-04,USDEGP,60.0858,60.1062,59.9879,60.10322031347356,-0.002833514519724578,0.00866534611188773,0.01035945564470477,0.1375581050181325,0.16445126012335873,13.75581050181325,16.445126012335873,-0.1707872756658162,58.58252815031984,0.1844179946909108
2025-12-05,USDEGP,59.2053,59.2148,59.0302,59.17101035236836,-0.015510149976044052,0.008830677704325433,0.010485554986642314,0.14018266268284718,0.16645302511889257,14.018266268284718,16.645302511889255,-0.9322099611051939,58.68423132529526,0.17360666769870026
2025-12-08,USDEGP,59.4087,59.5445,59.3967,59.52952588305391,0.006058972604161328,0.009721329558877084,0.010123713480236416,0.15432132255414002,0.1607089692790666,15.432132255414002,16.07089692790666,0.3585155306855441,58.822355666744244,0.2353687495425083
2025-12-09,USDEGP,59.7324,59.9682,59.5794,59.68760778663231,0.0026555209575993555,0.008760874776030549,0.010094555011620217,0.13907457554853317,0.16024609293964695,13.907457554853316,16.024609293964694,0.158081903578406,58.968718877861235,0.24882242381825126
2025-12-10,USDEGP,60.5194,60.6443,60.4278,60.56850203476343,0.014758411013557238,0.010531152673306902,0.01030426635663199,0.16717686595453862,0.16357515733570704,16.717686595453863,16.357515733570704,0.8808942481311206,59.13102416317959,0.2752396328204565
2025-12-11,USDEGP,60.4027,60.6143,60.3676,60.44791488386047,-0.0019909217968401283,0.010360310317385256,0.010217501178103624,0.1644648276315483,0.16219780282663,16.44648276315483,16.219780282663,-0.12058715090296346,59.300054659308266,0.2858575485894077
2025-12-12,USDEGP,61.2531,61.304,61.1033,61.20816948803371,0.012577019499083297,0.010303969222724233,0.01036527508648558,0.163570440481151,0.16454364089768617,16.3570440481151,16.454364089768617,0.760254604173241,59.486533642242726,0.3144667977218907
2025-12-15,USDEGP,60.2327,60.441,59.9673,60.2250455580813,-0.016061972416028802,0.012392114597933287,0.010925338301851788,0.19671872066606788,0.17343436881569135,19.671872066606788,17.343436881569136,-0.9831239299524128,59.64247662325663,0.2621483745409492
2025-12-16,USDEGP,59.3561,59.4858,59.2611,59.38339121252267,-0.013975154983435156,0.012074076621009578,0.01048647444185392,0.1916700242995825,0.16646762101788198,19.16700242995825,16.646762101788198,-0.8416543455586307,59.723798784423295,0.13634940359763537
2025-12-17,USDEGP,59.346,59.3877,59.1734,59.2686,-0.0019330524946251648,0.011844721436113826,0.010477405448529976,0.18802912361275811,0.1663236552120208,18.802912361275812,16.63236552120208,-0.11479121252266822,59.791135778484225,0.11274733930437542
2025-12-18,USDEGP,58.3838,58.3885,58.271,58.29713923592736,-0.016390816791229113,0.013101930834422158,0.010389584681695275,0.20798670409590006,0.16492954375807117,20.798670409590006,16.492954375807116,-0.9714607640726385,59.78959907333545,-0.00257012202354856
2025-12-19,USDEGP,58.3308,58.3849,58.1375,58.32838228974963,0.0005359277355931891,0.010723914359425471,0.010184336910706858,0.170236862857166,0.16167133640295703,17.0236862857166,16.167133640295702,0.031243053822265665,59.76782853161195,-0.03641192123867709
2025-12-22,USDEGP,57.9115,58.0897,57.8913,57.9067,-0.007229452852899221,0.010635306828571191,0.010089185329563493,0.16883026191159856,0.16016085187959747,16.883026191159857,16.016085187959746,-0.42168228974962574,59.71352525125459,-0.0908570408052145
2025-12-23,USDEGP,57.7699,57.9519,57.6848,57.86393295465645,-0.0007385508990074285,0.007462013424032158,0.01003098278255984,0.11845579079888795,0.1592369150893442,11.845579079888795,15.92369150893442,-0.04276704534355247,59.67090434373037,-0.07137563448964546
2025-12-24,USDEGP,58.1894,58.2531,58.0344,58.2073,0.005934042637796733,0.008091495016191502,0.010103328974330628,0.1284485012853676,0.16038537527971275,12.844850128536761,16.038537527971275,0.3433670453435482,59.64122014484265,-0.04974652087846865
2025-12-25,USDEGP,58.6385,58.7036,58.6209,58.62305014428375,0.00714257737919044,0.008049389575620786,0.010196989342845356,0.12778009813781005,0.16187218753646856,12.778009813781004,16.187218753646857,0.4157501442837557,59.62413704048437,-0.02864311681886056
2025-12-29,USDEGP,59.2046,59.3099,59.1402,59.19677581109898,0.009786690822179533,0.009161819215183728,0.00990205505738643,0.14543937120185466,0.15719025090188346,14.543937120185465,15.719025090188346,0.5737256668152284,59.65782897788862,0.05650721180479046
2025-12-30,USDEGP,59.0139,59.126,58.958,58.98412778868525,-0.003592223047625187,0.006164240294313521,0.009745313821784899,0.09785428104238306,0.15470206092433963,9.785428104238306,15.470206092433964,-0.21264802241373104,59.70318002267748,0.07601859733392669
2025-12-31,USDEGP,58.8939,58.9124,58.817,58.836645498681314,-0.002500372482107438,0.006362720723429507,0.00905779633490953,0.10100506017570876,0.14378805917065762,10.100506017570876,14.378805917065762,-0.14748229000393565,59.70513384242663,0.003272555579814096
2023-01-02,USDKES,123.6304,123.735,123.3137,123.68428846999949,,,,,,,,,123.68428846999949,
2023-01-03,USDKES,123.8679,124.2118,123.2849,123.88539883766884,0.0016259976926507047,,,,,,,0.20111036766935797,123.78484365383417,0.08129988463254634
2023-01-04,USDKES,123.4897,123.6494,123.4532,123.54476060753171,-0.002749623711374438,,,,,,,-0.3406382301371309,123.70481597173335,-0.06465063067383481
2023-01-05,USDKES,122.437,122.7404,121.7266,122.2431007698058,-0.010535937188473121,,,,,,,-1.3016598377259072,123.33938717125146,-0.29540385926881685
2023-01-06,USDKES,123.4464,123.9239,122.9567,123.28234460981632,0.008501451889440403,,,,,,,1.0392438400105135,123.32797865896444,-0.009249691074908473
2023-01-09,USDKES,123.3985,123.5867,123.1887,123.47825387251108,0.001589110454662368,,,,,,,0.19590926269475517,123.35302452788888,0.020308343002772844
2023-01-10,USDKES,124.8132,124.9949,124.5279,124.63635895758354,0.009379020586638642,,,,,,,1.1581050850724637,123.53635801784526,0.1486250464129757
2023-01-11,USDKES,124.9107,124.9358,124.9028,124.93112781632784,0.0023650310488019244,0.006767315936341103,,0.10742781006577663,,10.742781006577664,,0.29476885874430536,123.71070424265558,0.1411294841516586
2023-01-12,USDKES,124.4227,124.5565,124.1215,124.4486617332404,-0.0038618564605993333,0.007055744102213887,,0.11200646525381186,,11.200646525381186,,-0.482466083087445,123.79269951938721,0.06627985608327336
2023-01-13,USDKES,126.3246,126.366,126.2565,126.34475346966728,0.015235935123924627,0.008688850320113533,,0.1379312227565062,,13.79312227565062,,1.8960917364268823,124.04790491441523,0.2061554485998096
2023-01-16,USDKES,127.7371,128.052,127.5351,127.82764294291424,0.011736850423337719,0.00664046547333133,,0.10541412139287308,,10.541412139287308,,1.4828894732469564,124.39151746246058,0.27699988023370814
2023-01-17,USDKES,127.4664,127.8467,127.3593,127.48536030640396,-0.002677688711377857,0.007361777195197837,,0.11686458999576049,,11.686458999576049,,-0.34228263651027646,124.64933769945588,0.20726512728097557
2023-01-18,USDKES,128.339,128.5553,128.2456,128.44901060497398,0.0075589094799115575,0.007269815573382153,,0.11540474450684167,,11.540474450684167,,0.9636502985700162,124.94162023064958,0.23448382204678264
2023-01-19,USDKES,129.0588,129.1571,128.7746,128.9559,0.003946230435241782,0.007096608525272952,,0.11265516785911839,,11.265516785911839,,0.506889395026036,125.22835449988888,0.22949459812509065
2023-01-20,USDKES,128.9891,129.3308,128.3711,129.1127,0.0012159195507919218,0.007177859242064391,,0.11394498300197371,,11.394498300197371,,0.15679999999997563,125.48731086656296,0.20678732680650125
2023-01-23,USDKES,128.451,128.6824,128.0744,128.4077591765299,-0.00545988755149629,0.007514421715768357,,0.11928774663831818,,11.928774663831817,,-0.704940823470082,125.6698388859359,0.1454553596793806
2023-01-24,USDKES,129.2911,129.4957,128.979,129.00355908951954,0.004639905850008175,0.0058834431230507765,,0.09339676413831326,,9.339676413831326,,0.5957999129896336,125.86594007438198,0.15604475201409507
2023-01-25,USDKES,129.5674,129.5945,129.3179,129.49670928968362,0.003822764299253656,0.004527625599904819,,0.07187382820174668,,7.187382820174667,,0.49315020016408084,126.06764947523207,0.16025733469346992
2023-01-26,USDKES,129.352,129.6108,129.0961,129.42855549217072,-0.0005262975243676138,0.004231289607181693,,0.06716964015416965,,6.716964015416965,,-0.06815379751290607,126.24453926559727,0.1403133881701768
2023-01-27,USDKES,129.2668,129.9844,129.2495,129.48986044446875,0.0004736586301601342,0.003514347544944349,,0.05578853774743882,,5.578853774743882,,0.06130495229803046,126.40680532454084,0.1285331309278881
2023-01-30,USDKES,128.3973,128.4567,128.2144,128.3856738241856,-0.008527205269146743,0.004794590301310029,,0.07611176145425147,,7.611176145425147,,-1.1041866202831443,126.50103715785727,0.07454648748894677
2023-01-31,USDKES,128.627,129.0634,128.5512,128.62597802176063,0.0018717368567469084,0.004842679149856487,,0.07687514825878776,,7.687514825878776,,0.2403041975750284,126.59762537894379,0.07635369895504507
2023-02-01,USDKES,127.958,128.1621,127.7221,127.78582312563248,-0.006531766825407681,0.00503759138034997,,0.07996928399501169,,7.996928399501169,,-0.8401548961281549,126.64928615053894,0.040807062091818835
2023-02-02,USDKES,126.68,126.8725,126.1317,126.47014998949491,-0.010295924101408782,0.005545068570755774,,0.08802523464612086,,8.802523464612086,,-1.315673136137562,126.64182214382878,-0.005893445543225795
2023-02-03,USDKES,126.9892,127.3053,126.8187,127.06295118046742,0.004687281473310101,0.005724308394437327,,0.09087057863712361,,9.087057863712362,,0.5928011909725086,126.65866730529433,0.013301420636868677
2023-02-06,USDKES,126.7993,126.8632,126.5775,126.67224027555662,-0.0030749396364632142,0.005644043860174653,,0.08959641865657886,,8.959641865657886,,-0.3907109049108044,126.6591893426121,0.0004121607536822225
2023-02-07,USDKES,126.7097,126.9755,126.3726,126.83241037271156,0.0012644451286762948,0.005733686619054379,,0.09101945333757974,,9.101945333757975,,0.16017009715494623,126.6656049363195,0.00506524140939657
2023-02-08,USDKES,126.5559,126.7789,126.3896,126.5655465915848,-0.002104066147939232,0.0051782795998332,,0.08220264024190627,,8.220264024190627,,-0.2668637811267587,126.66203142400754,-0.002821217578174995
2023-02-09,USDKES,126.3653,126.669,126.0049,126.2309755793308,-0.002643460414496812,0.0048847101925743605,,0.0775423703770451,,7.7542370377045104,,-0.33457101225400265,126.64716742936352,-0.011735162050463543
2023-02-10,USDKES,126.3992,126.4981,126.2011,126.32288593769704,0.0007281125567193403,0.004695465330194471,,0.07453820132052212,,7.453820132052212,,0.09191035836623485,126.63635804630796,-0.008535037360068998
2023-02-13,USDKES,125.4436,125.6038,125.2774,125.28257421525508,-0.008235338471882625,0.004087111034649652,0.006307791413523102,0.06488087627034524,0.1001330844135043,6.488087627034524,10.01330844135043,-1.040311722441956,126.68963423781649,0.04207021769297992
2023-02-14,USDKES,124.7204,124.9454,124.5732,124.92535701700878,-0.00285129197323597,0.003110962844961271,0.006331861771850546,0.04938500415437708,0.10051518950612007,4.938500415437708,10.051518950612007,-0.35721719824630327,126.72429951046115,0.027362359085825183
2023-02-15,USDKES,124.8475,125.022,124.2478,124.76282283588522,-0.0013010503632295833,0.003120636272717456,0.006313315521770441,0.04953856505938756,0.10022077691333145,4.953856505938756,10.022077691333145,-0.16253418112356144,126.7649015847396,0.03203969123151129
2023-02-16,USDKES,125.6541,125.7588,125.6,125.66286405299276,0.007214017739014089,0.0046468149817436594,0.006085937128627032,0.07376590098133722,0.09661125682272985,7.376590098133722,9.661125682272985,0.9000412171075425,126.87889369417915,0.0899240310326288
2023-02-17,USDKES,127.1126,127.2395,126.6107,127.20355717380107,0.012260528457783693,0.006876328748536227,0.006282551682891572,0.10915833481050516,0.09973241611104856,10.915833481050516,9.973241611104857,1.5406931208083137,127.00960077964531,0.10301720141192572
2023-02-20,USDKES,127.1579,127.2278,127.0045,127.2198,0.00012769160359837883,0.006727309703774931,0.006283999599444292,0.10679273081220039,0.0997554010737546,10.679273081220039,9.97554010737546,0.016242826198933358,127.13431898389496,0.09819588714874428
2023-02-21,USDKES,127.0643,127.1614,127.0586,127.11312782359164,-0.0008384872198224924,0.006769017917794356,0.0060888843405325875,0.10745482818374473,0.0966580423613085,10.745482818374473,9.66580423613085,-0.10667217640836668,127.21687794609524,0.0649383760892519
2023-02-23,USDKES,129.0358,129.256,128.8125,128.8661915938035,0.013791366794504434,0.006926531073729968,0.00653904647309639,0.10995527201670414,0.10380414467584237,10.995527201670415,10.380414467584236,1.7530637702118668,127.34804673867774,0.10310643894129168
2023-02-24,USDKES,128.0068,128.0362,127.8427,128.02366512431766,-0.0065379946366503905,0.007642563964478607,0.006626106684078129,0.12132194177348563,0.10518618267992134,12.132194177348563,10.518618267992135,-0.842526469485847,127.4672135183803,0.09357566350987057
2023-02-27,USDKES,129.12,129.5828,128.9458,129.28685750721786,0.009866866267838725,0.0076314336135246625,0.006291437212551629,0.12114525292971158,0.09987346952153416,12.114525292971159,9.987346952153416,1.2631923829002005,127.56528365296533,0.07693753701683015
2023-02-28,USDKES,130.3231,130.4534,129.9354,129.9954,0.005480390709802663,0.007580348299717984,0.00601350032453347,0.12033429871383058,0.09546135820633063,12.033429871383058,9.546135820633063,0.7085424927821293,127.63754222153487,0.056644383566073486
2023-03-02,USDKES,130.6481,131.0826,130.5474,130.74465254186117,0.005763685037018185,0.006892399642783154,0.006053262161494673,0.10941345234764789,0.09609255779995325,10.941345234764789,9.609255779995324,0.749252541861182,127.7461852960501,0.08511843194745072
2023-03-03,USDKES,131.0053,131.1157,130.798,131.09683406330728,0.002693659087382949,0.0067213119999989645,0.005931536961164943,0.10669752021642856,0.09416023014978135,10.669752021642855,9.416023014978135,0.3521815214461128,127.83444607799454,0.06909073780942965
2023-03-06,USDKES,132.2103,132.3961,131.9442,132.07235317074773,0.007441210265759501,0.006382833227176853,0.006031034804557373,0.10132433627465874,0.09573970944740309,10.132433627465874,9.57397094474031,0.9755191074404479,127.9383278503528,0.08126273907025361
2023-03-07,USDKES,134.0734,134.5036,133.7122,133.90995360431964,0.013913588949204136,0.00640940676137062,0.006488438413692052,0.10174617805225541,0.1030007666387256,10.174617805225541,10.30007666387256,1.8376004335719074,128.09823630383013,0.12498870054356015
2023-03-08,USDKES,134.4592,134.8422,134.2115,134.29398157605715,0.0028678075184183083,0.0039902670226018904,0.006369087329307151,0.06334352523928051,0.1011061269107956,6.334352523928051,10.11061269107956,0.3840279717375097,128.29444371714771,0.15316948849490863
2023-03-09,USDKES,135.3409,135.7876,134.9321,135.5331456067775,0.009227249175113306,0.003916607424389621,0.006500419103050743,0.06217421536802489,0.10319095418619488,6.217421536802489,10.319095418619488,1.2391640307203602,128.5120966010563,0.1696510601725265
2023-03-10,USDKES,135.0728,135.2233,134.859,135.1736338426827,-0.0026525744863759027,0.005318298575987411,0.006533810255067973,0.08442537258030984,0.10372102229156015,8.442537258030985,10.372102229156015,-0.3595117640948047,128.70132741948962,0.14724747587049336
2023-03-13,USDKES,137.0336,137.2827,136.7909,136.8590589915637,0.012468593918563364,0.0059207218729650625,0.006822524920254535,0.09398854594707667,0.10830422551520567,9.398854594707668,10.830422551520567,1.685425148880995,128.94901086946936,0.19244824816175843
2023-03-14,USDKES,138.3307,138.6018,138.2077,138.45856025166876,0.011687215094790648,0.005916262561101757,0.007046056046946519,0.09391775656582396,0.11185267214426003,9.391775656582396,11.185267214426004,1.5995012601050576,129.24796752970937,0.23184098755331117
2023-03-15,USDKES,137.3893,137.526,137.216,137.2705091460206,-0.008580553657994816,0.008594107662363211,0.007048878224370342,0.13642722969076626,0.11189747282197486,13.642722969076626,11.189747282197485,-1.1880511056481566,129.54412870710388,0.2291418449782867
2023-03-16,USDKES,139.3413,139.5671,138.7061,139.51412394046486,0.016344477837243465,0.009026097272664605,0.007502280963034077,0.14328485215769343,0.11909501816353397,14.328485215769343,11.909501816353398,2.2436147944442553,129.90706690439401,0.28016568632818206
2023-03-17,USDKES,140.0785,140.2349,139.8736,140.03388633165537,0.003725518080250456,0.008983655810857692,0.007296087905630948,0.1426111148383786,0.11582180485179351,14.26111148383786,11.582180485179352,0.5197623911905112,130.31533567792812,0.3142775703146139
2023-03-20,USDKES,139.6637,139.8529,139.5842,139.7749480148021,-0.0018491118374018845,0.009296946674622147,0.006915088850909754,0.1475844531196748,0.1097736323605357,14.75844531196748,10.97736323605357,-0.25893831685326063,130.75882894543835,0.3403231593603895
2023-03-21,USDKES,140.2559,140.507,140.061,140.12649824482546,0.0025151161564811453,0.008832619594665131,0.006912114108041437,0.14021348923632038,0.10972640978147212,14.021348923632038,10.972640978147211,0.3515502300233493,131.19428051425027,0.33301886558927407
2023-03-22,USDKES,139.5843,139.8172,139.5591,139.56584513827838,-0.004001049862585759,0.008763089226519383,0.006943519594379853,0.1391097288602379,0.11022495642139903,13.91097288602379,11.022495642139903,-0.560653106547079,131.62406734300768,0.32759570544749206
2023-03-23,USDKES,139.2964,139.3993,139.0309,139.28443633961166,-0.0020163156565125018,0.007948626749472594,0.007001618076643822,0.12618053786148115,0.11114724123512358,12.618053786148115,11.114724123512358,-0.28140879866671753,132.03913487523766,0.3153431895918546
2023-03-24,USDKES,139.4135,139.7523,139.0119,139.28613498778896,1.2195534705439215e-05,0.00682935964935443,0.00695737643033528,0.10841272347606658,0.1104449268727767,10.841272347606658,11.04449268727767,0.001698648177296036,132.46315448844447,0.3211317717337847
2023-03-27,USDKES,139.4518,139.701,139.1057,139.5559494117227,0.0019371233465370619,0.002811763538341078,0.006874006493010345,0.04463536240781712,0.10912147014689177,4.463536240781711,10.912147014689177,0.2698144239337523,132.90732028285754,0.33531271101641114
2023-03-28,USDKES,139.0759,139.0782,138.6591,138.972,-0.004184339071062526,0.002672650323878004,0.006996611673639334,0.0424270085905046,0.11106776705124653,4.24270085905046,11.106776705124654,-0.5839494117226991,133.32895741826763,0.3172414691025027
2023-03-29,USDKES,138.7305,138.9607,138.7028,138.8907711450337,-0.0005844979921588722,0.0026549769551953554,0.00669812361137687,0.04214645256032632,0.10632941595883827,4.214645256032632,10.632941595883826,-0.08122885496629806,133.7825639825936,0.34021608891978694
2023-03-31,USDKES,137.2463,137.5915,136.9875,137.4091253396001,-0.01066770522777516,0.004105479917996752,0.007092680867291506,0.06517247325353553,0.11259281822159543,6.517247325353553,11.259281822159544,-1.481645805433601,134.19868959334664,0.3110462218433696
2023-04-03,USDKES,139.104,139.258,139.0016,139.0840256036902,0.012189148718839915,0.006909829052249761,0.00722363127384624,0.10969013564533202,0.11467159148055522,10.969013564533201,11.467159148055522,1.6749002640900983,134.67606301894014,0.3557213762966249
2023-04-04,USDKES,138.1906,138.6087,138.1776,138.17975310547692,-0.0065016273025483295,0.007275055571355953,0.007421850981439322,0.11548792689589661,0.11781823178801464,11.54879268958966,11.781823178801464,-0.9042724982132881,135.09329265402295,0.30980237002036226
2023-04-05,USDKES,137.5875,138.0134,137.2033,137.69835002299146,-0.003483890162388592,0.007304780129264459,0.007314710687488511,0.11595978962424007,0.11611743234888541,11.595978962424008,11.611743234888541,-0.48140308248545693,135.4431190823293,0.25895173730221543
2023-04-06,USDKES,138.0544,138.245,137.9194,138.0865039256903,0.002818871123975164,0.007383394883219128,0.007298919080276172,0.11720776015430759,0.11586674835597023,11.72077601543076,11.586674835597023,0.3881539026988321,135.80534254651897,0.2674358554674905
2023-04-07,USDKES,138.1352,138.355,137.6424,138.172918612106,0.000625801102634993,0.007314107226704273,0.007278883278090114,0.11610785270591896,0.11554868985655828,11.610785270591895,11.554868985655828,0.08641468641570782,136.17400223946944,0.27146184828787945
2023-04-10,USDKES,138.9354,139.0698,138.686,138.79795066654523,0.004523549626927137,0.007588906026047947,0.006987602774372511,0.12047014840777398,0.11092475520896786,12.047014840777399,11.092475520896786,0.6250320544392309,136.5050608752275,0.24311442001674344
2023-04-11,USDKES,138.041,138.5581,137.7613,138.2021,-0.0042929356210505976,0.006393695750472818,0.006898914092197127,0.10149677348616937,0.10951686602611517,10.149677348616937,10.951686602611517,-0.5958506665452319,136.84434203775027,0.2485484130386073
2023-04-12,USDKES,137.3372,137.4148,137.1363,137.2313053791882,-0.007024456363628362,0.0045749154746608,0.006972273497860166,0.07262453169056098,0.1106814104883866,7.262453169056098,11.06814104883866,-0.9707946208118017,137.10915696681593,0.19351543887187184
2023-04-13,USDKES,137.4173,137.5329,137.389,137.53185381713854,0.0021900865631196975,0.0042900430302119765,0.006941664247258275,0.06810232183024108,0.11019550369892266,6.810232183024108,11.019550369892265,0.30054843795034003,137.36037209405387,0.18322272034589915
2023-04-14,USDKES,136.5983,137.0655,136.3187,136.756169025416,-0.005640037345485682,0.004593018979344363,0.0070346043913651155,0.07291191591806939,0.11167088274764989,7.291191591806939,11.167088274764989,-0.77568479172254,137.56075597683906,0.14588187242823292
2023-04-17,USDKES,137.475,137.6405,137.3064,137.43778035273465,0.004984135868795647,0.004949865400511494,0.007060126993328301,0.07857667723797924,0.11207604149328515,7.857667723797925,11.207604149328516,0.6816113273186488,137.7721208531533,0.1536520171129485
2023-04-18,USDKES,137.534,137.7816,137.4969,137.6932,0.0018584383901558699,0.005024673718423094,0.00697389661781611,0.07976422246913815,0.11070717671889534,7.976422246913815,11.070717671889534,0.2554196472653416,137.95948241412836,0.13599381341800054
2023-04-19,USDKES,136.8432,136.9388,136.79,136.831,-0.006261747130577255,0.004884202976918807,0.006694097576510031,0.07753431857813106,0.10626550463667428,7.753431857813106,10.626550463667428,-0.8622000000000014,138.0568506273177,0.07057739815017339
2023-04-20,USDKES,137.275,137.3966,137.2136,137.25151017672775,0.003073208386460413,0.005103162832963741,0.00669645234572484,0.08101019853533946,0.10630288543909829,8.101019853533947,10.63028854390983,0.4205101767277597,138.15543491400675,0.07140847139501805
2023-04-21,USDKES,136.9771,137.4888,136.5023,137.1137017548064,-0.0010040576001232315,0.0043679266673763515,0.00650759340968259,0.06933868624106983,0.10330484277325801,6.9338686241069825,10.3304842773258,-0.1378084219213349,138.20812011894103,0.038134732062533594
2023-04-24,USDKES,136.6347,136.8238,136.4211,136.80559497889126,-0.002247089619578091,0.0042992016320055285,0.00650143788083582,0.06824771012645793,0.10320712678215818,6.824771012645793,10.320712678215818,-0.30810677591514946,138.26251882348132,0.039359991651344295
2023-04-25,USDKES,136.6083,136.9882,136.4999,136.8491944147913,0.00031869629240510733,0.0037200855231711203,0.006090480174087723,0.05905452690121437,0.09668337543363294,5.905452690121437,9.668337543363293,0.04359943590003468,138.26219000425556,-0.00023782238929292987
2023-04-27,USDKES,136.9454,137.2549,136.5946,136.94469481954806,0.0006978514207931497,0.00308054891343094,0.005680987763402338,0.04890219795905106,0.0901828849389818,4.890219795905106,9.01828849389818,0.09550040475676269,138.21172782318487,-0.036497455355755104
2023-04-28,USDKES,137.9566,138.3563,137.8241,138.099984774058,0.008436178970147479,0.004567501022544881,0.005680475458826988,0.07250683091212186,0.09017475235597042,7.250683091212186,9.017475235597042,1.155289954509925,138.23937701078611,0.0200049504023303
2023-05-01,USDKES,137.3337,137.604,137.1386,137.14189312769554,-0.006937666560426936,0.004736573039126895,0.004943692211775547,0.07519076596933906,0.07847868090482976,7.519076596933906,7.847868090482976,-0.9580916463624476,138.16030265036048,-0.0572010393387834
2023-05-02,USDKES,137.6714,138.105,137.5152,138.03031317198366,0.006478108359353696,0.005215397280111552,0.005050359188141673,0.08279186514946704,0.0801719666602376,8.279186514946705,8.017196666023759,0.8884200442881252,138.09351687837142,-0.048339335328528854
2023-05-03,USDKES,138.4795,139.1264,138.2358,138.51262039224582,0.0034942123159658056,0.005230251860965152,0.005094002411553282,0.08302767431007939,0.0808647813535997,8.302767431007938,8.08647813535997,0.48230722026215744,138.05143929095286,-0.030470356878242733
2023-05-04,USDKES,138.0048,138.2421,137.9833,138.13622881070157,-0.0027173811345014842,0.005288546383053772,0.005084220605835539,0.0839530711595425,0.08070950000178591,8.39530711595425,8.070950000178591,-0.37639158154425445,137.98509697648208,-0.048056228034643045
2023-05-05,USDKES,138.3795,138.6212,137.9064,138.25861479484064,0.000885980348477533,0.005273617117769949,0.005045132996725973,0.08371607642035506,0.08008900344349783,8.371607642035507,8.008900344349783,0.12238598413907198,137.94152263170082,-0.031579022471306395
2023-05-08,USDKES,136.9632,137.3878,136.7959,136.86445998184877,-0.01008367409915567,0.006871403936150586,0.005345740079156628,0.1090801558375488,0.08486099293823507,10.90801558375488,8.486099293823507,-1.3941548129918715,137.86085675310872,-0.058478315341981
2023-05-09,USDKES,136.1139,136.4745,135.8234,136.15895767820362,-0.005154751669927404,0.005924340018986206,0.005409186527022893,0.09404598223455106,0.08586817407398244,9.404598223455105,8.586817407398243,-0.7055023036451473,137.75661750945588,-0.07561192212777179
2023-05-10,USDKES,135.8675,136.005,135.3705,135.86442730085895,-0.0021631362516798536,0.005523046856799001,0.005390915843690242,0.08767565077468274,0.085578135967694,8.767565077468275,8.5578135967694,-0.294530377344671,137.6335667724271,-0.08932473753600068
2023-05-11,USDKES,136.5516,136.7715,136.2597,136.59847330777214,0.005402782917471871,0.005279489628190204,0.005471783490351996,0.08380929963321684,0.08686187006076225,8.380929963321684,8.686187006076224,0.7340460069131893,137.5544492160195,-0.05748420117486219
2023-05-12,USDKES,136.9018,136.9558,136.7706,136.91741586667538,0.002334891094899927,0.005113130596940134,0.005497225976377394,0.081168431882993,0.0872657570053129,8.116843188299299,8.72657570053129,0.3189425589032453,137.4886707067409,-0.047819979399799095
2023-05-15,USDKES,135.9072,136.184,135.8789,135.98800388998973,-0.006788120932626152,0.005474516256823139,0.005290619920934273,0.08690525138360541,0.08398598755293776,8.690525138360542,8.398598755293776,-0.9294119766856568,137.44129999175388,-0.034454267936046
2023-05-16,USDKES,137.237,137.372,136.6495,137.1305123323276,0.008401538442038836,0.006769770282267609,0.005019751383750344,0.10746677159949379,0.0796860828286546,10.746677159949378,7.96860828286546,1.1425084423378848,137.37618288270843,-0.04737812364212779
2023-05-17,USDKES,136.7628,136.8341,136.6642,136.70510086559813,-0.003102237857162904,0.005657111373853415,0.004915944486580521,0.08980385900526648,0.07803819942294696,8.980385900526649,7.8038199422946954,-0.4254114667294857,137.32702780804584,-0.03578136590427494
2023-05-18,USDKES,135.4518,135.8156,135.2497,135.4925,-0.008870194732457648,0.006337973278567273,0.005128279914785767,0.10061220666757023,0.0814089198483039,10.061220666757023,8.14089198483039,-1.2126008655981195,137.2534994739461,-0.05354250745345235
2023-05-19,USDKES,136.7282,136.7788,136.5778,136.579758084294,0.008024489062449902,0.00706909117316964,0.005329462560771592,0.1122183434366922,0.08460259534458654,11.221834343669219,8.460259534458654,1.0872580842940067,137.20327461256622,-0.03659277291463425
2023-05-22,USDKES,136.7701,136.8392,136.277,136.75404605477905,0.001276089319015128,0.006784890703257403,0.005334895990576077,0.10770680084143935,0.0846888483687593,10.770680084143935,8.46888483687593,0.17428797048503952,137.15597886065535,-0.03447129964239126
2023-05-23,USDKES,136.1184,136.4039,135.8389,135.9599911887965,-0.0058064451392135785,0.007047126250161749,0.005344171484500007,0.11186966109361884,0.08483609227001936,11.186966109361885,8.483609227001935,-0.7940548659825595,137.06138021139705,-0.06897158260552594
2023-05-24,USDKES,135.4452,135.7376,134.9645,135.2453497728844,-0.00525626259360179,0.006857975804731222,0.00536949651369987,0.10886699085970124,0.08523811464526908,10.886699085970124,8.523811464526908,-0.714641415912098,136.9628218704932,-0.07190817774622715
2023-05-25,USDKES,134.5841,135.2551,134.1891,134.84555159681406,-0.002956095545922355,0.005546918086580981,0.0052545782711532684,0.08805459479963712,0.08341384409997163,8.805459479963712,8.341384409997163,-0.39979817607033397,136.88329674441405,-0.058063294106447394
2023-05-26,USDKES,134.8428,135.0048,134.5267,134.65866414601598,-0.001385937085688016,0.005547830748040029,0.005230286215719247,0.08806908285114814,0.08302821967489353,8.806908285114815,8.302821967489352,-0.186887450798082,136.78752375537664,-0.06996689246624443
2023-05-30,USDKES,134.4017,134.7487,134.2805,134.39043513886514,-0.0019919179270929677,0.004701545892070368,0.005153075480677156,0.0746347272478531,0.08180253725409829,7.463472724785309,8.180253725409829,-0.2682290071508362,136.70866595915828,-0.05764984558049857
2023-05-31,USDKES,134.4144,134.8113,134.1613,134.4701032774535,0.0005928110769641837,0.0026927533484948922,0.005051268226677962,0.042746134212923566,0.08018639719963278,4.274613421292357,8.018639719963277,0.07966813858834598,136.60974338998224,-0.07236013056084456
2023-06-01,USDKES,135.1816,135.5144,135.0185,135.07742191242534,0.0045163840896200735,0.0035390792093586776,0.005120794558753765,0.05618114074873294,0.08129009350509118,5.6181140748732945,8.129009350509119,0.6073186349718469,136.52255078706307,-0.06382604985228912
2023-06-02,USDKES,133.8136,134.408,133.5075,133.86636983143092,-0.008965614414669365,0.004268123217481717,0.005245671333295456,0.06775435559062483,0.08327245084488236,6.775435559062483,8.327245084488236,-1.2110520809944205,136.4237297814441,-0.07238438268933889
2023-06-05,USDKES,134.3715,134.4182,134.2589,134.41218396435244,0.004077305850669122,0.004601528139013728,0.0052738136441501295,0.07304699464017707,0.0837191961799232,7.304699464017707,8.37191961799232,0.5458141329215209,136.32908557436494,-0.06937517925275083
2023-06-06,USDKES,133.2607,133.6322,133.2221,133.52854431723682,-0.006574103783254959,0.005055286562519063,0.005382432579357064,0.08025018630355212,0.08544346832130433,8.025018630355211,8.544346832130433,-0.8836396471156149,136.20958032644594,-0.0876593922826574
2023-06-07,USDKES,132.9486,133.1156,132.8591,133.0536855160165,-0.0035562343890469528,0.005121108914815321,0.005399273215970183,0.08129508375286319,0.08571080513969424,8.129508375286319,8.571080513969424,-0.47485880122033564,136.08451667768344,-0.09181707223733238
2023-06-08,USDKES,132.0998,132.6875,132.0306,132.2657592582961,-0.005921867212205445,0.005367892055481409,0.005469959360273116,0.08521264466065884,0.08683291289347576,8.521264466065883,8.683291289347576,-0.787926257720386,135.93173550580028,-0.11226932763043207
2023-06-09,USDKES,131.2282,131.5672,131.0746,131.1920406965486,-0.008117887560382786,0.0056005099356858145,0.0056040651106261065,0.08890533902982606,0.08896177568238212,8.890533902982606,8.896177568238212,-1.073718561747512,135.73998036836696,-0.14106723254859732
2023-06-12,USDKES,131.5563,131.6267,131.3852,131.39023034300254,0.001510683463735285,0.0049617220732679004,0.0053197283507749535,0.07876489608292,0.08444806955142184,7.876489608292,8.444806955142184,0.19818964645395454,135.5163218873318,-0.16476979032131744
2023-06-14,USDKES,131.2718,131.5099,131.2349,131.35701059539107,-0.00025283270700371396,0.004566645454330403,0.005229636767536231,0.0724932491877709,0.08301791000460343,7.2493249187770905,8.301791000460343,-0.03321974761146862,135.3234924695883,-0.14229239331319254
2023-06-15,USDKES,132.1802,132.3433,132.1581,132.1632663815799,0.006137896885247018,0.005109748345186024,0.005212254055936709,0.08111474030091627,0.08274196801257766,8.111474030091626,8.274196801257766,0.8062557861888138,135.1279242432415,-0.14451905044555735
2023-06-16,USDKES,132.2315,132.2739,131.9765,132.07288839653563,-0.0006838358911569475,0.004781554933420706,0.005131231842222146,0.07590483140415116,0.0814557802436137,7.590483140415117,8.14557802436137,-0.09037798504425609,134.91326651005116,-0.15885519916959412
2023-06-19,USDKES,131.7671,132.2625,131.2789,131.7869284432691,-0.002165167709575422,0.004712928429482636,0.00512797422740617,0.0748154194275436,0.08140406721159184,7.481541942754361,8.140406721159184,-0.28595995326654133,134.70162316447008,-0.15687363522942643
2023-06-20,USDKES,131.3045,131.5535,131.0224,131.36896596591367,-0.0031715017740574503,0.004371102445614539,0.005114877971475262,0.06938910015769384,0.08119617059379641,6.938910015769384,8.11961705937964,-0.4179624773554167,134.47196820350584,-0.17049160623984205
2023-06-21,USDKES,130.8065,131.2792,130.7807,130.80459705186155,-0.004296059650789719,0.0034754199427817645,0.004891639012308538,0.05517058122068927,0.07765236198042008,5.517058122068927,7.765236198042008,-0.5643689140521246,134.2699727725063,-0.1502137833617856
2023-06-22,USDKES,132.2831,132.4263,132.0942,132.37085142126472,0.011974000950304431,0.005868808682351508,0.005420966380961236,0.09316444959431254,0.08605517345799156,9.316444959431253,8.605517345799155,1.5662543694031683,134.14370256394164,-0.09404203036413872
2023-06-23,USDKES,133.211,133.6041,132.9174,133.12469211045843,0.0056949145608700125,0.006071168928640522,0.005547491920814836,0.0963768189158716,0.08806370413569646,9.63768189158716,8.806370413569645,0.7538406891937086,134.05237805759495,-0.06807960761568976
2023-06-26,USDKES,134.6112,134.7573,134.0631,134.59799119089246,0.011067060941719165,0.006873753299115463,0.005849277125970388,0.10911745081841576,0.09285439574889764,10.911745081841575,9.285439574889764,1.4732990804340318,133.98569532036564,-0.04974379283346764
2023-06-27,USDKES,133.9852,134.4315,133.9565,134.08256365229357,-0.0038293850750557024,0.007220664961967285,0.005855428657749393,0.11462450273929858,0.0929520482885138,11.462450273929859,9.29520482885138,-0.5154275385988853,133.89120024655293,-0.0705262405712559
2023-06-28,USDKES,134.9308,135.2975,134.8274,135.10447514133904,0.00762150917471649,0.007186052143848535,0.005927719110129509,0.11407504128579464,0.09409962364348667,11.407504128579465,9.409962364348667,1.0219114890454648,133.86174928826458,-0.02199618663072389
2023-06-29,USDKES,136.5768,136.7348,136.2375,136.5343,0.010583105090820721,0.006907334609918362,0.006049021882548911,0.10965053760091997,0.09602524545847307,10.965053760091998,9.602524545847308,1.4298248586609645,133.84187554385363,-0.014846469971152576
2023-06-30,USDKES,136.002,136.0255,135.6583,135.92138646483247,-0.004489081023358543,0.0069534001395024315,0.006077769847983149,0.1103818052126716,0.09648160526190153,11.03818052126716,9.648160526190154,-0.6129135351675359,133.81575173049478,-0.0195184154829664
2023-07-03,USDKES,135.3976,135.8768,135.2438,135.4750776923827,-0.003283580193358504,0.0069834728470072995,0.005884645354734355,0.1108591946445212,0.09341584897463144,11.08591946445212,9.341584897463145,-0.4463087724497541,133.81517098690753,-0.0004339874639103236
2023-07-04,USDKES,136.4461,136.9811,136.4329,136.53475696631963,0.007821949926045457,0.007147478322823114,0.005875245013321165,0.11346270086048998,0.09326662318092102,11.346270086048998,9.326662318092103,1.059679273936922,133.81367094964173,-0.0011209769824604976
2023-07-06,USDKES,136.5592,136.7979,136.5373,136.63631888469777,0.00074385395070653,0.0063842928546842675,0.00587207921763831,0.10134750714300719,0.09321636773245016,10.134750714300718,9.321636773245016,0.10156191837813822,133.80974671063902,-0.0029326144144081745
2023-07-07,USDKES,136.352,136.9403,135.9687,136.3010841489003,-0.002453481903888055,0.006187045515936997,0.005789315758110037,0.09821630271243964,0.09190253854311915,9.821630271243965,9.190253854311916,-0.335234735797485,133.82111647597583,0.008496963499515786
2023-07-10,USDKES,136.6395,136.6862,136.156,136.55389894551723,0.0018548260140085482,0.0057378603628891875,0.005707459888786808,0.0910857094669177,0.09060311690163755,9.10857094669177,9.060311690163756,0.2528147966169456,133.86473478173025,0.032594486507853127
2023-07-11,USDKES,136.9812,137.5882,136.7333,136.8968785746421,0.0025116795036495,0.004230686759596922,0.005685944777925708,0.06716007024544296,0.09026157510502683,6.716007024544296,9.026157510502683,0.34297962912486923,133.93311234765784,0.05107959616033053
2023-07-12,USDKES,138.8387,139.2153,138.6651,138.98171176708456,0.01522922373504465,0.006434013270299406,0.0062729012480625705,0.10213679427180977,0.09957922020744152,10.213679427180978,9.957922020744151,2.08483319244246,134.0772139350268,0.10759220393155022
2023-07-13,USDKES,141.8754,141.9574,141.5618,141.7691839055091,0.020056395211882183,0.008291513299512243,0.007133960962577711,0.13162369309736405,0.11324811941894153,13.162369309736405,11.324811941894152,2.7874721384245333,134.32317222724825,0.1834452588943547
2023-07-14,USDKES,142.3547,142.5822,142.0545,142.18156689600826,0.0029088337757099403,0.00837224490853253,0.007132891297302247,0.13290526765982272,0.11323113900911178,13.290526765982271,11.323113900911178,0.41238299049916805,134.5802210145334,0.19136592966273458
2023-07-17,USDKES,141.7772,142.0338,141.5825,141.79502802413583,-0.0027186285839368995,0.008813864849615688,0.007163099621032216,0.1399157668885009,0.11371068128179355,13.99157668885009,11.371068128179356,-0.38653887187243186,134.80414121825712,0.16638418486436546
2023-07-19,USDKES,139.8369,139.9743,139.381,139.96008286348035,-0.012940828646989977,0.010983852280564407,0.007399009387253759,0.17436324943105846,0.11745563272143508,17.436324943105845,11.745563272143508,-1.8349451606554794,135.0072649859921,0.15068065854602075
2023-07-21,USDKES,140.3999,140.7602,140.1219,140.3124,0.0025172687048442555,0.010966707256698256,0.007385823550274511,0.1740910806148258,0.11724631404858311,17.40910806148258,11.724631404858311,0.3523171365196447,135.203938853847,0.14567650702006496
2023-07-24,USDKES,141.3494,141.609,141.1312,141.20919298609445,0.006391402228844045,0.010980655405846773,0.0072780920927976445,0.17431250061820552,0.1155361301794092,17.431250061820553,11.55361301794092,0.8967929860944537,135.45996047614224,0.18935958853387724
2023-07-25,USDKES,141.5536,142.0922,141.4569,141.65231768402003,0.003138072589716101,0.009908814414944773,0.007207588901414445,0.1572975523766151,0.11441692671319116,15.72975523766151,11.441692671319116,0.4431246979255832,135.74658154840904,0.21159099062137976
2023-07-26,USDKES,142.8067,142.9068,142.629,142.89601348646647,0.0087799184847841,0.007166135037034017,0.007141832041784364,0.1137588670169919,0.1133730689277245,11.375886701699189,11.33730689277245,1.2436958024464388,136.1009233560147,0.2610318459322025
2023-07-27,USDKES,142.0506,142.305,141.388,141.94894819329556,-0.006627653704703307,0.007665922556540775,0.007069496626389396,0.12169274792692425,0.11222477980701867,12.169274792692425,11.222477980701868,-0.9470652931709083,136.4594869392396,0.2634541885413677
2023-07-28,USDKES,142.0207,142.2669,141.5991,141.962223608816,9.352246486793447e-05,0.0075857289742365325,0.0070821256772716605,0.12041971427380176,0.1124252597745942,12.041971427380176,11.242525977459419,0.013275415520439537,136.81188671476673,0.2582449805663023
2023-07-31,USDKES,143.9037,144.2885,143.6489,143.65075250509074,0.011894212793732706,0.0060767908482962036,0.007258030485205126,0.09646606412366993,0.11521766203186937,9.646606412366992,11.521766203186937,1.6885288962747325,137.22167811175672,0.2995290883198942
2023-08-01,USDKES,142.5248,142.6842,142.5229,142.6541007879099,-0.006938019465964951,0.007318194059207988,0.007453820847680922,0.1161727291606478,0.11832573768115427,11.617272916064781,11.832573768115427,-0.9966517171808391,137.5713725919677,0.2548390932270772
2023-08-02,USDKES,142.0006,142.3509,141.7746,142.15079916356748,-0.0035281258762458467,0.007374462521977065,0.007514558115464642,0.11706596331550505,0.11928991191636983,11.706596331550505,11.928991191636982,-0.5033016243424129,137.90730295086877,0.24418623771198522
2023-08-03,USDKES,142.5809,143.1715,142.0528,142.48484645426294,0.0023499501421098135,0.007341844820974547,0.007463327819020697,0.1165481733643571,0.11847665617247305,11.65481733643571,11.847665617247305,0.3340472906954517,138.26390021790192,0.25857750779172406
2023-08-04,USDKES,144.5082,144.9362,143.7298,144.3321863715641,0.012965167617976503,0.008212989779314922,0.007610690265326081,0.13037717085829523,0.12081596248555798,13.037717085829522,12.081596248555798,1.8473399173011558,138.69600756475694,0.3125236205358206
2023-08-07,USDKES,143.5205,143.6453,143.2915,143.4197,-0.006322126716871157,0.008163518244285657,0.007687823101306522,0.1295918345863109,0.12204040829708628,12.95918345863109,12.204040829708628,-0.9124863715640856,139.11651099636154,0.3031835155083762
2023-08-08,USDKES,142.4868,142.7952,142.1693,142.53162809105328,-0.00619211941558051,0.008674010067161843,0.007680363006846395,0.13769564104428544,0.12192198296889499,13.769564104428545,12.192198296889499,-0.8880719089467277,139.45520355202115,0.24345963914267355
2023-08-09,USDKES,144.3658,144.4689,143.9013,144.34848237621685,0.012747025411110169,0.008862944749363976,0.007886773522146171,0.14069488614313663,0.1251986483177264,14.069488614313663,12.51986483177264,1.816854285163572,139.82932989421312,0.2682770758370534
2023-08-10,USDKES,144.3385,144.8846,143.5627,143.98478448265564,-0.002519582385447583,0.008369774200438877,0.00778101149005756,0.13286604638475447,0.1235197281073706,13.286604638475447,12.35197281073706,-0.3636978935612092,140.14222300393854,0.22376786755835543
2023-08-11,USDKES,144.0111,144.3042,143.7974,143.96419380892408,-0.00014300590027993554,0.008134967002519108,0.007710006872419829,0.12913859767429267,0.12239256474613061,12.913859767429267,12.239256474613061,-0.020590673731561537,140.4716106758262,0.23503813827643327
2023-08-14,USDKES,145.0171,145.672,144.6584,144.95780634936276,0.006901803248087202,0.008361231149869872,0.0076943088271887745,0.13273042966129386,0.12214336600362333,13.273042966129386,12.214336600362333,0.9936125404386758,140.80005504942702,0.23381548201848457
2023-08-15,USDKES,146.0288,146.5582,145.8238,146.25301971540736,0.008935106005419247,0.0076262640463338836,0.0076393936833956564,0.12106318859467574,0.12127161512149566,12.106318859467574,12.127161512149566,1.2952133660446066,141.12401237327396,0.2300832366388006
2023-08-16,USDKES,146.7231,146.8909,146.4932,146.58035303573251,0.0022381303371521444,0.0067173922755469255,0.007530505050081782,0.1066352965197806,0.11954306165539438,10.66352965197806,11.954306165539439,0.3273333203251525,141.4793112589706,0.25176359410534754
2023-08-17,USDKES,146.5284,146.9165,146.1119,146.62604310852996,0.00031170666362290156,0.005562247978986942,0.007462819101295963,0.08829794929722644,0.11846858052894998,8.829794929722643,11.846858052894998,0.04569007279744142,141.8510101061755,0.2627231104656236
2023-08-18,USDKES,145.778,146.5168,145.1646,146.20499567228802,-0.002871573339330191,0.004538605817025043,0.007463484575700334,0.07204813374479632,0.11847914460761706,7.204813374479632,11.847914460761706,-0.42104743624193475,142.17335139637447,0.22723933369082072
2023-08-21,USDKES,143.5915,144.0403,142.8453,143.4506,-0.018839271938845825,0.009074182127168758,0.00840253854305323,0.14404817555877372,0.13338616419932303,14.404817555877372,13.338616419932304,-2.7543956722880125,142.40049410021786,0.15976461243438767
2023-08-22,USDKES,142.8987,143.1026,142.4469,143.02808002959202,-0.0029454039955775224,0.009117763458199948,0.00841131342012008,0.14474000774105597,0.13352546105434732,14.474000774105598,13.352546105434731,-0.42251997040798983,142.6247272962409,0.15746658566033744
2023-08-23,USDKES,143.9372,144.2333,143.8252,143.88496192,0.005991004635108599,0.008993598670540117,0.00844875012856403,0.14276895284262164,0.13411975037703247,14.276895284262164,13.411975037703247,0.8568818904079762,142.869096062057,0.1713368855798203
2023-08-24,USDKES,143.8819,144.2597,143.7207,143.7802406185546,-0.0007278126918061067,0.007882893051723136,0.008459759402958105,0.12513704775947065,0.13429451719000443,12.513704775947065,13.429451719000443,-0.1047213014454087,143.09854146352075,0.16059834337027734
2023-08-25,USDKES,145.1359,145.2922,144.9835,145.04008383808997,0.008762283427232065,0.008849898744209782,0.008180142379045397,0.14048778723169145,0.12985573454432628,14.048778723169145,12.985573454432627,1.2598432195353837,143.30048719922095,0.14112354579915998
2023-08-28,USDKES,147.0328,147.6368,147.0084,147.27711248202434,0.015423520069332008,0.0109517308174958,0.0078541111585059,0.17385333701289596,0.12468014936918409,17.385333701289596,12.46801493691841,2.237028643934366,143.48408481843813,0.12812072227077476
2023-08-29,USDKES,148.0423,148.6989,147.8231,148.25092649381176,0.0066121204807452205,0.011024831534775945,0.00790915957085535,0.1750137749243982,0.1255540158240576,17.501377492439822,12.555401582405759,0.9738140117874252,143.68639680503156,0.14099960065216965
2023-08-30,USDKES,146.9198,147.5167,146.7838,146.99375719447409,-0.008480009731272387,0.008048685099124276,0.008081306383096802,0.12776891492012454,0.12828676174915807,12.776891492012455,12.828676174915806,-1.2571692993376757,143.85968777737617,0.1206036035406699
2023-08-31,USDKES,147.6402,147.9297,147.0262,147.79193257783788,0.00542999511406328,0.007533523563208679,0.007655068101706422,0.1195909790657721,0.12152043879827096,11.95909790657721,12.152043879827096,0.7981753833637981,144.1207494345214,0.18146963974314811
2023-09-01,USDKES,148.5772,149.0214,148.1346,148.6057173985569,0.005506287160095269,0.0075220685513396465,0.007683519599137703,0.11940913638974758,0.12197209231805434,11.940913638974758,12.197209231805434,0.8137848207190075,144.39719334780665,0.19181409642254899
2023-09-04,USDKES,148.2693,148.5487,148.2541,148.40163198224027,-0.0013733348883829821,0.007602465625418646,0.007659301089911341,0.1206854003746492,0.12158763540282827,12.06854003746492,12.158763540282827,-0.20408541631661592,144.63694131434485,0.1660336748794844
2023-09-05,USDKES,147.6081,147.7308,147.2098,147.56782086274555,-0.005618611523049211,0.008195778685868413,0.007768126651163834,0.1301039532199895,0.12331518763099501,13.01039532199895,12.331518763099501,-0.833811119494726,144.83412475363568,0.13632992892340656
2023-09-07,USDKES,148.5538,149.1083,147.8369,148.64356198185493,0.007289808257790353,0.006448494734937677,0.007723908740532519,0.10236668039612681,0.12261325006084298,10.236668039612681,12.261325006084297,1.0757411191093809,145.02570970348197,0.13227887431375152
2023-09-08,USDKES,148.9306,149.1009,148.4996,148.83279193122138,0.0012730450403868332,0.006022382149404747,0.0075760026346955245,0.09560235280511759,0.12026531342024686,9.560235280511758,12.026531342024686,0.18922994936644955,145.25517116141282,0.15822122739479472
2023-09-11,USDKES,149.5111,149.5435,149.1312,149.43731694679514,0.004061772998608548,0.004569832118175768,0.007583295858996735,0.07254383590805168,0.12038108976678777,7.254383590805167,12.038108976678776,0.6045250155737563,145.5043409393455,0.1715393510195895
2023-09-13,USDKES,151.145,151.373,150.6243,151.09153730245157,0.011069660439938067,0.0055843669423906875,0.007546628470795476,0.08864907695577552,0.11979901302434699,8.864907695577552,11.9799013024347,1.6542203556564345,145.7523670992575,0.1704596291153937
2023-09-14,USDKES,150.4142,150.453,150.2491,150.42357457814535,-0.004420914210232052,0.006127112212484446,0.007460640324341004,0.09726489101532354,0.11843399351703938,9.726489101532355,11.843399351703939,-0.6679627243062214,146.01134955893204,0.17768662343451425
2023-09-15,USDKES,150.2913,150.4273,149.8655,150.31716310349856,-0.0007074122187643583,0.0060754060042511205,0.0074088199729822135,0.09644408040598253,0.1176113709417553,9.644408040598252,11.761137094175531,-0.1064114746467908,146.28356169026304,0.18643217267240164
2023-09-18,USDKES,149.7591,150.0964,149.4901,149.7317855299558,-0.0038942830043945387,0.005748282723377981,0.007482802082398806,0.09125115931048337,0.11878580051966094,9.125115931048338,11.878580051966093,-0.5853775735427575,146.52512632611948,0.16513450524804352
2023-09-19,USDKES,150.3802,150.4339,150.1312,150.255158795006,0.0034954052220628196,0.005341380620680377,0.007184198932951442,0.08479178868036062,0.11404562247483066,8.479178868036062,11.404562247483065,0.5233732650501963,146.7225587402342,0.13474304309781804
2023-09-20,USDKES,152.174,152.7917,151.92,152.46017739226176,0.014675160672946275,0.007275658655425393,0.007428000340206407,0.11549750055870102,0.11791584983213596,11.549750055870103,11.791584983213596,2.2050185972557586,147.02390798664294,0.2053871258762996
2023-09-21,USDKES,150.8643,151.3733,150.5672,150.78977194706098,-0.01095633937840057,0.009065633555319103,0.007658018135276951,0.14391247118769998,0.12156726912939243,14.391247118769998,12.156726912939243,-1.670405445200771,147.29917944850988,0.18722904705534837
2023-09-22,USDKES,151.3601,151.7562,151.1661,151.52916098788117,0.004903442927679302,0.008220960943147771,0.007404896602310032,0.13050370916126405,0.117549089363157,13.050370916126406,11.7549089363157,0.7393890408201855,147.538535402232,0.16249646102459714
2023-09-25,USDKES,152.5637,152.782,152.3243,152.368412946539,0.005538550818775745,0.008099989068609656,0.007394723871245527,0.1285833401872971,0.11738760226385087,12.85833401872971,11.738760226385086,0.839251958657826,147.81798968436144,0.1894110453025455
2023-09-26,USDKES,151.2039,151.5738,150.4991,151.4297704897937,-0.006160348057668852,0.008633262392980744,0.007532782435929696,0.13704879176996057,0.11957921403495189,13.704879176996057,11.95792140349519,-0.9386424567452991,148.06684224039043,0.16835065647988756
2023-09-27,USDKES,149.7702,149.9552,149.4304,149.61784820195697,-0.01196542979611026,0.009860939520576203,0.007865011259186962,0.15653756198935875,0.12485318310319003,15.653756198935875,12.485318310319004,-1.8119222878367225,148.22217696881023,0.10490851703828241
2023-09-28,USDKES,150.8088,151.0242,150.6834,151.01283771727216,0.009323683852425102,0.01044087496235517,0.007878692814056289,0.16574375172187591,0.12507037105358756,16.57437517218759,12.507037105358757,1.3949895153151886,148.38083756887238,0.1070424165309225
2023-09-29,USDKES,150.2983,151.0072,149.6151,150.12450799568188,-0.005882478172176464,0.00860635118268703,0.007977061652250688,0.136621589550459,0.12663192794931197,13.6621589550459,12.663192794931197,-0.8883297215902815,148.4989760675374,0.07961843362029875
2023-10-02,USDKES,150.5679,151.0415,150.5352,150.78122595890989,0.004374488696055501,0.007921584350500782,0.008002449958724756,0.12575125308627713,0.12703495482014882,12.575125308627713,12.703495482014882,0.6567179632280045,148.63748216255007,0.09327074076905806
2023-10-03,USDKES,152.7213,153.2155,152.422,152.63860391748648,0.012318363554642664,0.009092794089291431,0.008228816429922308,0.14434363129789898,0.13062841114786075,14.434363129789899,13.062841114786075,1.857377958576592,148.85193577072332,0.1442796292382864
2023-10-04,USDKES,151.3561,151.4853,150.836,151.21694556106024,-0.009313884691940388,0.009597379479481702,0.0075760626329807665,0.15235367604373867,0.12026626586349791,15.235367604373867,12.02662658634979,-1.421658356426235,149.110813956092,0.17391657288718942
2023-10-05,USDKES,149.7718,149.8136,149.2146,149.6251971895094,-0.010526256602029438,0.010113310499697187,0.007860433755855252,0.16054382708266274,0.12478051749054238,16.054382708266274,12.478051749054238,-1.5917483715508354,149.3307178614226,0.1474768324954523
2023-10-06,USDKES,151.0363,151.5793,150.5063,150.89697492764708,0.008499756471678221,0.00958438220038113,0.007922584429408434,0.152147350634415,0.12576712884676366,15.2147350634415,12.576712884676366,1.271777738137672,149.56445162834416,0.15652088884916537
2023-10-09,USDKES,150.863,151.0984,150.6215,150.88211840795788,-9.84547218148002e-05,0.008899732550839257,0.007916990815660645,0.14127887438704306,0.12567833298132286,14.127887438704306,12.567833298132285,-0.014856519689203651,149.80118088799094,0.15827909444352528
2023-10-10,USDKES,151.4131,151.6364,151.2759,151.32205384288417,0.002915755952847876,0.008560090801445095,0.007806780978971809,0.13588722876453183,0.12392880606185264,13.588722876453183,12.392880606185264,0.43993543492629783,150.01057988815074,0.13978461245667262
2023-10-11,USDKES,150.5362,150.8032,149.7536,150.48649042523425,-0.0055217557284642504,0.00875703300538255,0.0074414742798153645,0.13901358933016064,0.11812974199244959,13.901358933016065,11.812974199244959,-0.8355634176499223,150.1175591529244,0.07131447985431194
2023-10-12,USDKES,150.4467,150.8114,150.1262,150.2567422685822,-0.001526702868827945,0.006788339645065151,0.007368221163919357,0.10776155109529717,0.11696688482792102,10.776155109529718,11.696688482792101,-0.22974815665205028,150.1844196787501,0.044538777610680924
2023-10-13,USDKES,150.152,150.3678,149.659,150.00484920468784,-0.0016764177107214673,0.00603044298791495,0.007185552529992963,0.09573031464945748,0.11406711016171421,9.573031464945748,11.406711016171421,-0.2518930638943573,150.2847894124239,0.06683098945183819
2023-10-16,USDKES,149.8154,150.1564,149.7701,149.77830569191673,-0.0015102412620140448,0.004444130424743848,0.0071396286043123045,0.07054838338684843,0.1133380904422412,7.054838338684844,11.33380904422412,-0.22654351277111573,150.35100184955985,0.04405797645579135
2023-10-17,USDKES,150.9452,151.5639,150.8366,151.0751429779965,0.008658378662309563,0.004493899638072918,0.007238809159703962,0.07133844515534468,0.11491253294899877,7.133844515534468,11.491253294899877,1.2968372860797786,150.43331603554117,0.05474801296214693
2023-10-18,USDKES,151.1982,151.3318,150.7873,151.32798428983995,0.0016736129243992703,0.004525582545929795,0.0072319048802414205,0.0718413957253487,0.1148029309103589,7.18413957253487,11.48029309103589,0.25284131184344005,150.53086111246114,0.06484273530003026
2023-10-19,USDKES,150.2959,150.6427,149.4637,150.3858626286065,-0.006225693586382475,0.004984534641700378,0.007250950978088041,0.07912703437995387,0.11510527834044906,7.912703437995387,11.510527834044906,-0.9421216612334433,150.62479583798986,0.06240230397576152
2023-10-20,USDKES,151.3762,151.6357,151.216,151.3933546360805,0.0066993797812104905,0.005220618538118642,0.007233103945128911,0.08287475005077304,0.11482196547534768,8.287475005077303,11.482196547534768,1.007492007473985,150.71645559313072,0.060853031953289616
2023-10-23,USDKES,151.5381,152.1162,151.071,151.62476035271973,0.0015285064340868626,0.005113431659183061,0.007234029539429357,0.08117321109793663,0.1148366588293512,8.117321109793663,11.483665882935119,0.23140571663924447,150.80952120718067,0.0617488075099093
2023-10-24,USDKES,151.2435,151.7516,151.0657,151.54161263339776,-0.000548378240655123,0.0050206812390372856,0.00720786320903084,0.07970084382372175,0.11442128121160543,7.970084382372175,11.442128121160543,-0.08314771932197118,150.87966439673406,0.04651111481019932
2023-10-25,USDKES,150.3988,150.8454,150.2426,150.4884,-0.006949989610745555,0.005902091806482841,0.007044912924505661,0.09369280281015334,0.1118345256380804,9.369280281015334,11.18345256380804,-1.0532126333977487,150.8595598199857,-0.01332490818345411
2023-10-26,USDKES,149.7894,150.1059,149.2037,149.70538393715256,-0.005203165578525959,0.005046724812804799,0.007062846255386873,0.080114272740363,0.11211920844022473,8.011427274036299,11.211920844022472,-0.7830160628474516,150.8356201319526,-0.01586885714214281
2023-10-27,USDKES,150.4499,150.6188,150.2283,150.32177856588697,0.004117384508984578,0.0053606166489873555,0.007104183764799305,0.08509715116303782,0.11277542105856925,8.50971511630378,11.277542105856925,0.6163946287344118,150.83577398069886,0.00010199762239260224
2023-10-30,USDKES,150.8851,150.9379,150.6153,150.83057995433816,0.0033847483265918576,0.004999885959900887,0.007089984485338502,0.07937072900148727,0.1125500144850717,7.937072900148727,11.25500144850717,0.5088013884511895,150.8724004615116,0.02428235679516888
2023-10-31,USDKES,152.0963,152.6599,151.6551,152.1534153106465,0.008770339255532944,0.005471527202603699,0.007236674483922578,0.08685780161888586,0.11487864602151499,8.685780161888585,11.487864602151499,1.3228353563083317,150.93567567869965,0.04193955752973544
2023-11-01,USDKES,152.3834,152.6375,152.2318,152.29194389998577,0.0009104533674544335,0.005461443287096371,0.006721264985784375,0.08669772442284078,0.10669677388890923,8.669772442284078,10.669677388890923,0.13852858933927337,150.93006789562375,-0.0037153463226524686
2023-11-02,USDKES,151.6746,151.9857,151.5504,151.62085947350718,-0.004406565503683568,0.005786403260109829,0.00645469375069713,0.09185630407070401,0.10246508672056412,9.185630407070402,10.246508672056413,-0.6710844264785862,150.95777081317195,0.01835480360834474
2023-11-06,USDKES,152.7684,152.8357,152.1098,152.51525424969782,0.005898890029355952,0.005188395005498995,0.006482188605833557,0.08236321732871964,0.1029015540147125,8.236321732871964,10.29015540147125,0.8943947761906372,150.99064058856587,0.021774152610265496
2023-11-07,USDKES,153.4822,153.639,152.9439,153.28327260166864,0.005035682206013581,0.004191549010155348,0.006468641422062468,0.06653877773406,0.10268649913937096,6.653877773406,10.268649913937097,0.7680183519708237,151.02113591040353,0.02019682923311006
2023-11-08,USDKES,153.3515,153.3592,152.3885,153.0936037285894,-0.0012373748932941186,0.004512438909549046,0.006362784194520737,0.07163274696622957,0.10100606774804577,7.163274696622956,10.100606774804577,-0.18966887307925617,151.07659701836337,0.036724070194216196
2023-11-09,USDKES,152.49,152.5815,152.2623,152.38082945444083,-0.004655807014721458,0.005249230434538348,0.006003382716520821,0.08332894982555991,0.0953007461583448,8.332894982555992,9.53007461583448,-0.7127742741485577,151.16869639344617,0.06096203972054681
2023-11-10,USDKES,151.5111,151.8465,151.2688,151.53052845820963,-0.00558010478926696,0.004697894198336892,0.005874214293427091,0.0745767584069554,0.09325026100985451,7.457675840695541,9.32502610098545,-0.8503009962311978,151.18595275147743,0.011415298565742305
2023-11-13,USDKES,150.6194,150.6254,150.3172,150.57793367968782,-0.006286487536302121,0.00508946868233809,0.00588892003540793,0.08079281063350907,0.0934837074266104,8.079281063350907,9.34837074266104,-0.9525947785218136,151.20106694094426,0.00999708583486747
2023-11-14,USDKES,150.4533,150.7635,149.9788,150.56038241177498,-0.00011655936221155461,0.004952267296846058,0.005833791433240895,0.07861480616023653,0.09260856799784685,7.861480616023653,9.260856799784685,-0.01755126791283601,151.19370548937312,-0.004868650545974962
2023-11-15,USDKES,149.733,149.9071,149.5936,149.86482245096354,-0.004619807346856519,0.004021337149778531,0.005400828307732034,0.06383674821755576,0.08573549145610071,6.3836748217555765,8.573549145610071,-0.6955599608114369,151.10124610715567,-0.06115293088305718
2023-11-16,USDKES,149.4882,149.5386,148.8579,149.31096823398084,-0.003695691943744306,0.0022685437893615,0.005181084319047535,0.03601201622946374,0.08224716377913724,3.601201622946374,8.224716377913724,-0.5538542169826997,151.03771352958637,-0.04204636242658433
2023-11-17,USDKES,149.43,149.8218,149.2208,149.42801856086453,0.0007839365605095683,0.0027234713570598347,0.0048183650936397945,0.043233767481527505,0.07648917458211207,4.32337674815275,7.648917458211208,0.11705032688368533,151.03114090863156,-0.004351642249622589
2023-11-20,USDKES,150.3127,150.3484,149.9963,150.16802716254594,0.004952274739425722,0.004093011761249456,0.00464204908116098,0.06497454740117123,0.07369024465504706,6.4974547401171225,7.369024465504706,0.74000860168141,151.00684264979483,-0.016088244245882066
2023-11-21,USDKES,152.3104,152.7321,151.8977,152.39553427022247,0.014833431255412366,0.007243546250373923,0.005388391751967641,0.11498773193210284,0.08553806725378808,11.498773193210283,8.553806725378807,2.22750710767653,151.05728984520368,0.033407224814197
2023-11-22,USDKES,153.0344,153.0487,152.7271,153.02654360632755,0.004140602538826421,0.006576156493556404,0.005413112305088153,0.10439324798755666,0.0859304938687611,10.439324798755665,8.59304938687611,0.6310093361050804,151.11410617065178,0.03761243532591774
2023-11-23,USDKES,152.4725,152.9936,152.0371,152.23728241877686,-0.005157675060485811,0.007140009360591932,0.005399798716299162,0.11334413476079733,0.08571914719880042,11.334413476079733,8.571914719880041,-0.789261187550693,151.17246590376988,0.038619646171333954
2023-11-24,USDKES,151.5543,151.8438,151.4816,151.65252349156236,-0.0038411019818780368,0.007032106317777508,0.005444617012625528,0.1116312270588326,0.0864306155963914,11.16312270588326,8.64306155963914,-0.5847589272144944,151.21899194453587,0.030776795554565695
2023-11-27,USDKES,150.2154,150.3598,149.7014,150.32208975066317,-0.008772908688019387,0.00789257878353564,0.005683383614672195,0.12529080398531994,0.09022091789881184,12.529080398531994,9.022091789881184,-1.3304337408991955,151.2295666294017,0.006992960824447891
2023-11-28,USDKES,150.3457,150.5698,149.7566,150.1752,-0.0009771667684158603,0.007928275554816061,0.005679052533718154,0.12585747266181563,0.09015216412013695,12.585747266181563,9.015216412013695,-0.14688975066317767,151.24279643967117,0.008748163844107815
2023-11-29,USDKES,150.9429,151.2754,150.8174,150.95395946365426,0.005185672891757642,0.007949407275218834,0.005532162764538468,0.12619292832357976,0.08782036132380218,12.619292832357976,8.782036132380219,0.7787594636542678,151.23875698919306,-0.002670838263507669
2023-11-30,USDKES,150.3197,150.3365,149.7066,150.29047765423715,-0.004395259400776785,0.005088425914889745,0.0055791609260346245,0.0807762572134475,0.08856643400817867,8.07762572134475,8.856643400817866,-0.6634818094171067,151.20417343467298,-0.022866859797421313
2023-12-01,USDKES,151.8967,152.4103,151.7198,152.04175196597552,0.011652596618711986,0.0070188609418789655,0.005862550139716668,0.11142096323493793,0.09306509831002364,11.142096323493792,9.306509831002364,1.7512743117383707,151.25936974591863,0.03650448925571759
2023-12-04,USDKES,151.8159,152.0107,151.4934,151.67705254438684,-0.0023986794210993923,0.0068144682523570005,0.005758869954210793,0.10817632987728938,0.0914192263896221,10.817632987728938,9.14192263896221,-0.36469942158868207,151.26882634286216,0.006251908202048462
2023-12-05,USDKES,150.6282,150.8741,150.4305,150.60395987915055,-0.007074851780378921,0.007178096532557986,0.0058967312317749565,0.1139487498717809,0.09360770632478466,11.39487498717809,9.360770632478467,-1.0730926652362882,151.23479966040986,-0.02249418024515837
2023-12-06,USDKES,150.637,150.8279,150.3548,150.5250598900504,-0.0005238905349067569,0.006307680317600695,0.005896684239951647,0.10013132082041012,0.09360696035271589,10.013132082041013,9.360696035271589,-0.07889998910016516,151.20091456896495,-0.02240561796690299
2023-12-07,USDKES,150.6969,150.7525,150.1831,150.4608,-0.00042690492930097523,0.006293836424062878,0.0057581282458746596,0.09991155582354261,0.0914074521348056,9.99115558235426,9.14074521348056,-0.06425989005037991,151.19999456896494,-0.0006084619280422032
2023-12-08,USDKES,149.1485,149.6349,148.4753,148.9960417057815,-0.009735148917316083,0.006859999978047328,0.005955670098595102,0.10889912361493069,0.09454333182975704,10.889912361493069,9.454333182975704,-1.4647582942185124,151.17634982791924,-0.01563805680886432
2023-12-11,USDKES,148.3219,148.6072,147.4135,148.4711984003291,-0.0035225318702680752,0.006813661199862169,0.005930582483717543,0.1081635183161116,0.09414507829003431,10.81635183161116,9.414507829003432,-0.5248433054524071,151.11466382240067,-0.04080400511640159
2023-12-12,USDKES,148.4844,149.0681,148.4159,148.5482311781231,0.0005188398734838895,0.0038093519522664297,0.005890531056206927,0.06047158753209219,0.093509281588957,6.047158753209219,9.3509281588957,0.07703277779401674,151.03858552986014,-0.05034474525248411
2023-12-13,USDKES,148.0709,148.2232,147.8339,148.06169480477865,-0.003275275440749237,0.003788790731151778,0.005642774069570551,0.060145188265765114,0.08957626135564538,6.014518826576511,8.957626135564539,-0.48653637334444966,150.90219484633118,-0.09030188084090396
2023-12-14,USDKES,145.5669,145.8638,145.5549,145.6828792906953,-0.016066380418107817,0.006067628017411345,0.00627188839657206,0.09632060869270986,0.09956314168848793,9.632060869270987,9.956314168848793,-2.3788155140833567,150.6818926926882,-0.14599002610089507
2023-12-15,USDKES,145.0213,145.1459,144.7846,145.1286962622514,-0.003804036762192764,0.00581090099171291,0.006263081923608121,0.09224519350374577,0.09942334326414674,9.224519350374576,9.942334326414674,-0.5541830284439015,150.465487252313,-0.14361741580757315
2023-12-18,USDKES,146.0222,146.0641,145.4973,145.76475175422158,0.0043826996889768655,0.006686040259896112,0.00620770218694283,0.10613759870070466,0.09854421719881512,10.613759870070465,9.854421719881511,0.6360554919701826,150.24047050246378,-0.14954708482212142
2023-12-19,USDKES,146.0431,146.3387,145.8436,145.96538624243624,0.0013764266449887153,0.006553778493663048,0.006110258054051876,0.10403800825221556,0.09699733954470435,10.403800825221555,9.699733954470435,0.20063448821466068,149.99654095715604,-0.16235941254173492
2023-12-20,USDKES,145.529,145.5812,145.2948,145.4529656246086,-0.0035105625451267164,0.006553594486431973,0.006119549683446161,0.1040350872279784,0.09714483958861549,10.40350872279784,9.714483958861548,-0.5124206178276438,149.7418530203567,-0.1697958734075633
2023-12-21,USDKES,145.2642,145.59,145.2035,145.4212592890582,-0.00021798342449896868,0.006494976406852632,0.006098913369119843,0.1031045540625836,0.09681724825450912,10.310455406258361,9.681724825450912,-0.03170633555038194,149.50986734817724,-0.15492373541545756
2023-12-22,USDKES,143.3718,143.4725,143.0985,143.30545904373014,-0.014549456218931778,0.007830426871785878,0.006509843669595012,0.12430417297333732,0.10334056454193917,12.430417297333731,10.334056454193917,-2.1158002453280744,149.23569836769462,-0.18337851898706514
2023-12-25,USDKES,143.2058,143.2547,142.8301,143.2279,-0.0005412148584407195,0.006045605279179842,0.006458773588551231,0.09597100856141447,0.10252985213867263,9.597100856141447,10.252985213867264,-0.07755904373013323,148.99069724503838,-0.1641705874237953
2023-12-26,USDKES,145.5614,145.7805,145.3594,145.47344754035714,0.01567814329720063,0.009039531410543448,0.007190140318968033,0.14349811248512925,0.11413993905388828,14.349811248512925,11.413993905388828,2.245547540357137,148.82113274932445,-0.1138087805811483
2023-12-28,USDKES,144.6177,144.8089,144.6065,144.74194559935248,-0.005028422391665233,0.009043806896459332,0.007197381978765266,0.1435659837199336,0.11425489683930516,14.356598371993359,11.425489683930516,-0.7315019410046659,148.65037018760407,-0.11474349009829021
2023-12-29,USDKES,144.8201,144.8716,144.0492,144.65712853794838,-0.0005859881256458088,0.008989183612001475,0.0071815872251060585,0.14269886596111941,0.11400416289809442,14.269886596111942,11.400416289809442,-0.08481706140409528,148.49524219773633,-0.10435762095443168
2024-01-01,USDKES,145.7857,146.1573,145.7553,146.0380219836285,0.009545975781745764,0.00976338933252467,0.00743171888097747,0.1549890007617671,0.11797487983685769,15.49890007617671,11.797487983685768,1.3808934456801296,148.38224231182843,-0.07609663733025851
2024-01-02,USDKES,145.4483,146.0739,145.3499,145.47723659340892,-0.0038399957942627516,0.009909738737786252,0.0073727129432674355,0.15731222554683322,0.11703818961451617,15.731222554683322,11.703818961451617,-0.5607853902195927,148.22588262619053,-0.10537627899523949
2024-01-03,USDKES,146.639,147.3244,146.1467,146.78636418419646,0.00899884835210596,0.00790278383184003,0.007007711305931046,0.12545280410490484,0.11124396825137532,12.545280410490484,11.124396825137532,1.30912759078754,148.03891028998967,-0.12614014022933606
2024-01-04,USDKES,146.4227,146.5221,146.2163,146.4258288698665,-0.0024561907799387495,0.008095221739296544,0.00693666219966978,0.12850766118061444,0.11011609865513106,12.850766118061443,11.011609865513105,-0.360535314329951,147.81888646544095,-0.14862567153305362
2024-01-05,USDKES,145.9764,146.2883,145.566,146.060066811673,-0.002497934012165026,0.006086971371513517,0.006904502032040198,0.0966276749195671,0.1096055718211109,9.66276749195671,10.96055718211109,-0.3657620581934964,147.6129792785375,-0.13929694088962163
2024-01-08,USDKES,146.0767,146.2762,145.691,145.8807145438426,-0.0012279349978777665,0.00565649067730757,0.0068885444632424435,0.08979400575306684,0.10935225326970253,8.979400575306684,10.935225326970253,-0.17935226783041003,147.42058564694682,-0.13033652767595605
2024-01-09,USDKES,147.0984,147.1774,146.5918,146.99197668062305,0.007617608264774978,0.006075124885639238,0.006922822865738507,0.09643961778636681,0.10989640603977349,9.643961778636681,10.98964060397735,1.1112621367804536,147.30958187794553,-0.07529733280745576
2024-01-10,USDKES,147.7283,147.8493,147.197,147.26070544327823,0.0018281866039466799,0.005175924231807468,0.0069382053678625965,0.08216524993365357,0.11014059569074708,8.216524993365356,11.014059569074707,0.2687287626551722,147.2124320593881,-0.0659494225147661
2024-01-11,USDKES,148.2552,148.3926,147.9786,148.28451144410184,0.006952336658593294,0.005028586848487762,0.006996519112052954,0.07982634148313192,0.11106629768161543,7.982634148313192,11.106629768161543,1.0238060008236118,147.1234504587364,-0.06044435202037235
2024-01-12,USDKES,148.7736,148.8765,148.5212,148.81173164100804,0.0035554636945676066,0.0042628883510358595,0.006997243595168647,0.06767125466205058,0.11107779849453456,6.767125466205058,11.107779849453456,0.5272201969061996,147.07415892496206,-0.03350351940538676
2024-01-15,USDKES,148.432,148.5616,148.2315,148.43399976280526,-0.0025383205614059046,0.004277181609557244,0.006631032438197282,0.0678981531068846,0.10526437660243372,6.78981531068846,10.526437660243372,-0.37773187820278054,146.95390051818973,-0.0817671898662331
2024-01-16,USDKES,148.7531,148.767,148.3647,148.6583,0.001511110914973468,0.00382607287530652,0.0066365188896973315,0.060737023956425364,0.10535147131992982,6.0737023956425364,10.535147131992982,0.2243002371947398,146.85327543337687,-0.06847391219834131
2024-01-17,USDKES,149.7046,150.0045,149.6195,149.6236838698291,0.0064939789425084715,0.003672675166261033,0.006645818405177612,0.05830191081749695,0.10549909655157513,5.830191081749695,10.549909655157514,0.9653838698291111,146.82059956639944,-0.022250689935920942
2024-01-18,USDKES,149.0106,149.0116,148.799,148.95616712621094,-0.004461304028571367,0.0042757520399821685,0.006691235782746847,0.06787545939341952,0.10622007506906864,6.7875459393419515,10.622007506906863,-0.6675167436181653,146.76830314093814,-0.03561926978621344
2024-01-19,USDKES,149.4721,149.7451,148.9391,149.36085674049357,0.0027168369198149467,0.004286238823508732,0.006714203483964474,0.06804193192100506,0.10658467602272069,6.804193192100507,10.658467602272069,0.4046896142826313,146.73163836562125,-0.024981398934409427
2024-01-22,USDKES,149.7993,149.926,149.7457,149.8632,0.0033632858733478876,0.0037850526838049937,0.006496657066794871,0.060085848603753655,0.10313123371205742,6.0085848603753655,10.31312337120574,0.5023432595064321,146.7605436420952,0.01969941642845363
2024-01-23,USDKES,149.4877,149.7819,149.1433,149.7433,-0.0008000629907809476,0.0037525667672742807,0.006461584940552366,0.059570150666240045,0.10257448096812984,5.957015066624004,10.257448096812984,-0.11990000000000123,146.8029470287509,0.028892906501565285
2024-01-24,USDKES,149.1304,149.9681,148.9606,149.49719992384652,-0.0016434797159771142,0.003629212361278278,0.006471165960579193,0.05761196017790294,0.10272657494591371,5.761196017790294,10.272657494591371,-0.24610007615348195,146.83457932027503,0.021547449941805574
2024-01-25,USDKES,150.4104,150.5771,150.3355,150.39307056034423,0.005992557967333667,0.004094539033892773,0.006518973703953519,0.06499879210276167,0.10348549934418368,6.499879210276167,10.348549934418367,0.8958706364977047,146.91229184546054,0.05292522071114192
2024-01-26,USDKES,149.5167,149.6184,149.0013,149.508728357837,-0.005880205778180492,0.0043272841653352895,0.0058556547474964945,0.06869350652270931,0.09295563735198267,6.8693506522709304,9.295563735198268,-0.8843422025072414,147.0398201476986,0.08680574010253572
2024-01-29,USDKES,148.5504,149.0119,148.0813,148.7388,-0.005149721800818408,0.004448986978197925,0.005897783890424575,0.07062547878285871,0.09362441676279866,7.062547878285871,9.362441676279866,-0.7699283578369887,147.16015693895687,0.08183959361307558
2024-01-30,USDKES,149.5478,149.8932,148.6555,149.09195558300974,0.002374333953277352,0.004413300595772613,0.005867459528146098,0.07005897502432518,0.09314303243526578,7.005897502432518,9.314303243526577,0.3531555830097375,147.27106373324983,0.07536468878526215
2024-01-31,USDKES,148.7971,149.1808,148.5681,148.74134145260794,-0.0023516636362488352,0.004154708846452234,0.005893576906068573,0.0659539582655559,0.09355763295654553,6.59539582655559,9.355763295654553,-0.35061413040179445,147.3635955735889,0.06283097167456564
2024-02-01,USDKES,147.6399,147.7935,147.4113,147.60508347550393,-0.007639153755151784,0.004830988930172515,0.0060403329810865755,0.07668957177445473,0.09588731342385896,7.668957177445473,9.588731342385897,-1.1362579771040089,147.43533283528538,0.04868045015953282
2024-02-02,USDKES,146.8817,147.1907,146.6883,147.0356301956247,-0.0038579516807342173,0.004872831526846824,0.0060917438408256775,0.07735380240451113,0.09670343552120508,7.735380240451113,9.670343552120508,-0.5694532798792409,147.48914519883763,0.036498960267805636
2024-02-05,USDKES,147.4862,147.7289,147.1811,147.34933478272762,0.0021335276809135717,0.003889624659099539,0.005403957429659288,0.06174587724817061,0.08578516472674978,6.17458772481706,8.578516472674979,0.3137045871029329,147.62394105680417,0.09139374818722956
2024-02-06,USDKES,150.0243,150.698,149.6428,150.25569655656506,0.019724295180042484,0.009134318102259101,0.0063890027559550455,0.14500280456839826,0.10142227450778007,14.500280456839826,10.142227450778007,2.906361773837432,147.85820094202302,0.15868691998184303
2024-02-07,USDKES,150.6915,150.9304,150.2735,150.5955044967706,0.0022615311631637436,0.008758619872818164,0.005814598335284727,0.1390387800697502,0.09230388701336131,13.90387800697502,9.230388701336132,0.3398079402055316,148.02893617390345,0.1154722773526684
2024-02-08,USDKES,150.6034,150.9815,150.2161,150.60750375990557,7.967876049863598e-05,0.008776744096513956,0.005700489184626622,0.13932649320138124,0.09049246040361242,13.932649320138124,9.049246040361242,0.011999263134981675,148.22445477925524,0.132081341935808
2024-02-09,USDKES,150.0666,150.6562,149.5567,150.18546890399867,-0.0028022166583392405,0.008811100024372787,0.005740537764021093,0.13987187664843329,0.09112821189224761,13.98718766484333,9.11282118922476,-0.42203485590690093,148.40873279145688,0.1243236228975153
2024-02-12,USDKES,149.3418,150.0424,149.0268,149.1040859205269,-0.007200316990474076,0.00873720054846359,0.0057218822810104234,0.1386987588367908,0.09083206528044348,13.86987588367908,9.083206528044348,-1.0813829834717694,148.51093492268686,0.06886530819825154
2024-02-13,USDKES,149.2013,149.5846,148.993,149.03943306326218,-0.0004336088904980384,0.008480821891157748,0.005661992160175594,0.13462887382461536,0.08988133908613208,13.462887382461536,8.988133908613207,-0.06465285726471848,148.62967480501533,0.07995362926660476
2024-02-14,USDKES,149.67,149.7796,149.6443,149.68694422847133,0.004344562723439083,0.008529132333100247,0.005491413711552659,0.13539577831526023,0.08717349016163112,13.539577831526023,8.717349016163112,0.6475111652091528,148.72636080649116,0.06505161341614496
2024-02-15,USDKES,148.6131,148.9262,148.4015,148.7831561446296,-0.006037855128248615,0.004216035686983393,0.0055995260849110995,0.06692749167798849,0.0888897208829635,6.692749167798849,8.88897208829635,-0.9037880838417323,148.80493838231658,0.05283365732835499
2024-02-16,USDKES,146.4456,146.723,146.1835,146.46487918141088,-0.015581582104396086,0.0064412453091428215,0.006309420639945191,0.10225159932931958,0.10015894758115787,10.225159932931959,10.015894758115786,-2.3182769632187217,148.81843212797452,0.009068076506490996
2024-02-19,USDKES,147.2197,147.3818,146.9371,147.12807841226075,0.004528042726396064,0.007091381825723444,0.0063546417431717735,0.11257219657600448,0.10087681034005498,11.257219657600448,10.087681034005499,0.6631992308498695,148.86001092358845,0.027939278098410014
2024-02-21,USDKES,148.5671,148.9733,148.1493,148.41280514404798,0.008732029573494282,0.008441129647556255,0.006401954419787048,0.1339987789913289,0.101627875797164,13.399877899132889,10.1627875797164,1.2847267317872308,148.90737187236928,0.03181576333830538
2024-02-22,USDKES,149.4248,149.4524,149.1607,149.3534789252073,0.006338225197255021,0.008511943058546032,0.00649043667396591,0.13512290704113183,0.10303248803716204,13.512290704113184,10.303248803716205,0.9406737811593189,148.97713098843357,0.04684732205473274
2024-02-23,USDKES,150.5676,150.5898,150.5077,150.5224557700029,0.007826914064593016,0.008959011636755904,0.006522345873417848,0.14221990070273915,0.10353903087487197,14.221990070273915,10.353903087487197,1.1689768447955942,149.0517291326303,0.05007355404267333
2024-02-27,USDKES,150.714,151.4222,150.1397,150.31386317006067,-0.001385790571082346,0.00891212760781906,0.006505415925479256,0.14147563981657327,0.10327027628314325,14.147563981657326,10.327027628314326,-0.20859259994222157,149.1018001835987,0.033593069506654416
2024-02-28,USDKES,150.8809,151.1512,150.3628,150.7498439128881,0.0029004692822922618,0.00842429003475724,0.006497776718812041,0.133731458425484,0.1031490076368116,13.3731458425484,10.31490076368116,0.43598074282743937,149.17899498860146,0.051773221321083085
2024-02-29,USDKES,148.9292,149.2744,148.68,149.02109755173143,-0.01146764942692513,0.007028679350367955,0.006853008481531409,0.11157682563773179,0.10878813704849091,11.157682563773179,10.878813704849092,-1.7287463611566807,149.19108824032583,0.008106537871022113
2024-03-01,USDKES,148.5977,148.624,148.2834,148.56981969293025,-0.00302828167430802,0.007241617546928367,0.006766814270622115,0.11495711471408443,0.10741984636937427,11.495711471408443,10.741984636937426,-0.451277858801177,149.15595943442923,-0.0235461824904748
2024-03-04,USDKES,147.9274,148.3231,147.5834,147.67571979094143,-0.006018045278891604,0.006895925381152891,0.006806365320778038,0.1094694217091331,0.10804769982619834,10.94694217091331,10.804769982619835,-0.8940999019888238,149.1132778565869,-0.02861540229714965
2024-03-05,USDKES,146.7478,147.2523,146.6832,147.02924431388206,-0.004377669382445215,0.006233091837373429,0.006822405479792081,0.09894726540430049,0.10830232945664488,9.89472654043005,10.830232945664488,-0.6464754770593686,149.03555744236652,-0.05212172607131915
2024-03-06,USDKES,146.4799,146.6139,146.3547,146.35838391125134,-0.0045627684870538365,0.004391125940895318,0.006821034469749715,0.06970696329104113,0.10828056534694244,6.970696329104113,10.828056534694245,-0.6708604026307228,148.91873023940823,-0.0783888120145182
2024-03-07,USDKES,147.2969,147.4919,147.1072,147.311797583572,0.006514240228962853,0.005921081953376895,0.006949292117770204,0.09399426204640685,0.11031659238936807,9.399426204640685,11.031659238936808,0.9534136723206643,148.83768015886062,-0.05442571288198916
2024-03-08,USDKES,146.7237,146.8612,146.2959,146.82335503467587,-0.0033157055776136257,0.005351398805569698,0.0069652838346847545,0.08495082243519309,0.11057045302532513,8.495082243519308,11.057045302532513,-0.48844254889613126,148.74855199588825,-0.059882795053811666
2024-03-11,USDKES,145.7807,145.8796,145.2907,145.68624055168448,-0.007744779314727168,0.004587069728535794,0.006969985909081061,0.07281747448930964,0.11064509614231764,7.281747448930965,11.064509614231763,-1.137114482991393,148.59165766226627,-0.10547620902306987
2024-03-12,USDKES,146.5279,146.8911,146.4783,146.5436095118308,0.005885037302765461,0.005740859258726836,0.00701883804478225,0.09113331546248292,0.111420599754796,9.113331546248292,11.142059975479599,0.8573689601463172,148.4928203673994,-0.06651604566625391
2024-03-13,USDKES,146.5175,146.8946,145.7648,146.6497542752024,0.000724322020763779,0.005504470780559543,0.006970568632047781,0.08738076470629286,0.11065434658263677,8.738076470629286,11.065434658263678,0.10614476337161705,148.42318550990615,-0.0468944271655336
2024-03-14,USDKES,145.8608,146.7783,145.3979,145.6292,-0.006959127072843518,0.00584574245006314,0.007048117281686833,0.09279828450840291,0.11188539323135963,9.279828450840292,11.188539323135963,-1.0205542752024144,148.3077603238058,-0.07776762485173228
2024-03-15,USDKES,144.6454,144.6751,144.1679,144.65563037119475,-0.0066852638674472775,0.006090025909110653,0.007125864520090691,0.09667616420068101,0.11311959237899158,9.6676164200681,11.311959237899158,-0.9735696288052509,148.17156995442537,-0.09182956379564233
2024-03-18,USDKES,145.6966,145.9831,144.8876,145.84165952435714,0.008198983683656014,0.0064870091908920645,0.007195987670008893,0.10297807843014438,0.11423276287398394,10.297807843014438,11.423276287398394,1.1860291531623943,148.11278915605382,-0.039670767063904044
2024-03-19,USDKES,144.199,144.3856,143.6237,144.14848029738965,-0.011609708998715162,0.007560864047568733,0.007459687066844366,0.12002499579981663,0.11841886102341032,12.002499579981663,11.841886102341032,-1.6931792269674872,148.01655082611265,-0.0649763808308057
2024-03-20,USDKES,143.0144,143.2975,142.9385,142.99940796635778,-0.007971449498886507,0.007587017193717811,0.007557908114655648,0.12044016412409093,0.11997807181953533,12.044016412409093,11.997807181953533,-1.1490723310318742,147.871553265567,-0.09796036979404787
2024-03-21,USDKES,143.7487,144.0979,143.5151,143.67957725766064,0.0047564483026592,0.007385193011310345,0.006574727780319153,0.11723630455283639,0.10437056786803312,11.723630455283638,10.43705678680331,0.6801692913028603,147.65234928893685,-0.14823944956909862
2024-03-22,USDKES,143.5912,143.7692,143.4041,143.67911542575786,-3.2143183575916723e-06,0.007332385595303199,0.006543335095408072,0.11639801281202736,0.10387222444446513,11.639801281202736,10.387222444446513,-0.0004618319027827056,147.42180298656976,-0.15614130318776231
2024-03-25,USDKES,143.7136,143.9395,143.2779,143.58209484104208,-0.0006752587836323931,0.007134042238922017,0.0065383203474278515,0.11324940964090857,0.10379261778820517,11.324940964090857,10.379261778820517,-0.09702058471577857,147.1876226892743,-0.15885051773298908
2024-03-26,USDKES,143.9714,144.3574,143.6788,143.90197775879727,0.0022278747089554685,0.006951194119985893,0.006570060491111206,0.1103467857385029,0.10429647694878685,11.03467857385029,10.429647694878685,0.3198829177551943,146.97817298443428,-0.1423011670500185
2024-03-27,USDKES,145.7221,146.1075,144.8896,145.52289990466235,0.011264071356837047,0.0076667463408078935,0.00686639828910927,0.12170582509675283,0.10900069365421508,12.170582509675283,10.900069365421508,1.6209221458650802,146.8588001172388,-0.08121809161972804
2024-03-28,USDKES,144.3058,144.5426,144.1428,144.34643611634846,-0.008084389392216895,0.006873819670992826,0.006993711122663594,0.10911850443930506,0.11102172223196528,10.911850443930506,11.10217222319653,-1.176463788313896,146.702366885675,-0.10651948091562335
2024-03-29,USDKES,143.7959,144.2485,143.7462,143.8944,-0.0031316056600393383,0.0061144547003925825,0.0069280352647071814,0.09706395924005234,0.10997915030820446,9.706395924005234,10.997915030820446,-0.4520361163484665,146.50928207805927,-0.13161669556851496
2024-04-01,USDKES,144.6391,145.1349,144.5509,144.7192788633974,0.005732529295076061,0.006226948687569343,0.0069830394376360445,0.09884974592441113,0.11085231448404784,9.884974592441113,11.085231448404784,0.8248788633974016,146.37381950201822,-0.09246006404486362
2024-04-02,USDKES,143.7327,144.2354,143.6243,143.79935659806176,-0.0063565979084511115,0.006838554700836624,0.006500649148642263,0.10855869039315251,0.1031946060467471,10.855869039315252,10.31946060467471,-0.9199222653356287,146.28496874923988,-0.060701260020834535
2024-04-03,USDKES,143.558,143.7243,143.2689,143.5515668097052,-0.0017231634008569863,0.006870757241696456,0.006430696322174097,0.10906988988134958,0.10208413935270215,10.906988988134959,10.208413935270215,-0.24778978835655607,146.16575169582137,-0.08149644795212296
2024-04-04,USDKES,144.6159,144.87,144.0678,144.4591203141198,0.006322142799163322,0.007256474803268498,0.006321647685266695,0.11519296634672878,0.10035304590829676,11.519296634672878,10.035304590829677,0.9075535044145795,146.03396220149043,-0.09016441457859736
2024-04-05,USDKES,144.5109,144.6522,144.3092,144.65063863816127,0.0013257613892776465,0.00559955711351624,0.006189133111988612,0.08889021344679987,0.09824944227238284,8.889021344679987,9.824944227238284,0.19151832404148195,145.8772008585889,-0.10734581226059525
2024-04-08,USDKES,144.8237,145.1424,144.454,144.55,-0.0006957358716749296,0.004617819759502916,0.005959069902337385,0.07330561609778888,0.09459730204100808,7.330561609778888,9.459730204100808,-0.10063863816125718,145.6781189995888,-0.13647222309474127
2024-04-10,USDKES,142.1887,142.5988,142.0053,142.15678491984977,-0.01655631324905049,0.0078756497311892,0.006575623981282825,0.1250220636106759,0.10438479461728079,12.50220636106759,10.438479461728079,-2.3932150801502416,145.40621639124845,-0.18664615537843376
2024-04-11,USDKES,142.8689,142.9023,142.5511,142.7793299788548,0.0043792848815202845,0.007676684294756342,0.006617771933096849,0.12186358522488328,0.10505387260990463,12.186358522488327,10.505387260990464,0.6225450590050343,145.14053259344735,-0.1827183213998329
2024-04-12,USDKES,143.6777,143.8768,143.3527,143.78336964462125,0.007032107980301738,0.008040726028937642,0.006546222965266745,0.12764256859783768,0.10391806795725374,12.764256859783767,10.391806795725374,1.0040396657664417,144.96594166321032,-0.12029095326946404
2024-04-15,USDKES,143.5577,143.749,143.392,143.4738814702424,-0.002152461547839657,0.008057785411623008,0.0065396050376051095,0.12791337790247223,0.10381301161252993,12.791337790247223,10.381301161252992,-0.30948817437885623,144.7960770557874,-0.11717552790264651
2024-04-16,USDKES,143.0604,143.2201,142.8599,143.20755300253282,-0.0018562853738979257,0.007557356688367962,0.0064764394160238496,0.11996931819859373,0.10281028845585295,11.996931819859373,10.281028845585295,-0.2663284677095703,144.64713816284043,-0.10286113821273979
2024-04-17,USDKES,143.6483,144.0869,143.4743,143.56241312762495,0.0024779428015633265,0.007634141400832566,0.006474218507601619,0.12118823772063139,0.10277503262763373,12.11882377206314,10.277503262763373,0.35486012509213083,144.53157712329855,-0.07989168746068698
2024-04-18,USDKES,143.9765,144.1833,143.5037,143.85066153565796,0.002007826434184956,0.00772310265307486,0.006452757937392842,0.12260045381915538,0.10243435663703734,12.260045381915537,10.243435663703734,0.288248408033013,144.44798637744543,-0.05783562839130063
2024-04-19,USDKES,145.4565,145.6176,145.2145,145.29149047337515,0.010016143981096848,0.004447059478666004,0.006614706354911233,0.07059488067637677,0.10500520806488205,7.059488067637678,10.500520806488204,1.4408289377171855,144.38064280710554,-0.046621328568685616
2024-04-22,USDKES,146.109,146.6268,146.0844,146.22657781566616,0.006435940186478861,0.004608425099566197,0.006707422012059029,0.07315648049472138,0.10647702349361203,7.315648049472139,10.647702349361204,0.9350873422910126,144.36075023313853,-0.013777867711528557
2024-04-23,USDKES,147.2376,147.2782,146.3778,147.0786545647939,0.005827099025745408,0.00447161718905851,0.006632269158872546,0.07098472224318307,0.10528400893452174,7.098472224318307,10.528400893452174,0.8520767491277468,144.40716403357553,0.03215126020199577
2024-04-24,USDKES,147.6891,147.8832,147.2087,147.5430908579801,0.0031577409690104474,0.003802550594164007,0.006572037323232329,0.06036361931939316,0.10432785818584416,6.036361931939316,10.432785818584415,0.4644362931861963,144.4404800784472,0.023070908631606102
2024-04-25,USDKES,147.1984,147.5363,146.6964,147.43106500987716,-0.000759275459470854,0.0035336062223192844,0.006573907396862205,0.056094259772923455,0.10435754468439233,5.609425977292346,10.435754468439233,-0.11202584810294525,144.466523769603,0.01803074258799331
2024-04-26,USDKES,147.3624,147.4278,146.9649,147.1137260758395,-0.002152456363361366,0.004260878721231692,0.0064508777280518894,0.06763935277791579,0.10240450923906393,6.763935277791579,10.240450923906392,-0.31733893403765023,144.51600797213098,0.034253058242694756
2024-04-29,USDKES,148.8156,149.0108,148.7167,148.8489,0.01179477925306549,0.005191844310671321,0.0066348057174270055,0.0824179733508113,0.10532427555324805,8.24179733508113,10.532427555324805,1.7351739241604776,144.6557836264245,0.09671984180497084
2024-04-30,USDKES,148.3498,148.3869,147.8762,148.09311322696317,-0.0050775435561620785,0.005811603742030895,0.006578836931858908,0.09225634931919674,0.10443579862647513,9.225634931919673,10.443579862647514,-0.7557867730368173,144.73083208317803,0.05188071632680202
2024-05-01,USDKES,147.5473,147.9959,147.1285,147.39704065055886,-0.004700235961259902,0.0061478517249768105,0.006251949153533533,0.09759412056952861,0.09924661601802301,9.759412056952861,9.9246616018023,-0.6960725764043048,144.83911742828366,0.0748184360906512
2024-05-02,USDKES,145.9404,146.3838,145.6402,145.77224975783756,-0.011023226012883636,0.007219416342086575,0.006421481977923207,0.11460468151318014,0.1019378661724078,11.460468151318013,10.19378661724078,-1.6247908927213075,144.93154548799967,0.06381429365018843
2024-05-03,USDKES,147.1607,147.6272,147.0858,147.13747472993188,0.009365465473451184,0.00816999348892308,0.0065761339149936005,0.12969462590824443,0.10439288956398383,12.969462590824444,10.439288956398384,1.3652249720943246,145.04680873707537,0.07952944177032073
2024-05-06,USDKES,146.0851,146.4386,145.8196,146.13202869998022,-0.006833378320493355,0.008533374703417486,0.006722016373199384,0.13546312385623335,0.10670870179433949,13.546312385623335,10.67087017943395,-1.0054460299516563,145.12857251288278,0.05637061340357796
2024-05-07,USDKES,145.8195,145.9757,145.5364,145.8474017222836,-0.0019477384953096033,0.008530046008127574,0.006734254811750252,0.13541028245666886,0.10690298098338755,13.541028245666887,10.690298098338754,-0.28462697769663237,145.2040827422575,0.05202988499595218
2024-05-08,USDKES,145.6394,146.1754,145.1911,145.5799624646494,-0.0018336923008297479,0.006344138949752488,0.006740056677667999,0.10071008366330148,0.10699508274953855,10.071008366330148,10.699508274953855,-0.2674392576341802,145.2600155657859,0.03852014521359415
2024-05-09,USDKES,144.9678,145.1752,144.6054,144.72255355152376,-0.005889608010675618,0.006392499954440565,0.006511095835028446,0.10147779081264877,0.10336044205196225,10.147779081264877,10.336044205196226,-0.8574089131256528,145.23333735401462,-0.01836583292887939
2024-05-10,USDKES,145.2257,145.4343,144.9868,145.1478,0.0029383564485325753,0.006748911034098763,0.006357898271797016,0.1071356413003505,0.1009285061293335,10.71356413003505,10.09285061293335,0.42524644847622994,145.26004948346966,0.018392560511037992
2024-05-13,USDKES,146.1891,146.3681,145.8407,145.9457446208049,0.005497462729747937,0.005984234379132821,0.006396856743679274,0.09499677572585075,0.10154695269769085,9.499677572585075,10.154695269769084,0.7979446208049126,145.32842763749647,0.04707292491634707
2024-05-14,USDKES,144.7756,144.9387,144.6656,144.7980742169948,-0.007863678429213428,0.0050492513954652546,0.0064936557047096605,0.08015438099668147,0.10308358856602585,8.015438099668147,10.308358856602586,-1.1476704038101104,145.33105414928303,0.0018072938854807319
2024-05-15,USDKES,145.9527,146.2138,145.5986,145.73470504556678,0.00646853097761757,0.005528570600745229,0.0064802702384357674,0.08776333749140905,0.10287110087636568,8.776333749140905,10.287110087636568,0.9366308285719924,145.39556576419992,0.04438942199553875
2024-05-16,USDKES,146.8793,147.1712,146.5595,146.83080644420886,0.00752121053320387,0.0061977549461650705,0.006591418161010014,0.09838630964683973,0.10463551944760319,9.838630964683972,10.463551944760319,1.0961013986420767,145.50487375201672,0.07517972590311839
2024-05-17,USDKES,145.7843,146.0566,145.6772,145.90354371794038,-0.006315178324793891,0.006743876655124826,0.006628343965444234,0.10705572301172638,0.1052216984205669,10.705572301172637,10.522169842056691,-0.9272627262684807,145.5530211988107,0.033089920325313216
2024-05-20,USDKES,146.8194,147.6284,146.4551,146.59179375511383,0.004717157785447457,0.006287927764719564,0.006674268271316746,0.09981775876431737,0.10595072417539847,9.981775876431737,10.595072417539846,0.6882500371734466,145.6177263693758,0.04445470800409357
2024-05-21,USDKES,147.1198,147.3585,146.9122,147.21817588964282,0.004272968619071449,0.0063463208400876174,0.006706019471037543,0.10074472009859009,0.10645475884513352,10.07447200985901,10.64547588451335,0.6263821345289955,145.70666556569722,0.061077176892476714
2024-05-22,USDKES,147.6242,148.534,147.5262,147.5609994485557,0.0023286768555661475,0.006169363594779997,0.005871370157673813,0.09793561091594,0.09320511175446602,9.793561091594,9.320511175446603,0.342823558912869,145.88680604998746,0.12363228791960612
2024-05-23,USDKES,147.9165,148.0254,147.5722,147.77483676108025,0.0014491451896074814,0.004593929062431523,0.005842008732048945,0.07292636303919556,0.09273901357241571,7.292636303919556,9.27390135724157,0.21383731252456073,146.05332294272827,0.11414116001946528
2024-05-24,USDKES,147.4309,147.5054,146.6979,147.29681970678644,-0.0032347662482392625,0.004804001385822648,0.005786824077481223,0.07626115778937828,0.09186298433937652,7.626115778937828,9.186298433937653,-0.47801705429381514,146.17043794480045,0.08018646869001333
2024-05-27,USDKES,147.1522,147.3271,147.0662,147.16413555791735,-0.0009007943900840587,0.004050147134613512,0.0057691299664468015,0.06429409254844916,0.09158209903457186,6.4294092548449155,9.158209903457186,-0.13268414886908886,146.2934464143896,0.08415413630735724
2024-05-28,USDKES,149.642,150.0691,149.4655,149.7806812118543,0.017779777960284404,0.006779512562302627,0.0065155918207435975,0.10762142550054622,0.10343181361256458,10.762142550054623,10.343181361256457,2.616545653936953,146.51255068803366,0.14977039574515238
2024-05-30,USDKES,148.4198,148.4759,147.9539,148.1410969686229,-0.01094656687341633,0.008722574652733506,0.006897171134765099,0.13846657993997066,0.10948919743464967,13.846657993997066,10.948919743464968,-1.6395842432314112,146.6651734827336,0.10417045774113731
2024-05-31,USDKES,148.2589,148.6069,147.5278,148.16844260869394,0.00018459185621422236,0.008645260444714815,0.006896655263003608,0.13723925493659442,0.10948100822431384,13.723925493659442,10.948100822431384,0.027345640071047228,146.80909951850148,0.09813238708973326
2024-06-03,USDKES,146.7482,146.91,146.7213,146.8771865936877,-0.008714784283832877,0.009332377812698647,0.006900996439594017,0.14814690499978525,0.10954992226624766,14.814690499978525,10.954992226624766,-1.2912560150062404,146.86195605584524,0.036003583917554316
2024-06-04,USDKES,147.2743,147.438,146.9424,147.07490340191015,0.001346136951611232,0.009328640428888717,0.006809055356702509,0.1480875758710948,0.10809040282264223,14.808757587109481,10.809040282264224,0.1977168082224523,146.8902335753867,0.0192544892502422
2024-06-05,USDKES,146.9602,147.3526,146.9327,147.22976135278262,0.0010529189364774094,0.009270525713633314,0.006728689142421231,0.14716503336662004,0.1068146287218423,14.716503336662004,10.68146287218423,0.15485795087246856,146.89527046831964,0.0034290182610030584
2024-06-06,USDKES,146.7261,146.9492,146.6278,146.8518936513638,-0.0025665171086801664,0.009317908480016773,0.00671885610448467,0.14791721146430548,0.10665853408376787,14.791721146430547,10.665853408376787,-0.37786770141880766,146.87223056143242,-0.0156845804591077
2024-06-07,USDKES,147.8948,147.9589,147.4615,147.78442238631337,0.006350130813862265,0.0060607097233350395,0.006820674803011416,0.09621078417897357,0.10827485581447603,9.621078417897357,10.827485581447602,0.9325287349495568,146.88400914064695,0.008019609404374961
2024-06-11,USDKES,149.2463,149.3263,149.0075,149.16612474081828,0.00934944517286862,0.005862617639249564,0.007010199309572255,0.09306616983188959,0.11128346408474929,9.30661698318896,11.128346408474929,1.3817023545049096,146.95242242947958,0.04657640353968873
2024-06-12,USDKES,149.7048,150.2179,149.4304,149.65000287615595,0.0032438875527431854,0.005905550110914194,0.0067015641251394874,0.09374770169105322,0.10638403242162736,9.374770169105322,10.638403242162736,0.483878135337676,146.97912585868477,0.018171479424222703
2024-06-13,USDKES,147.8985,147.961,147.6745,147.9390091385386,-0.011433302403831447,0.006717949244619866,0.006969293041062678,0.10664413812971033,0.11063409720350946,10.664413812971032,11.063409720350945,-1.7109937376173434,146.9739890557373,-0.0034949200558020976
2024-06-14,USDKES,147.7333,148.1471,147.5381,147.7056081462509,-0.0015776838958623252,0.006786932697586924,0.006919992165477743,0.10773921649648646,0.10985147006621661,10.773921649648646,10.985147006621661,-0.23340099228769873,146.98427463892705,0.006998233671029475
2024-06-18,USDKES,146.7065,147.2774,146.3946,146.72786779799227,-0.006619520819348468,0.007307090305451298,0.006719875236978662,0.1159964625342908,0.10667471231056062,11.59964625342908,10.667471231056062,-0.9777403482586351,147.01612857359885,0.02167166164548373
2024-06-19,USDKES,147.8208,148.4903,147.814,147.86,0.0077158635165774925,0.00782904240989796,0.00664900156892329,0.12428219532220687,0.1055496277094959,12.428219532220687,10.55496277094959,1.132132202007739,147.04021274926782,0.016381995569236807
2024-06-20,USDKES,150.0369,150.5304,149.7486,150.22083390648623,0.015966684069296688,0.009572972550551045,0.007106480524813622,0.1519662280584346,0.11281188099348373,15.19662280584346,11.281188099348373,2.3608339064862207,147.17650625615133,0.09269131507305683
2024-06-21,USDKES,148.823,149.1403,148.5231,148.6983167323571,-0.010135193198813508,0.010029875468018916,0.007373583373411737,0.15921933701595373,0.11705200726468902,15.921933701595373,11.705200726468902,-1.5225171741291206,147.2715367564871,0.06456906931218143
2024-06-24,USDKES,148.9255,149.2973,148.5713,148.66434260074695,-0.00022847690785443575,0.009904380229537074,0.007360588403942655,0.15722716186547955,0.11684571851962862,15.722716186547956,11.684571851962861,-0.03397413161016516,147.3743494276904,0.06981163737924678
2024-06-25,USDKES,150.6096,150.8047,150.4869,150.62205311529598,0.013168662238036921,0.009909370923177025,0.007588887720154919,0.1573063866709257,0.1204698578107311,15.73063866709257,12.046985781073111,1.957710514549035,147.57099941314942,0.13343569367578745
2024-06-26,USDKES,149.2875,149.3664,149.2146,149.2890964204871,-0.00884967816624127,0.010766065614338006,0.007806433209390004,0.17090599328485312,0.12392328539089059,17.09059932848531,12.392328539089059,-1.3329566948088711,147.70904262716567,0.09354359228115339
2024-06-27,USDKES,146.4481,146.5404,145.9666,146.2679,-0.020237220888373653,0.013401207859099344,0.008658898219599906,0.21273757957836711,0.1374557479012878,21.27375795783671,13.745574790128781,-3.021196420487115,147.71978113980552,0.007270044168494749
2024-06-28,USDKES,146.1389,146.4907,145.931,146.34977329936748,0.0005597489221318419,0.012946702474221968,0.008526997438947168,0.2055225302708157,0.13536188792123327,20.552253027081573,13.536188792123326,0.0818732993674871,147.77150444255128,0.03501447290719106
2024-07-01,USDKES,146.8332,147.3376,146.2087,146.94337472326976,0.004056046077283826,0.010906838004946063,0.008478941005183961,0.17314068570693092,0.1345990156854287,17.31406857069309,13.45990156854287,0.5936014239022711,147.811793431808,0.02726438321698499
2024-07-02,USDKES,146.4753,146.6388,145.9289,146.2228692816098,-0.004903286337453738,0.010516269347049167,0.008417786506704984,0.1669406004747822,0.1336282181182592,16.69406004747822,13.36282181182592,-0.7205054416599523,147.79152885972138,-0.013709712612330893
2024-07-03,USDKES,149.9302,149.9811,149.6198,149.73094072345785,0.023991263877416236,0.014543063307901014,0.009407084690219291,0.2308639728826467,0.14933283991465998,23.08639728826467,14.933283991465998,3.5080714418480454,147.9191087599053,0.08632423060255245
2024-07-05,USDKES,149.2581,149.5693,148.8366,149.35577238016847,-0.0025056166846789685,0.013550138324626922,0.00939860929479657,0.21510177742492942,0.14919829718335123,21.510177742492942,14.919829718335123,-0.3751683432893742,148.01124138074047,0.062285813920581745
2024-07-08,USDKES,149.47,149.9114,149.3836,149.65431354633472,0.001998859243326434,0.013133639806496174,0.0093776570523815,0.2084900684225241,0.14886569064631475,20.84900684225241,14.886569064631475,0.2985411661662454,148.09244596929688,0.05486379804593433
2024-07-09,USDKES,149.1017,149.3867,148.7325,149.18701151912265,-0.0031225429868240173,0.009822104421203464,0.009395593885295091,0.15592107389887427,0.14915042904149964,15.592107389887428,14.915042904149963,-0.4673020272120709,148.1466463716491,0.03659903244723761
2024-07-10,USDKES,148.9999,149.4874,148.9824,149.1158128449056,-0.00047724445641783575,0.009870418550151987,0.00939481508932236,0.15668803691892527,0.1491380660387042,15.668803691892528,14.91380660387042,-0.07119867421704384,148.19134557444326,0.030172267742067937
2024-07-11,USDKES,148.0386,148.281,147.9638,148.2467050994642,-0.005828407657512136,0.010343086408540203,0.009440702770409454,0.16419140655509754,0.14986651039309157,16.419140655509754,14.986651039309157,-0.8691077454413971,148.22300842086588,0.02136619132506734
2024-07-12,USDKES,149.6463,150.221,149.3509,149.84965455133053,0.010812715539214368,0.010475088251691146,0.009631454731451848,0.16628687085257485,0.1528946038991879,16.628687085257486,15.28946038991879,1.6029494518663228,148.3125257206463,0.06039366002223989
2024-07-15,USDKES,149.1646,149.3801,148.3602,149.25789033876123,-0.003949052897993854,0.005558540219269675,0.00910109165559689,0.088239090436428,0.14447535107948686,8.8239090436428,14.447535107948687,-0.5917642125693021,148.29509935820988,-0.011749757717194331
2024-07-16,USDKES,147.5585,147.908,147.0294,147.54496342995566,-0.011476290499067399,0.006969497053628316,0.009123394739266984,0.11063733580258751,0.14482940155665247,11.063733580258752,14.482940155665247,-1.7129269088055707,148.2752282402543,-0.01339971316757227
2024-07-17,USDKES,148.4041,148.4981,147.9344,148.46131918305596,0.006210688130573461,0.007505302388726855,0.009195797002322294,0.11914298180946169,0.14597875185106826,11.914298180946169,14.597875185106826,0.916355753100305,148.28499079273303,0.0065840751652057605
2024-07-18,USDKES,149.0753,149.5314,148.7283,149.2100214291503,0.005043079572606857,0.007771769399635039,0.009083065516318274,0.12337301447025643,0.1441891949897079,12.337301447025643,14.418919498970789,0.7487022460943251,148.3627519539151,0.05244034528806285
2024-07-19,USDKES,148.1665,149.0585,147.9145,148.15320690105676,-0.007082731561668831,0.00823346497654624,0.00918783519270256,0.13070220453780965,0.14585236204162913,13.070220453780964,14.585236204162912,-1.0568145280935255,148.39869540388665,0.024226734472221345
2024-07-22,USDKES,148.8202,149.0493,148.7602,148.92199115068348,0.005189116494387802,0.008186294835565211,0.00923070180380348,0.12995340176374767,0.14653284839675604,12.995340176374768,14.653284839675603,0.7687842496267194,148.4551030638167,0.03801088667021446
2024-07-23,USDKES,149.668,149.7168,149.2905,149.6869309167797,0.005136513151521083,0.007241755527829577,0.009251813558983335,0.1149593050929861,0.1468679871204319,11.49593050929861,14.686798712043188,0.7649397660962052,148.5496043059972,0.06365644577397411
2024-07-24,USDKES,149.6419,149.8352,149.4805,149.61972817310368,-0.00044895531803890165,0.007052697908783899,0.00919117568245442,0.11195810843224499,0.1459053906724726,11.1958108432245,14.59053906724726,-0.0672027436760061,148.61078116555692,0.041182781903414956
2024-07-25,USDKES,147.7967,148.3027,147.5886,147.6681398683286,-0.013043656265149473,0.007501950792511578,0.009351595433685377,0.11908977686897733,0.14845197527531234,11.908977686897734,14.845197527531234,-1.951588304775072,148.56084833647392,-0.03359973528930249
2024-07-26,USDKES,148.4195,148.7349,148.0432,148.6664886355992,0.006760759417439477,0.007578585940217223,0.009419275585406789,0.12030632212407236,0.1495263643762122,12.030632212407236,14.95263643762122,0.9983487672705849,148.52806452845536,-0.022067596130248557
2024-07-29,USDKES,147.9259,148.3539,147.5156,147.8303053242517,-0.005624558157131809,0.00751989226234605,0.009237864755421153,0.11937458887299919,0.14664655672855734,11.937458887299918,14.664655672855734,-0.8361833113474972,148.52444106797913,-0.0024395796765719346
2024-07-30,USDKES,146.3625,146.5062,146.2058,146.5019373292391,-0.00898576237192339,0.007793147940509534,0.009379873185713193,0.12371238828554049,0.1489008706723217,12.371238828554048,14.89008706723217,-1.3283679950125986,148.48431870741206,-0.02701397849307341
2024-07-31,USDKES,144.1113,144.3032,143.8674,144.21130306229142,-0.015635522019069592,0.008702892529182315,0.009729564270375695,0.13815413591483006,0.15445204454660216,13.815413591483006,15.445204454660216,-2.290634266947677,148.40043321622204,-0.05649451195941513
2024-08-01,USDKES,144.1335,144.6894,144.077,144.33269794407872,0.0008417847922423949,0.00803181902707726,0.009608849274851176,0.1275011743267391,0.15253575340055725,12.75011743267391,15.253575340055725,0.12139488178729607,148.28285648102465,-0.0792293746380679
2024-08-02,USDKES,144.7535,144.8557,144.418,144.67677502266065,0.0023839163507859418,0.008373010797372168,0.009100063736311215,0.13291742576823234,0.1444590333667004,13.291742576823234,14.44590333667004,0.3440770785819325,148.0980545182305,-0.12462800298009835
2024-08-05,USDKES,144.3516,144.7459,144.1347,144.1731097996782,-0.0034813135895762626,0.007533823369025681,0.008955028596897197,0.11959573833557248,0.14215667190516998,11.959573833557249,14.215667190516998,-0.5036652229824483,147.94721428714118,-0.10185159526909793
2024-08-06,USDKES,143.7808,144.0435,143.229,143.72314461688816,-0.00312100629177825,0.0061047155494752,0.008962105509060358,0.09690935501220242,0.1422690144029738,9.690935501220242,14.226901440297379,-0.44996518279003794,147.7825076876792,-0.11132794913075728
2024-08-07,USDKES,143.6785,144.0887,143.6676,143.9524504275658,0.0015954689224819685,0.006537415425530045,0.008567702682290476,0.10377825259841997,0.13600806362688983,10.377825259841996,13.600806362688983,0.22930581067763,147.56018759808822,-0.15043735085402687
2024-08-08,USDKES,144.1677,144.1811,143.7929,144.14454632335065,0.0013344399155019726,0.006325864515829958,0.00846650894327659,0.1004199860182445,0.13440166282088473,10.041998601824451,13.440166282088473,0.19209589578485975,147.38870259485032,-0.1162135980099066
2024-08-12,USDKES,142.3801,142.613,142.1367,142.45928398309337,-0.011691474864937601,0.004970257976261963,0.007928251403056143,0.07890039934214597,0.12585708926451283,7.890039934214597,12.585708926451284,-1.6852623402572817,147.26174872762013,-0.08613541268435165
2024-08-13,USDKES,144.3811,144.4481,144.139,144.2418,0.012512459469599557,0.007360825763769774,0.008293400286154405,0.11684948649007137,0.1316536480816588,11.684948649007138,13.16536480816588,1.7825160169066407,147.19148295097455,-0.047714886759597785
2024-08-15,USDKES,143.169,143.2948,143.0909,143.1686361435769,-0.007440033724087747,0.007742331805095686,0.00834344064133621,0.12290570714417394,0.13244801409362922,12.290570714417393,13.244801409362921,-1.0731638564231218,147.06565833165143,-0.08548362772119455
2024-08-16,USDKES,144.2114,144.3182,143.7549,143.9498556450553,0.005456638566389227,0.00808482582795693,0.0083834876533675,0.1283426312042755,0.13308374070114523,12.83426312042755,13.308374070114523,0.7812195014784038,146.98989121043297,-0.05151924798623142
2024-08-19,USDKES,143.3535,143.942,143.0211,143.3266236245932,-0.004329507783591202,0.008170214424169623,0.007014709100046239,0.12969813314655368,0.1113550547891043,12.969813314655369,11.13550547891043,-0.6232320204620976,146.77641397380415,-0.14523259720167214
2024-08-20,USDKES,143.8739,144.1299,143.3464,143.78296498604556,0.0031839259860584335,0.008255387981555059,0.007061444621862584,0.13105022145327697,0.1120969581978176,13.105022145327696,11.20969581978176,0.4563413614523597,146.59065372733338,-0.1265600115451293
2024-08-21,USDKES,145.7064,146.4461,145.565,145.90251670929038,0.014741327134619508,0.010020695313291106,0.0076239691538645595,0.15907360657751246,0.12102675830611893,15.907360657751246,12.102675830611894,2.1195517232448253,146.46559383276522,-0.0853123247548715
2024-08-22,USDKES,145.7754,145.8498,145.2944,145.78379622098822,-0.0008136973301063888,0.00827558448474998,0.007611545081487741,0.13137083100211827,0.12082953227144057,13.137083100211827,12.082953227144056,-0.11872048830215931,146.3521533228274,-0.07745198511763807
2024-08-23,USDKES,147.6931,147.9962,147.5372,147.75022225322826,0.013488646085599187,0.008462228579593776,0.008043076466276345,0.1343337141539309,0.12767988063386038,13.433371415393088,12.767988063386039,1.9664260322400366,146.30663363643816,-0.031102847041020176
2024-08-26,USDKES,145.7687,145.8909,145.2122,145.567,-0.014776439723294899,0.010294537072084766,0.008413489870581546,0.1634207097316278,0.13356001113431867,16.34207097316278,13.356001113431867,-2.1832222532282515,146.21731013312268,-0.061052257915694685
2024-08-27,USDKES,147.3109,147.3876,147.147,147.2454,0.01153008580241388,0.01083473589273175,0.008447916375869497,0.17199610015940162,0.13410651496332449,17.199610015940163,13.410651496332449,1.6783999999999821,146.13050164807834,-0.05936949938779579
2024-08-28,USDKES,149.1566,149.2068,148.8496,149.13411784615607,0.01282700747294041,0.010764331042379309,0.008764448383145136,0.17087845780864996,0.13913130480278507,17.087845780864996,13.913130480278507,1.8887178461560836,146.12637589832482,-0.002823332368662168
2024-08-29,USDKES,149.5734,149.7432,149.4603,149.55887184803572,0.00284813433715958,0.01077836013696305,0.008503439506389286,0.17110116278097787,0.13498791733552734,17.110116278097788,13.498791733552734,0.4247540018796485,146.1935061789275,0.045939879224388136
2024-08-30,USDKES,150.4822,150.5365,150.1256,150.3129760080405,0.005042189411344378,0.01001776858596159,0.00847895894617664,0.15902714622149727,0.13459930048985813,15.902714622149727,13.459930048985813,0.754104160004772,146.25522807309366,0.042219313141456105
2024-09-02,USDKES,149.7932,150.0639,149.4896,149.56239054029817,-0.004993484179983021,0.010487390173596522,0.008489399876321272,0.16648215780863343,0.13476504511757148,16.648215780863342,13.476504511757149,-0.7505854677423258,146.2669737101319,0.008030917727186448
2024-09-03,USDKES,151.0468,151.2289,150.6739,150.72309865277498,0.007760695107130289,0.009798001060996235,0.00848808032451815,0.15553844491765823,0.1347440978820927,15.553844491765823,13.474409788209272,1.1607081124768115,146.35263676852253,0.05856623420703588
2024-09-04,USDKES,151.2619,151.4737,151.2302,151.3853340411714,0.004393721959777608,0.005966837348507959,0.008474509654022605,0.09472060642634458,0.13452867016655903,9.472060642634458,13.452867016655903,0.6622353883964252,146.43474819820545,0.05610519324827923
2024-09-05,USDKES,151.4695,151.4967,150.8909,151.3348659957025,-0.0003333747340094062,0.0056900229022675405,0.008431869539011561,0.09032631332197136,0.13385177932539255,9.032631332197136,13.385177932539255,-0.05046804546890371,146.4896793675029,0.03751238689815306
2024-09-06,USDKES,149.5678,150.0403,149.3138,149.9500742422117,-0.009150513626715151,0.0060196719970407415,0.008609845554662834,0.09555933047009607,0.136677060985877,9.555933047009606,13.6677060985877,-1.3847917534907879,146.50069090313983,0.007516936131257701
2024-09-09,USDKES,150.0024,150.3448,149.4766,150.2129831972332,0.0017533099356576987,0.005971476778514944,0.00824653764900271,0.09479425509448604,0.13090972677955456,9.479425509448603,13.090972677955456,0.26290895502148715,146.5855190141033,0.05790287434177532
2024-09-10,USDKES,152.3903,152.7266,152.1252,152.30704103369936,0.013940591498117216,0.00774795647423993,0.008530709140194822,0.12299499599875006,0.13542080935188683,12.299499599875006,13.542080935188682,2.0940578364661633,146.70687076070666,0.08278563081778323
2024-09-11,USDKES,152.9655,153.0692,152.7447,152.85915753201775,0.0036250228129388606,0.007128050454415488,0.008455757919212697,0.11315429301062598,0.13423099560481072,11.315429301062597,13.423099560481072,0.5521164983183837,146.87449916763217,0.11426077460197082
2024-09-12,USDKES,152.475,152.6161,152.4205,152.59803084784107,-0.001708282895134916,0.007002695024222213,0.00825699832604266,0.11116433724792844,0.131075784879513,11.116433724792845,13.107578487951299,-0.2611266841766735,147.0777022849189,0.1383515303462035
2024-09-13,USDKES,150.5897,150.8394,150.0204,150.3526027437281,-0.01471465976092401,0.009198164531207574,0.008192976004230862,0.14601633520698154,0.1300594620282872,14.601633520698154,13.005946202828719,-2.2454281041129605,147.28241227430013,0.13918492483970812
2024-09-16,USDKES,150.0285,150.1868,149.5017,150.00635929323172,-0.002302876333218906,0.009206594005534476,0.008220744990057378,0.14615014896349346,0.13050028101223185,14.615014896349345,13.050028101223186,-0.34624345049638805,147.4715343192719,0.12840775897908774
2024-09-17,USDKES,150.3302,150.4443,149.865,150.36025375574232,0.0023591963979261443,0.008559773281778128,0.00822063577524399,0.1358821882960808,0.13049854728081758,13.588218829608081,13.049854728081758,0.35389446251059553,147.66098361037464,0.12846498951626373
2024-09-19,USDKES,148.6947,148.8343,148.4202,148.53504668108076,-0.012138893285100316,0.009730062964960878,0.00854065457820463,0.15445996107771756,0.13557868828580819,15.445996107771757,13.557868828580819,-1.825207074661563,147.8063815064214,0.09846737607437372
2024-09-24,USDKES,148.8944,148.9308,148.6128,148.82858156861843,0.0019761995171949653,0.007300269007753299,0.0085058728081801,0.11588817779032494,0.1350265448039469,11.588817779032494,13.50265448039469,0.29353488753767465,147.97656273814573,0.11513794600062077
2024-09-25,USDKES,148.6955,148.8911,148.4128,148.7473011866468,-0.0005461342244543754,0.006796311854367229,0.00851141738186297,0.10788810599457549,0.1351145621824914,10.788810599457548,13.51145621824914,-0.08128038197162368,148.13639109678175,0.10800923854330513
2024-09-26,USDKES,149.471,150.0873,149.3302,149.5921951133112,0.0056800622258297295,0.007701091358035875,0.008551937462230685,0.12225103534290963,0.13575779851703534,12.225103534290962,13.575779851703535,0.8448939266643833,148.31797938978042,0.12258182587965294
2024-09-27,USDKES,149.6091,150.1342,149.1751,149.50899945602438,-0.0005561497190664788,0.00563665581576669,0.008204447775533119,0.08947913708750743,0.13024157075206627,8.947913708750743,13.024157075206627,-0.083195657286808,148.55296990554478,0.1584369721939094
2024-09-30,USDKES,148.3564,148.5231,148.007,148.3353738888237,-0.007849865703541625,0.006242206918479609,0.008116094354139942,0.09909196283102331,0.12883900366913806,9.90919628310233,12.883900366913807,-1.1736255672006735,148.6894223685056,0.0918544160023016
2024-10-01,USDKES,149.3572,149.736,149.1579,149.34887960596956,0.006832528820168493,0.006906585060160402,0.00802420699083258,0.10963863886739099,0.1273803369974937,10.963863886739098,12.738033699749371,1.013505717145847,148.89543048391866,0.13854927413901041
2024-10-02,USDKES,149.3838,149.6311,149.1472,149.49742440644997,0.000994616102057977,0.004830031689843689,0.0079884786013473,0.07667437605532477,0.1268131663975563,7.667437605532477,12.68131663975563,0.1485448004804084,149.08034944263184,0.12419384403683509
2024-10-03,USDKES,149.2915,149.736,149.0109,149.3100311408728,-0.001253488254537971,0.004867884780451551,0.00793338643898599,0.07727527523994634,0.12593860543277538,7.727527523994635,12.593860543277538,-0.18739326557715685,149.27979635984113,0.13378484686610292
2024-10-04,USDKES,149.384,149.4421,149.1271,149.43818382803374,0.0008582992460837158,0.00484784561097902,0.007926659197275981,0.07695716328651878,0.12583181378133074,7.695716328651877,12.583181378133073,0.12815268716093442,149.4683036545741,0.12627783486425237
2024-10-07,USDKES,149.8079,150.0792,149.2895,149.54868578838355,0.00073944929949743,0.004329149991114918,0.007510258036623358,0.06872312558872533,0.11922165028097777,6.872312558872533,11.922165028097776,0.11050196034980786,149.58984262387722,0.08131420932160349
2024-10-08,USDKES,148.1913,148.4742,147.7645,147.9555487086164,-0.01065296609842159,0.005921502425574238,0.007794884265838057,0.09400093683561116,0.12373995159562673,9.400093683561115,12.373995159562673,-1.5931370797671605,149.6622343734648,0.04839349271166249
2024-10-09,USDKES,146.3246,146.704,146.1794,146.32943339438953,-0.010990566615580843,0.006568578373648719,0.007671033496982519,0.10427294906346969,0.12177388159117135,10.427294906346969,12.177388159117134,-1.6261153142268654,149.61487474483687,-0.03164434155763507
2024-10-10,USDKES,145.0696,145.3167,144.8791,145.1061983669917,-0.0083594598777742,0.005636589257581665,0.007335389298453444,0.08947808050907567,0.1164456951213142,8.947808050907566,11.644569512131419,-1.223235027397834,149.59951469040325,-0.01026639527641482
2024-10-11,USDKES,143.0899,143.4118,142.9276,143.09278300923728,-0.01387546073436663,0.006175156553446202,0.007414928260415082,0.09802757128385634,0.11770833699865853,9.802757128385634,11.770833699865852,-2.013415357754411,149.46109412404445,-0.09252741671339493
2024-10-14,USDKES,142.4182,143.1639,142.1297,142.5192797926684,-0.004007911541785036,0.005887036347812149,0.0069613278582862335,0.09345380481305336,0.11050765384686757,9.345380481305336,11.050765384686757,-0.5735032165688665,149.24059952226156,-0.14752642022002327
2024-10-15,USDKES,143.1686,143.2151,142.4346,143.04344643020244,0.0036778647653605834,0.0065432807722559175,0.006980769350692975,0.10387136209115892,0.1108162779710127,10.387136209115893,11.081627797101271,0.524166637534023,149.02341867500044,-0.14552397132974182
2024-10-16,USDKES,143.9429,143.9703,143.6839,143.7092,0.004654205323012972,0.0073533763103368075,0.006968656661133367,0.11673123008294947,0.1106239949853156,11.673123008294947,11.06239949853156,0.6657535697975732,148.80329280806575,-0.14771226488553557
2024-10-17,USDKES,145.1796,145.602,144.6985,145.08262138029656,0.009556948200230453,0.008872528760639977,0.007217101930480851,0.14084702760552906,0.114567941367939,14.084702760552906,11.456794136793901,1.3734213802965485,148.65396716939904,-0.10035103111549759
2024-10-18,USDKES,147.0666,147.3319,146.634,146.9521574415086,0.012886009664186737,0.009730628238809796,0.00748695964612016,0.15446893452187888,0.11885179979766058,15.446893452187888,11.885179979766058,1.8695360612120453,148.5282691290235,-0.08455747449531703
2024-10-21,USDKES,146.6343,147.3219,146.1028,146.75466231016122,-0.0013439416935814297,0.008980727590153557,0.007422263982833661,0.1425646307757763,0.1178247879818979,14.25646307757763,11.78247879818979,-0.19749513134738095,148.3739134046565,-0.10392346539291886
2024-10-22,USDKES,146.5356,146.6677,146.3977,146.60876027228892,-0.0009941901373050621,0.006139722524994532,0.007421172276308008,0.09746507352046249,0.11780745767806863,9.74650735204625,11.780745767806863,-0.14590203787230394,148.21637654720936,-0.10617557617252915
2024-10-23,USDKES,148.2912,148.9583,148.1793,148.66427273930714,0.014020393209795978,0.006250619890703592,0.007745593742619549,0.09922551462477262,0.12295748879705616,9.922551462477262,12.295748879705616,2.055512467018218,148.17351649711253,-0.028917216231627574
2024-10-28,USDKES,147.1025,147.4563,146.9458,147.02736239965307,-0.011010784968655485,0.009032282585792906,0.007978372927333117,0.14338304095960472,0.126652743795923,14.338304095960472,12.6652743795923,-1.6369103396540652,148.0673291371932,-0.07166419642972155
2024-10-29,USDKES,147.6636,148.0027,146.8131,147.38806636011,0.0024533117820373374,0.009042672504598262,0.007514482867787706,0.14354797580741147,0.11928871739653037,14.354797580741147,11.928871739653037,0.36070396045693087,147.9033633147402,-0.11073734051154638
2024-10-30,USDKES,147.3308,148.0917,146.9128,147.41984693002814,0.00021562512286776858,0.008709229335302165,0.007466714442493934,0.13825472959342738,0.11853041715343944,13.825472959342738,11.853041715343943,0.0317805699181406,147.72205296134058,-0.12258703881790067
2024-10-31,USDKES,146.7838,147.2958,146.3763,146.9009360212677,-0.003519952839231566,0.007517247952231062,0.007478451094861521,0.11933261175127764,0.11871673073377376,11.933261175127765,11.871673073377377,-0.5189109087604322,147.53214980045485,-0.1285543742987616
2024-11-01,USDKES,147.262,147.4759,146.9288,147.0207814600523,0.0008158248819274405,0.007498421066440095,0.00703812971133241,0.11903374420468936,0.11172684546720224,11.903374420468936,11.172684546720223,0.11984543878457998,147.42108909099895,-0.07527898807555555
2024-11-04,USDKES,148.4725,148.5679,148.2747,148.30033611341565,0.008703223045451125,0.00809521189426617,0.007236966640058114,0.1285075048956023,0.11488328385638677,12.85075048956023,11.488328385638678,1.2795546533633626,147.36422165167176,-0.03857483327374123
2024-11-05,USDKES,149.4739,149.9978,149.4572,149.554737554049,0.008458520550310933,0.006859393651460814,0.007399717370375857,0.10888949847876347,0.11746687160507609,10.888949847876347,11.746687160507609,1.2544014406333588,147.33737111161528,-0.01822052853502898
2024-11-06,USDKES,151.7409,152.1254,151.354,151.5975962353713,0.013659605270505137,0.006022183053960511,0.007457550684889567,0.09559919226292189,0.11838494701126326,9.55991922629219,11.838494701126326,2.0428586813222864,147.43945609675833,0.06928655260567407
2024-11-07,USDKES,151.5973,152.2287,151.4498,151.60731892337327,6.413484279055304e-05,0.006215375595058412,0.007454503041214367,0.09866602877630792,0.11833656716776735,9.866602877630793,11.833656716776735,0.009722688001971846,147.53208067525014,0.06282211081340972
2024-11-08,USDKES,151.8639,151.9458,151.545,151.8677076901661,0.0017175210843509703,0.00608524154778497,0.007453500965241414,0.09660021481918082,0.11832065970485198,9.660021481918083,11.832065970485198,0.2603887667928291,147.63609422536743,0.07050232711502957
2024-11-11,USDKES,151.7678,151.9854,151.4801,151.71966522525378,-0.0009748120068707733,0.005598717548694367,0.007399598658655882,0.08887688576843072,0.11746498711494352,8.887688576843072,11.746498711494352,-0.1480424649123222,147.70700989576557,0.04803410085469917
2024-11-12,USDKES,153.1291,153.3637,152.3975,153.0822086539998,0.008980664614063771,0.005520436391001673,0.007555984318790437,0.08763421091484812,0.11994753250693972,8.763421091484812,11.994753250693972,1.3625434287460223,147.82611686903138,0.08063731934582208
2024-11-13,USDKES,151.8262,152.1558,151.1329,151.7308419896259,-0.008827718624234704,0.007577733565842574,0.007596652329418235,0.12029279110035687,0.12059311716156103,12.029279110035688,12.059311716156103,-1.3513666643738986,147.93929913905814,0.07656446129002958
2024-11-14,USDKES,152.5659,152.9132,152.3267,152.3860911406204,0.004318496769689872,0.007262742965194778,0.007541276841040708,0.11529247033253531,0.11971405853570694,11.529247033253531,11.971405853570694,0.6552491509945071,148.0405395235465,0.06843373267113595
2024-11-15,USDKES,150.9175,151.0106,150.5085,150.7490007642918,-0.010743043305821987,0.006979510174703185,0.007824564023554961,0.1107962891718576,0.1242111031429762,11.07962891718576,12.42111031429762,-1.637090376328615,148.08225873547454,0.028180937506916415
2024-11-18,USDKES,150.2764,150.9313,149.9824,150.3358315973645,-0.002740775493254022,0.007003400446537542,0.007839493093794987,0.11117553548002225,0.12444809478593935,11.117553548002226,12.444809478593935,-0.4131691669273039,148.11645208402427,0.02309077997710851
2024-11-19,USDKES,150.2688,150.6065,149.9387,150.14052055265591,-0.0012991649604311428,0.006887136442940284,0.007843690505773158,0.10932990164033986,0.12451472663540529,10.932990164033987,12.451472663540528,-0.19531104470857485,148.13986330817835,0.01580595796393247
2024-11-20,USDKES,151.3318,151.399,151.0184,151.28643160809162,0.0076322571096576475,0.007735942804485084,0.007960543225657762,0.12280428490372258,0.12636970605642223,12.280428490372259,12.636970605642222,1.145911055435704,148.19778816883527,0.039101467601887485
2024-11-21,USDKES,150.9218,151.1856,150.4374,150.65755189697725,-0.004156881119011913,0.0065952360043684205,0.007734210743901248,0.10469612583202885,0.12277678929435942,10.469612583202885,12.277678929435943,-0.6288797111143651,148.28785494178064,0.06077470794825235
2024-11-22,USDKES,150.5106,151.0137,150.1467,150.6623,3.151586470750978e-05,0.005942483053459733,0.007418388468197413,0.09433399397802121,0.11776326609431848,9.433399397802122,11.776326609431848,0.00474810302273454,148.43228382863433,0.09739765061029804
2024-11-25,USDKES,149.2337,149.2627,148.6713,149.21655428536496,-0.00959593551031035,0.006191286028324346,0.007475396141765372,0.09828361875969013,0.11866823485681749,9.828361875969014,11.86682348568175,-1.4457457146350237,148.56929569258008,0.09230597307519073
2024-11-26,USDKES,147.042,147.2762,146.8188,147.10395140295145,-0.014157965867334865,0.006988043646478158,0.007494879576453554,0.11093175383667701,0.11897752479403928,11.0931753836677,11.897752479403929,-2.112602882413512,148.7030013057039,0.08999545464662972
2024-11-27,USDKES,147.4914,147.8129,146.6619,147.4008342056415,0.0020181837391766155,0.007295493866852205,0.007437982378945557,0.1158123747785274,0.11807430978462319,11.58123747785274,11.80743097846232,0.29688280269004963,148.86571978613634,0.10942514878897747
2024-11-28,USDKES,146.0914,146.2521,145.6691,145.8672055415313,-0.010404477507709453,0.007781007578602772,0.007712257382890232,0.1235196660149508,0.1224282904922964,12.35196660149508,12.24282904922964,-1.5336286641102106,148.95984508984733,0.06322832674050538
2024-11-29,USDKES,145.4964,145.7547,145.2213,145.382922342453,-0.0033200279478884376,0.005906205829813295,0.007707997942693431,0.09375811090587512,0.12236067397538589,9.375811090587511,12.236067397538589,-0.484283199078277,149.01563583459574,0.03745354643378551
2024-12-02,USDKES,148.2237,148.3523,147.9945,148.18344234180617,0.019263060297800783,0.011177452549385092,0.008286928679157738,0.17743655842138717,0.13155091450548204,17.74365584213872,13.155091450548204,2.800519999353156,149.11899653331272,0.0693623176776681
2024-12-03,USDKES,148.4472,148.4848,147.989,148.2807363019238,0.0006565778104494768,0.01120174070013894,0.007963227306948413,0.1778221208615891,0.12641231452598467,17.78221208615891,12.641231452598467,0.09729396011763924,149.16328249532657,0.029698403988365207
2024-12-04,USDKES,148.1252,148.7397,148.0388,148.10666310649472,-0.0011739434249546932,0.010719393138361838,0.00796205498673807,0.17016509069782568,0.12639370451958365,17.01650906978257,12.639370451958365,-0.17407319542908795,149.20834918853768,0.030212993745637462
2024-12-05,USDKES,147.6487,148.3198,147.6089,147.76876019318692,-0.002281483535044204,0.009112214969188143,0.007972934039374859,0.14465192820859152,0.1265664041262452,14.465192820859151,12.65664041262452,-0.33790291330780065,149.24701585256759,0.025914544487748437
2024-12-06,USDKES,146.4328,147.0831,145.6657,146.6061057073466,-0.00786806686555619,0.009622066265043791,0.007669176116269504,0.1527455666153399,0.12174439658643173,15.274556661533989,12.174439658643173,-1.162654485840335,149.1784102848356,-0.04596779864581846
2024-12-09,USDKES,145.8808,146.3689,145.7204,146.01745276511838,-0.004015200727064294,0.00882141018261108,0.0074394752568528845,0.1400355453364908,0.11809800848670661,14.00355453364908,11.809800848670662,-0.5886529422282081,149.1447466303511,-0.02256603647954325
2024-12-10,USDKES,147.6315,148.138,147.476,147.64877761895644,0.011172122393219519,0.009534789199552548,0.007712131072813671,0.15136008615264393,0.12242628538199243,15.136008615264393,12.242628538199243,1.6313248538380662,149.153437005646,0.005826806167319454
2024-12-11,USDKES,148.5818,149.1777,148.2313,148.66179732095833,0.0068610097444641305,0.006523397695443037,0.007810741294737277,0.10355572803188487,0.12399167412562494,10.355572803188487,12.399167412562493,1.013019702001884,149.19483535201033,0.027755543013574524
2024-12-12,USDKES,148.758,149.2878,148.6447,148.89811813647347,0.0015896539647299868,0.006537156320058668,0.007780015334749169,0.10377413942657637,0.1235039146320914,10.377413942657638,12.35039146320914,0.2363208155151426,149.26140808918385,0.044621341627837374
2024-12-13,USDKES,149.4223,150.0477,149.3231,149.39206046543248,0.0033173174727856303,0.006553038426128743,0.007797131182049155,0.10402626004432058,0.12377562028469492,10.402626004432058,12.377562028469493,0.49394232895900814,149.34045072269652,0.052955840712320956
2024-12-16,USDKES,148.0035,148.5876,147.8616,148.13644623396297,-0.008404825715353503,0.0074507945872458485,0.007806845914055633,0.11827769728607196,0.1239298368743516,11.827769728607196,12.39298368743516,-1.255614231469508,149.33498772671476,-0.0036580818896125855
2024-12-17,USDKES,148.4734,148.5728,148.2298,148.36064818449424,0.0015134827129386075,0.006503694831114947,0.007648509344843797,0.10324295475711824,0.1214163217608615,10.324295475711825,12.141632176086151,0.2242019505312669,149.29518474772962,-0.02665348528904099
2024-12-19,USDKES,146.3846,146.6646,146.0475,146.59527711157514,-0.011899186843156384,0.008139245352485811,0.007468340097501263,0.12920651437449426,0.11855622362664131,12.920651437449425,11.855622362664132,-1.7653710729190948,149.12844077693637,-0.11168744060634506
2024-12-20,USDKES,147.4213,147.5775,147.3447,147.49336514674326,0.006126309475062985,0.007217390351972218,0.007581820874660527,0.11457251991717253,0.12035767511633982,11.457251991717254,12.035767511633983,0.8980880351681151,148.99130898438207,-0.09195549275501369
2024-12-23,USDKES,146.1203,146.1665,145.9963,146.14399260067975,-0.009148699975222607,0.0071700091627623945,0.007711461398347636,0.1138203668563424,0.12241565462941345,11.38203668563424,12.241565462941345,-1.3493725460635062,148.8005184813992,-0.12805478674120518
2024-12-24,USDKES,145.7768,146.2782,145.3501,145.96110761663442,-0.0012514026802664668,0.0069835167517192905,0.007711285083662471,0.11085989161021707,0.12241285572055682,11.085989161021708,12.241285572055682,-0.18288498404533016,148.60856656111187,-0.12899949694148427
2024-12-25,USDKES,148.8227,148.9875,148.7366,148.7955593306351,0.019419225849157895,0.010897453741205845,0.008394551462042842,0.17299171513836656,0.13325937321899414,17.299171513836654,13.325937321899413,2.8344517140006644,148.46567825033307,-0.09615079001521476
2024-12-26,USDKES,147.7229,148.0388,147.539,147.54002533508609,-0.008437980281112534,0.010901457991973238,0.00838217175579187,0.17305528064867254,0.13306285147472954,17.305528064867254,13.306285147472954,-1.2555339955490012,148.3259843618484,-0.0940917053227075
2024-12-27,USDKES,147.675,147.9532,147.2174,147.79820243582787,0.0017498783815133034,0.010909190424737236,0.008340048722141303,0.17317802921341094,0.1323941690456875,17.317802921341094,13.239416904568749,0.2581771007417899,148.17305473835532,-0.1031037307124949
2024-12-30,USDKES,148.6607,149.0103,148.4269,148.6346511566576,0.005659397117450782,0.009812612832007161,0.008214988181241781,0.15577039959151304,0.13040889450540336,15.577039959151303,13.040889450540336,0.8364487208297362,148.10257641810085,-0.047564869590432934
2024-12-31,USDKES,148.4522,148.7044,148.2719,148.5996995703764,-0.00023515099614535018,0.009661993282227091,0.008203500096872393,0.15337938836369758,0.13022652681971178,15.337938836369759,13.022652681971177,-0.03495158628120976,148.04470535053457,-0.039074990432919066
2025-01-01,USDKES,148.8495,148.9218,148.326,148.9196593569171,0.002153165769956056,0.00854178040625198,0.008214001826411016,0.13559656025200206,0.13039323660788332,13.559656025200207,13.039323660788332,0.3199597865406929,148.00400997734326,-0.027488570492917308
2025-01-02,USDKES,149.008,149.8125,148.4568,149.0902,0.001145185557228423,0.008402854924259804,0.008083985197223873,0.13339118659527557,0.12832928660509083,13.339118659527557,12.832928660509083,0.17054064308291572,147.93080225707357,-0.04946333567644734
2025-01-03,USDKES,150.9199,151.582,150.8718,150.90916730781225,0.01220044850575186,0.006220885682990638,0.008372242342422264,0.09875349871053253,0.13290522692408513,9.875349871053253,13.290522692408512,1.818967307812244,147.93918943743472,0.005669664622365289
2025-01-06,USDKES,150.9417,151.0344,150.9128,150.92015453519227,7.280689156274889e-05,0.0043977306244561,0.008372235891324627,0.06981180939218178,0.13290512451608494,6.981180939218177,13.290512451608494,0.010987227380013564,147.9477845886078,0.005809921769706072
2025-01-07,USDKES,150.9999,151.1273,150.9631,151.0665655021071,0.0009701220315188053,0.004451589145616468,0.008170499974721383,0.07066678691001403,0.12970266612103382,7.066678691001403,12.970266612103382,0.14641096691482858,148.00945162916588,0.041681624858092015
2025-01-08,USDKES,152.2747,152.5777,151.6703,151.99724895421633,0.006160750719498287,0.0045026575429784905,0.007749746267080379,0.07147747258566126,0.12302340807927498,7.147747258566126,12.302340807927498,0.9306834521092355,148.1725615475414,0.11020236652465876
2025-01-09,USDKES,155.1819,155.3249,154.9304,155.00519116416766,0.01978945165551882,0.007386750028765394,0.008466777056629467,0.11726102143867466,0.13440591898841406,11.726102143867466,13.440591898841406,3.0079422099513238,148.42604011282558,0.17106984089145794
2025-01-10,USDKES,154.7799,155.3465,154.4147,154.78351534655548,-0.0014301186685896639,0.007815181244723059,0.008177493640229176,0.1240621561466006,0.12981368711915217,12.40621561466006,12.981368711915216,-0.22167581761218003,148.7232504396597,0.2002413637177014
2025-01-13,USDKES,153.2052,153.4745,153.1466,153.2774482394279,-0.009730151843079238,0.009693890593666125,0.008402269809390154,0.15388574248505313,0.13338189818467458,15.388574248505313,13.338189818467457,-1.5060671071275635,148.9864013028922,0.1769399622820078
2025-01-14,USDKES,152.385,152.7038,151.8251,152.37787772425446,-0.005868903256846192,0.009552537901944309,0.007834608263961654,0.1516418380683801,0.12437055051632415,15.164183806838011,12.437055051632415,-0.8995705151734512,149.1262158156405,0.09384380824397631
2025-01-15,USDKES,153.3758,153.6905,153.3086,153.3129119088593,0.0061362856509714625,0.00968366791038386,0.007890955466061491,0.15372346241887322,0.12526503461930694,15.372346241887321,12.526503461930695,0.9350341846048309,149.29395500253835,0.11248135412034177
2025-01-16,USDKES,155.8782,155.8897,155.0808,155.6388898379189,0.01517144185769781,0.010786019846107886,0.008280158599949048,0.1712227568940518,0.13144344282982764,17.122275689405182,13.144344282982765,2.3259779290596043,149.54502922691916,0.16817440758170044
2025-01-17,USDKES,156.309,156.5176,156.1138,156.16622585391892,0.003388202116766381,0.010757959652834685,0.00825108837321907,0.17077731513520403,0.13098196728692493,17.0777315135204,13.098196728692493,0.5273360160000209,149.82494474894355,0.18717808507004996
2025-01-20,USDKES,156.7543,157.2077,156.4764,156.66167768091242,0.003172592692717968,0.00820317550944054,0.008045098898513032,0.1302213741539715,0.1277119857503109,13.02213741539715,12.77119857503109,0.4954518269935022,150.16013048139575,0.22371824198825774
2025-01-21,USDKES,157.9681,158.1596,157.9247,157.93880221726027,0.008152118343511594,0.008419931841586554,0.008025296782778324,0.13366227425371272,0.12739763690830916,13.366227425371271,12.739763690830916,1.2771245363478556,150.55750879646712,0.2646363677211827
2025-01-23,USDKES,157.3021,157.4885,156.9876,157.3490501023425,-0.003734054625199268,0.007124102198916432,0.007940498194376427,0.1130916163976477,0.12605150104966467,11.30916163976477,12.605150104966468,-0.5897521149177862,150.88085121258,0.2147633941991023
2025-01-24,USDKES,156.1735,156.5337,155.8321,156.14140529957314,-0.007674941806028568,0.007551418702466543,0.008085516198625737,0.11987505559469117,0.12835359049888817,11.987505559469117,12.835359049888817,-1.2076448027693516,151.1301714785338,0.16524314646297888
2025-01-27,USDKES,155.275,155.9329,155.1864,155.38179215091057,-0.004864905290208998,0.008043907087668244,0.008173104644761642,0.12769306633968006,0.12974401397607727,12.769306633968005,12.974401397607727,-0.7596131486625666,151.34629394568174,0.14300418310491114
2025-01-28,USDKES,156.2774,156.8247,156.2413,156.24312620329013,0.005543339669702219,0.005957915137270087,0.00820066321621085,0.09457897071386343,0.1301814927353341,9.457897071386343,13.01814927353341,0.8613340523795614,151.57466280361032,0.15089160888903663
2025-01-29,USDKES,155.4094,155.4142,154.9064,155.31778717173603,-0.0059224303432723335,0.006255471943761178,0.008108993032052357,0.0993025385792034,0.12872627367579692,9.93025385792034,12.872627367579693,-0.9253390315541026,151.81404083486942,0.1579274707470324
2025-01-30,USDKES,153.2059,153.6948,153.1959,153.4292803313109,-0.012158986261740834,0.007253060109125635,0.00848992440974792,0.1151387597576966,0.134773371827579,11.51387597576966,13.477337182757902,-1.8885068404251228,151.98299523976328,0.11129036811399207
2025-01-31,USDKES,152.2223,152.4865,152.0825,152.38127089069948,-0.006830570008204306,0.005405740169218378,0.008268731217454682,0.08581346483990428,0.13126203875652862,8.581346483990428,13.12620387565286,-1.0480094406114233,152.17586169906747,0.12690002522974808
2025-02-03,USDKES,152.1152,152.5948,151.8708,152.05162545891378,-0.002163293624333651,0.005503216403403396,0.008241182037403594,0.08736085208626018,0.1308247090810951,8.736085208626019,13.082470908109508,-0.32964543178570693,152.32780370947316,0.09984632826076645
2025-02-04,USDKES,151.8804,152.0421,151.1854,151.78816917925792,-0.0017326765094467511,0.005456069473092286,0.008033389658481233,0.08661241777016043,0.12752610732731667,8.661241777016043,12.752610732731668,-0.2634562796558555,152.51594292875907,0.12350944128673991
2025-02-05,USDKES,153.5372,153.8152,153.2873,153.3902921913637,0.010554992663583063,0.007706219804566384,0.008191970358715859,0.12233244690770055,0.1300434979006485,12.233244690770055,13.00434979006485,1.6021230121057783,152.76358241458337,0.16236957335009627
2025-02-06,USDKES,152.9809,153.3463,152.4584,153.2601,-0.000848764217759479,0.0070386782191848895,0.007484488148519782,0.1117355527594212,0.11881256598956162,11.17355527594212,11.881256598956162,-0.13019219136370452,152.91240043689555,0.09741721158929018
2025-02-07,USDKES,153.4635,153.4741,153.0029,153.4328,0.0011268425376207425,0.007009826636748577,0.007268622880659226,0.11127754808707822,0.11538581109682937,11.127754808707822,11.538581109682937,0.17269999999999186,153.10882625905933,0.12845643754368918
2025-02-10,USDKES,152.3311,152.6306,152.0344,152.11240472566692,-0.008605691053888531,0.00621121657548643,0.007490583731824908,0.09860000638739604,0.11890933037468908,9.860000638739603,11.890933037468908,-1.320395274333066,153.252633002054,0.09392452839482868
2025-02-11,USDKES,151.7664,151.861,151.4362,151.47796221653064,-0.0041708794906010205,0.005883066980782723,0.007494133181868411,0.09339079306492017,0.118965676147326,9.339079306492017,11.8965676147326,-0.634442509136278,153.3474100373831,0.06184365871730879
2025-02-12,USDKES,151.9539,152.1428,151.364,151.9625,0.003198734498268019,0.006028456202274148,0.007506221531302689,0.09569877540517374,0.1191575727455121,9.569877540517375,11.91575727455121,0.4845377834693636,153.4595033850372,0.07309764646614703
2025-02-13,USDKES,150.7416,151.1569,150.4784,150.79547527274394,-0.007679688918358574,0.006685375751004029,0.0076570552922894585,0.10612704994907,0.12155198447081339,10.612704994907,12.15519844708134,-1.167024727256063,153.52203058223142,0.04074507985167841
2025-02-14,USDKES,150.4014,150.6034,150.1922,150.5015820401173,-0.0019489525935381113,0.004383088683105359,0.007668137307233626,0.06957937577903024,0.12172790600422,6.957937577903024,12.172790600422,-0.2938932326266297,153.56907665023533,0.030644506085208967
2025-02-17,USDKES,151.0644,151.2538,150.8508,151.14098864216083,0.004248504190959901,0.0051064185026308065,0.0073759785149448845,0.08106188068907964,0.11709002895779809,8.106188068907965,11.70900289577981,0.6394066020435218,153.57680402804695,0.005031857962656261
2025-02-18,USDKES,152.9369,153.1991,152.4104,152.86965765399162,0.011437459999177113,0.0072059790028429676,0.00766202705723583,0.11439137036565417,0.12163090879256439,11.439137036565416,12.163090879256439,1.7286690118307888,153.64178746534026,0.04231331528519178
2025-02-19,USDKES,153.4659,153.9631,152.6969,153.3907,0.0034084091899238,0.006332204050101431,0.0076805764335607565,0.10052062300490623,0.12192537101295102,10.052062300490624,12.192537101295102,0.521042346008386,153.71925861527004,0.05042322873733962
2025-02-20,USDKES,153.4137,153.728,153.2769,153.42535289478135,0.00022591261909199467,0.00591331969990987,0.007606821095550303,0.09387104009268366,0.12075454131951599,9.387104009268366,12.075454131951599,0.03465289478134537,153.76686207995553,0.030967794871195053
2025-02-21,USDKES,155.9603,156.1937,155.4238,155.98247800743138,0.016666900641927773,0.008183743156355148,0.007348486497935444,0.12991289511205503,0.11665360671751887,12.991289511205503,11.665360671751888,2.557125112650027,153.79943830806434,0.021185467185946827
2025-02-24,USDKES,155.1837,155.338,154.7157,155.19982888069106,-0.005017545154674563,0.007604592700735956,0.007405494195321566,0.12071916664850622,0.11755857585811949,12.071916664850622,11.755857585811949,-0.7826491267403242,153.81331542586886,0.009022866375318905
2025-02-25,USDKES,154.4634,154.5616,153.5934,154.28678300739958,-0.005883034020568223,0.008248227929813258,0.0072610142787866315,0.130936559155578,0.11526502828655066,13.0936559155578,11.526502828655067,-0.9130458732914803,153.84695991813456,0.021873588884391282
2025-02-26,USDKES,153.9193,154.2413,153.1741,153.61575890521928,-0.004349200165435496,0.008757189312042222,0.007222092041560158,0.13901607062145918,0.11464715692552162,13.901607062145919,11.464715692552161,-0.6710241021802972,153.88822262416673,0.026820618395140272
2025-02-27,USDKES,151.2449,151.6028,151.0173,151.12231568633294,-0.016231688966395597,0.01011406728016554,0.007734667358924835,0.16055584060016073,0.12278403783314326,16.055584060016074,12.278403783314326,-2.493443218886341,153.8152027500825,-0.0474499431074471
2025-02-28,USDKES,150.2613,150.6459,150.189,150.19948314828585,-0.00610652724487426,0.009967539305233622,0.007210556007332368,0.15822978110945818,0.11446402805942564,15.822978110945819,11.446402805942563,-0.9228325380470892,153.6338891937614,-0.11787752645991967
2025-03-03,USDKES,151.3095,151.8171,151.299,151.4031993553019,0.008014116838389373,0.010783257507740627,0.007359104938356162,0.1711789061319111,0.11682216923350631,17.11789061319111,11.682216923350632,1.2037162070160434,153.4751216438075,-0.10334148981521185
2025-03-04,USDKES,150.6564,151.1993,150.3233,150.70023153848328,-0.004643018244079089,0.007047291474755759,0.007344410620077188,0.11187228395273617,0.11658890416239555,11.187228395273618,11.658890416239554,-0.7029678168186138,153.27640677239322,-0.12947692713056735
2025-03-05,USDKES,149.9471,150.206,149.6856,149.99426098350992,-0.004684601660967513,0.00704739598637733,0.007148078304732098,0.11187394302329494,0.11347222527802382,11.187394302329494,11.347222527802382,-0.7059705549733621,153.0115887312682,-0.17277156132596838
2025-03-06,USDKES,149.8235,149.8515,149.7618,149.82072505391878,-0.0011569504623261118,0.007156421073537591,0.00713819732102713,0.11360466262705408,0.11331536952447167,11.360466262705408,11.331536952447168,-0.1735359295911394,152.76064456298744,-0.16400337409834265
2025-03-07,USDKES,150.1433,150.2572,149.7958,150.04656741206125,0.001507417335359973,0.007466964699901932,0.0070655919001557455,0.11853438986663133,0.1121627941997065,11.853438986663132,11.21627941997065,0.22584235814247222,152.55748330007037,-0.13299319566126844
2025-03-10,USDKES,148.715,149.0268,148.453,148.86390858847946,-0.007881945211941743,0.005459233516997349,0.007139138561972911,0.08666264541002096,0.11333031126126963,8.666264541002096,11.333031126126963,-1.1826588235817894,152.34022051465595,-0.1424137188911767
2025-03-11,USDKES,148.059,148.6211,147.5731,148.2260948521364,-0.004284542454855322,0.005278826308986417,0.007034123263230962,0.0837987697672984,0.11166324507529952,8.37987697672984,11.166324507529952,-0.6378137363430483,152.07298613628421,-0.17541945092959255
2025-03-12,USDKES,147.9009,148.4534,147.502,148.12530889456607,-0.0006799474658687465,0.0031628103756504446,0.006991378723999032,0.05020805818815513,0.11098469655101714,5.020805818815513,11.098469655101715,-0.10078595757033781,151.83323686037855,-0.1576540857104014
2025-03-13,USDKES,150.122,150.5067,149.9303,150.3543322565123,0.015048227602568742,0.007442004951631917,0.007325169157958337,0.11813816614637591,0.11628345542062904,11.813816614637592,11.628345542062904,2.2290233619462185,151.73073859121857,-0.06750713564398492
2025-03-14,USDKES,151.9784,152.0258,151.8895,152.00430328665055,0.010973884193262284,0.008218821603578057,0.0075255621984193,0.13046974819843576,0.1194645963177959,13.046974819843577,11.946459631779591,1.6499710301382606,151.7181730044169,-0.008281503746920826
2025-03-18,USDKES,150.606,150.9837,150.3209,150.56914642429192,-0.009441554162135879,0.009267419752675579,0.0077109004180276304,0.1471157277649638,0.12240674934291063,14.711572776496379,12.240674934291063,-1.4351568623586388,151.6687570365962,-0.032570895656169885
2025-03-19,USDKES,150.047,150.069,149.885,150.0308578713615,-0.0035750255992922364,0.009396276906759012,0.0077300344515089945,0.14916127167110155,0.12271049270792626,14.916127167110155,12.271049270792627,-0.5382885529304247,151.61017999299966,-0.03862169423752837
2025-03-20,USDKES,146.6583,146.7681,146.5358,146.76144186672514,-0.02179162374342747,0.012352343405761282,0.008383475739894624,0.1960873725630778,0.13308355158062635,19.60873725630778,13.308355158062636,-3.269416004636355,151.3892183155117,-0.1457432987007623
2025-03-21,USDKES,146.0625,146.4009,145.8242,145.89981335972382,-0.005870946047148884,0.012416393333512417,0.008421371552484748,0.19710413364500473,0.1336851289556914,19.71041336450047,13.36851289556914,-0.8616285070013134,151.14387542750248,-0.1620610045676374
2025-03-24,USDKES,147.9833,148.1575,147.8527,148.13588211093182,0.015326056282847,0.01410062631303788,0.008961872679482282,0.22384050332731104,0.1422653183480051,22.384050332731103,14.22653183480051,2.236068751207995,150.9673114978669,-0.11681844807550634
2025-03-25,USDKES,149.6685,150.0323,149.2903,149.70323100445606,0.010580481050165291,0.013394438300077294,0.009093726259227955,0.21263011616041963,0.14435842903688914,21.263011616041965,14.435842903688915,1.5673488935242403,150.88700570715986,-0.05319415833152652
2025-03-26,USDKES,148.739,149.0318,148.4541,148.72194397683742,-0.006554882089281233,0.012490579102531466,0.009137294830860905,0.19828179621887163,0.14505005867000367,19.828179621887163,14.505005867000367,-0.9812870276186345,150.79513843250342,-0.06088481524693101
2025-03-27,USDKES,149.0273,149.1605,148.425,148.75918572802524,0.0002504119445454478,0.012197312945944078,0.009111163205025722,0.1936263403091799,0.14463523197012157,19.36263403091799,14.463523197012156,0.03724175118782114,150.68836129010427,-0.07080940639671018
2025-03-28,USDKES,148.7156,148.8526,148.5048,148.78603141482463,0.00018046406121419167,0.012181738317259596,0.009015141483860777,0.19337910074361203,0.1431109344021446,19.337910074361204,14.311093440214458,0.026845686799390478,150.62137982817364,-0.044450322080069604
2025-03-31,USDKES,149.2572,149.8883,149.1827,149.2751217650271,0.0032872061009467934,0.008092312679632998,0.00903494064079072,0.1284614812901017,0.14342523627457682,12.846148129010171,14.342523627457682,0.48909035020247416,150.58049781900397,-0.0271422351968309
2025-04-01,USDKES,149.7954,149.8083,149.2519,149.73344285343202,0.0030703112681185196,0.007217043215102641,0.009017331086723536,0.11456700929020573,0.14314569327001372,11.456700929020574,14.314569327001372,0.45832108840491514,150.53357962604633,-0.031158213471993434
2025-04-02,USDKES,149.6856,149.9794,149.4394,149.9569,0.001492366316499405,0.005096286479600711,0.008750861603573664,0.08090103980978597,0.13891562136359883,8.090103980978597,13.891562136359884,0.22345714656796645,150.43648770424662,-0.06449851391358008
2025-04-03,USDKES,149.1553,149.3222,148.877,149.01654697554275,-0.006270821979230234,0.004120957049705844,0.00877622130681237,0.06541816510260064,0.13931819417215094,6.541816510260063,13.931819417215094,-0.940353024457238,150.29068260343138,-0.09692136730943268
2025-04-04,USDKES,147.9314,148.1186,147.3662,147.8229019034905,-0.008010151196485293,0.004488828229400215,0.008867270156499001,0.07125793903847619,0.1407635498527269,7.125793903847619,14.07635498527269,-1.1936450720522487,150.103934237055,-0.12425811310547985
2025-04-07,USDKES,149.5458,149.958,149.5416,149.66211743784973,0.01244202021930274,0.006773793394654628,0.008603325991524727,0.10753063652872888,0.1365735661295557,10.753063652872887,13.65735661295557,1.8392155343592265,149.8932555514023,-0.14035520569366522
2025-04-08,USDKES,150.1286,150.2322,149.9019,150.22098190946735,0.003734174560571013,0.006845030124438855,0.008622754106589551,0.10866148455606432,0.13688197789498133,10.866148455606432,13.688197789498133,0.5588644716176248,149.7272939856948,-0.11071983532345842
2025-04-09,USDKES,148.638,148.6777,148.6268,148.6355115109326,-0.010554253995558871,0.00809199957565581,0.008754205182150254,0.12845651091855284,0.1389686990280148,12.845651091855284,13.896869902801482,-1.585470398534767,149.53891826914594,-0.12581254328076774
2025-04-10,USDKES,147.8933,147.9112,147.7146,147.7542937716036,-0.005928716027355008,0.008129210011125813,0.008778477329760791,0.1290472082691331,0.13935400742619242,12.90472082691331,13.935400742619242,-0.8812177393289744,149.34353609802537,-0.13065640261548106
2025-04-11,USDKES,147.5758,147.9083,146.9536,147.61751007365845,-0.000925751086168769,0.008013024661495316,0.00831056390634793,0.12720282302246477,0.13192611210543662,12.720282302246478,13.192611210543662,-0.13678369794516243,149.22670924426959,-0.07822692351351357
2025-04-14,USDKES,146.3171,146.6987,146.0736,146.18739846153753,-0.009687953762445467,0.008396133239912312,0.00841525038955889,0.13328448316422595,0.13358795850667343,13.328448316422595,13.358795850667343,-1.4301116121209247,149.09297308804463,-0.08961945009859917
2025-04-15,USDKES,144.8173,145.4461,144.7529,145.12663341974863,-0.007256200280956415,0.008321227553595562,0.008320779178003945,0.13209539225755354,0.13208827451569732,13.209539225755353,13.208827451569732,-1.0607650417888976,148.88375422352618,-0.14032778351994457
2025-04-16,USDKES,144.9068,145.2441,144.7867,144.86403010763877,-0.0018094770471960286,0.005178472289539284,0.00829847797825456,0.08220569909616128,0.1317342539448458,8.220569909616128,13.17342539448458,-0.2626033121098601,148.68921417583135,-0.1306657322751037
2025-04-17,USDKES,145.0688,145.426,144.7268,145.0278320964462,0.0011307291995514834,0.004530346559159978,0.008284173607792157,0.07191702209084681,0.1315071791034167,7.191702209084681,13.150717910341669,0.16380198880742114,148.52366654626258,-0.11133802171623408
2025-04-18,USDKES,144.6387,144.7824,144.371,144.55927274308854,-0.0032308236742175644,0.003825982462409823,0.00829341172534563,0.06073558869618552,0.1316538296731899,6.073558869618552,13.165382967318989,-0.468559353357648,148.34828480256823,-0.1180833652795088
2025-04-21,USDKES,145.0303,145.6471,144.8418,145.1639753507643,0.004183077267899904,0.004754325994606194,0.008337332022310469,0.0754725854007468,0.1323510427728523,7.54725854007468,13.235104277285231,0.6047026076757618,148.1855317338583,-0.10971011153012578
2025-04-22,USDKES,143.5731,143.6382,143.3468,143.51622958187235,-0.011350927562506108,0.005710646293233836,0.008458267038704921,0.09065369950409741,0.13427082664192774,9.06536995040974,13.427082664192774,-1.6477457688919515,148.00727576697145,-0.12029242315437783
2025-04-23,USDKES,142.9856,143.461,142.6888,143.1762,-0.0023692761638388626,0.005137583443754908,0.008441269584273827,0.0815566087921097,0.1340010004178528,8.15566087921097,13.40010004178528,-0.34002958187235777,147.83894593856687,-0.11373077947168797
2025-04-24,USDKES,144.0532,144.2393,143.8585,144.22140122167744,0.0073001044983553864,0.005983873248187336,0.008580214783019,0.09499104294981585,0.1362066870683298,9.499104294981585,13.62066870683298,1.045201221677445,147.70881568280393,-0.08802163390492224
2025-04-25,USDKES,144.9379,145.3467,144.7084,144.80710056459742,0.004061112553051194,0.00623759047895982,0.0080990199232577,0.09901867912555172,0.12856795548178382,9.901867912555172,12.856795548178383,0.5856993429199804,147.52390795974011,-0.12518394532449184
2025-04-28,USDKES,146.7319,146.7945,146.4441,146.73387982215667,0.01330583410652375,0.008051871642019318,0.008230221539929517,0.12781949972037845,0.13065071657772334,12.781949972037845,13.065071657772334,1.9267792575592466,147.3482271775903,-0.11908631257094848
2025-04-29,USDKES,145.9775,146.2207,145.5268,145.88879621231575,-0.005759294382900237,0.008360720798508714,0.008129025457396983,0.13272232808459652,0.129044278569513,13.272232808459652,12.904427856951301,-0.8450836098409127,147.1922155038578,-0.10587957298222594
2025-04-30,USDKES,145.7599,145.8219,145.2262,145.6959283637474,-0.0013220196038059573,0.008307315998145546,0.008115002532958522,0.13187455316112856,0.1288216715452049,13.187455316112857,12.882167154520491,-0.1928678485683406,147.04771785360398,-0.09816935614371802
2025-05-01,USDKES,145.796,145.8428,145.3361,145.70487332217348,6.139470420718496e-05,0.006506652136449859,0.007096029857421582,0.1032899005239206,0.11264598179175979,10.32899005239206,11.264598179175978,0.00894495842607057,147.01249890211892,-0.023950695732744
2025-05-02,USDKES,146.851,147.2691,146.8089,146.87647179369628,0.008040901068094186,0.00648252248596035,0.007167976785310894,0.10290685419741172,0.11378810386450108,10.290685419741171,11.378810386450109,1.171598471522799,147.04505418325135,0.0221445668739495
2025-05-05,USDKES,147.1828,147.7008,146.2997,147.06245633278027,0.0012662650240211626,0.006318418149598783,0.006583925733880339,0.10030177861893172,0.10451658085419484,10.030177861893172,10.451658085419483,0.18598453908398938,147.0092733239796,-0.024333262665976463
2025-05-06,USDKES,147.7427,147.9943,147.5552,147.88071087633483,0.005563993448490789,0.00639319648251822,0.006360017897517843,0.10148884785309667,0.10096215414451257,10.148884785309667,10.096215414451256,0.8182545435545592,146.94852265304226,-0.041324380131768645
2025-05-07,USDKES,146.8589,146.9373,146.3303,146.7651567400981,-0.007543608152990378,0.005612946662932061,0.0063955355632304015,0.08910276595432873,0.1015259796082623,8.910276595432872,10.152597960826231,-1.1155541362367387,146.8832964118176,-0.04438713642508363
2025-05-08,USDKES,147.6914,148.0307,146.9721,147.62475121972182,0.005856938381811894,0.005320832870118605,0.006496960540131431,0.08446560325243122,0.10313605120192587,8.446560325243121,10.313605120192587,0.8595944796237234,146.84548192820748,-0.025744577180586425
2025-05-09,USDKES,147.6815,147.8889,147.5847,147.72061085957347,0.000649346664835182,0.005184435345989457,0.006498557621634481,0.08230035968268727,0.1031614040848093,8.230035968268727,10.31614040848093,0.09585963985165336,146.8099679096991,-0.024184617764222427
2025-05-12,USDKES,148.0663,148.262,147.5359,148.1382761446763,0.0028274002028050305,0.005118372914544132,0.006490540071059566,0.08125165109503577,0.10303412941513865,8.125165109503577,10.303412941513864,0.41766528510282797,146.7720730556874,-0.02581218057007284
2025-05-13,USDKES,146.8916,147.0591,146.7443,146.90739391625792,-0.008309008721123945,0.0057909818390614615,0.006621925711330554,0.09192898675828858,0.10511981179515081,9.192898675828857,10.51198117951508,-1.2308822284183805,146.67787142444828,-0.06418225843507486
2025-05-14,USDKES,147.0729,147.1893,147.0696,147.14061648832737,0.0015875482224019244,0.005803538888351641,0.006622992318821033,0.09212832373602414,0.10513674366414877,9.212832373602414,10.513674366414877,0.23322257206945096,146.5839953073925,-0.06400155397955354
2025-05-15,USDKES,146.0745,146.1889,145.9475,146.0166298902256,-0.007638860193242003,0.005873169375423407,0.006667866290979796,0.09323367345078529,0.10584909588817912,9.323367345078529,10.584909588817911,-1.1239865981017658,146.4839980712153,-0.06821838630303168
2025-05-19,USDKES,146.6927,146.818,146.3634,146.4931330973108,0.003263348890077955,0.005520219923571716,0.006555856207186529,0.08763077460092845,0.10407099093188817,8.763077460092845,10.407099093188817,0.47650320708518734,146.43967244434262,-0.030259705808366455
2025-05-20,USDKES,144.6576,145.1337,143.9118,144.3568539851693,-0.014582793520583892,0.00696671150260652,0.006603948922266816,0.1105931165509798,0.10483443911574611,11.059311655097979,10.48344391157461,-2.1362791121414944,146.26283032925326,-0.12076106982318313
2025-05-21,USDKES,145.0577,145.1077,144.9133,145.0054,0.004492658276532779,0.0074525553127654815,0.006624834998530498,0.11830564793718393,0.10516599529769191,11.830564793718393,10.516599529769191,0.6485460148307141,146.0889775989377,-0.1188632340316409
2025-05-22,USDKES,144.5942,144.9267,144.0671,144.80077716321512,-0.0014111394250482245,0.007099769175935852,0.006383478300995513,0.1127053416329295,0.10133457650406746,11.27053416329295,10.133457650406747,-0.20462283678489257,145.96115312068048,-0.08749768829797722
2025-05-23,USDKES,143.9978,144.393,143.7063,144.0364491013519,-0.005278480384132811,0.006825419216191178,0.0063667253955267,0.10835017103881955,0.10106863237441795,10.835017103881956,10.106863237441795,-0.7643280618632105,145.83722496500542,-0.08490488943493357
2025-05-26,USDKES,144.7005,144.8651,144.6725,144.70314195688542,0.004628639901171017,0.007235364194009834,0.006444121119087435,0.11485784581398788,0.1022972513969076,11.485784581398788,10.22972513969076,0.6666928555335119,145.74007936111295,-0.06661235080123173
2025-05-28,USDKES,143.0429,143.3177,142.9016,143.02893317208583,-0.011569954612999478,0.00784054402008126,0.00654358914219308,0.12446477772353777,0.10387625731215218,12.446477772353777,10.387625731215218,-1.674208784799589,145.63479718479795,-0.07223968641744127
2025-05-29,USDKES,142.8121,143.2464,142.5398,142.96901297878034,-0.00041893756722211073,0.007471173667342686,0.006425627737056328,0.11860120515337894,0.10200367805837868,11.860120515337893,10.200367805837868,-0.059920193305487146,145.56287650343228,-0.04938426993817968
2025-05-30,USDKES,141.6488,141.8428,141.646,141.75604571813935,-0.008484126982264528,0.0062046106003983146,0.00658681168632334,0.09849513978389458,0.10456239392895327,9.849513978389458,10.456239392895327,-1.212967260640994,145.45927702378233,-0.07117163533623128
2025-06-02,USDKES,140.2647,140.2911,140.1497,140.25674950128356,-0.010576594523784233,0.0059518370039413435,0.006817281289395402,0.09448248333852333,0.10822098545588393,9.448248333852332,10.822098545588393,-1.4992962168557824,145.30024093727693,-0.10933375289594593
2025-06-03,USDKES,140.7692,140.8201,140.3851,140.6647098887897,0.0029086684880175184,0.0065474615393699065,0.006842961712563502,0.10393772971159748,0.1086286495354781,10.393772971159748,10.86286495354781,0.4079603875061366,145.17042217546697,-0.08934518000283109
2025-06-04,USDKES,142.1764,142.5985,142.1489,142.3408597818998,0.01191592329330704,0.00885576215903207,0.0071779777482114185,0.14058086605641174,0.11394686422873691,14.058086605641174,11.394686422873692,1.6761498931101073,145.07631832317148,-0.06482302034070964
2025-06-05,USDKES,142.0393,142.5308,141.6684,142.0876,-0.0017792486450332046,0.008418152480703987,0.006892015740616496,0.13363402777538527,0.10940735808968334,13.363402777538527,10.940735808968334,-0.2532597818997999,145.02869733710904,-0.03282478257847776
2025-06-06,USDKES,143.3525,143.457,143.2229,143.4425,0.009535666729538539,0.008437915059025924,0.00710871091587684,0.13394774898041695,0.1128472873539619,13.394774898041694,11.284728735396191,1.3548999999999864,145.03757400377572,0.006120627730688
2025-06-09,USDKES,141.9227,142.2523,141.5683,142.011317374763,-0.00997739599656311,0.009327210367208348,0.007203378137063346,0.14806487434570037,0.11435008290137613,14.806487434570037,11.435008290137613,-1.4311826252369997,144.9639045422119,-0.050793363078383
2025-06-11,USDKES,141.7493,141.9884,141.2127,141.47252583173662,-0.0037940042595656642,0.00884972187197342,0.007174969714972155,0.14048497947198396,0.11389911318141788,14.048497947198396,11.389911318141788,-0.5387915430263774,144.85275205111654,-0.07667597768311607
2025-06-12,USDKES,143.4145,143.9324,143.3126,143.42170400422293,0.013777785905968898,0.008901593318628356,0.007207298686401989,0.14130841315994863,0.11441231969269298,14.130841315994862,11.441231969269298,1.949178172486313,144.74234619051873,-0.07621937383616162
2025-06-13,USDKES,143.6019,144.1846,143.5204,143.80170984428008,0.0026495699705670894,0.008903674925559133,0.007168597549201078,0.14134145764554598,0.113797958185759,14.134145764554598,11.3797958185759,0.38000584005715154,144.67277664491755,-0.04806440370229703
2025-06-16,USDKES,144.6195,144.7408,144.3171,144.70060953954703,0.006250966669592017,0.008208664659359002,0.0072696502787706705,0.1303085117075319,0.11540212053623142,13.030851170753191,11.540212053623142,0.8988996952669481,144.63959935077756,-0.0229326449034839
2025-06-17,USDKES,145.618,145.9336,145.2735,145.58649878631533,0.006122221942169492,0.00808363937928609,0.007360892836522689,0.12832379691551718,0.11685055123701514,12.832379691551719,11.685055123701513,0.8858892467683006,144.6356535329156,-0.002728034286370029
2025-06-18,USDKES,145.2547,145.6423,144.7203,144.96659370257902,-0.004257984695725026,0.008050912387621746,0.0072390469993828315,0.12780427202889832,0.1149163085368519,12.780427202889832,11.49163085368519,-0.6199050837363131,144.57199092987835,-0.0440158435919491
2025-06-19,USDKES,145.5989,145.7053,145.3728,145.61056073825392,0.004442175395223069,0.006258438844056996,0.007287478881522401,0.09934963666128815,0.11568514083086046,9.934963666128816,11.568514083086045,0.6439670356749048,144.5235944100608,-0.03347572341382277
2025-06-23,USDKES,145.909,146.0353,145.5726,145.8986848801439,0.001978731078495777,0.005450079562792328,0.0072169703003514335,0.08651733089198481,0.11456585180441411,8.651733089198482,11.456585180441412,0.28812414188996627,144.45752687685444,-0.04571401194113367
2025-06-24,USDKES,146.0997,146.4637,145.5687,146.11356670999896,0.001472815399478078,0.0036006970503376676,0.007097020061829792,0.05715929365006373,0.11266170079942725,5.715929365006374,11.266170079942725,0.21488182985507365,144.43580720918447,-0.015035331242019279
2025-06-25,USDKES,146.6937,147.1233,146.4468,146.8532423201993,0.005062333545442943,0.0037126594940023604,0.007075378882290519,0.05893664234275887,0.11231815772459315,5.893664234275887,11.231815772459315,0.7396756102003508,144.41009024586708,-0.017805116206504046
2025-06-26,USDKES,148.2893,148.7641,148.1201,148.36650949922517,0.010304622186865453,0.004528829619050471,0.007328097764993823,0.07189294141314562,0.11632994561605142,7.189294141314562,11.632994561605143,1.5132671790258598,144.4316202005221,0.014908899106957918
2025-06-27,USDKES,149.5981,150.0862,149.5013,149.78685741741128,0.009573238077650759,0.005012524834677919,0.007513556913961569,0.07957136491855754,0.11927401833523345,7.957136491855755,11.927401833523344,1.4203479181861098,144.4865729096133,0.03804756120224795
2025-06-30,USDKES,148.8905,149.4312,148.5918,148.73073105500322,-0.007050861341358905,0.005831308036868712,0.00746665619369685,0.09256914530260128,0.11852949248245193,9.256914530260127,11.852949248245192,-1.0561263624080652,144.54735081423814,0.042064742350045314
2025-07-01,USDKES,146.9724,147.1953,146.8922,146.92685238057817,-0.012128486571870267,0.008308978235815924,0.007806071456811635,0.13190094036610278,0.12391754274673958,13.190094036610278,12.391754274673957,-1.8038786744250501,144.5402253439798,-0.004929505949569091
2025-07-02,USDKES,147.9908,148.1791,147.5713,148.104,0.008011793626210295,0.008693184949864183,0.007802240811833301,0.1380000328705808,0.12385673314289768,13.800003287058079,12.385673314289768,1.177147619421845,144.60980434763897,0.048138159113553236
2025-07-03,USDKES,149.1376,149.4355,148.6047,149.21990368529006,0.007534595185072934,0.008910445626114913,0.007892799196147618,0.14144893918477966,0.12529430292706265,14.144893918477965,12.529430292706264,1.11590368529005,144.70069670057163,0.06285352043915449
2025-07-04,USDKES,149.9164,150.5808,149.739,149.98243167391723,0.005110095703019457,0.008912266951075594,0.007385244693232781,0.14147785182219524,0.11723712497792065,14.147785182219524,11.723712497792064,0.7625279886271699,144.88821595686323,0.12959112192778566
2025-07-07,USDKES,150.16,150.2335,149.8234,150.03555418960627,0.00035419158828231545,0.008337451856025534,0.007362197058679332,0.13235294507410478,0.1168712551219003,13.235294507410478,11.68712551219003,0.05312251568904003,145.05588776318342,0.11572494368354835
2025-07-08,USDKES,150.4336,150.4827,149.9581,150.30618971528423,0.001803809284670832,0.007587031756567504,0.007346809601623768,0.12044039530216295,0.11662698681382805,12.044039530216295,11.662698681382805,0.27063552567796023,145.23940151491902,0.12651244604093836
2025-07-09,USDKES,149.3813,149.5307,149.1036,149.28456931384187,-0.006796928345915498,0.007545295944031128,0.007398533902811189,0.11977785981774418,0.11744808463991116,11.977785981774417,11.744808463991117,-1.0216204014423624,145.4143388553354,0.12044757730456102
2025-07-10,USDKES,149.9813,150.3785,149.7571,150.0730017592087,0.005281406169376446,0.005159718302953034,0.007409855179280835,0.08190798878857172,0.1176278043322861,8.190798878857173,11.76278043322861,0.7884324453668228,145.5933341820795,0.12309331263555823
2025-07-14,USDKES,150.9912,151.045,150.6786,150.81157869359456,0.004921451065334814,0.004782079585491539,0.007028522168646408,0.07591315999757672,0.11157433045525665,7.591315999757672,11.157433045525664,0.7385769343858613,145.8527556994631,0.17818227657260266
2025-07-15,USDKES,149.5816,149.8518,149.4492,149.84391905428228,-0.006416348450792864,0.005265995698122128,0.007177283047262124,0.08359509013420269,0.11393583619305256,8.359509013420269,11.393583619305256,-0.9676596393122736,146.0819192353132,0.15711978477959132
2025-07-16,USDKES,149.4815,149.7584,149.099,149.2753870954163,-0.003794161034055832,0.005069058845987262,0.006999114895951131,0.08046881452580616,0.11110750447352646,8.046881452580616,11.110750447352647,-0.5685319588659752,146.33256394788907,0.17157818974991024
2025-07-17,USDKES,149.5082,149.5923,149.3378,149.4302927642671,0.0010377174152078616,0.005098435254213,0.006603951525692387,0.08093515054927185,0.10483448044384581,8.093515054927185,10.483448044384582,0.1549056688508017,146.63834872332188,0.20896563771117815
2025-07-18,USDKES,148.651,148.9863,148.346,148.55275723276355,-0.005872541070958803,0.005324272598313508,0.006761216679416926,0.08452020724471943,0.10733098736375467,8.452020724471943,10.733098736375467,-0.877535531503554,146.90128363478763,0.1793084235842457
2025-07-21,USDKES,147.5596,147.7916,147.238,147.5518749531458,-0.006737554376385568,0.005314769097913256,0.006659839095061912,0.08436934385285741,0.10572166810343563,8.43693438528574,10.572166810343562,-1.0008822796177412,147.07498414049587,0.11824301422720396
2025-07-22,USDKES,147.3039,147.5914,146.9427,147.38073381710913,-0.0011598709680309405,0.004391166161069746,0.006651172932229251,0.06970760176651648,0.10558409703337715,6.970760176651648,10.558409703337714,-0.17114113603668102,147.2514219343995,0.11996451669515906
2025-07-23,USDKES,147.9655,148.241,147.1436,148.14723459670122,0.00520082075682482,0.004471189383496335,0.0065103627645373904,0.07097793104042105,0.10334880491868537,7.097793104042105,10.334880491868537,0.7665007795920928,147.4082464209562,0.10650116956192335
2025-07-24,USDKES,149.1558,149.4196,148.6922,148.70885051886108,0.0037909308512489304,0.004654903023952221,0.006179670003656537,0.0738942946710007,0.09809922008472484,7.3894294671000695,9.809922008472483,0.5616159221598593,147.63149752575947,0.15145089248651544
2025-07-25,USDKES,149.704,149.8113,149.5512,149.70954510869188,0.006729220126033386,0.005287241975478545,0.006164176106783965,0.08393236433122858,0.0978532620969402,8.393236433122858,9.78532620969402,1.0006945898308004,147.90606483499133,0.1859815241554097
2025-07-28,USDKES,149.1468,149.6814,149.1385,149.2479501177237,-0.0030832702793470723,0.005435258110610275,0.005802525208756961,0.08628204763272952,0.0921122320713244,8.628204763272953,9.211223207132441,-0.46159499096819445,148.10027303877467,0.13130509827301573
2025-07-29,USDKES,149.9542,150.2224,149.7007,149.8094992917328,0.003762525204307199,0.0049459908857033726,0.005814702046424983,0.07851517122217928,0.09230553337667315,7.8515171222179285,9.230553337667315,0.5615491740091159,148.3005326870231,0.13521895951940088
2025-07-30,USDKES,149.5638,149.8339,149.2765,149.43681466929343,-0.002487723570276601,0.003972121888990374,0.005781144374753869,0.06305548017302784,0.09177282185375239,6.305548017302784,9.177282185375239,-0.3726846224393796,148.45840619134796,0.10645511615123837
2025-07-31,USDKES,149.2315,149.3674,149.0234,149.10476941830115,-0.0022219775744490855,0.00412244154886492,0.005731213227959755,0.06544173079617902,0.09098018947119148,6.544173079617901,9.098018947119147,-0.3320452509922802,148.57568187908086,0.07899565322138091
2025-08-01,USDKES,149.1802,149.4016,148.6821,148.96997856765913,-0.0009040009328197263,0.0038902169396528297,0.005661184299069582,0.06175527941047292,0.08986851468864973,6.175527941047292,8.986851468864973,-0.13479085064201968,148.70912804125018,0.08981696094649827
2025-08-04,USDKES,148.6273,148.7765,148.251,148.33464803867554,-0.004264822584337247,0.004045694113184182,0.005697669689870424,0.06422340302474008,0.09044770231192592,6.422340302474009,9.044770231192592,-0.6353305289835873,148.79993095126423,0.06106075074885364
2025-08-05,USDKES,149.29,149.5715,148.5407,149.0748,0.004989744278298902,0.003562797081059688,0.005748473299081133,0.056557650289624596,0.0912541846059822,5.65576502896246,9.125418460598219,0.7401519613244716,148.90580145525942,0.07114956527087823
2025-08-06,USDKES,149.426,149.5898,149.0083,149.38291657544778,0.0020668588886101347,0.003495986771632899,0.005752127657629274,0.055497069507073254,0.09131219574950127,5.549706950707326,9.131219574950126,0.3081165754477695,149.01477978410773,0.07318608662876258
2025-08-07,USDKES,149.2138,149.5728,149.0171,149.30245041888213,-0.0005386570192248419,0.003108540168016651,0.005698107773742784,0.04934654535016198,0.09045465667780385,4.9346545350161986,9.045465667780386,-0.08046615656564882,149.09642005406383,0.05478669302090289
2025-08-08,USDKES,149.9361,150.1067,149.7377,149.7750709902997,0.0031655245449193625,0.003231933361475098,0.005419694149307079,0.05130535157037678,0.08603497740658977,5.130535157037678,8.603497740658977,0.47262057141756486,149.14337210376632,0.03149106443030014
2025-08-11,USDKES,151.2946,151.3385,150.7773,150.99998021952862,0.008178325145365983,0.004130277371877104,0.005343094765377758,0.06556612063022556,0.08481899988384334,6.5566120630225555,8.481899988384335,1.2249092292289276,149.18380953050354,0.027113123544686424
2025-08-12,USDKES,149.6931,150.0027,149.1419,149.50351392016668,-0.009910374141680833,0.0060666823286005065,0.00550158729490601,0.09630559634824304,0.08733499079060322,9.630559634824303,8.733499079060323,-1.4964662993619413,149.20956895934233,0.017266906455781772
2025-08-13,USDKES,148.5722,148.9909,148.4827,148.54002246887435,-0.006444607394357482,0.006400381203697259,0.0051494287812645255,0.10160290176597112,0.08174464769558613,10.160290176597112,8.174464769558613,-0.9634914512923274,149.2633412956189,0.03603812855408339
2025-08-14,USDKES,148.532,148.8813,148.0179,148.7600014005827,0.0014809404768632017,0.006094214519736211,0.004949702519418392,0.09674265633300567,0.07857409158078552,9.674265633300568,7.857409158078552,0.21997893170834004,149.28520800897164,0.014649754697271256
2025-08-15,USDKES,149.2064,149.2753,148.8659,149.2514798782736,0.00330383485522745,0.006190975720419549,0.004790013078963424,0.09827869277441442,0.0760391003021041,9.827869277441442,7.60391003021041,0.4914784776909187,149.28626054873774,0.0007050529520880033
2025-08-18,USDKES,149.333,149.5748,149.1234,149.45637415405463,0.001372812356354114,0.0062110034787553605,0.004700785594784043,0.09859662358166238,0.07462265790260054,9.859662358166238,7.462265790260054,0.20489427578101527,149.26872529807568,-0.01174605794104222
2025-08-19,USDKES,149.6547,150.0295,149.4009,149.5706,0.000764275505758194,0.006082567894075328,0.004702767037449268,0.09655777188233512,0.07465411232977645,9.655777188233513,7.465411232977645,0.11422584594538421,149.2532268250888,-0.01038293383689437
2025-08-20,USDKES,151.885,152.2442,151.1614,151.71184003154158,0.014315915236962073,0.007712167783197968,0.005382471244338387,0.12242686814127673,0.08544408210885447,12.242686814127673,8.544408210885447,2.141240031541571,149.30008183563072,0.03139296317984375
2025-08-21,USDKES,153.6272,153.6631,152.9538,153.331155024117,0.010673623049056502,0.006871811708408245,0.005528549573861793,0.10908662902146071,0.08776300369998254,10.908662902146071,8.776300369998253,1.6193149925754255,149.4349680259732,0.09034569082888577
2025-08-22,USDKES,152.2852,152.5542,152.0423,152.29223214927777,-0.006775680224125558,0.0069534279020140866,0.0056367491698350765,0.11038224592888125,0.08948061903740039,11.038224592888126,8.948061903740038,-1.038922874839244,149.50894237230884,0.049502701618520106
2025-08-25,USDKES,152.6232,152.7001,151.7058,152.43974225872347,0.0009685990372845232,0.00698197568571106,0.005575817494560006,0.11083542794574679,0.0885133586789341,11.08354279457468,8.851335867893411,0.14751010944570453,149.56321449114648,0.03630024932053111
2025-08-26,USDKES,151.74,151.8091,151.2744,151.64938458088054,-0.00518472195066777,0.0077231189521745,0.005528437243383229,0.12260071255934082,0.08776122050891694,12.260071255934083,8.776122050891694,-0.790357677842934,149.62339667536645,0.04023862714153115
2025-08-27,USDKES,152.3528,152.4039,151.7315,152.3502139858009,0.004621379815403115,0.007755305768415387,0.005521046535653411,0.12311166242695076,0.08764389666092177,12.311166242695077,8.764389666092178,0.7008294049203698,149.7258909050459,0.06850147233445902
2025-08-28,USDKES,151.4628,151.5679,151.2221,151.2348894446607,-0.007320794057067537,0.00865367162430497,0.005710777043233004,0.13737277827316394,0.09065577509598773,13.737277827316394,9.065577509598773,-1.115324541140211,149.7860441277257,0.040175565038347294
2025-08-29,USDKES,149.8673,150.0072,149.6299,149.95673120262805,-0.008451477345777003,0.007248481122345574,0.005826931379151602,0.11506607059603643,0.09249966801524254,11.506607059603644,9.249966801524254,-1.2781582420326458,149.83284326005452,0.03124398711600307
2025-09-01,USDKES,149.3905,149.7049,149.2089,149.67601704614387,-0.001871967695167176,0.004851563156946697,0.005689524617989441,0.07701617749922632,0.09031840330427897,7.701617749922632,9.031840330427897,-0.28071415648417997,149.90364799648776,0.04725581847924154
2025-09-02,USDKES,151.6844,151.7302,151.6779,151.68963199687593,0.013453156961754864,0.007709759738365414,0.006150104198953578,0.12238864161463973,0.09762987748539165,12.238864161463974,9.762987748539164,2.0136149507320624,150.04727793581333,0.09581483922855849
2025-09-03,USDKES,151.9359,152.203,151.6427,151.77772416392597,0.0005807395396137949,0.007698489258207892,0.006098376253641689,0.12220972828872119,0.096808721810626,12.220972828872119,9.6808721810626,0.08809216705003564,150.16829425472082,0.0806521254982373
2025-09-04,USDKES,152.5327,152.8945,152.386,152.64958319039036,0.005744314794987604,0.007721026465787054,0.006141409003834192,0.122567495367723,0.09749184554206917,12.2567495367723,9.749184554206918,0.8718590264643922,150.29965201043848,0.08747369500972102
2025-09-05,USDKES,152.1609,152.4562,151.9115,152.3429061756252,-0.002009026217796306,0.007603525029529718,0.006061636533061162,0.12070221789354409,0.09622549682726153,12.07022178935441,9.622549682726152,-0.30667701476517095,150.38743071266956,0.05840246537960336
2025-09-08,USDKES,153.2679,153.372,152.7442,153.164805889237,0.00539506390054223,0.0070573991710679036,0.006081642157335246,0.11203273865735437,0.09654307626717248,11.203273865735436,9.654307626717248,0.8218997136117991,150.51799257172004,0.08681700221340183
2025-09-09,USDKES,153.7585,154.1732,153.6838,153.8990879205492,0.004794064974973589,0.005427371109558002,0.006101375452755215,0.086156845372483,0.09685633262054653,8.615684537248299,9.685633262054653,0.7342820313122047,150.65431219268058,0.09056699377356647
2025-09-10,USDKES,155.3669,155.6031,155.1455,155.5198,0.01053100509788285,0.005318479504456786,0.006310328701368371,0.08442824473072018,0.1001733626093633,8.442824473072017,10.01733626093633,1.6207120794508114,150.8570783703708,0.13459035771301586
2025-09-11,USDKES,156.107,156.5421,155.912,156.25678820650631,0.004738870590794919,0.004003518582362355,0.0063024257687992365,0.06355388722893991,0.10004790744412705,6.355388722893991,10.004790744412704,0.7369882065063109,151.0954789966443,0.15803078572700358
2025-09-12,USDKES,155.9268,155.9685,155.3893,155.81137928565997,-0.0028504932551006723,0.0046809032401901336,0.006338816997273305,0.07430703530819723,0.10062560028680616,7.430703530819723,10.062560028680616,-0.4454089208463472,151.32352568724434,0.1509288643938289
2025-09-15,USDKES,155.082,155.4832,154.7125,155.2155215648344,-0.003824224671890808,0.0053546489358468055,0.006325454803741674,0.08500241665384381,0.10041348204047609,8.500241665384381,10.04134820404761,-0.5958577208255633,151.5528881381163,0.15157091392781208
2025-09-16,USDKES,155.8303,156.0668,155.62,155.8042572928173,0.0037930209688274985,0.004996106662725224,0.00630664187518148,0.07931073451874279,0.1001148360580575,7.931073451874279,10.01148360580575,0.5887357279829075,151.7772033812102,0.14801119652003702
2025-09-18,USDKES,157.0375,157.4193,156.6892,156.92204766967532,0.00717432499137205,0.00516722129244124,0.0063910684768378415,0.08202709505422368,0.10145506681018378,8.202709505422368,10.145506681018377,1.1177903768580109,152.0285077510178,0.16557451594123584
2025-09-19,USDKES,158.0453,158.2223,157.654,157.76120237026538,0.005347589539211883,0.00519485245184396,0.0064114919258359045,0.08246572611151956,0.10177927901196229,8.246572611151956,10.17792790119623,0.8391547005900577,152.3104661493972,0.1854641623143305
2025-09-22,USDKES,156.373,156.6095,156.0972,156.3668520520222,-0.008838360111953492,0.005963674822797977,0.006695392751710978,0.09467040288708382,0.10628606490559006,9.467040288708382,10.628606490559006,-1.3943503182431698,152.53019218478798,0.1442619413791757
2025-09-23,USDKES,154.869,155.1984,154.7224,154.8791987398266,-0.009513866223390455,0.006769935980216714,0.006860223876073419,0.10746940197289029,0.10890267788590714,10.746940197289028,10.890267788590714,-1.4876533121956186,152.6594994687979,0.08477487778502102
2025-09-24,USDKES,154.7649,154.8514,154.2687,154.57318125490175,-0.0019758462557576406,0.0067433756685056035,0.0065774524547588245,0.10704777009569857,0.10441382073385902,10.704777009569858,10.441382073385903,-0.30601748492483694,152.82848837995573,0.11069662336498087
2025-09-25,USDKES,153.671,154.4935,153.3813,153.42290071143915,-0.007441656658186413,0.007113631620545388,0.006619446724074295,0.11292540111893094,0.10508045909245065,11.292540111893095,10.508045909245064,-1.1502805434625998,152.99125098804123,0.1065001753343564
2025-09-26,USDKES,154.3867,154.4459,154.226,154.42130067753257,0.006507502866023973,0.007521241427922498,0.006692637409726219,0.11939600621255558,0.10624232520757841,11.939600621255558,10.624232520757841,0.998399966093416,153.17996096393955,0.12334690688493577
2025-09-29,USDKES,154.3836,154.8705,153.8765,154.22298125406243,-0.0012842750488436527,0.00656059755941159,0.0066969183598416665,0.10414625756508221,0.10631028318386171,10.41462575650822,10.631028318386171,-0.19831942347013864,153.34567767646587,0.10818432873562767
2025-09-30,USDKES,152.9636,153.0711,152.8381,152.961932619134,-0.008176788080960673,0.0058298586767534764,0.00690785038248761,0.09254613742405074,0.10965872523662777,9.254613742405073,10.965872523662776,-1.2610486349284429,153.4625296253018,0.07620165798378764
2025-10-01,USDKES,153.7739,154.2972,153.7347,153.95160025010267,0.0064700256725500616,0.006690395056855846,0.006985058588694453,0.10620672895929846,0.11088436751340798,10.620672895929847,11.088436751340797,0.9896676309686825,153.6085629669719,0.09515895640888061
2025-10-02,USDKES,153.0923,153.5268,152.6652,152.95148460341528,-0.006496299129483907,0.006221547191349008,0.00664055992425268,0.09876399983017116,0.10541562075476706,9.876399983017116,10.541562075476705,-1.0001156466873908,153.64988445270103,0.026900509275651352
2025-10-03,USDKES,151.8119,152.0215,151.4119,151.76136541380228,-0.007781024111657597,0.006627084170871707,0.006499016124685081,0.10520169980171529,0.1031686825950928,10.520169980171529,10.316868259509281,-1.1901191896130001,153.59755813235722,-0.034055554633316554
2025-10-07,USDKES,152.5716,152.9444,152.1023,152.5948,0.005491744120285302,0.006851487926072563,0.00646482842427219,0.10876399897889819,0.10262596967595468,10.876399897889819,10.262596967595467,0.8334345861977113,153.6076437273813,0.00656624698121
2025-10-08,USDKES,151.3951,151.6669,151.0798,151.52479764130132,-0.007012049943370791,0.006351039606128125,0.006590254369225727,0.10081962818721978,0.10461704482576868,10.081962818721978,10.461704482576868,-1.070002358698673,153.57714557346722,-0.019854580914080433
2025-10-09,USDKES,152.4329,152.5508,152.1416,152.35754675763116,0.005495794281152433,0.007075759930763087,0.006599033381518865,0.11232420668156841,0.10475640732547521,11.232420668156841,10.475640732547522,0.8327491163298362,153.6007509793589,0.015370389782631833
2025-10-10,USDKES,151.7315,151.9703,151.4761,151.8171,-0.003547226698857764,0.00656941835445104,0.00657779049712044,0.10428628334532375,0.10441918698998767,10.428628334532375,10.441918698998768,-0.5404467576311447,153.58298051316555,-0.01156925736368608
2025-10-13,USDKES,152.8212,153.3941,152.7941,152.80982843312913,0.006538976394155238,0.006582618710535322,0.006539463646854437,0.1044958325018228,0.10381076710394614,10.44958325018228,10.381076710394614,0.9927284331291162,153.63547847944784,0.034182150982409176
2025-10-14,USDKES,152.3324,152.5748,152.2621,152.27499043739243,-0.003500023533962282,0.006258447110511883,0.006369521791537834,0.09934976788719128,0.10111302378489423,9.934976788719128,10.111302378489423,-0.5348379957366944,153.71275378727333,0.050297827422607355
2025-10-15,USDKES,153.0369,153.0734,152.3705,152.84642854826689,0.0037526721179430567,0.005534120139768948,0.006379121771566264,0.08785143369229591,0.1012654187433727,8.78514336922959,10.12654187433727,0.5714381108744533,153.81843417067742,0.06875186398023203
2025-10-16,USDKES,152.4917,152.5597,152.393,152.50062225629193,-0.0022624427358847177,0.005261878724179918,0.005926525240193141,0.08352973519897136,0.09408067154579035,8.352973519897136,9.408067154579035,-0.3458062919749523,153.8454671793246,0.017574622179017396
2025-10-17,USDKES,152.4364,152.536,151.858,152.13953197014422,-0.0023677954935873435,0.0044756656152687025,0.0059443253734750975,0.07104898901690326,0.0943632399015975,7.104898901690326,9.436323990159751,-0.3610902861477143,153.85752743953188,0.007839204123727406
2025-10-20,USDKES,153.4832,153.6621,153.3452,153.48657809754286,0.008854017821370519,0.005209363490222758,0.006071951856013292,0.08269608170441324,0.09638924750260945,8.269608170441325,9.638924750260944,1.3470461273986416,153.8854272697703,0.018133549071497335
2025-10-21,USDKES,152.3152,152.4764,152.1776,152.24956095868566,-0.008059448286553472,0.0060816133590493385,0.006245851416464957,0.0965426191085563,0.09914981744296075,9.65426191085563,9.914981744296075,-1.2370171388571976,153.88231576253898,-0.002021963539067251
2025-10-22,USDKES,149.7771,149.9905,149.6873,149.854929249266,-0.015728332445368864,0.007900539205021978,0.006783964888511273,0.12541717175882458,0.1076921039879691,12.541717175882457,10.769210398796911,-2.394631709419656,153.7719865412066,-0.07169714127687188
2025-10-24,USDKES,148.451,148.5199,148.2862,148.38104194618234,-0.009835427572969846,0.00834971961034177,0.006899810333443921,0.13254768963650077,0.10953109341483759,13.254768963650076,10.95310934148376,-1.4738873030836714,153.58805167539438,-0.11961532783015816
2025-10-27,USDKES,147.55,147.8271,147.3942,147.73132657945007,-0.004378695271380573,0.007685136817138008,0.006554520703073079,0.12199776485792184,0.10404979046133361,12.199776485792183,10.404979046133361,-0.6497153667322664,153.32843589470937,-0.16903383945107153
2025-10-29,USDKES,149.4319,149.5167,149.2483,149.40350906820942,0.011319078542627592,0.0098496493945505,0.006879146954253848,0.15635833679495123,0.10920307243933862,15.635833679495123,10.920307243933863,1.672182488759347,153.09999325676617,-0.14898908777760678
2025-10-30,USDKES,149.5954,149.9265,149.5014,149.6964037987676,0.0019604273847708686,0.010021892627242374,0.006901916935343965,0.1590926133472504,0.10956453468327118,15.90926133472504,10.956453468327117,0.2928947305581744,152.8961607405364,-0.13313685513226536
2025-10-31,USDKES,149.501,149.6418,148.9482,149.5704042258042,-0.00084170073405887,0.008827575961524763,0.006885923741549471,0.14013342404235846,0.10931065060257182,14.013342404235846,10.931065060257183,-0.12599957296339426,152.70799016256873,-0.12307083255477247
2025-11-03,USDKES,149.3545,149.4535,148.8195,149.22658729665204,-0.0022986962623507967,0.00861415193966056,0.006822796086787139,0.13674542272839907,0.10830853015046059,13.674542272839908,10.830853015046058,-0.34381692915215467,152.48873449602988,-0.14357838532577105
2025-11-04,USDKES,151.4631,151.5385,150.8523,151.36594551740924,0.014336307353221889,0.008605749774900445,0.007245861190365064,0.13661204249781997,0.11502448046520243,13.661204249781997,11.502448046520243,2.1393582207572024,152.30353109095435,-0.12145382784348735
2025-11-05,USDKES,150.0537,150.4171,149.635,150.08110022316944,-0.008488337914105193,0.00832126982898246,0.007256667985410824,0.1320960633585154,0.11519603301816678,13.20960633585154,11.519603301816678,-1.2848452942398012,152.04752768605115,-0.1680876359657857
2025-11-06,USDKES,150.774,151.0689,150.5437,150.54639478629022,0.0031002875274028785,0.007885681750843969,0.007175010200316339,0.12518131698560128,0.1138997558663326,12.518131698560127,11.389975586633259,0.46529456312077855,151.8535124438601,-0.1276017079288927
2025-11-07,USDKES,150.0339,150.2014,149.9543,150.10445128423328,-0.00293559671544652,0.0070982442188775455,0.007012063295639208,0.11268113369011151,0.11131305394623198,11.268113369011152,11.131305394623197,-0.44194350205694377,151.6943541953403,-0.10481038334798631
2025-11-10,USDKES,150.613,150.8274,150.3514,150.70537263277052,0.004003354620039534,0.007200427844517238,0.007068689157033352,0.1143032484591448,0.11221196162837428,11.43032484591448,11.221196162837428,0.6009213485372413,151.56542724126928,-0.08499126731177364
2025-11-11,USDKES,150.2767,150.9442,150.1195,150.37051152844057,-0.0022219586367761,0.0072771893913761146,0.006963544381345657,0.11552180023859211,0.11054284005961042,11.552180023859211,11.054284005961042,-0.33486110432994565,151.46368093516932,-0.06713028686812228
2025-11-12,USDKES,149.0344,149.5267,149.0099,149.1958734829869,-0.0078116249889294,0.00793511698263846,0.006947018454750064,0.12596607696159962,0.11028049910786933,12.596607696159962,11.028049910786933,-1.174638045453662,151.28950002868447,-0.11499846392839519
2025-11-13,USDKES,148.1703,148.6006,147.8577,148.4503393235984,-0.00499701594946278,0.004894608132919433,0.0069829587600798776,0.077699495308914,0.11085103376754783,7.7699495308914,11.085103376754784,-0.7455341593885123,151.09707863100232,-0.1271875428537128
2025-11-14,USDKES,146.5918,146.5982,146.408,146.41860358714578,-0.01368629903919416,0.006142849240628573,0.00723923502313837,0.09751470859239104,0.11491929332143827,9.751470859239104,11.491929332143828,-2.0317357364526174,150.8789676632694,-0.14435154518477322
2025-11-17,USDKES,144.717,145.3337,144.4024,144.84535984143866,-0.01074483506305779,0.0058843613698332225,0.007273559133082188,0.09341134085408448,0.11546417167474816,9.341134085408449,11.546417167474816,-1.5732437457071171,150.57542631631392,-0.20118201473443564
2025-11-18,USDKES,143.7616,144.3301,143.6585,144.15641415624157,-0.004756422200554278,0.00579241636937701,0.007243384505564728,0.09195175922106733,0.11498516431285694,9.195175922106733,11.498516431285694,-0.6889456851970976,150.28225730140815,-0.19469910999282414
2025-11-19,USDKES,145.3293,145.5478,144.9095,145.2694127251082,0.0077207703547643725,0.006899694415985837,0.007364743008765665,0.1095292532822374,0.11691167082657322,10.952925328223738,11.691167082657323,1.1129985688666295,150.06585887845168,-0.14399465834643577
2025-11-20,USDKES,145.2433,145.3979,144.4967,145.03075595116147,-0.0016428563279066166,0.006944871532813421,0.00724778569277862,0.11024641777869758,0.1150550309939053,11.024641777869757,11.505503099390529,-0.23865677394672957,149.81372407682375,-0.16801609873978718
2025-11-21,USDKES,144.7419,145.5494,144.2135,145.03903593728518,5.709124295338874e-05,0.00707431535937702,0.007182667182796799,0.11230127482173673,0.11402130669495145,11.230127482173673,11.402130669495145,0.008279986123710614,149.59753202002318,-0.1443072443014004
2025-11-24,USDKES,146.5343,146.7711,145.8889,146.4330637255177,0.009611397229883023,0.008701264957695656,0.007356746481988345,0.13812829901846196,0.11678472989934288,13.812829901846197,11.678472989934289,1.3940277882325347,149.40004925228604,-0.1320093754693108
2025-11-25,USDKES,145.5429,145.869,145.257,145.65831904361852,-0.005290776974737232,0.007270051895159099,0.00738199622611081,0.11540849599874879,0.11718555716103922,11.540849599874878,11.718555716103921,-0.7747446818991932,149.19475655373998,-0.13741139950991244
2025-11-26,USDKES,145.042,145.2518,144.5829,144.7838459431434,-0.006003591873205982,0.00634215053401468,0.0072739965786176,0.10067851854203,0.11547111590734117,10.067851854202999,11.547111590734117,-0.8744731004751145,148.92722380407383,-0.1793177963126169
2025-11-27,USDKES,144.2181,144.5135,143.4387,144.17673979647464,-0.004193189804525432,0.006275616750179604,0.007280775172990837,0.09962232746715956,0.11557872275704217,9.962232746715955,11.557872275704216,-0.6071061466687695,148.6572821160432,-0.1812574498707864
2025-11-28,USDKES,142.969,143.6151,142.9572,143.2965628571357,-0.006104847013335246,0.005592773923433439,0.007244149598875464,0.08878253364247125,0.11499730979263673,8.878253364247126,11.499730979263672,-0.8801769393389236,148.33895325967217,-0.21413606642057825
2025-12-01,USDKES,143.2828,143.2933,143.2502,143.2573041129117,-0.0002739684989035984,0.005628635434410866,0.0072519217299710035,0.08935181748058296,0.11512068854885146,8.935181748058296,11.512068854885147,-0.03925874422401421,148.03084265489284,-0.20770714502749144
2025-12-02,USDKES,141.7354,141.8119,141.6214,141.73746508682513,-0.010609155571493,0.006444822332405732,0.00741830374197698,0.1023083828132449,0.11776192110726573,10.230838281324491,11.776192110726573,-1.5198390260865722,147.68410709211554,-0.23423197257996797
2025-12-03,USDKES,141.6858,141.7131,141.2121,141.69564307068757,-0.0002950667708917498,0.003609887807583051,0.007124870873071749,0.05730519239825363,0.11310381872157296,5.730519239825363,11.310381872157297,-0.04182201613755865,147.2910759245537,-0.2661296298569926
2025-12-04,USDKES,140.219,140.2746,139.8916,140.03585581145262,-0.011713749436931709,0.004497691366277904,0.007250907559299327,0.07139863697456192,0.11510458908854608,7.1398636974561915,11.510458908854607,-1.659787259234946,146.88395241964594,-0.27640744855194077
2025-12-05,USDKES,139.7372,139.9604,139.5062,139.92013725212664,-0.0008263494992438725,0.004833245731436317,0.006829946755196642,0.07672539738386983,0.10842204349237718,7.672539738386982,10.842204349237718,-0.11571855932598396,146.55279268640797,-0.2254567144897135
2025-12-08,USDKES,140.8527,141.1378,140.8399,140.8480865778184,0.006631992677506249,0.006519596491565695,0.006861898157815133,0.10349538579103226,0.10892925628458654,10.349538579103227,10.892925628458654,0.9279493256917704,146.30169417412918,-0.17133655911701906
2025-12-09,USDKES,141.516,141.9876,141.2873,141.48832064645504,0.004545564545407554,0.006985573578862598,0.006935374570389582,0.1108925427288833,0.11009565817399355,11.08925427288833,11.009565817399356,0.6402340686366301,146.09359397636265,-0.1422404565724622
2025-12-10,USDKES,140.2037,140.6927,140.0234,140.24737931111582,-0.00877062735404166,0.007403612469720072,0.00662643293941868,0.1175287043902562,0.10519136182289138,11.752870439025621,10.519136182289138,-1.2409413353392154,145.78838965112618,-0.20891013557093885
2025-12-11,USDKES,139.0617,139.5909,138.6585,138.8352811771587,-0.010068624033427565,0.007313356482861753,0.006736254801226676,0.11609593501688524,0.10693472983206373,11.609593501688524,10.693472983206373,-1.4120981339571301,145.4263522304059,-0.24833076322924308
2025-12-12,USDKES,140.277,140.6512,139.8649,140.35039234829364,0.01091301258792865,0.009014888431954199,0.007163489285294796,0.143106917327663,0.11371686701019512,14.310691732766301,11.371686701019513,1.5151111711349472,145.11901850115555,-0.21133290118109382
2025-12-16,USDKES,141.0769,141.3018,140.5343,141.1996,0.006050625420404687,0.00805265070699757,0.007315825208389605,0.12783186699350413,0.11613512481969708,12.783186699350413,11.613512481969709,0.8492076517063651,144.85145225793383,-0.18437710369408888
2025-12-17,USDKES,141.8728,142.6,141.2437,142.076400607023,0.006209653618161726,0.008193874539621684,0.006831566502039472,0.13007372583541704,0.10844775617637524,13.007372583541704,10.844775617637524,0.8768006070230001,144.54180076092095,-0.21377175871284404
2025-12-18,USDKES,142.4609,142.5507,142.1881,142.4178,0.002402928223958156,0.007966763732839634,0.0067687246626783795,0.12646845354661376,0.10745017290309931,12.646845354661377,10.745017290309931,0.34139939297699584,144.28635742014865,-0.17672627532488994
2025-12-19,USDKES,141.6669,141.9976,141.3312,141.7164,-0.004924946179480472,0.00818662427510797,0.0067299885554017,0.12995863145436068,0.10683525626342243,12.995863145436068,10.683525626342243,-0.7014000000000067,143.99202426060563,-0.20399236962226341
2025-12-23,USDKES,142.8385,142.8636,142.7406,142.7862919639654,0.0075495282406652375,0.0074799448883503756,0.006947961836756693,0.11874044397026334,0.11029547483295458,11.874044397026335,11.029547483295458,1.0698919639654036,143.7480856165967,-0.16941121930991176
2025-12-24,USDKES,143.6178,143.7496,143.4416,143.6030924770718,0.005720440680065719,0.0049938798485440776,0.007002920500033814,0.0792753849395072,0.11116791656547338,7.92753849395072,11.116791656547338,0.8168005131064149,143.51134294474008,-0.16469274762244135
2025-12-26,USDKES,143.7288,143.9132,143.2859,143.51232465948115,-0.0006320742542863522,0.0045422073017356525,0.007003942710929762,0.07210530554216556,0.1111841436603822,7.210530554216556,11.11841436603822,-0.09076781759065966,143.28273671577475,-0.15929488518086066
2025-12-29,USDKES,143.7094,143.8645,143.4536,143.7581249246084,0.0017127467324529189,0.004380981955970059,0.006924855184691052,0.06954593252254859,0.10992866810297268,6.95459325225486,10.992866810297269,0.24580026512725794,143.10147843049546,-0.12650392464155225
2025-12-30,USDKES,143.769,144.1396,143.5455,143.64139191850668,-0.0008120097988405517,0.004211143713793515,0.0068880665660297465,0.06684983401110361,0.10934466688664025,6.684983401110362,10.934466688664026,-0.11673300610172532,142.9411801836591,-0.11201718430479124
2025-12-31,USDKES,143.3262,143.5156,143.0418,143.37937457116348,-0.001824107548970666,0.0043724169422499305,0.006466687673844192,0.0694099671448727,0.102655484347911,6.94099671448727,10.2655484347911,-0.26201734734320326,142.839872549793,-0.07087365148092939
2023-01-02,USDNGN,466.6227,466.9416,466.3801,466.43625189236354,,,,,,,,,466.43625189236354,
2023-01-03,USDNGN,470.4728,472.4477,469.2678,470.1525770424112,0.007967487807755802,,,,,,,3.7163251500476804,468.29441446738736,0.3983743903877901
2023-01-04,USDNGN,469.9424,471.4937,469.0417,469.3032726331072,-0.0018064442284816407,,,,,,,-0.8493044093040112,468.63070052262736,0.07181081918785637
2023-01-05,USDNGN,477.9792,480.1128,477.9041,478.2443971692047,0.019051911754059958,,,,,,,8.941124536097504,471.03412468427166,0.5128610137927314
2023-01-06,USDNGN,477.4376,478.0309,477.1244,477.800575070254,-0.0009280236246943518,,,,,,,-0.44382209895070446,472.38741476146816,0.2873019185400949
2023-01-09,USDNGN,473.8281,474.947,473.6119,473.81288902138647,-0.008345921409326884,,,,,,,-3.9876860488675447,472.6249938047879,0.05029326266867695
2023-01-10,USDNGN,475.7689,476.6794,474.1687,475.32189132975367,0.0031848063725827824,,,,,,,1.5090023083672008,473.010264879783,0.08151728749965503
2023-01-11,USDNGN,471.9934,473.4015,471.316,471.3354946812496,-0.008386730595032699,0.009697474153285614,,0.1539426297304224,,15.394262973042238,,-3.986396648504069,472.8009186049663,-0.04425829424017369
2023-01-12,USDNGN,483.7284,486.3628,482.7752,484.3309021731277,0.027571459477429228,0.013819722837253964,,0.21938129889128363,,21.938129889128362,,12.995407491878098,474.0820278903176,0.27096167434093044
2023-01-13,USDNGN,476.3287,477.1636,476.143,476.3671824883496,-0.016442724693068178,0.015860251670607797,,0.2517736899079497,,25.177368990794967,,-7.963719684778084,474.3105433501208,0.048201671094783016
2023-01-16,USDNGN,482.2521,483.2399,481.2557,482.3898048470798,0.012642815416608721,0.014883105566525296,,0.23626197639208207,,23.626197639208208,,6.022622358730189,475.04502166802615,0.1548517797470117
2023-01-17,USDNGN,478.3202,480.3835,477.6102,478.92194729990297,-0.007188911358265937,0.015225465165975538,,0.2416967665466882,,24.16967665466882,,-3.467857547176834,475.3680988040159,0.06800979302032939
2023-01-19,USDNGN,496.4,497.8837,495.7095,496.8623,0.037459867523804924,0.01993748536982837,,0.316497768339327,,31.6497768339327,,17.940352700097037,477.02149889601463,0.3478146926894077
2023-01-23,USDNGN,498.4181,498.4823,497.3296,497.6008392906163,0.0014864063758033286,0.02000156039935185,,0.3175149278995365,,31.75149278995365,,0.738539290616302,478.4914517813433,0.30815233458671987
2023-01-24,USDNGN,493.4034,495.0958,492.6681,493.4000321805785,-0.008442122236020588,0.0200085495506167,,0.3176258772362697,,31.76258772362697,,-4.200807110037829,479.48535714129235,0.20771642967682968
2023-01-25,USDNGN,488.8841,488.9437,488.7738,488.82222092719127,-0.009278092733710608,0.018392554456775283,,0.2919727504070405,,29.197275040704053,,-4.57781125338721,480.06891112791106,0.12170423516117967
2023-01-26,USDNGN,499.499,500.0562,498.8228,499.6697895616756,0.022191234706779195,0.017914502968685662,,0.28438391829882353,,28.438391829882352,,10.847568634484333,481.221903976956,0.24017236324176405
2023-01-27,USDNGN,504.8367,505.8984,503.0531,505.0737,0.010814963304194958,0.017831360580023076,,0.2830640737959691,,28.30640737959691,,5.403910438324374,482.547003756014,0.275361484609693
2023-01-30,USDNGN,504.8185,504.8328,503.6287,504.20674446957497,-0.001716493118578577,0.017229711239179477,,0.27351318660194046,,27.351318660194046,,-0.8669555304250025,483.68699010935933,0.23624358756182406
2023-01-31,USDNGN,517.1251,519.0343,516.3977,516.5439222043482,0.024468490098742857,0.013829083857021932,,0.21952990047322765,,21.952990047322764,,12.337177734773206,485.32983671410875,0.33965077381510334
2023-02-01,USDNGN,505.7415,507.5817,505.1887,506.0869566317711,-0.020244097593776766,0.016995155462495807,,0.2697897290798689,,26.978972907986893,,-10.456965572577076,486.3182709959022,0.20366237701057166
2023-02-02,USDNGN,496.7753,497.5261,495.8576,496.3241905165582,-0.01929068905507536,0.018584105230848354,,0.29501352467687614,,29.501352467687614,,-9.762766115212912,486.77308551956844,0.09352198977325976
2023-02-06,USDNGN,499.2366,501.7519,498.8865,499.6164,0.006633183605287085,0.01808493392757521,,0.28708942589639164,,28.708942589639165,,3.292209483441809,487.33149049697846,0.11471566403757905
2023-02-07,USDNGN,494.8163,495.0471,494.3096,494.86878426713486,-0.009502521800455632,0.016450488887090938,,0.261143415244046,,26.1143415244046,,-4.7476157328651425,487.6455444040683,0.06444358987955923
2023-02-09,USDNGN,496.6498,498.2854,496.4313,497.0858434385608,0.004480095010860774,0.01583819989698629,,0.2514236288541273,,25.142362885412727,,2.2170591714259444,488.023156365448,0.07743574522784957
2023-02-13,USDNGN,508.1732,509.7154,507.0325,507.242198847716,0.02043179370971271,0.01800710545695061,,0.28585393722723257,,28.585393722723257,,10.156355409155196,488.7623503070737,0.1514669810200875
2023-02-14,USDNGN,521.4444,521.9722,520.175,520.8989762480443,0.02692358291828212,0.018556008880879576,,0.29456750894828,,29.456750894827998,,13.65677740032828,489.9525957122948,0.24352231804951607
2023-02-15,USDNGN,523.4728,524.9151,522.1555,523.007237894255,0.004047352255126757,0.01593087437724561,,0.25289479062001724,,25.289479062001725,,2.1082616462107353,491.1331186473648,0.24094635795404162
2023-02-16,USDNGN,522.8809,524.1678,521.6488,522.6439901581264,-0.0006945367287671811,0.012399800617896852,,0.19684073245044073,,19.684073245044072,,-0.3632477361286419,492.219700423598,0.22123976880763507
2023-02-17,USDNGN,518.6806,521.4539,517.7742,519.6667795340522,-0.005696440942855485,0.01337641036765041,,0.21234393160529433,,21.234393160529432,,-2.9772106240741323,493.13460306061313,0.18587281984605575
2023-02-20,USDNGN,545.769,546.2396,544.1384,545.0801757361414,0.048903253398024704,0.019236097779223055,0.016876503727929572,0.30536358551487636,0.2679061911861367,30.536358551487634,26.79061911861367,25.41339620208919,495.7560671887391,0.5315920058856172
2023-02-21,USDNGN,575.5952,576.3243,574.9067,575.4087681563617,0.05564060806148552,0.024096289811889476,0.01921463443228443,0.3825167421695935,0.30502286544506013,38.25167421695935,30.502286544506013,30.328592420220275,499.2646068925374,0.7077149299844265
2023-02-22,USDNGN,578.9871,579.129,577.8717,577.9521608345519,0.004420149325043088,0.024944679826947112,0.019150507691549808,0.3959845161373906,0.3040048849948226,39.59845161373906,30.400488499482258,2.54339267819023,502.8862364992522,0.7253928191017112
2023-02-23,USDNGN,594.7374,595.671,593.6857,594.8186367377143,0.02918316955300848,0.025077398561905627,0.01945472752729644,0.3980913607395066,0.30883422517049364,39.809136073950654,30.883422517049365,16.86647590316238,506.7720444848692,0.7727012003087008
2023-02-24,USDNGN,587.5014,588.5344,586.5766,587.663184666937,-0.012029636646930575,0.027351008157673704,0.01972384721116949,0.4341837941526211,0.31310636770913614,43.41837941526211,31.310636770913614,-7.155452070777301,510.4341314714253,0.7226300318674106
2023-02-27,USDNGN,587.8143,590.1149,587.4427,587.8300760598983,0.00028399157428227184,0.027247184166075415,0.019552885166678698,0.4325356393812743,0.3103924293890133,43.253563938127435,31.039242938901328,0.16689139296124722,514.2347043727091,0.7445765608047994
2023-03-01,USDNGN,569.2167,569.6312,567.8401,569.1610116796674,-0.031759287488938526,0.032229520975525214,0.02081261519254915,0.5116277842558774,0.3303900235942184,51.16277842558774,33.039002359421836,-18.669064380230907,517.3626750510396,0.6082768532991389
2023-03-02,USDNGN,569.3631,570.5086,567.4776,569.6223085581929,0.0008104857308552926,0.028318497556596715,0.020657035260453486,0.449542212226471,0.32792026873831376,44.9542212226471,32.792026873831375,0.4612968785255589,520.638902180271,0.6332554100289878
2023-03-03,USDNGN,571.3045,572.4482,570.606,571.2206173825091,0.0028059098112953595,0.018382631518236592,0.020278835426288097,0.2918152286411504,0.32191653249578883,29.18152286411504,32.191653249578884,1.5983088243161774,523.5352260205838,0.5563018491672178
2023-03-06,USDNGN,570.9459,571.2498,569.8169,570.3188564980569,-0.0015786560516395376,0.018232607969742538,0.019896871191481553,0.2894336786404382,0.3158530382456736,28.943367864043818,31.58530382456736,-0.9017608844521874,526.6669484875739,0.5981875356878108
2023-03-07,USDNGN,583.5369,584.0211,583.2539,583.6518221834943,0.023378090227116344,0.0166546156454738,0.0201119856641544,0.26438382707573493,0.31926787463429257,26.438382707573492,31.926787463429257,13.332965685437443,530.0423490654545,0.6408985009546786
2023-03-09,USDNGN,598.6446,599.1184,597.6985,598.1344316452893,0.024813782654895533,0.01884926053554218,0.020205832943343043,0.2992227346470526,0.3207576540060117,29.922273464705263,32.07576540060117,14.482609461794937,534.0160985436339,0.7497041482035893
2023-03-10,USDNGN,598.3878,599.459,597.0648,598.8464195352929,0.001190347608053699,0.018833171363453062,0.01942971392506105,0.29896732695816025,0.30843714654504123,29.896732695816024,30.843714654504122,0.7119878900035701,537.4155691948104,0.6365857996505131
2023-03-13,USDNGN,592.1656,594.959,591.7525,592.7916,-0.010110805271226986,0.0131221718054322,0.019645479579673397,0.2083080195494223,0.3118623201264812,20.83080195494223,31.18623201264812,-6.054819535292836,540.5885945517898,0.5904230429597535
2023-03-14,USDNGN,598.5507,598.6748,597.8594,597.9215874891013,0.008653947675880236,0.012948747414198117,0.019458088980745667,0.2055549926865534,0.3088875865897159,20.55549926865534,30.88875865897159,5.129987489101268,544.0726463954072,0.6444922957551613
2023-03-15,USDNGN,587.4523,588.8267,587.4517,587.4618583532581,-0.01749347967141901,0.015970698181379788,0.019745035695381438,0.2535269739120147,0.31344272446843546,25.352697391201467,31.344272446843547,-10.45972913584319,547.3606343096094,0.604328840272661
2023-03-16,USDNGN,591.456,592.1228,590.6669,591.8667199314382,0.0074981235216318165,0.01579827117824193,0.019519020523690155,0.2507897800943251,0.3098548448474993,25.07897800943251,30.985484484749932,4.404861578180089,550.433865321935,0.5614636529720274
2023-03-17,USDNGN,584.6321,584.6769,583.7516,584.2410581068549,-0.012884086176473408,0.014844223988494963,0.019788532496377943,0.23564475047578198,0.3141332147780172,23.5644750475782,31.41332147780172,-7.62566182458329,553.0727772588301,0.47942397863760533
2023-03-20,USDNGN,577.6006,579.3141,575.3714,577.3817695952612,-0.01174051090113426,0.010573178389669063,0.019990363929603523,0.16784400351952034,0.31733718945244094,16.784400351952034,31.733718945244092,-6.859288511593718,555.5119447630196,0.4410210743473364
2023-03-21,USDNGN,581.3487,581.4311,580.4153,581.4296,0.0070106654174002525,0.011340635191522752,0.019646744040634163,0.18002700255765935,0.31188239282194963,18.002700255765937,31.188239282194964,4.047830404738875,557.6748006895414,0.3893446301041159
2023-03-22,USDNGN,576.0827,577.4653,574.5189,575.9908668928704,-0.009354069877298476,0.011277801698965268,0.019277894236881348,0.17902955178578295,0.30602708371076004,17.902955178578296,30.602708371076005,-5.4387331071296785,560.0049310315779,0.41782959157476984
2023-03-23,USDNGN,585.1966,586.0962,582.1272,585.2498439417423,0.01607486781660028,0.012902194082048934,0.01884952267793275,0.20481598144914462,0.29922689602849384,20.48159814491446,29.922689602849385,9.258977048871884,562.9691194790842,0.5293147047912505
2023-03-24,USDNGN,578.4396,581.5328,578.2434,579.0451515601992,-0.010601783914633067,0.011828786931338866,0.019080634200220818,0.187776171191361,0.3028956777070686,18.7776171191361,30.28956777070686,-6.204692381543055,565.6167445310908,0.47029667532323405
2023-03-27,USDNGN,574.9089,575.6517,574.4617,574.8265437019128,-0.007285455800673968,0.011150742907878462,0.01902632843565584,0.17701255600718177,0.30203360042029165,17.701255600718177,30.203360042029164,-4.218607858286418,568.2820031789166,0.4712128262813975
2023-03-29,USDNGN,554.8257,556.4485,553.0339,554.4041012644747,-0.03552800868574468,0.016242046100534514,0.020427433998379513,0.2578344885891643,0.32427546169738797,25.78344885891643,32.4275461697388,-20.42244243743812,570.1926117731139,0.3362078305329863
2023-03-30,USDNGN,565.9143,567.5911,565.1224,566.377982688615,0.02159775044381984,0.019332606767763858,0.02046116396086682,0.30689561821264444,0.3248109082522257,30.689561821264444,32.481090825222566,11.973881424140359,572.1638045678104,0.3457064777754315
2023-03-31,USDNGN,567.4078,567.8343,566.2276,567.8024756825696,0.002515092460325663,0.019033114136923265,0.019993312564885332,0.30214132008844036,0.3173839975864171,30.214132008844036,31.738399758641712,1.4244929939545727,573.7272545489612,0.2732521646195085
2023-04-03,USDNGN,587.3997,588.3057,586.0355,586.5373483976049,0.03299540512308208,0.023064321852615324,0.020727244963809215,0.3661347586822361,0.329034813226531,36.61347586822361,32.9034813226531,18.734872715035294,575.8449248990729,0.3691075041879488
2023-04-05,USDNGN,566.7064,568.1101,564.8667,567.776096617473,-0.031986457181945704,0.025488474007067975,0.02173620394636069,0.404616981127415,0.3450515405319068,40.4616981127415,34.50515405319068,-18.761251780131943,577.3493284477178,0.2612515077576649
2023-04-06,USDNGN,564.0184,566.0,562.3647,563.1994388411764,-0.008060673571081978,0.025397407868308602,0.021773041982349303,0.40317135099131785,0.34563632622399026,40.31713509913178,34.56363262239903,-4.576657776296543,578.8004170912886,0.25133633522573806
2023-04-07,USDNGN,562.2409,563.8923,560.3365,562.9324,-0.0004741461421300386,0.025366662989678105,0.019967995098006026,0.4026832911736469,0.31698209525928456,40.26832911736469,31.698209525928455,-0.26703884117637244,579.3954912334173,0.10281162980481096
2023-04-10,USDNGN,557.1512,559.9405,556.166,558.0122043129694,-0.008740295792231234,0.02128150605963864,0.01718890127892785,0.33783343535230775,0.27286534856689904,33.78334353523078,27.286534856689904,-4.920195687030628,578.8156057719709,-0.10008456576213742
2023-04-11,USDNGN,562.2898,563.7096,559.8703,562.6921951976194,0.008386897004182936,0.01968915669314891,0.017246238582453517,0.31255567280792934,0.2737755500427547,31.255567280792935,27.37755500427547,4.67999088465001,578.3069402507397,-0.08788040891759552
2023-04-12,USDNGN,572.5228,574.0149,572.1739,572.8221950597979,0.018002737462212037,0.02094922507998785,0.016688945804070397,0.3325586383269904,0.2649288014484309,33.25586383269904,26.492880144843088,10.129999862178465,577.5737255281425,-0.12678642975981758
2023-04-13,USDNGN,569.0912,569.4521,568.7602,569.4213864585636,-0.0059369358075925804,0.01568357330908188,0.01658837933737925,0.24896900786808604,0.2633323582818475,24.896900786808605,26.333235828184748,-3.400808601234303,576.9656655878636,-0.10527832437718931
2023-04-14,USDNGN,561.7205,562.6163,561.5559,562.579,-0.012016384739461428,0.010835979570430664,0.01670923842841546,0.1720158429308163,0.26525093687322626,17.20158429308163,26.525093687322627,-6.842386458563624,576.1239630525336,-0.14588433689072255
2023-04-17,USDNGN,561.3101,563.1292,560.5924,561.7414366184404,-0.001488792474584999,0.010425763457022945,0.015691127996413604,0.16550386401160655,0.24908893481156158,16.550386401160655,24.90889348115616,-0.837563381559562,575.876643883826,-0.04292811696239296
2023-04-19,USDNGN,565.8732,566.0435,564.5622,565.4881884210661,0.006669886816931925,0.01075312309602585,0.015742046283137134,0.17070053717609596,0.24989723755469725,17.070053717609596,24.989723755469726,3.746751802625681,575.7388398792551,-0.02392943107424328
2023-04-20,USDNGN,578.0882,578.2851,576.8989,577.4362668007112,0.02112878504678606,0.012211590270352849,0.016208143893667423,0.1938529858078179,0.25729630773956474,19.38529858078179,25.729630773956476,11.948078379645153,575.946028193195,0.03598650978338114
2023-04-21,USDNGN,574.5179,575.4308,573.4542,574.0640263699667,-0.005840021877095647,0.01272023264300915,0.01624550890610628,0.20192743315372838,0.25788945892345305,20.192743315372837,25.788945892345303,-3.3722404307445686,576.0708671889255,0.021675467772919177
2023-04-24,USDNGN,572.541,574.2838,571.3631,574.1204,9.820094526702405e-05,0.010846727349759708,0.01565257582036197,0.1721864586383214,0.24847693798956358,17.21864586383214,24.847693798956357,0.05637363003336304,575.7531531161422,-0.05515190766955946
2023-04-25,USDNGN,575.7867,576.9305,575.1127,576.2121677495784,0.0036434304539227913,0.010517186270241112,0.014936056732186212,0.16695515617920562,0.23710255008790065,16.695515617920563,23.710255008790064,2.0917677495783664,575.0224109862852,-0.12691934484458933
2023-04-26,USDNGN,575.1108,576.5192,573.8112,574.4660810516706,-0.003030284321706045,0.008996390386925035,0.014933267362488251,0.14281326996633475,0.23705827021668813,14.281326996633476,23.705827021668814,-1.7460866979077991,574.2097330368312,-0.14132978713996547
2023-04-28,USDNGN,580.665,581.8731,579.9369,581.0570736456583,0.011473249355160586,0.009242869150627065,0.015012702528123992,0.1467259990396201,0.23831926437844048,14.672599903962011,23.831926437844047,6.590992593987721,573.8185821583531,-0.06811986212935661
2023-05-01,USDNGN,585.0883,586.893,584.0898,584.8084020839894,0.0064560412539074186,0.009236309107370076,0.01497150822672464,0.1466218615813332,0.23766532511682614,14.66218615813332,23.766532511682612,3.751328438331143,573.3814759781827,-0.07617497825292974
2023-05-02,USDNGN,590.5784,591.8374,588.6878,591.1314759718931,0.01081221450541947,0.006672585189413406,0.014762598707144138,0.10592400607848414,0.2343489893048822,10.592400607848413,23.43489893048822,6.323073887903661,573.5037965654706,0.021333194812256373
2023-05-03,USDNGN,600.6809,601.661,600.3777,601.1945721474236,0.017023448394429597,0.006998886523499752,0.015022604271716025,0.1111038791732506,0.23847644968498316,11.11038791732506,23.847644968498315,10.063096175530518,573.8147249726701,0.05421557957621115
2023-05-04,USDNGN,597.5073,598.3602,597.0329,597.6213309655382,-0.005943568600631388,0.008208089931536707,0.014859858578350428,0.13029938818619585,0.2358929418954303,13.029938818619586,23.589294189543033,-3.5732411818854644,574.2607340679596,0.07772702161150669
2023-05-05,USDNGN,595.0944,596.4109,594.3691,596.1767629284418,-0.0024171962449239803,0.008770919021035392,0.014683650406495642,0.13923402299487447,0.23309572388519972,13.923402299487448,23.30957238851997,-1.44456803709636,574.8872338457321,0.10909674658312607
2023-05-08,USDNGN,603.9164,604.2888,601.6114,604.0260364638548,0.01316601723431332,0.008457693232527288,0.014810494281686707,0.13426171775124712,0.23510930797972338,13.426171775124713,23.51093079797234,7.849273535412976,575.6404483945274,0.13101952947478512
2023-05-09,USDNGN,606.9583,607.8476,604.5728,607.4597679372739,0.005684740832565982,0.00825354071201711,0.014688728223443904,0.13102089695846547,0.23317633173028898,13.102089695846548,23.3176331730289,3.4337314734191295,576.6894117626741,0.18222544490615888
2023-05-10,USDNGN,601.911,603.3988,601.1847,602.5643747884262,-0.008058794025933236,0.009896178394220172,0.014544628223297757,0.1570969617662226,0.23088881514442255,15.70969617662226,23.088881514442257,-4.895393148847688,577.266562790897,0.10008004593993203
2023-05-11,USDNGN,584.8451,585.2365,583.8074,584.0995646541924,-0.030643713612702794,0.015930700160173294,0.015526588715890166,0.2528920250097323,0.2464769547085625,25.28920250097323,24.647695470856252,-18.464810134233858,577.4350432273634,0.029185899084804845
2023-05-12,USDNGN,575.4199,575.4696,574.4864,575.4211297770487,-0.014857800625620365,0.014180722149686523,0.015716342497783378,0.22511198531625481,0.2494892026119031,22.51119853162548,24.94892026119031,-8.678434877143673,577.4548627632013,0.00343234032473827
2023-05-15,USDNGN,577.0836,578.4321,576.2157,577.2305977012412,0.0031445976356370142,0.014612538643294303,0.014201695988533375,0.23196685964086738,0.2254449346860175,23.19668596408674,22.54449346860175,1.8094679241925178,578.2157459777602,0.13176496790034964
2023-05-16,USDNGN,571.6002,572.7656,571.1084,572.0409504627768,-0.008990596235077697,0.01464098436663615,0.013797103668359694,0.23241842149982261,0.2190222307167404,23.24184214998226,21.90222307167404,-5.189647238464431,578.4045115702322,0.032646221377596873
2023-05-17,USDNGN,560.6128,561.6374,559.0644,560.3251750521384,-0.020480658598235668,0.012784504889474921,0.014306304067856386,0.20294772343583967,0.22710553646411832,20.294772343583965,22.71055364641183,-11.715775410638344,578.1552682158846,-0.04309153012499456
2023-05-18,USDNGN,562.8619,565.6783,560.8522,562.4415803500054,0.0037771019259844607,0.012393873388709809,0.012882127332187125,0.19674664060408512,0.20449743167061052,19.67466406040851,20.44974316706105,2.1164052978670043,577.3520759476312,-0.13892328106460683
2023-05-19,USDNGN,566.1543,568.3456,564.0663,566.1522536942729,0.006597437803155026,0.01407275038823541,0.0115741945239709,0.22339798673975136,0.1837346420178757,22.339798673975135,18.37346420178757,3.710673344267434,577.2979478501911,-0.009375232149499979
2023-05-22,USDNGN,561.4599,562.925,560.2615,562.3367090043039,-0.006739432131677825,0.010269060355427507,0.011545062069761539,0.16301627939264243,0.18327217864436202,16.301627939264243,18.3272178644362,-3.8155446899689878,577.2691901889619,-0.004981424468297746
2023-05-23,USDNGN,561.0959,561.5868,560.5384,561.2686539734375,-0.001899315861412565,0.009403983947937788,0.01155006905563803,0.14928361715692062,0.18335166208104528,14.928361715692063,18.33516620810453,-1.0680550308663896,577.2137319880767,-0.009606991301081003
2023-05-24,USDNGN,569.2565,570.8941,567.7881,570.0910065115187,0.015718591222980915,0.011786666353527401,0.011775369446205318,0.18710752774755612,0.18692819490340587,18.710752774755612,18.692819490340586,8.82235253808119,577.6163587280283,0.06975349296782785
2023-05-25,USDNGN,576.8313,577.8881,574.0233,577.3580776809483,0.012747212438761313,0.01239854444615016,0.011898745797891956,0.19682079134216632,0.1888867337687816,19.682079134216632,18.88867337687816,7.2670711694296415,578.1052214774726,0.08463450559481611
2023-05-26,USDNGN,555.8698,557.2003,555.2371,555.5395123793263,-0.03779035254734775,0.01796417396648794,0.013402879540070307,0.28517242094416717,0.21276411669109077,28.517242094416716,21.276411669109077,-21.818565301622016,577.5291320547902,-0.09965130936026023
2023-05-29,USDNGN,566.8221,569.0055,565.7078,566.798239578576,0.020266294202962554,0.019704634278741456,0.013909767092436342,0.3128013718621709,0.22081070712849932,31.28013718621709,22.081070712849932,11.258727199249734,577.4416938254574,-0.01514005519024364
2023-05-30,USDNGN,565.2288,566.0444,562.9217,565.5206014567547,-0.002254132127812003,0.01958956813417599,0.013733476126135792,0.31097475344511155,0.21801217479718818,31.097475344511157,21.80121747971882,-1.2776381218213828,577.5397472073491,0.016980655006415546
2023-05-31,USDNGN,566.2545,568.1539,565.2031,566.8607172102026,0.002369702801269913,0.01936802211643083,0.013734545593648582,0.30745781944364914,0.21802915206763282,30.745781944364914,21.80291520676328,1.3401157534478898,577.7103898937411,0.02954648354802636
2023-06-01,USDNGN,573.8179,574.6261,572.8763,573.8818006814272,0.012385905846111323,0.01972305814329132,0.01386364666587794,0.313093841644897,0.22007856805429682,31.3093841644897,22.007856805429682,7.021083471224642,577.9901769690865,0.048430334686710985
2023-06-02,USDNGN,593.4989,594.6231,593.0014,593.5015122966076,0.034187722265951015,0.022668932998421144,0.014710111581308413,0.35985815520604864,0.23351578201291892,35.985815520604866,23.351578201291893,19.61971161518045,578.5256851522831,0.09265004917640152
2023-06-05,USDNGN,594.5262,595.1141,593.0933,594.3553640188347,0.001438668149172928,0.022509301034894222,0.014652974951023617,0.3573240763453136,0.23260876612600404,35.73240763453136,23.260876612600402,0.8538517222270912,579.2020630739121,0.11691406950253835
2023-06-06,USDNGN,588.2996,589.6725,587.1356,588.4523,-0.009931876409628337,0.015033737390958646,0.014794211514964004,0.23865318247397757,0.23485082707129726,23.865318247397756,23.485082707129727,-5.903064018834698,579.679793073912,0.08248071449616923
2023-06-07,USDNGN,583.5326,584.6485,582.5655,583.4213812922097,-0.008549407841196843,0.015172079341029735,0.014884261805296738,0.2408492928486325,0.23628033111355473,24.08492928486325,23.628033111355474,-5.030918707790306,579.9201001919997,0.04145514833515662
2023-06-08,USDNGN,577.8708,578.0192,577.3461,577.5316591750554,-0.01009514273218659,0.015998002926953095,0.014997860015040974,0.25396042331040786,0.23808364678774716,25.396042331040785,23.808364678774716,-5.889722117154292,580.0222861294459,0.01762069247337461
2023-06-09,USDNGN,589.2973,590.0899,588.379,589.4803996934423,0.020689325560878213,0.017301112488146766,0.015325702853242317,0.27464664629034163,0.2432879905017132,27.464664629034164,24.32879905017132,11.948740518386899,580.3030636643721,0.04840805976609186
2023-06-12,USDNGN,579.8868,580.5457,577.0306,578.32014048663,-0.018932366899079622,0.01923503318802849,0.015687526176407045,0.30534668565358375,0.24903175769153416,30.534668565358373,24.903175769153414,-11.160259206812384,580.0867882777934,-0.03726938562291782
2023-06-14,USDNGN,570.2308,570.906,568.6079,570.4469832781878,-0.013613838871005424,0.013104131356402244,0.015727271474841466,0.2080216362993831,0.2496626947441833,20.80216362993831,24.96626947441833,-7.873157208442194,579.3973051880032,-0.11885860938795068
2023-06-15,USDNGN,587.5665,587.9069,586.4144,586.489,0.028121836370531117,0.0183241655597725,0.01628800771941211,0.29088711032359627,0.25856410666958857,29.088711032359626,25.85641066695886,16.042016721812274,578.9071194497558,-0.08460269556972433
2023-06-16,USDNGN,579.2568,579.2801,578.2972,579.2517376125411,-0.012339979756583519,0.018524686743143087,0.01640053440035472,0.29407028542639,0.2603504123513905,29.407028542639,26.03504123513905,-7.237262387458941,578.2947996713225,-0.10577167871338444
2023-06-19,USDNGN,575.5536,578.3972,573.0361,575.7242085943847,-0.006089803084053935,0.018404968984226153,0.016425860164961927,0.29216982492071686,0.2607524464008699,29.216982492071686,26.075244640086993,-3.5275290181564287,577.6130478601874,-0.11789001241625519
2023-06-20,USDNGN,569.0604,569.983,567.8185,569.2017633777056,-0.011329114043342914,0.018503847695331484,0.016304097618725217,0.29373947579797666,0.2588195259028039,29.373947579797665,25.881952590280388,-6.5224452166791025,576.4522387573156,-0.20096656527619494
2023-06-21,USDNGN,571.2025,572.3221,568.9175,570.8593543112919,0.0029121324638032853,0.015922213316366684,0.01626773809758927,0.25275730054096346,0.25824233639851324,25.275730054096346,25.824233639851325,1.6575909335863344,575.2322249697829,-0.21164178148787016
2023-06-22,USDNGN,581.7193,582.9511,579.4003,581.4106918598951,0.018483252431472863,0.01652574518595531,0.016641034788195154,0.2623380719523637,0.2641682376500328,26.23380719523637,26.41682376500328,10.551337548603215,574.5271022054985,-0.12258053941978098
2023-06-23,USDNGN,581.9837,582.5453,580.8906,581.6317251499016,0.0003801672261984912,0.015279975966146551,0.015674909570612686,0.24256209867280604,0.2488314752836045,24.256209867280603,24.88314752836045,0.22103329000651684,574.4448408886889,-0.014318091608533923
2023-06-26,USDNGN,574.3755,575.4439,573.0445,574.2238173303522,-0.012736423236955008,0.011319981893102586,0.015610328635147943,0.17969914160942158,0.24780628471555075,17.969914160942157,24.780628471555076,-7.40790781954945,574.4049304737989,-0.0069476496347697925
2023-06-27,USDNGN,579.985,580.9299,578.0227,578.6065610072094,0.007632465851439729,0.011076111058732071,0.015662441387696374,0.17582781213082432,0.24863354901581994,17.582781213082434,24.863354901581992,4.382743676857217,574.4507959173313,0.007984862437471207
2023-06-28,USDNGN,593.1489,593.1855,591.6427,592.0622945142919,0.023255411213553234,0.013681224650025478,0.016110195659027996,0.21718270832864464,0.2557414277182824,21.718270832864466,25.57414277182824,13.455733507082527,575.1181740523817,0.11617672737047613
2023-06-29,USDNGN,587.4226,588.9125,586.2991,586.9485235111642,-0.008637217824051469,0.01320528903823473,0.015698600540988487,0.20962746471537844,0.24920755777919748,20.962746471537844,24.920755777919748,-5.113771003127681,576.0056190010159,0.1543065388424525
2023-06-30,USDNGN,586.1947,589.6837,586.0833,587.5205927528903,0.0009746497670763965,0.01326355968723379,0.01569395173032937,0.21055248259129353,0.24913376019782002,21.055248259129353,24.913376019782003,0.5720692417260125,576.8415860811122,0.1451317578370359
2023-07-03,USDNGN,597.9443,600.4817,596.0592,597.4611976336193,0.01691958546363681,0.012993190820586876,0.015919411683562718,0.2062605098908808,0.25271282599897815,20.62605098908808,25.271282599897816,9.940604880729097,577.8852175457571,0.18092167586858388
2023-07-04,USDNGN,597.1718,597.8406,596.3265,597.8098266928602,0.0005835174913813024,0.01298405164301599,0.015838018824544726,0.20611542994463944,0.25142075441822925,20.611542994463942,25.142075441822925,0.3486290592408068,579.0676548020423,0.20461455326836742
2023-07-05,USDNGN,608.219,611.1786,608.0471,608.9592511192503,0.018650453586669613,0.011585764490232934,0.016098544072289056,0.1839183095383162,0.2555564645129392,18.39183095383162,25.555646451293917,11.14942442639017,580.6573413735694,0.2745251886103972
2023-07-06,USDNGN,600.5403,603.2897,599.5808,601.4575565833482,-0.012318877695205788,0.014026742402683902,0.01613933587336463,0.22266763261119732,0.2562040142799975,22.26676326111973,25.620401427999752,-7.501694535902175,581.7028930426302,0.18006345473693397
2023-07-07,USDNGN,610.0706,611.4904,606.8514,610.6346959739468,0.01525816624988563,0.012605864739444538,0.016203843268172875,0.2001118989689297,0.25722803742632117,20.01118989689297,25.722803742632117,9.177139390598654,582.8121136523969,0.1906850770442059
2023-07-10,USDNGN,595.7083,596.8926,594.7233,596.7990127889061,-0.022657872663087275,0.015758852151496854,0.015122017822721023,0.25016402244417507,0.24005459088243752,25.016402244417506,24.005459088243754,-13.835683185040693,584.1874303327162,0.23597942597666233
2023-07-12,USDNGN,578.9468,580.9418,576.1713,579.3480434680457,-0.02924094870618188,0.019849447382205496,0.015802456774521977,0.3151002086122668,0.2508562243753983,31.51002086122668,25.08562243753983,-17.450969320860395,584.6057571290318,0.07160831859687189
2023-07-13,USDNGN,578.5272,580.3986,577.3275,579.8996956062342,0.0009521947030082245,0.018183293007599716,0.015791573783895386,0.2886508278859713,0.25068346225508664,28.865082788597128,25.068346225508662,0.5516521381885013,585.0850602673479,0.0819874133073828
2023-07-14,USDNGN,571.3388,571.996,568.983,571.0464064483783,-0.015266931893455404,0.01848573629621355,0.016063136847698393,0.29345196625020775,0.25499439224764775,29.345196625020776,25.499439224764775,-8.853289157855897,585.2245832419538,0.023846613779920922
2023-07-17,USDNGN,567.3289,569.123,566.9007,568.7037678156225,-0.004102361220212902,0.01502929436766518,0.015919245291604475,0.2385826516657549,0.2527101846085281,23.85826516657549,25.27101846085281,-2.3426386327557793,585.0519821464269,-0.029493138270231256
2023-07-18,USDNGN,553.3212,553.9243,553.1054,553.34916871131,-0.026999292027357624,0.01642707391545076,0.015270635730669956,0.26077171409255273,0.24241382703125894,26.07717140925527,24.241382703125893,-15.35459910431257,583.7135706935837,-0.22876795458974808
2023-07-19,USDNGN,545.3171,545.9463,544.9672,545.0139857200335,-0.015063152639567923,0.011335488155714456,0.015430681792780693,0.179945295897232,0.24495447950322016,17.9945295897232,24.495447950322017,-8.335182991276497,582.0688580836236,-0.2817670673659123
2023-07-20,USDNGN,570.3748,571.1674,570.1269,570.5886841179951,0.04692484792692819,0.025826381413594685,0.017826335676261035,0.4099810949104339,0.28298430592167073,40.99810949104339,28.298430592167072,25.574698397961583,581.4734042208901,-0.10229955691049009
2023-07-21,USDNGN,565.7236,566.3299,565.1668,565.5559550911909,-0.008820239810019559,0.02385684352887301,0.01783042459545008,0.3787156502662714,0.28304921550150225,37.87156502662714,28.304921550150226,-5.032729026804191,580.8778900141896,-0.10241469384114632
2023-07-24,USDNGN,567.4162,568.0285,566.5424,567.774,0.003921884101550033,0.02396905393419274,0.017764247158853774,0.38049693522821,0.28199868126367683,38.049693522821,28.199868126367683,2.2180449088091336,580.5526347083543,-0.05599374867364393
2023-07-25,USDNGN,575.8422,576.8779,574.8831,575.0324583349235,0.012784062558207188,0.023876636746113167,0.01749699986053775,0.37902985784905135,0.2777562619242883,37.902985784905134,27.77562619242883,7.258458334923489,580.0710366630703,-0.08295510458339317
2023-07-26,USDNGN,572.1774,573.2058,571.4771,571.5577705647062,-0.006042594152473879,0.023960040604358725,0.01718887982170829,0.38035385305285757,0.27286500794409835,38.03538530528576,27.286500794409836,-3.474687770217315,579.8456243323395,-0.03885943556629634
2023-07-27,USDNGN,580.6705,582.5271,577.9533,580.1427491978035,0.015020316537058376,0.020850300945007356,0.01721620893546001,0.33098826636806694,0.27329884417533146,33.09882663680669,27.329884417533144,8.584978633097307,580.1688165296601,0.055737628044139065
2023-07-28,USDNGN,578.9368,580.7165,578.5659,579.7558769157721,-0.0006668570495216297,0.018938194637766435,0.016419156502421275,0.3006345197524017,0.26064602905713474,30.06345197524017,26.064602905713475,-0.38687228203139057,579.944379093519,-0.038684849951708955
2023-07-31,USDNGN,594.5781,595.6681,593.9157,595.1367916799508,0.026529985079242646,0.012663751556587798,0.016957472874358122,0.2010308237030305,0.2691915365380514,20.10308237030305,26.91915365380514,15.38091476417867,580.4738808957661,0.09130216988648687
2023-08-01,USDNGN,609.6716,611.6271,609.3599,610.7610356913107,0.026253197970261377,0.012713248832381641,0.0175077306832372,0.20181656859698463,0.2779266084536435,20.181656859698464,27.79266084536435,15.624244011359906,581.6417751323303,0.20119669032514498
2023-08-02,USDNGN,610.0302,610.3167,607.6562,609.5761676745464,-0.0019399862589845052,0.01343834534443104,0.017342188155531558,0.213327118881403,0.27529870229535863,21.3327118881403,27.529870229535863,-1.1848680167643124,582.9875886088918,0.23138184602633505
2023-08-03,USDNGN,617.1734,618.551,615.8762,617.6067222647368,0.013173996976991509,0.013451272298222041,0.017452847066294595,0.21353232791104665,0.27705535804475234,21.353232791104666,27.705535804475232,8.03055459019049,584.5458342073399,0.26728623883167657
2023-08-04,USDNGN,619.3749,620.0114,617.7383,618.7194075782544,0.0018016081648810633,0.012120652463673269,0.01719896452318907,0.19240939288033088,0.27302509761708516,19.240939288033086,27.302509761708514,1.1126853135175452,585.7894580646185,0.21275044393482823
2023-08-07,USDNGN,625.1515,627.5778,623.5026,625.2379429279198,0.01053552752641096,0.012018774122656388,0.017261382012673097,0.1907921243544439,0.2740159445448995,19.07921243544439,27.401594454489953,6.518535349665399,587.2429986572191,0.2481336208068452
2023-08-08,USDNGN,626.4093,626.8884,625.7114,625.7931634616161,0.0008880147789755988,0.01178332150511373,0.017022744642188555,0.18705442992510143,0.27022769372992866,18.705442992510143,27.022769372992865,0.5552205336963425,588.9619768615945,0.2927200849232703
2023-08-09,USDNGN,619.302,619.8512,618.0957,619.0979,-0.01069884404709831,0.01202302790516329,0.01717938775609657,0.1908596510583116,0.2727143260738769,19.08596510583116,27.27143260738769,-6.69526346161615,590.3116881613543,0.22916781605357706
2023-08-10,USDNGN,613.4737,614.9933,612.7583,613.3446525702337,-0.009292952584342928,0.009039935727652165,0.01684125996906262,0.1435045308202521,0.2673467138587622,14.350453082025211,26.73467138587622,-5.7532474297662475,591.0211000965523,0.12017582396304238
2023-08-11,USDNGN,597.3095,600.5671,596.725,598.0928335871529,-0.024866637247374368,0.013285843875197406,0.0174225740507246,0.210906233108418,0.27657478882094716,21.0906233108418,27.657478882094715,-15.251818983080852,591.3925770990853,0.06285342477152511
2023-08-14,USDNGN,599.5925,600.0621,598.3081,599.4352772442891,0.002244540616018975,0.011660889668566418,0.017424623033021547,0.18511088477273485,0.27660731540653816,18.511088477273486,27.660731540653817,1.3424436571361866,591.7897332487986,0.06715609310847803
2023-08-15,USDNGN,589.3971,590.868,589.1831,590.0240914276626,-0.01570008668807643,0.012030437767435412,0.017402794734294697,0.19097727897523925,0.2762608019066889,19.097727897523924,27.62608019066889,-9.411185816626471,591.5418297086,-0.04189047667956247
2023-08-16,USDNGN,581.9819,582.1165,580.8574,581.2919757727079,-0.014799591714680371,0.009533295385918069,0.017602210363437055,0.15133637259635246,0.27942642688018987,15.133637259635247,27.94264268801899,-8.732115654954669,590.9912346779282,-0.09307795375061989
2023-08-17,USDNGN,581.4093,583.7945,581.3385,581.8580213502341,0.000973771531550538,0.00955013613450124,0.01722092856038382,0.1516037111922119,0.27337376589831086,15.160371119221189,27.337376589831088,0.5660455775262108,590.0878603522943,-0.15285748292462875
2023-08-18,USDNGN,583.684,584.1192,582.8928,583.7947944305014,0.0033286008084461027,0.010838664663650055,0.0171146323647753,0.1720584674642495,0.2716863661049564,17.20584674642495,27.16863661049564,1.936773080267244,589.4991016138662,-0.09977475863961471
2023-08-21,USDNGN,579.6825,580.8903,577.236,579.1466321028714,-0.007961979743523195,0.010830049566142953,0.016884433375144118,0.17192170703110332,0.2680320704332217,17.19217070311033,26.803207043322168,-4.6481623276299615,588.4494994848303,-0.1780498267363595
2023-08-22,USDNGN,582.7477,583.8807,581.8667,582.0589277542897,0.005028598095863535,0.008831760102152558,0.01644619821152115,0.14019984521566844,0.26107530288096126,14.019984521566844,26.107530288096125,2.912295651418276,587.9581633170097,-0.08349674326356693
2023-08-23,USDNGN,578.347,578.8658,577.6958,578.8456343883678,-0.005520563662376077,0.008417987743061036,0.015573964454955245,0.13363141264637635,0.24722902125102703,13.363141264637635,24.722902125102703,-3.2132933659219134,587.9414163476872,-0.0028483266952261665
2023-08-24,USDNGN,569.8768,570.3195,569.5338,570.2454,-0.01485756111377623,0.008242869680916252,0.015809394844887827,0.13085149959131243,0.2509663628279985,13.085149959131243,25.09663628279985,-8.600234388367767,587.6196064941461,-0.0547350202916852
2023-08-25,USDNGN,569.0197,570.6895,567.5361,567.8846748655817,-0.004139840732460653,0.006982313189275512,0.015578376837002174,0.11084078564873562,0.24729906564454052,11.084078564873561,24.72990656445405,-2.360725134418317,587.5142154413861,-0.01793525123995332
2023-08-28,USDNGN,565.4754,566.9854,565.232,565.809382377139,-0.0036544259429680537,0.006723737647998011,0.015574591728944938,0.10673602618467051,0.2472389789169108,10.67360261846705,24.72389789169108,-2.0752924884427557,587.4177359267701,-0.016421647694697672
2023-08-29,USDNGN,575.4014,576.9875,573.8919,575.4852882223851,0.017100999288125474,0.010286089749925325,0.01501479031605701,0.16328661264955785,0.23835240698440655,16.328661264955784,23.835240698440654,9.67590584524612,588.1556065771391,0.12561259309014083
2023-08-30,USDNGN,578.9008,580.4499,576.8629,578.9724017285806,0.006059431192354081,0.01029696150941137,0.01470748607198518,0.16345919648104054,0.233474103344514,16.345919648104054,23.3474103344514,3.4871135061955556,589.287553777424,0.19245709598390004
2023-08-31,USDNGN,587.8222,588.6292,587.6006,588.0013932476744,0.01559485649425918,0.011818612577415786,0.012337757787840338,0.18761465832997368,0.19585583305665563,18.761465832997366,19.585583305665562,9.028991519093779,589.8679774150801,0.09849582498993037
2023-09-01,USDNGN,603.1488,603.593,602.6299,602.7218064775735,0.0250346570585398,0.014192552056216745,0.012935210634124188,0.22529977926052744,0.20534010296478425,22.529977926052744,20.534010296478424,14.720413229899123,591.1068391279595,0.21002355786601257
2023-09-04,USDNGN,593.1468,595.1969,591.9472,592.9403,-0.01622889096171687,0.0145318649767403,0.013359191671788572,0.23068620488654554,0.21207059328238664,23.068620488654553,21.207059328238664,-9.781506477573544,591.9457157946262,0.14191625119821527
2023-09-05,USDNGN,607.9617,608.3734,606.7882,608.0467921053656,0.025477256488327216,0.01547678322687861,0.013917180918290403,0.2456863170814593,0.22092839796533964,24.56863170814593,22.092839796533966,15.106492105365646,593.0461935869741,0.18590856610403161
2023-09-06,USDNGN,596.1817,597.5811,595.6203,597.259884504031,-0.017740259041553186,0.0182091532765377,0.01430740042047475,0.28906134692865426,0.22712294052238288,28.906134692865425,22.71229405223829,-10.786907601334633,593.9029307182851,0.1444638108422991
2023-09-07,USDNGN,606.5937,608.3489,606.3,606.6241430019393,0.015678699910817606,0.018096959135406536,0.014329238074606716,0.287280320152705,0.22746960253468423,28.7280320152705,22.746960253468423,9.364258497908281,594.7856438450896,0.14862919193492363
2023-09-08,USDNGN,607.535,608.2908,605.9906,607.8282614940416,0.0019849498342476846,0.018223474123298323,0.014323027604977927,0.28928868332320906,0.22737101438570806,28.928868332320906,22.737101438570807,1.2041184921023387,595.7213899976986,0.1573249392099907
2023-09-11,USDNGN,623.9658,625.2249,623.0116,624.873791240031,0.028043332016335354,0.019733780871964205,0.014415943093079397,0.3132640596855638,0.22884600203248406,31.32640596855638,22.884600203248407,17.04552974598937,596.712623316368,0.1663920979357858
2023-09-13,USDNGN,643.9225,644.4976,642.6004,644.4289897331308,0.03129463704069502,0.0207051400456507,0.014737507664239459,0.32868390852933776,0.23395068134691602,32.86839085293378,23.395068134691602,19.55519849309985,597.8348884510953,0.1880746427803226
2023-09-14,USDNGN,629.9442,630.8679,628.6457,630.3667945867809,-0.021821170944177015,0.021946906904839143,0.015350158150617492,0.3483963463037441,0.24367620631227024,34.83963463037441,24.367620631227023,-14.06219514634995,598.5279093481697,0.11592178885209137
2023-09-15,USDNGN,636.2786,636.3138,634.5144,635.3806823623346,0.007953921143388332,0.0207176034542515,0.015239307344920417,0.32888175900721317,0.24191650432523665,32.888175900721315,24.191650432523666,5.013887775553712,599.1203746847564,0.09898708603779394
2023-09-18,USDNGN,637.5583,638.8128,636.8247,637.7352584277376,0.003705772194157131,0.017937281169823942,0.015246474967962166,0.2847455110319754,0.2420302868135962,28.474551103197538,24.20302868135962,2.3545760654029664,599.754236379739,0.10579872121962985
2023-09-19,USDNGN,628.3509,629.3904,628.0116,628.5664994948196,-0.014377061345992481,0.01973273569964901,0.015393783071450536,0.31324746808942455,0.24436873046120494,31.324746808942454,24.436873046120493,-9.168758932917967,599.8651882653024,0.018499558458007215
2023-09-20,USDNGN,621.0631,621.5389,620.8847,621.400082688622,-0.011401207051214612,0.020726071851287158,0.015540167146901394,0.3290161906425714,0.24669250561846345,32.90161906425714,24.669250561846347,-7.166416806197617,599.718752239536,-0.024411489219755556
2023-09-21,USDNGN,626.7293,627.1986,625.6968,627.1367,0.0092317614226205,0.01803433259100237,0.01549822294265093,0.2862861545809164,0.2460266620181401,28.628615458091637,24.60266620181401,5.7366173113780405,599.9867122395359,0.0446809440257212
2023-09-25,USDNGN,631.91,633.4715,630.3455,631.1637,0.0064212475525669,0.012632717211380049,0.01541958182988506,0.2005381687459019,0.24477827305491684,20.05381687459019,24.477827305491683,4.02699999999993,600.5806804871949,0.09899690035499731
2023-09-26,USDNGN,641.0983,642.0998,639.2364,641.4747735841885,0.016336607419261462,0.01126501021816563,0.014854402745225122,0.17882649332320635,0.23580633322956493,17.882649332320636,23.580633322956494,10.311073584188534,602.0267451537626,0.240777752856558
2023-09-27,USDNGN,654.3051,654.6935,653.4129,654.1805170080977,0.0198070819728684,0.012973466040351135,0.015188623808180104,0.20594738871186577,0.24111192812255622,20.59473887118658,24.111192812255624,12.705743423909212,603.851586479223,0.3031163216834054
2023-09-28,USDNGN,644.388,644.5943,643.1231,644.0400588147098,-0.0155010091706268,0.014982375601976124,0.015180200297914241,0.23783783935074282,0.24097820904257816,23.783783935074283,24.097820904257816,-10.140458193387872,605.652118725458,0.2981746320702916
2023-09-29,USDNGN,642.4495,644.1143,641.5706,643.3469,-0.001076266616063415,0.013391827866943767,0.014826892797602001,0.21258867681910676,0.2353696263496178,21.258867681910676,23.53696263496178,-0.6931588147098182,607.7206161997009,0.3415322774063645
2023-10-02,USDNGN,656.3034,657.2254,656.0174,656.8605403355397,0.021005215592924564,0.01301742662043439,0.015156926732646264,0.20664524128620834,0.24060875264765277,20.664524128620833,24.060875264765276,13.513640335539662,610.2207001658778,0.4113870583839718
2023-10-03,USDNGN,668.9215,670.017,665.7856,668.5637048201068,0.01781681767424903,0.01354309794529588,0.015358984533457753,0.21499001486785643,0.24381632079609972,21.499001486785644,24.38163207960997,11.703164484567083,613.046330512198,0.46305055622533065
2023-10-04,USDNGN,674.7366,675.4973,673.5176,674.4240782694683,0.008765617108901225,0.013490123924188418,0.015188279162490312,0.21414907835307184,0.24110645704184247,21.414907835307183,24.110645704184247,5.860373449361532,616.222245384418,0.5180546255886709
2023-10-05,USDNGN,683.569,685.8285,682.83,683.5944820079905,0.013597384841378846,0.013300313342738422,0.015265305335101743,0.2111359287847203,0.24232920962488036,21.11359287847203,24.232920962488038,9.170403738522168,619.6067638595413,0.5492366594152864
2023-10-06,USDNGN,688.3856,689.8453,687.7411,689.2261928513175,0.008238379611819724,0.012454813822104248,0.015129289623046441,0.1977140399933862,0.24017002713390617,19.77140399933862,24.017002713390617,5.631710843327028,623.2861158083062,0.593820494444941
2023-10-11,USDNGN,690.9913,691.3666,689.7068,690.4309111994362,0.001747928852115832,0.00806809212279666,0.01463774424994638,0.12807699187007496,0.23236698624194285,12.807699187007495,23.236698624194286,1.2047183481187176,627.2922995149542,0.64275195693273
2023-10-12,USDNGN,712.6978,713.0337,709.8413,711.6647975240813,0.030754541808907465,0.009600558988218431,0.01514098552941181,0.15240414918019113,0.24035569389150777,15.240414918019113,24.035569389150776,21.23388632464514,632.0849702702375,0.7640251217796212
2023-10-13,USDNGN,706.3731,706.5552,705.2779,706.1512035707221,-0.007747459158498837,0.012186415576682944,0.015264408498071359,0.1934533499351211,0.24231497277838665,19.345334993512108,24.231497277838663,-5.513593953359191,636.7630309766902,0.7400999749215265
2023-10-16,USDNGN,701.5007,704.5992,700.384,702.1914279454853,-0.005607546379888362,0.013015354071478916,0.015336062241665418,0.2066123405915112,0.24345244069472669,20.66123405915112,24.345244069472667,-3.95977562523683,640.9865689674602,0.6632825376642559
2023-10-17,USDNGN,699.833,701.3793,699.4921,701.242291599505,-0.001351677488797165,0.013357716954755513,0.015407398783530498,0.21204718287524466,0.24458487318972477,21.204718287524464,24.458487318972477,-0.9491363459802642,645.0622319631577,0.6358421834427475
2023-10-18,USDNGN,706.3708,706.9299,703.7482,706.0295538232889,0.006826830442391518,0.01292545773486885,0.015312211688908445,0.20518528048883528,0.24307382490736842,20.518528048883528,24.307382490736842,4.787262223783841,648.996503982345,0.6099058081906028
2023-10-23,USDNGN,707.0806,712.2122,704.1762,708.5903,0.003626967402206027,0.012831905240505455,0.014898845869190828,0.2037001806811434,0.23651184595056537,20.37001806811434,23.651184595056538,2.5607461767110635,652.5254537664257,0.5437548218559796
2023-10-24,USDNGN,715.5806,717.835,715.3405,715.9195487778862,0.010343422394980983,0.01298682887798538,0.014340984523412854,0.20615951718300785,0.2276560716286594,20.615951718300785,22.76560716286594,7.329248777886278,656.6247620590219,0.6282219749336626
2023-10-25,USDNGN,713.1894,715.585,711.6643,713.1176034334011,-0.003913771246040421,0.00676612061478839,0.013992555955349676,0.10740883492438523,0.22212493958406632,10.740883492438522,22.212493958406633,-2.801945344485148,660.1271224366232,0.5333884099373076
2023-10-26,USDNGN,708.6553,710.3364,706.6702,709.7872661239327,-0.00467010952111413,0.0062343451164139484,0.013439054504583138,0.098967160592288,0.213338376449816,9.8967160592288,21.3338376449816,-3.330337309468405,663.8780351572864,0.5682106662756148
2023-10-27,USDNGN,690.324,690.3512,689.577,689.866322624077,-0.028066076204271262,0.012590482744531737,0.014654846257712932,0.1998677173696857,0.232638472198764,19.98677173696857,23.2638472198764,-19.92094349985564,666.6527744780245,0.41795919940035287
2023-10-30,USDNGN,697.8608,698.7519,697.3833,697.5902667801149,0.011196291082391063,0.013624967835225724,0.014698954756477372,0.21628965907956801,0.23333867290937466,21.6289659079568,23.333867290937466,7.723944156037874,669.6448413208934,0.448819379055565
2023-10-31,USDNGN,697.5082,698.0339,696.1975,697.8322571888573,0.0003468947608160633,0.013245966132586957,0.014037536597965604,0.21027319356965465,0.22283898514910802,21.027319356965464,22.283898514910803,0.24199040874236744,672.0767901858544,0.3631699544140332
2023-11-02,USDNGN,696.9729,699.579,695.7249,697.0584243276833,-0.0011089095598579846,0.013054601369004023,0.013060269426422518,0.20723537212480797,0.20732534974688502,20.723537212480796,20.7325349746885,-0.7738328611740144,673.8311046723395,0.26102887528669516
2023-11-03,USDNGN,706.7944,708.501,705.1313,706.0153091371748,0.01284954674800809,0.013485350261432659,0.012328855222401387,0.21407329880610407,0.19571450921156397,21.40732988061041,19.571450921156398,8.956884809491498,676.3527218240192,0.37422094857224586
2023-11-06,USDNGN,714.5377,717.3739,713.43,714.4751844507695,0.011982566389294735,0.01439907227451766,0.01239675636162422,0.22857818609051336,0.19679240638029352,22.857818609051336,19.679240638029352,8.459875313594694,678.9892052269671,0.3898089440429464
2023-11-08,USDNGN,730.8581,731.2931,729.3499,729.8712401282897,0.02154876196204847,0.016172923433815344,0.012803864589542292,0.2567372002725851,0.20325504914685003,25.67372002725851,20.325504914685002,15.39605567752028,682.0604046169855,0.45231932501661465
2023-11-09,USDNGN,716.908,718.9939,715.1638,717.1243564193138,-0.01746456499195037,0.012803320303112606,0.012972849995352207,0.20324640886764042,0.20593760930068422,20.32464088676404,20.593760930068424,-12.746883708975929,685.0123331811353,0.432795767672145
2023-11-13,USDNGN,721.8613,724.2417,719.3098,721.322842670691,0.005854613936613129,0.012572788252536687,0.01262201968041292,0.19958682601731856,0.2003683507064133,19.958682601731855,20.036835070641327,4.198486251377176,688.3430918472043,0.4862333865729429
2023-11-14,USDNGN,738.6506,738.9425,735.6379,737.6584,0.022646665768724095,0.013984980518296362,0.01300668604913975,0.22200468324897216,0.20647474000270208,22.200468324897216,20.647474000270208,16.33555732930904,692.027148513871,0.5352064559521308
2023-11-15,USDNGN,740.433,742.9589,738.1629,741.7255977295395,0.005513660156976963,0.01347737715453335,0.013005541356913992,0.21394672965791145,0.2064565685769597,21.394672965791145,20.645656857695972,4.06719772953943,695.7125451048556,0.5325508686904845
2023-11-16,USDNGN,748.4533,750.0959,746.8557,748.1371682635363,0.008644127361416398,0.013369970649524025,0.01285905058309943,0.21224170424923972,0.20413109963568724,21.224170424923972,20.413109963568722,6.411570533996837,699.2679582608339,0.5110462907410129
2023-11-17,USDNGN,790.4393,792.0608,789.6556,789.9068038507603,0.05583152042047779,0.022493348753644074,0.015647816208482504,0.3570708417311213,0.24840138149334204,35.70708417311213,24.840138149334205,41.769635587224,703.7921678222559,0.6469922592584165
2023-11-20,USDNGN,789.7889,792.3417,789.5868,790.9791009439663,0.0013574982364736865,0.022754867895019352,0.01512745953019684,0.36122232939809407,0.24014097531056897,36.12223293980941,24.014097531056898,1.0722970932059752,708.6901358932312,0.6959395535945045
2023-11-21,USDNGN,781.4212,783.0605,779.1634,780.5582680892246,-0.013174599483482319,0.021877142398900415,0.015506236857501503,0.3472888691054251,0.2461538789724761,34.72888691054251,24.615387897247608,-10.420832854741661,713.263848162872,0.645375466370246
2023-11-22,USDNGN,773.7117,774.2353,769.9697,773.9425368339614,-0.008475640481598212,0.023219072093155126,0.015494664528890516,0.3685913425930106,0.24597017395090856,36.85913425930106,24.597017395090855,-6.615731255263199,717.166581379486,0.5471654320720276
2023-11-23,USDNGN,772.01,772.669,771.6578,772.4152865935682,-0.001973338029255811,0.022905841335121867,0.015377306256169234,0.36361895846061704,0.2441071691274089,36.36189584606171,24.41071691274089,-1.5272502403931867,720.6283007719347,0.48269390715194316
2023-11-24,USDNGN,783.6686,785.7845,781.7023,782.937218722523,0.01362211793523338,0.02303357731107261,0.015444414877843135,0.36564670421566786,0.24517248547007367,36.56467042156679,24.517248547007366,10.521932128954745,724.2454054537033,0.501937639403538
2023-11-27,USDNGN,779.7423,782.529,779.6366,780.4492901759902,-0.003177685882135184,0.023406787897232526,0.015429792277258257,0.3715712386014825,0.24494035888206198,37.15712386014825,24.4940358882062,-2.487928546532771,727.4738990593032,0.4457734327741436
2023-11-28,USDNGN,772.5165,775.6787,770.2312,772.9380890478635,-0.009624201370511787,0.008885615364134751,0.015625562834965277,0.14105477099565114,0.24804812014038913,14.105477099565114,24.804812014038912,-7.511201128126686,730.2642955991881,0.3835734235267063
2023-11-29,USDNGN,776.9458,778.3674,775.9555,776.7926869075305,0.004986942569249253,0.00928357800541756,0.015621050705441196,0.14737223207522343,0.24797649230476496,14.737223207522343,24.797649230476495,3.854597859667024,733.1430214561245,0.3942032869858947
2023-11-30,USDNGN,778.8246,781.4929,777.7273,779.7970326063462,0.003867628711562876,0.00820323216670541,0.014785176736910464,0.13022227356016836,0.2347074044160153,13.022227356016835,23.470740441601528,3.004345698815655,735.4140959588668,0.3097723685934639
2023-12-04,USDNGN,790.6988,791.8993,789.9856,790.6758016972587,0.013950770054294903,0.008752685836188559,0.014764092969996088,0.13894458015859412,0.23437270999227994,13.894458015859412,23.437270999227994,10.878769090912556,738.2315825630847,0.38311566499744654
2023-12-05,USDNGN,781.7712,785.5597,781.7505,782.3519937027745,-0.010527460150691836,0.010075183531958389,0.014899809777856295,0.15993858023337168,0.2365271475262578,15.993858023337168,23.65271475262578,-8.323807994484241,740.9036014216609,0.36194859738989393
2023-12-06,USDNGN,773.5349,774.2143,770.8364,773.4289606134727,-0.01140539445303923,0.009641537112325597,0.015129013087592163,0.15305465673368013,0.2401656372696619,15.305465673368012,24.01656372696619,-8.923033089301839,743.3098237221265,0.32476860631374116
2023-12-07,USDNGN,775.9971,776.2076,773.2681,774.3848278521816,0.0012358823982370204,0.009673378882262391,0.015119528746011916,0.1535601291610215,0.24001507801463876,15.356012916102149,24.001507801463877,0.9558672387089473,745.588332856423,0.3065355873929976
2023-12-08,USDNGN,766.4002,767.3268,764.8031,766.8439,-0.00973795919155207,0.009690218617766923,0.015302132010875361,0.15382745167475606,0.24291381497914158,15.382745167475607,24.29138149791416,-7.540927852181653,747.5301195230896,0.26043683640104565
2023-12-11,USDNGN,770.8377,771.5491,768.8423,769.3490004732362,0.0032667671650465913,0.009530929449276653,0.015235417576196926,0.15129881451652694,0.24185475616103716,15.129881451652693,24.185475616103716,2.5051004732362117,749.311101246268,0.23824882458443053
2023-12-12,USDNGN,780.2615,782.4691,779.7065,782.1293080598645,0.016611846611572778,0.011668110752056952,0.01539688888734162,0.18522551591940917,0.24441803375999951,18.522551591940918,24.441803375999953,12.780307586628282,751.6114914004834,0.30700067707383205
2023-12-13,USDNGN,778.7783,780.3363,778.5375,779.4525013029029,-0.0034224606204843466,0.010063870770624803,0.015376578188428856,0.1597589957145911,0.244095611410337,15.97589957145911,24.409561141033702,-2.6768067569615823,753.933665906449,0.3089594201970858
2023-12-14,USDNGN,798.6311,799.239,795.6083,796.7487899685168,0.02219030490851215,0.012695288685908976,0.014564644385961095,0.20153146011052284,0.23120656187607658,20.153146011052282,23.120656187607658,17.29628866561393,757.4964148179304,0.4725546918239676
2023-12-15,USDNGN,791.4109,793.3006,791.1916,791.7833439884035,-0.0062321349497241885,0.011862108931810552,0.014652729753423382,0.18830514154997255,0.23260487373477032,18.830514154997253,23.26048737347703,-4.965445980113259,760.6361840582067,0.4144929505746964
2023-12-18,USDNGN,797.2808,797.5759,796.5388,797.0542668038709,0.006657026641803787,0.011873010911079692,0.014638823694640752,0.18847820510563973,0.232384121895235,18.847820510563974,23.2384121895235,5.270922815467316,763.9435843787071,0.43482027148045166
2023-12-19,USDNGN,807.0017,809.6735,805.0883,807.0352,0.01252227559881458,0.010411846141808843,0.014668858862848966,0.1652829334817613,0.23286091540922454,16.528293348176128,23.286091540922456,9.980933196129172,767.6094769011177,0.4798642985387458
2023-12-20,USDNGN,806.1751,808.0106,805.0869,807.9854678951427,0.0011774801088511033,0.01057771713616486,0.014608079874526354,0.16791605388647138,0.23189607888098618,16.791605388647138,23.189607888098617,0.9502678951427015,771.00848219305,0.4428039770501879
2023-12-21,USDNGN,809.901,813.2271,808.008,810.5148277480702,0.0031304521596366985,0.009745879714620757,0.014543251229850148,0.154711044194614,0.2308669560511065,15.471104419461401,23.08669560511065,2.5293598529274277,774.2098036362934,0.41521222102998134
2023-12-22,USDNGN,818.9228,820.2723,817.7714,819.2906649971615,0.010827485134940806,0.009126346785482133,0.014233546856028666,0.1448762638375168,0.22595055153262275,14.487626383751682,22.595055153262276,8.775837249091296,777.1904511319224,0.38499221808216966
2023-12-25,USDNGN,813.0072,814.6944,811.6644,812.5323188723964,-0.008249021273528667,0.007960675474710884,0.013849577513077355,0.12637180544505633,0.2198552271774905,12.637180544505632,21.98552271774905,-6.758346124765012,780.3707165470253,0.4092002687978269
2023-12-26,USDNGN,808.9487,810.8905,807.8362,808.8464433201514,-0.004536281778133144,0.0076588911172157685,0.013938054833759227,0.1215811272880474,0.2212597611006518,12.15811272880474,22.125976110065178,-3.6858755522450792,783.2881699020072,0.37385479658835763
2023-12-27,USDNGN,804.9392,807.3636,804.02,804.7168354189104,-0.005105552401627467,0.008023835097945254,0.013568135120425182,0.1273744333809284,0.21538746770139866,12.737443338092842,21.538746770139866,-4.129607901241002,785.5234510826375,0.2853714975562527
2023-12-28,USDNGN,801.539,805.9371,800.7975,802.4191113806007,-0.002855319955016866,0.006413100093423121,0.013600491517940091,0.10180480788097604,0.21590110958827705,10.180480788097604,21.590110958827704,-2.2977240383096387,787.5465682043396,0.2575501875741182
2023-12-29,USDNGN,782.4118,785.426,781.2023,783.784994472859,-0.023222424096655425,0.010492028978567122,0.014345288450742972,0.16655579655462985,0.2277243943569177,16.655579655462986,22.77243943569177,-18.634116907741713,788.7348290779836,0.15088134741712
2024-01-01,USDNGN,783.848,786.261,781.3831,783.3330614654342,-0.0005766032912237762,0.010142974080263847,0.01005356674109363,0.1610147218257134,0.15959542431674303,16.101472182571342,15.959542431674304,-0.45193300742482734,788.5157043318061,-0.027781801703075093
2024-01-02,USDNGN,803.1265,804.9975,801.6689,802.1435529602688,0.024013401731882267,0.014017123543457462,0.010984710291097653,0.22251493795474153,0.1743768699260179,22.251493795474154,17.43768699260179,18.81049149483465,788.8878527323494,0.047196067053434376
2024-01-03,USDNGN,822.1308,824.4421,820.1594,823.0478751616207,0.02606057497340175,0.017431244067306898,0.011614924696949039,0.2767124210673846,0.1843812134692165,27.671242106738458,18.438121346921648,20.904322201351874,790.3041729680959,0.17953378681658805
2024-01-04,USDNGN,828.0034,829.0316,827.5851,828.8045,0.006994277018513406,0.01725808064582715,0.011484129158981619,0.27396353697093373,0.18230489867286429,27.396353697093375,18.23048986728643,5.756624838379253,792.1329050736307,0.231395982469218
2024-01-05,USDNGN,825.3483,826.0198,819.7422,823.463717503627,-0.006443959337060767,0.01737780237380702,0.011570829235077311,0.2758640604835277,0.18368121971286175,27.586406048352767,18.368121971286175,-5.340782496372981,793.8345194372993,0.21481425058467174
2024-01-08,USDNGN,808.6956,810.9021,805.9958,808.9415861382068,-0.017635423464004818,0.019082271092788452,0.011909207511581555,0.30292166257100994,0.189052808325043,30.292166257100995,18.9052808325043,-14.522131365420137,794.7013316844888,0.10919306555274844
2024-01-09,USDNGN,782.7665,784.1326,781.6459,782.0927468208178,-0.03319008415127023,0.021444025754455275,0.013447237714498761,0.34041335552611734,0.21346828087999384,34.041335552611734,21.346828087999384,-26.848839317389093,794.7561135726497,0.006893393275797521
2024-01-10,USDNGN,786.1383,787.033,784.0672,786.4619556858731,0.005586561034885085,0.021548000393835875,0.013352120782193376,0.3420639017568695,0.21195834638988537,34.20639017568695,21.195834638988536,4.369208865055384,795.20690912725,0.05672124402715806
2024-01-11,USDNGN,790.0873,790.8869,788.2503,789.3383163682158,0.0036573424328378845,0.019125708256909305,0.013339479682514348,0.30361120617453996,0.21175767515359084,30.361120617453995,21.175767515359084,2.8763606823426926,795.6250967759395,0.052588533108743896
2024-01-12,USDNGN,796.2115,797.5229,793.5091,795.1061069402406,0.007307120980218684,0.015484077916023542,0.013383061467729893,0.24580211668167337,0.21244951454582622,24.580211668167337,21.244951454582623,5.767790572024751,796.1353992537358,0.06413855971414417
2024-01-15,USDNGN,789.4744,791.1447,788.0121,789.7960333941351,-0.0066784464359604945,0.014581794341540506,0.013209453401430057,0.23147880898083015,0.20969357193168114,23.147880898083013,20.969357193168115,-5.310073546105514,796.1060736436319,-0.0036834953114017743
2024-01-16,USDNGN,796.8813,800.0488,793.2373,797.5472060436932,0.00981414481945131,0.0158796046571301,0.013169938860423476,0.252080909044736,0.20906629803963547,25.2080909044736,20.906629803963547,7.751172649558157,796.6125807216625,0.06362306416183294
2024-01-17,USDNGN,796.1793,798.5128,794.0676,796.4700125648054,-0.001350632878812652,0.014780531406689975,0.012977108860628792,0.23463366208488814,0.20600521669101926,23.463366208488814,20.600521669101926,-1.077193478887807,797.3806157867069,0.09641262059263411
2024-01-18,USDNGN,797.9152,800.1114,797.6951,798.4668721218728,0.002507137149629912,0.005551966503909554,0.012979776402744236,0.08813473594023237,0.20604756260931478,8.813473594023238,20.604756260931477,1.9968595570674097,798.1833505956965,0.10067147270662602
2024-01-19,USDNGN,785.1078,787.0474,784.3768,785.3471317853044,-0.01643116426571778,0.008996159340669415,0.013227700232196148,0.1428096022207324,0.2099832313902141,14.280960222073242,20.99832313902141,-13.119740336568384,798.80012498854,0.07727226988425429
2024-01-22,USDNGN,815.3441,815.7248,813.4861,813.5951004218124,0.03596876781391267,0.01647046492489385,0.014697030822170418,0.26146052501328754,0.23330813139908452,26.146052501328754,23.33081313990845,28.24796863650795,800.2749949868261,0.18463567445075046
2024-01-23,USDNGN,806.3252,810.0039,805.3876,806.9863,-0.008122959956845865,0.017046521408064213,0.014540269594833757,0.27060513818685905,0.2308196240625841,27.060513818685905,23.08196240625841,-6.6088004218123615,801.1035613848305,0.10353521017085754
2024-01-24,USDNGN,806.527,808.1365,804.4512,806.1071241887543,-0.00108945568375296,0.016686045411990234,0.014521222962885291,0.26488275915153875,0.23051726815388998,26.488275915153874,23.051726815389,-0.8791758112457728,801.9920488143588,0.11090793654597864
2024-01-25,USDNGN,831.6561,832.579,829.9885,831.3057422884858,0.03125963949901922,0.01981247639866504,0.015057291387962218,0.3145133124432258,0.23902709058469565,31.451331244322578,23.902709058469565,25.19861809973156,803.1439472250245,0.1436296547289606
2024-01-26,USDNGN,829.7357,831.1158,828.4508,828.9385,-0.002847619315089922,0.01991419438091882,0.01500976729194334,0.3161280353526664,0.23827266894860102,31.612803535266643,23.827266894860102,-2.3672422884858406,804.3824524254111,0.15420712621514454
2024-01-29,USDNGN,827.0215,829.1463,825.6174,827.7075206479672,-0.0014850068515731563,0.02008373060293168,0.014989488087255575,0.31881933944264723,0.23795074655426102,31.881933944264723,23.795074655426102,-1.2309793520328185,805.4042275535475,0.12702603407812596
2024-01-30,USDNGN,841.5835,844.424,839.6162,841.9263004586003,0.017178507450919422,0.017917209763117867,0.01513240388651897,0.28442688732833027,0.24021946453389884,28.442688732833027,24.021946453389884,14.218779810633123,806.5672642355009,0.14440409451117464
2024-01-31,USDNGN,851.7786,852.9076,849.3023,849.9915541805457,0.009579524618190671,0.013898273717142627,0.015203391174446083,0.2206282554519879,0.2413463527945113,22.062825545198788,24.134635279451132,8.065253721945396,807.967467111681,0.1736002610404963
2024-02-01,USDNGN,840.7149,842.7368,839.9776,841.748167340476,-0.009698198528592328,0.014181595364943067,0.015344501683145129,0.22512584717871387,0.24358641267488426,22.512584717871388,24.358641267488427,-8.243386840069661,809.008578431428,0.12885559903403898
2024-02-02,USDNGN,834.3162,837.8996,832.4293,832.869303107545,-0.010548124222217292,0.015383596127939355,0.015386648496255956,0.24420701774630224,0.24425547259115524,24.420701774630224,24.425547259115525,-8.87886423293105,809.4611997017741,0.055947647826393165
2024-02-05,USDNGN,823.6723,825.5944,819.31,821.8238727685447,-0.01326190111436254,0.011260784553758714,0.01551345460270959,0.17875941298033804,0.24626845712555945,17.875941298033805,24.626845712555944,-11.04543033900029,809.7709181649789,0.03826229883765464
2024-02-06,USDNGN,834.1764,835.1527,832.1706,834.5292348473722,0.015459957418888282,0.012921707866888222,0.015718056440222516,0.2051257531800789,0.24951641060463572,20.51257531800789,24.951641060463572,12.705362078827534,810.6270112158865,0.10572039964680258
2024-02-08,USDNGN,857.4884,863.4046,857.4638,857.7282831986454,0.027798964233429313,0.01627597732387333,0.016398961258034726,0.2583731300609725,0.2603254394912568,25.83731300609725,26.03254394912568,23.199048351273177,812.3940594752108,0.21798536625048381
2024-02-09,USDNGN,855.613,856.0596,852.944,854.414780534838,-0.003863114611833307,0.015628519470784738,0.016410825596183835,0.24809505527896322,0.2605137800205344,24.809505527896324,26.05137800205344,-3.3135026638074123,814.1272484470187,0.2133433832501863
2024-02-12,USDNGN,859.8264,862.9774,858.652,861.2178256397526,0.007962227784327647,0.015512935225601989,0.015716330329599546,0.2462602122695792,0.24948900944797314,24.62602122695792,24.948900944797316,6.803045104914645,816.7083428192485,0.3170381997597227
2024-02-13,USDNGN,876.666,878.7079,873.5977,875.6903014171514,0.01680466352011223,0.015422015312953756,0.01588928381532459,0.24481690340103357,0.25223456091763446,24.481690340103356,25.223456091763445,14.472475777398813,819.7869174843057,0.37694908985870246
2024-02-14,USDNGN,894.6428,896.3744,893.0499,893.9244984912049,0.020822655046589533,0.01441687523734424,0.015759768332639378,0.22886079936394893,0.2501785663689291,22.886079936394893,25.01785663689291,18.23419707405344,822.846282335337,0.3731902505128559
2024-02-15,USDNGN,899.1287,899.7181,897.762,898.9452392719296,0.005616515476641437,0.0105274808028234,0.015193017198002324,0.16711857681766393,0.24118167102384913,16.711857681766393,24.118167102384913,5.020740780724736,825.3761944723473,0.30745865799259864
2024-02-16,USDNGN,902.9682,904.5123,900.6038,902.9139273295416,0.004414827382395625,0.010908228280360137,0.015177249973718486,0.17316275564492806,0.24093137409792426,17.316275564492805,24.093137409792426,3.9686880576119847,827.8465087166653,0.29929555284755605
2024-02-21,USDNGN,914.4752,917.8589,913.8739,914.5302153914398,0.01286533268597867,0.0083092403587232,0.015173701127631821,0.1319051014382563,0.2408750379128049,13.190510143825628,24.08750379128049,11.616288061898217,830.8820586462591,0.36668028404196473
2024-02-22,USDNGN,927.8184,928.7716,927.1679,928.5412279756296,0.015320447972506646,0.006154675624636225,0.014769884311811261,0.09770244661835142,0.23446464469348186,9.770244661835143,23.446464469348186,14.011012584189757,834.8687133741731,0.4798099425096902
2024-02-23,USDNGN,923.2318,928.0589,922.5035,924.8891086678826,-0.003933179483811555,0.008602047622342549,0.013046308169164786,0.13655327264791706,0.20710372165872248,13.655327264791705,20.710372165872247,-3.6521193077469434,839.6285921024087,0.570134998711147
2024-02-26,USDNGN,947.8681,949.6737,946.5167,948.6102626774032,0.02564756551592029,0.010218564191510298,0.013545544853289303,0.1622146776413163,0.21502885832804636,16.22146776413163,21.502885832804637,23.721154009520546,845.033535668793,0.6437302894664931
2024-02-27,USDNGN,943.572,944.6399,941.7478,943.1273249684608,-0.0057799687866195715,0.011098285515632949,0.013718850853014851,0.1761798207213302,0.2177800057839817,17.61798207213302,21.77800057839817,-5.482937708942359,850.1598359554678,0.606638680039806
2024-02-28,USDNGN,948.4159,948.4304,946.6772,947.9510980122536,0.0051146572854881,0.011115865727398064,0.013717714716436288,0.17645889793128827,0.21776197017492804,17.645889793128827,21.776197017492805,4.823773043792812,855.2546689912016,0.5992794319679806
2024-02-29,USDNGN,948.4845,949.7952,946.7328,948.897403506456,0.0009982640414538668,0.011354762752417874,0.013544172352168026,0.18025127063422183,0.2150070705482,18.025127063422183,21.50070705482,0.94630549420242,860.5580479949456,0.6200935459375501
2024-03-01,USDNGN,924.6924,927.6605,923.828,924.3300722746054,-0.025890397782802554,0.016431889698997885,0.014734256376874344,0.2608481622863544,0.2338990687600626,26.08481622863544,23.38990687600626,-24.56733123185063,864.7841435359761,0.49108779481839004
2024-03-04,USDNGN,944.3066,944.771,943.3595,944.1123304002352,0.02140172511854921,0.017407539177776887,0.014977842698156033,0.27633611761206855,0.2377658817333932,27.633611761206854,23.77658817333932,19.782258125629824,869.7055541304904,0.569091215571027
2024-03-05,USDNGN,958.8571,962.252,955.5104,957.7555997887256,0.014450896306699601,0.01765872052182127,0.015046090385104469,0.2803234978339909,0.2388492801767189,28.03234978339909,23.88492801767189,13.643269388490353,875.0151783860522,0.6105082611401969
2024-03-06,USDNGN,942.4294,944.4526,941.958,943.3913078700464,-0.014997867850470303,0.01642922162439875,0.014973884267225622,0.2608058079151423,0.23770304359044983,26.08058079151423,23.77030435904498,-14.364291918679214,880.2833175888769,0.6020626079357605
2024-03-07,USDNGN,947.4635,950.2317,946.2245,949.1527714174384,0.006107183200998678,0.016427574049864297,0.013882125028581098,0.2607796534802347,0.22037190296838605,26.07796534802347,22.037190296838606,5.761463547392054,884.8019066220643,0.5133107651709157
2024-03-08,USDNGN,955.2077,957.8347,955.0434,955.2939225145244,0.006470139773089301,0.016491660748735818,0.013651387394927819,0.26179699828560143,0.21670905658788542,26.179699828560143,21.67090565878854,6.141151097085981,889.7454940392151,0.5587225095416093
2024-03-11,USDNGN,950.2942,953.0416,949.709,951.0832,-0.004407776931565688,0.01662977662542177,0.013721803419243962,0.2639895198565256,0.21782687631981176,26.39895198565256,21.782687631981176,-4.210722514524377,894.5780298995901,0.5431368737184084
2024-03-12,USDNGN,976.7663,979.4399,972.8382,975.9317936021728,0.026126624465843573,0.01436703347743717,0.013419732706456853,0.22806958595422955,0.21303165241346753,22.806958595422955,21.303165241346754,24.84859360217274,899.3988982767129,0.5388985886076281
2024-03-13,USDNGN,940.9447,942.1778,940.2092,940.9958,-0.03579757707577458,0.02039534652749458,0.01533392731869898,0.32376608888841263,0.2434185498433018,32.37660888884126,24.34185498433018,-34.93599360217274,903.1341416100462,0.4153044150365437
2024-03-14,USDNGN,931.6484,932.8727,928.5734,931.358564845366,-0.01024152834118286,0.019537689785555847,0.015530889013167038,0.3101512101918459,0.24654521981151203,31.015121019184587,24.654521981151202,-9.637235154634027,906.5891764166263,0.3825605352955286
2024-03-15,USDNGN,914.8809,915.6965,913.8612,915.4852283391518,-0.017043206671803812,0.019746891311023505,0.01578855907266161,0.3134721814535425,0.2506356051978912,31.34721814535425,25.063560519789117,-15.873336506214173,909.0411406793113,0.27046035034044014
2024-03-18,USDNGN,909.3764,909.5995,907.9733,908.3470133623636,-0.007797192959342669,0.019240408527460923,0.015854300684931315,0.3054320165216884,0.25167922093901557,30.54320165216884,25.167922093901556,-7.1382149767882765,910.9863226520386,0.21398173148396982
2024-03-19,USDNGN,888.8875,891.7194,884.2639,887.9978763331039,-0.02240238227231539,0.019191614769794144,0.0163488146716718,0.30465743963177655,0.2595293871115661,30.465743963177655,25.95293871115661,-20.349137029259623,912.5279796184594,0.16922943057287032
2024-03-20,USDNGN,876.995,877.1206,873.4254,876.4921025379988,-0.01295698345880858,0.019031202679510716,0.01641790069157251,0.3021109766427086,0.2606260936779373,30.21109766427086,26.062609367793733,-11.505773795105142,913.9820729328079,0.15934780596607023
2024-03-21,USDNGN,886.3632,888.3251,883.9856,886.1406816749343,0.011008175782755814,0.014335257155881843,0.01624546411264798,0.22756515248773465,0.2578887478493469,22.756515248773464,25.78887478493469,9.648579136935496,916.1259665630209,0.23456626707498707
2024-03-22,USDNGN,887.3702,889.1212,884.4722,885.8302554580812,-0.00035031256692374946,0.011080230328847925,0.01607083509452631,0.17589320351668222,0.2551165981274749,17.58932035166822,25.51165981274749,-0.31042621685310223,917.8360005833779,0.18665926769572128
2024-03-25,USDNGN,873.9344,875.4898,872.4485,873.9539742960778,-0.013406949117877986,0.011224871971342774,0.01555258157620022,0.17818931840827393,0.24688957857402438,17.818931840827393,24.68895785740244,-11.876281162003352,918.3768569532923,0.0589273431822912
2024-03-26,USDNGN,892.4685,895.7292,891.9758,892.3308382194131,0.021027267412035977,0.015194967309815094,0.015957086012057444,0.2412126280891613,0.25331088742302854,24.12126280891613,25.331088742302853,18.376863923335236,919.6407255427782,0.1376198213093982
2024-03-27,USDNGN,884.7625,885.7159,881.1283,884.3005556974285,-0.00899922111624929,0.015257574053639247,0.016023203304197667,0.24220647933648673,0.25436046689721276,24.220647933648674,25.436046689721277,-8.030282521984532,920.4101498780341,0.08366575271030463
2024-03-28,USDNGN,893.3845,895.7315,889.9701,893.7533134229608,0.010689530459558672,0.013535800316296476,0.01585329274134647,0.2148741685988994,0.2516632203306491,21.48741685988994,25.16632203306491,9.452757725532251,921.0122502782276,0.06541653199645392
2024-03-29,USDNGN,882.7109,883.3562,879.9337,881.0992927697371,-0.014158292297413055,0.01374822149552926,0.015614664768375046,0.21824625027961755,0.2478751186965741,21.824625027961755,24.78751186965741,-12.65402065322371,920.5847434208453,-0.04641706527281908
2024-04-02,USDNGN,883.3087,885.9077,882.0952,883.5540833450469,0.0027860544157209954,0.013068124753256728,0.01558581055051524,0.2074500491945077,0.24741707218818015,20.74500491945077,24.741707218818014,2.4547905753098576,920.0717048899493,-0.05572963646883755
2024-04-03,USDNGN,878.155,878.9272,875.9117,877.3624526779325,-0.0070076419585697325,0.013308646917381692,0.01560218370347224,0.21126822018095,0.2476769879335936,21.126822018095,24.76769879335936,-6.191630667114396,919.2199890682291,-0.09257059174774263
2024-04-05,USDNGN,871.4338,875.366,869.386,871.074253887607,-0.007167161953571588,0.012549561195377219,0.015423106304705263,0.19921810791572753,0.24483422235817504,19.921810791572753,24.483422235817503,-6.288198790325509,917.7714570181013,-0.15758274051417276
2024-04-08,USDNGN,873.8321,874.453,869.1037,872.7750194108105,0.0019524920127220735,0.008555861670999993,0.01511012561938917,0.13582009340001308,0.23986580800709736,13.582009340001308,23.986580800709735,1.7007655232034722,915.912583399274,-0.20254210398598094
2024-04-09,USDNGN,880.6415,882.6603,879.4932,879.9794706920687,0.00825464881673832,0.009053753264389675,0.015218475358850061,0.1437238774158858,0.24158580679849032,14.37238774158858,24.15858067984903,7.20445128125823,914.4155954667468,-0.16344222796583763
2024-04-10,USDNGN,880.6642,882.5441,876.4927,881.7114289717609,0.001968180323945523,0.0077349478444717285,0.014348667824485939,0.12278849040316384,0.2277780402519839,12.278849040316384,22.77780402519839,1.7319582796922077,912.1856343432254,-0.24386735468823195
2024-04-11,USDNGN,865.974,870.152,865.2622,867.9921485152371,-0.01555983058144439,0.00811369639329476,0.014539464516634945,0.1288009372208379,0.230806843842384,12.88009372208379,23.0806843842384,-13.719280456523848,909.6811284614513,-0.2745609870930865
2024-04-15,USDNGN,878.4399,881.5431,877.6452,880.0596969972142,0.013902831382310854,0.010081232649064688,0.014787936835556814,0.16003460699046032,0.23475121962368878,16.00346069904603,23.475121962368878,12.067548481977155,907.41808176095,-0.2487736229428883
2024-04-16,USDNGN,876.7408,880.0548,873.9769,877.8133092187736,-0.002552540226652078,0.009738367358180488,0.014774268374759779,0.15459178923320785,0.23453423953524483,15.459178923320785,23.45342395352448,-2.246387778440635,905.0486119513606,-0.2611221725922874
2024-04-17,USDNGN,865.9515,866.8836,862.9835,864.318,-0.015373780594399977,0.011152361837325065,0.01431750962982886,0.17703825571541698,0.22728341924579765,17.7038255715417,22.728341924579766,-13.495309218773627,903.048209542207,-0.22102706779921766
2024-04-18,USDNGN,852.1388,852.6524,850.8228,852.2363775211442,-0.013978214590990579,0.012026744415539971,0.013758061248783692,0.19091864883152174,0.21840245152005835,19.091864883152173,21.840245152005835,-12.08162247885582,899.9856777795707,-0.33913269859522366
2024-04-19,USDNGN,859.3155,860.7931,857.7225,860.540632650426,0.009744074940142733,0.012276523242170972,0.013574082470889023,0.1948837647797326,0.21548187896312107,19.48837647797326,21.548187896312108,8.304255129281842,896.7451788749606,-0.36006116370705943
2024-04-22,USDNGN,858.885,861.2956,858.0096,858.1648184270737,-0.00276083909720215,0.012078287776950263,0.013398514306689566,0.19173687432768946,0.21269482075944957,19.173687432768947,21.269482075944957,-2.375814223352336,893.9042958935282,-0.31679935932262815
2024-04-23,USDNGN,863.3861,863.9777,862.608,863.8134959970772,0.00658227586206217,0.011362452633708749,0.013410004024327836,0.1803733437152654,0.21287721437248086,18.03733437152654,21.287721437248088,5.648677570003542,891.0596533795162,-0.3182267416187434
2024-04-24,USDNGN,880.755,882.4368,878.2928,880.189671951109,0.018957999649136248,0.012539973927902962,0.013900504146725013,0.19906591476279029,0.2206636624239389,19.90659147627903,22.06636624239389,16.376175954031737,888.5561783607357,-0.28095481702999914
2024-04-25,USDNGN,871.7936,872.5404,871.4551,872.4842161019156,-0.008754312956334331,0.012969389771662893,0.013942240045382328,0.20588267995250875,0.2213261992754852,20.588267995250874,22.132619927548518,-7.705455849193299,885.9362122307996,-0.29485655423268087
2024-04-26,USDNGN,849.2624,852.1491,848.4284,850.6304756733095,-0.025047720090850767,0.015118782599245194,0.013404161489650119,0.24000323330192097,0.2127844670097798,24.000323330192096,21.27844670097798,-21.853740428606102,881.7595016331708,-0.471445973193918
2024-04-29,USDNGN,886.7288,888.8452,885.8087,868.6866878366548,0.021226857818670286,0.016345535011179836,0.01284180427546387,0.25947732411528734,0.2038573229894604,25.947732411528733,20.385732298946042,18.056212163345208,879.3491978943927,-0.273351603732519
2024-04-30,USDNGN,885.5977,886.9661,884.2022,886.7429,0.02078564391070814,0.017605902346593594,0.013439173768713206,0.27948503529585095,0.21334026970918693,27.948503529585096,21.334026970918693,18.056212163345208,877.8620090662138,-0.16912380562124074
2024-05-01,USDNGN,903.5311,904.5042,902.8575,904.2172366360224,0.019706204172621478,0.018117580342924905,0.013651234201888036,0.28760767167366974,0.2167066247237703,28.760767167366975,21.670662472377032,17.474336636022485,877.4864093427761,-0.04278573620438708
2024-05-02,USDNGN,890.6214,893.523,889.9077,892.0709880178143,-0.013432887724410203,0.01981189356185895,0.013795651344999356,0.3145040601957626,0.2189991757981322,31.45040601957626,21.89991757981322,-12.14624861820812,876.9438751646245,-0.061828214360382105
2024-05-03,USDNGN,894.0659,897.0959,893.6105,895.0880049481436,0.0033820368231378684,0.018802773126950677,0.013173928225035828,0.29848476991367884,0.20912962723955617,29.848476991367885,20.912962723955616,3.017016930329305,877.1802127851257,0.026950142100812258
2024-05-06,USDNGN,894.5753,897.1363,894.3872,896.3870770241145,0.0014513344707889342,0.01816480013182018,0.012932540405345052,0.28835726258393696,0.2052977143970248,28.835726258393695,20.52977143970248,1.299072075970912,877.8433786013296,0.07560200361773628
2024-05-07,USDNGN,930.0804,931.3942,930.0067,930.068200272072,0.03757430702791287,0.01684106194682279,0.014471534057555427,0.2673435703531583,0.22972848123535888,26.73435703531583,22.97284812353589,33.68112324795743,879.3076292212342,0.1668008958770617
2024-05-08,USDNGN,918.3884,920.0011,917.4019,917.75918364559,-0.013234531212744649,0.018928041113667908,0.014723914784310295,0.30047333755422806,0.23373490106755365,30.047333755422805,23.373490106755366,-12.309016626481935,880.3719268274846,0.1210381407918737
2024-05-09,USDNGN,911.4103,912.4691,910.2487,911.8089214829192,-0.006483467851593372,0.01867039445669068,0.014538783598533838,0.2963833236712946,0.23079603460263162,29.63833236712946,23.07960346026316,-5.9502621626708105,881.6337584003793,0.14332937414780478
2024-05-10,USDNGN,941.0628,943.353,938.8643,941.1359372135538,0.03216355427071127,0.020866263887319155,0.015182066092995482,0.33124167022136625,0.2410078276212724,33.124167022136625,24.100782762127242,29.32701573063457,883.2605950335172,0.18452522009702044
2024-05-13,USDNGN,945.184,949.7666,944.7122,945.674,0.00482189937394395,0.019111839965336986,0.015049445155402763,0.30339105387088183,0.2389025355042091,30.339105387088182,23.89025355042091,4.538062786446176,885.3063765102696,0.23161697558518046
2024-05-14,USDNGN,968.6156,970.981,966.9004,970.5026140418116,0.026254939907210728,0.02001972303995957,0.015605010367941445,0.31780325088073813,0.24772185984094566,31.780325088073813,24.772185984094566,24.828614041811647,887.8646865308981,0.2889745390418197
2024-05-15,USDNGN,950.5722,953.0397,950.4415,951.819289066714,-0.019251184597317006,0.02309502805901035,0.01582279132867104,0.36662220459720085,0.25117902541519704,36.66222045972008,25.117902541519705,-18.683324975097662,890.2220197407972,0.265505909364383
2024-05-16,USDNGN,939.2965,939.9866,936.0978,939.0596670848136,-0.013405508932700427,0.020403041228338505,0.016093483719574274,0.323888238477489,0.2554761339039617,32.388823847748895,25.54761339039617,-12.759621981900409,892.0722058654561,0.20783423501449239
2024-05-17,USDNGN,943.0095,946.141,942.0989,944.593129626043,0.005892556921763381,0.01934610442619447,0.01601229546385886,0.307109886897579,0.25418731029994907,30.7109886897579,25.418731029994905,5.533462541229483,894.3132284303931,0.25121537810528505
2024-05-20,USDNGN,939.8437,941.2706,937.9141,939.3009304449644,-0.005602622986654371,0.019267093893446437,0.01598194908812153,0.3058556335739429,0.25370557651959047,30.585563357394292,25.370557651959047,-5.292199181078672,896.587450982305,0.2542982122609727
2024-05-21,USDNGN,934.0001,937.6469,930.6353,931.963219672286,-0.007811884918715428,0.015155806503166063,0.016095447176818982,0.24059096955595718,0.25550730282143813,24.05909695559572,25.550730282143814,-7.337710772678406,898.5603909910209,0.22004992447244298
2024-05-22,USDNGN,947.3139,947.6204,945.3252,947.0093944865127,0.016144601521417945,0.01646571355470316,0.016259488847240006,0.2613850993498193,0.258111383608952,26.13850993498193,25.811138360895203,15.046174814226788,900.794721784169,0.2486567197430123
2024-05-23,USDNGN,927.457,927.9082,927.2279,927.881488305532,-0.020198222205971117,0.013332730612107744,0.016783325140149286,0.2116505369823304,0.26642702696143966,21.16505369823304,26.642702696143967,-19.127906180980744,902.3337237619614,0.17084935563833614
2024-05-24,USDNGN,924.0761,924.9831,923.2407,923.506692701044,-0.004714821515059087,0.012053440874929112,0.01651023923270369,0.19134244198609934,0.26209192257549496,19.134244198609935,26.209192257549496,-4.374795604487986,904.184208568155,0.20507765114647913
2024-05-27,USDNGN,944.7357,947.7663,942.2083,946.2390911841546,0.024615304537342952,0.01535141504129296,0.016883704163372672,0.24369615883318518,0.26802049455521965,24.369615883318517,26.802049455521963,22.732398483110615,906.3901883743863,0.24397460001259752
2024-05-28,USDNGN,969.3683,970.6561,967.6565,969.9498275030212,0.02505787019345629,0.017837750070532486,0.017341908172096257,0.2831655038133229,0.2752942576961125,28.316550381332288,27.529425769611247,23.710736318866566,909.4614056505278,0.3388405253646587
2024-05-29,USDNGN,985.5865,987.3161,985.4086,986.3290758454152,0.016886696484662345,0.017860530651858476,0.01713162552350881,0.28352713433078325,0.27195612413694625,28.352713433078325,27.195612413694626,16.37924834239402,913.5284415120418,0.44719169348421683
2024-05-30,USDNGN,1011.956,1012.0682,1008.6923,1011.088181022068,0.025102276494719522,0.017598849330955395,0.017159786201236562,0.27937307214362056,0.27240316103705825,27.937307214362058,27.240316103705826,24.759105176652838,918.8235016287392,0.5796272864732277
2024-05-31,USDNGN,1001.3245,1001.7414,997.3673,1000.91930232015,-0.010057360864053178,0.019241044933791602,0.017384397730343528,0.305442119158991,0.2759687585227481,30.5442119158991,27.59687585227481,-10.16887870191806,923.5027906177299,0.5092696236759231
2024-06-03,USDNGN,1006.9386,1009.9993,1006.4039,1008.3425,0.0074163797847068835,0.014788012761018739,0.017322983736468074,0.23475242490303136,0.2749938415938659,23.475242490303135,27.49938415938659,7.423197679849977,928.5087133368276,0.5420582124878282
2024-06-04,USDNGN,997.5999,998.1892,996.0587,997.854014906586,-0.010401708837437629,0.015971020047062696,0.017563411461545383,0.25353208337132993,0.2788105134069033,25.353208337132994,27.881051340690334,-10.488485093413942,932.9767306338111,0.48120359376344624
2024-06-05,USDNGN,991.6393,992.5853,990.9683,991.8993804222838,-0.00596744052270981,0.015882349811465617,0.01746808990861229,0.25212448701882967,0.27729733066503065,25.212448701882966,27.729733066503066,-5.9546344843022325,936.7003875828503,0.39911573641386866
2024-06-06,USDNGN,1001.4247,1003.3193,999.3235,1002.3916598477404,0.010577967516210762,0.013941972881243726,0.017332172268055543,0.22132195817626535,0.27513970501083174,22.132195817626535,27.513970501083172,10.492279425456559,941.0306357077112,0.46228742747027596
2024-06-07,USDNGN,998.5021,1000.8565,997.0646,999.4895491385352,-0.002895186408121142,0.013059172578699851,0.016467841205915955,0.2073079378290833,0.2614188747657338,20.73079378290833,26.141887476573377,-2.9021107092052034,945.9926048232188,0.52729092201933
2024-06-10,USDNGN,968.6265,969.5623,966.7405,968.74428364628,-0.030760967454591892,0.013622351693381463,0.01746329016294026,0.2162481291152817,0.2772211370646034,21.62481291152817,27.722113706460338,-30.745265492255157,949.3278580168729,0.35256651866506505
2024-06-11,USDNGN,984.7161,986.9152,981.2904,983.9579543324692,0.01570452692523361,0.01567308983766991,0.017316768348190886,0.24880258791868967,0.27489517536376706,24.880258791868968,27.489517536376706,15.213670686189175,952.5683598279552,0.3413469628766208
2024-06-12,USDNGN,981.8452,982.5903,980.0245,981.3683119187112,-0.0026318628782413533,0.015080354898902696,0.01707976526205625,0.2393932124705468,0.2711328680085646,23.93932124705468,27.11328680085646,-2.589642413757929,955.1400623373781,0.2699756382720242
2024-06-13,USDNGN,1017.7063,1021.092,1017.0607,1018.0383722592634,0.03736625678167371,0.021160250153515733,0.01790559061661371,0.3359085575167137,0.28424243909574937,33.59085575167137,28.424243909574937,36.67006034055214,959.3389751454265,0.4396122593552265
2024-06-14,USDNGN,1019.9122,1022.1853,1019.6841,1020.480103295608,0.0023984666029099877,0.02079882029752063,0.017908734433930016,0.33017103642457213,0.2842923456484675,33.017103642457215,28.42923456484675,2.441731036344663,963.5187117570086,0.43568923184305053
2024-06-17,USDNGN,993.2892,997.1561,992.6778,993.982061262252,-0.02596625054009516,0.023373194795870727,0.018751230742192624,0.37103796464965827,0.29766655992138474,37.103796464965825,29.766655992138475,-26.498042033356,966.7718778982799,0.33763393503163375
2024-06-18,USDNGN,979.4033,980.0761,978.3407,979.1193172595856,-0.014952728607387833,0.023975319754084668,0.01790464555258765,0.38059640203537376,0.2842274366694334,38.05964020353738,28.42274366694334,-14.862744002666432,968.406915131197,0.16912337546182155
2024-06-19,USDNGN,1002.8826,1003.7125,1002.4861,1003.3694802402696,0.02476732156460426,0.022265578366511867,0.018141967255790637,0.35345509892886096,0.28799480191379373,35.3455098928861,28.799480191379374,24.250162980683967,971.260591684353,0.29467742418685106
2024-06-20,USDNGN,991.6075,995.6922,987.7148,990.0551896933854,-0.013269578962772477,0.02268535908673329,0.018307589646860228,0.3601189112741738,0.29062397586367783,36.01189112741738,29.062397586367783,-13.314290546884195,973.8688006247017,0.26853853257091664
2024-06-24,USDNGN,1058.1964,1060.3757,1057.4438,1057.8605241463772,0.06848641889750695,0.033891924488912116,0.021270366075614437,0.538017621906248,0.33765659358828415,53.8017621906248,33.765659358828415,67.80533445299181,977.7596201891291,0.3995219440166453
2024-06-25,USDNGN,1059.1904,1059.5479,1056.9051,1058.0755805568565,0.0002032937287765879,0.031977848030835455,0.021281823623933407,0.5076326001156429,0.3378384765292031,50.76326001156429,33.783847652920315,0.21505641047929203,981.5063395410245,0.38319432246247676
2024-06-26,USDNGN,1066.0953,1067.2561,1063.9795,1065.7599677102955,0.00726260703360615,0.031940576621229774,0.02087451935822249,0.5070409348306661,0.331372721759162,50.704093483066615,33.1372721759162,7.684387153439047,984.6815846633073,0.3235073472645622
2024-06-27,USDNGN,1018.3587,1019.9123,1017.9646,1019.1817975769096,-0.04370418437976764,0.03546802096611758,0.022220795926237245,0.5630373778318318,0.35274419972844545,56.30373778318318,35.27441997284455,-46.578170133385925,986.9270016136471,0.22803482722870694
2024-07-01,USDNGN,972.9764,975.159,966.3605,972.0208038837864,-0.04627338695142302,0.03996466723593684,0.02378799002981681,0.63441942441444,0.3776226348538754,63.441942441444,37.76226348538754,-47.16099369312326,988.0257061736128,0.11132581823876109
2024-07-02,USDNGN,976.3384,979.075,972.8513,977.679363372256,0.005821438662485967,0.03859740263879464,0.02378753273927228,0.6127147718116729,0.377615375591529,61.27147718116729,37.7615375591529,5.6585594884696775,989.12858063182,0.11162406517521983
2024-07-03,USDNGN,975.6136,979.2131,974.8674,977.0256745197574,-0.0006686127139309272,0.038335251228538036,0.02375433697580412,0.6085532471873698,0.377088409183223,60.85532471873698,37.7088409183223,-0.6536888524985898,990.3860721009797,0.12713124398411324
2024-07-04,USDNGN,998.908,1003.5512,996.8351,999.7959360724184,0.02330569415573791,0.026658858955288012,0.02400791826326229,0.4231962661946356,0.3811138873257464,42.319626619463556,38.11138873257464,22.77026155266094,992.6471626476508,0.2283039524045849
2024-07-05,USDNGN,1007.1173,1009.7498,1005.4007,1007.400335085092,0.00760595111293072,0.02716760968504551,0.023892409570177842,0.4312724336562014,0.3792802436687412,43.12724336562014,37.92802436687412,7.604399012673639,994.6601940009367,0.20279424845346394
2024-07-08,USDNGN,998.5376,998.9262,996.5109,996.8311955550412,-0.01049149892247958,0.026470521528927354,0.023641109209110462,0.4202065022383381,0.37529097411015105,42.02065022383381,37.52909741101511,-10.569139530050847,996.9585175759204,0.23106620621247131
2024-07-09,USDNGN,1010.0635,1013.1392,1007.8408,1010.5500630435872,0.013762478090292296,0.02261698967906579,0.02368298369433115,0.35903358057433576,0.37595571095518776,35.90335805743358,37.59557109551878,13.718867488546039,999.8599632540052,0.29102972961598805
2024-07-10,USDNGN,991.9865,992.8367,989.9815,992.5311489806502,-0.017830798019711547,0.014063501686564216,0.023632064842377946,0.22325116815231813,0.37514739923930923,22.325116815231812,37.514739923930925,-18.01891406293703,1001.4030318472217,0.15432847097853752
2024-07-11,USDNGN,1028.692,1031.148,1028.0875,1029.0686252026223,0.036812422722951155,0.019062780244263614,0.02412227673945357,0.3026122549427798,0.38292927185563297,30.261225494277983,38.2929271855633,36.537476221972156,1003.3736584372085,0.19678656118624627
2024-07-12,USDNGN,1035.7308,1038.657,1035.0037,1038.1787474109017,0.00885278394964728,0.018719429327351628,0.02399850096838426,0.2971617281113291,0.38096439240412505,29.716172811132914,38.09643924041251,9.110122208279336,1005.1019808227246,0.17225112210021987
2024-07-15,USDNGN,1035.2708,1035.5653,1031.9159,1034.0698642455195,-0.003957780079422046,0.01803658879430306,0.02361670938258498,0.28632197069796134,0.3749036388720338,28.632197069796135,37.49036388720338,-4.108883165382167,1005.868036930173,0.07621675432589736
2024-07-16,USDNGN,1028.9887,1029.9756,1026.3899,1026.902557994472,-0.006931162486082942,0.018512426538146054,0.023573015677708146,0.2938756607057211,0.3742100228102549,29.387566070572106,37.42100228102549,-7.167306251047421,1006.7341454526505,0.0861055815155165
2024-07-17,USDNGN,1041.1191,1042.3005,1038.576,1040.0901699305305,0.012842125899280576,0.017788341498167097,0.023643686000461357,0.2823811670426416,0.37533187940472085,28.23811670426416,37.53318794047208,13.187611936058374,1007.7924011170014,0.10511768863019633
2024-07-18,USDNGN,1037.0974,1038.63,1036.6971,1036.7582785425827,-0.0032034639729074943,0.017745382569010607,0.023557182681162827,0.2816992151838153,0.3739586817820477,28.16992151838153,37.39586817820477,-3.331891387947735,1009.0892099048681,0.12867816689521305
2024-07-19,USDNGN,1053.2563,1054.7248,1049.8234,1053.7581858763976,0.016397175393392915,0.015345897162401092,0.02366496726370145,0.2436085652213104,0.3756697089854324,24.36085652213104,37.56697089854324,16.999907333814917,1011.1511700866718,0.20433874047647294
2024-07-22,USDNGN,1038.7218,1038.8197,1033.8338,1037.4856267905418,-0.015442403488730383,0.011648557789811645,0.023826923564293254,0.18491512226643486,0.378240685553188,18.491512226643486,37.8240685553188,-16.272559085855846,1012.3209689847652,0.11568981302698678
2024-07-23,USDNGN,1051.3632,1051.6019,1050.0942,1050.5951351750127,0.01263584578518473,0.012139002946412358,0.02389854332804268,0.19270069776292456,0.3793776140562171,19.270069776292456,37.937761405621714,13.109508384470928,1014.0244885193144,0.16827859806733958
2024-07-24,USDNGN,1039.3807,1042.2638,1038.1624,1038.457056668219,-0.011553526282769067,0.013041544320865002,0.02324055013107441,0.20702809791141327,0.36893229587491483,20.702809791141327,36.89322958749148,-12.138078506793818,1016.3482476200458,0.22916202981690947
2024-07-25,USDNGN,1034.9775,1036.2764,1032.2026,1036.19993076284,-0.00217353803018161,0.012698369517786051,0.023121268156465376,0.2015803668003905,0.3670387532306654,20.15803668003905,36.70387532306654,-2.257125905378871,1018.0896468343914,0.17133883178559461
2024-07-26,USDNGN,1006.0804,1006.7769,1005.78,1006.012426415896,-0.029132895545283755,0.01588267063042046,0.023799923081075983,0.252129579861852,0.37781206616995916,25.212957986185202,37.78120661699592,-30.187504346944024,1018.9111173176309,0.08068744101208392
2024-07-29,USDNGN,1028.2847,1028.4023,1024.2081,1025.8583029392512,0.01972726777745648,0.01839425366382122,0.023080055084627477,0.2919997244826579,0.3663845159975767,29.199972448265786,36.63845159975767,19.845876523355173,1019.1717816736304,0.025582639306720445
2024-07-30,USDNGN,1021.6584,1021.6641,1020.8421,1021.3939858948742,-0.0043517872123138845,0.016643774002844045,0.023093919494338262,0.2642117213345243,0.3666046066785934,26.42117213345243,36.66046066785934,-4.464317044377026,1019.2022444269394,0.0029889714233455322
2024-07-31,USDNGN,1023.9184,1025.8272,1020.7927,1023.60757609647,0.0021672246284634156,0.01600221041216589,0.02255607657588374,0.25402721506751613,0.3580666150387063,25.402721506751615,35.80666150387063,2.213590201595821,1020.18976158808,0.09689118784230732
2024-08-01,USDNGN,1036.232,1038.9951,1034.3837,1036.8341363596985,0.01292151462347313,0.0160455017798069,0.022440558162217985,0.25471444422367995,0.3562328170722566,25.471444422367995,35.623281707225665,13.22656026322852,1022.1135888914171,0.18857543721495507
2024-08-02,USDNGN,1019.0611,1023.4608,1015.8147,1018.7843788385728,-0.017408529376258808,0.016776412419359274,0.02229560399098564,0.26631729092088047,0.3539317409407631,26.631729092088047,35.39317409407631,-18.049757521125684,1022.6274188446938,0.0502713161101731
2024-08-05,USDNGN,1037.5053,1037.9786,1036.9917,1037.1984336861258,0.018074535917546486,0.018518760716505763,0.02235046326448448,0.29397621266991936,0.3548026049094647,29.397621266991937,35.48026049094647,18.41405484755296,1024.1988603111186,0.15366705776382883
2024-08-06,USDNGN,1023.0448,1023.6828,1019.334,1021.5597573597046,-0.015077805575585468,0.015275470829160882,0.01865328407552624,0.24249058184028788,0.2961117047909028,24.249058184028787,29.611170479090283,-15.638676326421205,1022.9888347515628,-0.118143615116717
2024-08-07,USDNGN,1037.1232,1038.7884,1032.3483,1035.145594267462,0.013299111295134614,0.01420868530563143,0.018834614541121206,0.22555588665527124,0.2989902366934058,22.555588665527125,29.89902366934058,13.585836907757425,1022.2245018752496,-0.07471566163268495
2024-08-08,USDNGN,1032.147,1032.2688,1031.8109,1032.0586712938796,-0.0029821147775516144,0.014125869139236696,0.018780742805706775,0.22424122077037398,0.2981350494057935,22.4241220770374,29.81350494057935,-3.086922973582432,1021.1011253280357,-0.10989528671569992
2024-08-09,USDNGN,1010.6696,1011.6198,1008.5672,1010.3312685322628,-0.021052487969872247,0.016490731361264152,0.01740543951846002,0.26178224471687156,0.2763027865537262,26.178224471687155,27.63027865537262,-21.72740276161676,1020.8061076932141,-0.028892107500788633
2024-08-15,USDNGN,988.4257,992.2601,986.9407,988.5410213027652,-0.021567428335810046,0.016530045436534208,0.015642784522183987,0.26240633631400584,0.24832150594961502,26.240633631400584,24.8321505949615,-21.790247229497595,1021.3567816071802,0.053945005796496304
2024-08-16,USDNGN,1011.006,1012.99,1008.5923,1011.3542713220704,0.02307769685595895,0.01904025441522525,0.016147489724434704,0.3022546684925134,0.25633345265295077,30.225466849251344,25.633345265295077,22.8132500193052,1022.4792785388405,0.10990252885911822
2024-08-19,USDNGN,1038.0443,1039.3342,1037.0517,1038.5017913366682,0.02684274025867306,0.0207109156175586,0.016802394457586776,0.32877559289102265,0.26672974299110774,32.877559289102265,26.672974299110773,27.14752001459783,1024.5284824327377,0.20041520027922477
2024-08-20,USDNGN,1042.4837,1045.0011,1041.0975,1044.154461017638,0.005443100559021641,0.019582689742837743,0.01633774285367261,0.3108655623677044,0.25935362744964274,31.08655623677044,25.935362744964273,5.652669680969666,1026.0070999309116,0.14432175615683995
2024-08-21,USDNGN,1027.695,1030.0959,1026.3049,1026.343911972108,-0.017057389218230967,0.020344305586550475,0.016641598251827133,0.32295583906988756,0.264177182357891,32.29558390698875,26.4177182357891,-17.810549045530024,1026.638552493812,0.06154465821366362
2024-08-22,USDNGN,1057.8636,1059.3025,1057.5743,1057.7085764736112,0.03055960495857235,0.02351431853355835,0.017357321926813343,0.37327823453371445,0.27553894346661945,37.327823453371444,27.553894346661945,31.364664501503285,1028.6677985244312,0.1976592468390992
2024-08-23,USDNGN,1051.5248,1051.6584,1046.6847,1050.1143,-0.007179932774044828,0.021580712980286704,0.017294082352361042,0.34258319796781306,0.27453504634450937,34.25831979678131,27.453504634450937,-7.594276473611217,1029.9866064229782,0.12820542262903523
2024-08-26,USDNGN,1055.4421,1059.1535,1053.7349,1054.3213,0.004006230559854496,0.01806789608351393,0.016910978775634213,0.28681895850681455,0.26845346560211814,28.681895850681453,26.845346560211812,4.207000000000107,1032.0462781236233,0.19997072659014847
2024-08-27,USDNGN,1059.6587,1063.0445,1057.2144,1060.4582588388866,0.005820767197709742,0.01703598834638917,0.01561786092516206,0.2704379310164414,0.2479258561126318,27.04379310164414,24.792585611263178,6.136958838886585,1033.0925992448322,0.10138315920398266
2024-08-28,USDNGN,1070.1365,1071.7411,1068.9639,1070.346411987182,0.009324415238296968,0.01475550143700513,0.0156261485379912,0.23423632363423066,0.24805741788768151,23.423632363423067,24.805741788768152,9.88815314829526,1034.1648547307082,0.1037908399169396
2024-08-29,USDNGN,1051.0225,1054.7735,1048.8172,1053.360903102342,-0.015869169732913857,0.016592788425549423,0.01590880109930637,0.2634023503866885,0.25254438819573377,26.34023503866885,25.254438819573377,-16.985508884839874,1034.8078893592688,0.0621791221795176
2024-08-30,USDNGN,1059.3259,1060.8315,1059.2775,1059.6586174879408,0.005978686286011614,0.014478091451097488,0.015868737814620608,0.22983257663072532,0.2519084032678363,22.983257663072532,25.190840326783633,6.297714385598738,1035.899758009051,0.10551414045154583
2024-09-02,USDNGN,1071.5273,1072.7873,1069.5747,1072.2349746415898,0.011868310176595287,0.00990842905050105,0.01584501425656602,0.15729143490572178,0.25153180345888004,15.729143490572179,25.153180345888003,12.576357153649042,1036.9712514994199,0.10343602091655857
2024-09-03,USDNGN,1075.0704,1080.7375,1073.875,1075.2822707107623,0.002842003983493546,0.009048906913644515,0.015826348975721702,0.1436469439828585,0.25123550131128863,14.364694398285849,25.123550131128862,3.0472960691724893,1038.2553845716925,0.12383497328549709
2024-09-04,USDNGN,1058.0967,1061.5944,1055.5104,1059.144482543163,-0.01500795521991849,0.01139490701154174,0.01583454967141304,0.18088854099147395,0.2513656833195506,18.088854099147394,25.13656833195506,-16.13778816759941,1038.434927793918,0.01729278026325609
2024-09-05,USDNGN,1056.593,1060.0768,1053.5719,1057.0145170613453,-0.002011024479590562,0.011191932249101297,0.015561889783255931,0.17766641652843498,0.24703734178015224,17.7666416528435,24.703734178015225,-2.129965481817635,1039.0858908029447,0.06268693315329976
2024-09-06,USDNGN,1051.3195,1052.0687,1047.0764,1048.7437427900916,-0.007824655326634122,0.01056518037700732,0.015470592726042056,0.16771703900460602,0.24558804592723255,16.7717039004606,24.558804592723256,-8.270774271253686,1039.0241777234473,-0.005939170192148513
2024-09-09,USDNGN,1048.8388,1051.0609,1047.4671,1048.2492407491025,-0.0004715184661541194,0.008872726331782172,0.015315334267031652,0.14085016395018,0.24312339429834867,14.085016395017998,24.312339429834868,-0.49450204098911854,1039.3505838594767,0.03141468148937232
2024-09-10,USDNGN,1110.247,1111.8746,1108.3395,1108.7958927852246,0.057759786205858976,0.024007643234670584,0.018535033514604234,0.3811095213822039,0.2942345353313417,38.11095213822039,29.42345353313417,60.54665203612217,1041.770449260223,0.2328247502166647
2024-09-11,USDNGN,1104.9498,1106.4953,1101.9112,1106.2626628285404,-0.0022846675147044637,0.024099205032271583,0.017582501006407517,0.38256301985848157,0.27911355053698306,38.256301985848154,27.911355053698305,-2.533229956684181,1045.112123807311,0.320768797911386
2024-09-12,USDNGN,1133.1026,1136.6264,1131.1139,1132.8464093982354,0.024030230308708544,0.025133258296419086,0.017737835588321243,0.3989781065344548,0.2815794105794945,39.89781065344548,28.157941057949447,26.583746569694995,1048.6783940226107,0.3412332642652727
2024-09-13,USDNGN,1149.2365,1152.3728,1145.4637,1150.5172236792448,0.015598596715680202,0.023095670413926184,0.01780861410314821,0.36663240166536526,0.2827029846698864,36.663240166536525,28.270298466988642,17.67081428100937,1052.9825019487564,0.4104316395454166
2024-09-16,USDNGN,1151.0269,1153.0024,1148.8496,1150.418371474555,-8.591979559735563e-05,0.02291016126106554,0.01782191172385687,0.3636875351589921,0.2829140778544303,36.36875351589921,28.291407785443027,-0.0988522046898197,1057.209528461359,0.4014336899976545
2024-09-17,USDNGN,1152.6697,1155.0201,1151.9148,1152.8552,0.0021182107186983323,0.021725677990961652,0.017745500943549063,0.3448844461701235,0.2817010943213572,34.48844461701235,28.17010943213572,2.43682852544498,1061.0768972493693,0.36580911199681765
2024-09-18,USDNGN,1168.8498,1169.2428,1163.3321,1167.0080503789425,0.012276346915850667,0.020845561581859743,0.017351597494181765,0.3309130313104985,0.27544807091577883,33.09130313104985,27.544807091577884,14.152850378942503,1066.0176863007148,0.4656391128817772
2024-09-19,USDNGN,1144.3044,1144.9145,1141.7696,1142.506104041093,-0.0209955246923047,0.014650005312127803,0.017772821759454695,0.23256162456999213,0.2821347988283673,23.256162456999213,28.21347988283673,-24.501946337849404,1069.5279419792137,0.3292868142441563
2024-09-20,USDNGN,1153.7923,1153.8468,1149.041,1152.669628024473,0.00889581591505828,0.014409845274857355,0.017450356381345913,0.22874920216915046,0.2770158196469418,22.874920216915047,27.701581964694178,10.163523983379946,1073.8982710013727,0.4086222388983707
2024-09-23,USDNGN,1167.6358,1169.1255,1165.776,1166.4422660108055,0.011948469580080001,0.012481614275200618,0.017427741444808534,0.19813948399688727,0.2766568186589813,19.813948399688726,27.66568186589813,13.772637986332484,1078.2748267261509,0.4075391350334634
2024-09-24,USDNGN,1179.9944,1180.8042,1175.6101,1178.8016591134135,0.01059580354960632,0.011850850141249657,0.017412883128618464,0.18812641379064762,0.27642095020174073,18.81264137906476,27.642095020174075,12.35939310260801,1083.1662596534686,0.45363508505238404
2024-09-25,USDNGN,1183.4043,1185.3456,1179.8582,1183.2333945520488,0.0037595259595821773,0.011743606353608382,0.016728952476583826,0.18642397144011502,0.26556388768595335,18.642397144011504,26.556388768595333,4.4317354386353145,1088.9296638541282,0.5320886012922355
2024-09-26,USDNGN,1190.469,1190.7918,1184.4816,1190.2557563545597,0.005934891488732497,0.011725631426619938,0.01593412281729829,0.1861386283202392,0.25294635800718696,18.61386283202392,25.294635800718694,7.022361802510886,1095.6534883558547,0.6174709648305798
2024-09-27,USDNGN,1195.828,1196.1576,1191.2061,1192.5270284810797,0.001908221921544273,0.011243835161440587,0.01563275867599004,0.17849034971865346,0.248162350575342,17.849034971865347,24.8162350575342,2.271272126519989,1101.692580261155,0.5511862983581084
2024-09-30,USDNGN,1167.354,1167.7351,1163.6453,1167.0367649679652,-0.021374998557124103,0.011379742906607393,0.015853137047734302,0.18064781828840693,0.251660748771178,18.064781828840694,25.1660748771178,-25.49026351311454,1105.9770793821983,0.3889015137079177
2024-10-01,USDNGN,1154.8876,1156.5399,1152.054,1152.642955273637,-0.012333638601970898,0.012362692703056654,0.01612783855297948,0.19625166256440477,0.25602149997710105,19.625166256440476,25.602149997710104,-14.393809694328183,1109.5933625240648,0.32697631888416456
2024-10-02,USDNGN,1151.9008,1152.6168,1151.7015,1152.2491724726394,-0.0003416346746369925,0.011212557730194375,0.015678313950141035,0.17799383589029508,0.24888551813320742,17.799383589029507,24.888551813320742,-0.3937828009975419,1113.7902045407493,0.37823243707386656
2024-10-03,USDNGN,1118.8618,1123.1923,1116.7925,1117.808200221208,-0.029890212181731268,0.013929749700464357,0.016025377128084134,0.22112792119683097,0.2543949752815986,22.112792119683096,25.439497528159862,-34.4409722514315,1115.7935253323355,0.17986518317534284
2024-10-04,USDNGN,1097.3416,1098.463,1096.0054,1097.332600384464,-0.01831763251753915,0.013452793650195098,0.016369887037731196,0.2135564786249105,0.2598639005523394,21.35564786249105,25.986390055233937,-20.475599836743868,1117.3674686784843,0.1410604480501787
2024-10-07,USDNGN,1085.2934,1085.9565,1084.7282,1085.6056,-0.010686824013389606,0.011342993473133564,0.0165144277804502,0.18006443911764133,0.26215841370964565,18.006443911764134,26.215841370964565,-11.727000384463963,1118.4102786784847,0.09332739937684131
2024-10-08,USDNGN,1096.7287,1097.6687,1092.3595,1096.044001505332,0.009615279716070013,0.01324620777252616,0.016566237121622727,0.21027702948477037,0.2629808615036413,21.027702948477035,26.29808615036413,10.438401505331967,1119.5964701006994,0.10606049003916151
2024-10-09,USDNGN,1081.1734,1083.0487,1078.0572,1082.2170008515086,-0.012615370035174767,0.012600402955668498,0.01668055067053483,0.20002519583941242,0.2647955328350812,20.002519583941243,26.47955328350812,-13.827000653823461,1119.9921563961768,0.03534186700693276
2024-10-10,USDNGN,1076.6728,1077.3029,1075.0322,1075.4903765233164,-0.006215596615927854,0.01267634301645805,0.016445325276725882,0.20123070693179013,0.26106144547068694,20.123070693179013,26.106144547068695,-6.726624328192202,1120.7298055102094,0.06586198928446585
2024-10-11,USDNGN,1084.8098,1087.4635,1081.8552,1083.214223259171,0.007181697674341736,0.013872343437381557,0.016459792219070707,0.22021662502194314,0.26129110106074244,22.021662502194314,26.129110106074243,7.723846735854522,1121.5149923692504,0.07006031740930396
2024-10-14,USDNGN,1065.0505,1065.5411,1061.6302,1064.6759950229512,-0.017114092335717368,0.011204236403775169,0.01664109029157096,0.1778617389285946,0.2641691187388086,17.786173892859463,26.41691187388086,-18.538228236219766,1121.2630263819624,-0.022466573251578303
2024-10-15,USDNGN,1070.3158,1071.3827,1068.9737,1069.178675697595,0.004229155814250207,0.01059192139696485,0.016651480826466673,0.16814153953627706,0.2643340633667466,16.814153953627706,26.433406336674658,4.502680674643898,1121.059573214857,-0.018144999194513733
2024-10-16,USDNGN,1069.7283,1070.8578,1068.7937,1069.163686658205,-1.4019209072069216e-05,0.010171312427296915,0.016410539795117463,0.16146457913861026,0.260509243069258,16.146457913861028,26.0509243069258,-0.01498903939000229,1121.3935466853582,0.029790876281743373
2024-10-17,USDNGN,1056.636,1059.3627,1054.631,1056.2118615902195,-0.012113977709501067,0.009263439112846633,0.016565555771860356,0.14705253706668595,0.26297004541147884,14.705253706668595,26.297004541147885,-12.95182506798551,1121.3667915029873,-0.002385886957345651
2024-10-18,USDNGN,1062.5188,1064.8044,1061.2454,1063.4788890104544,0.006880274388600061,0.009600143167062859,0.016540344884468938,0.152397548223986,0.2625698349812651,15.239754822398599,26.256983498126512,7.267027420234854,1121.8579630436661,0.04380114913340449
2024-10-21,USDNGN,1072.2714,1076.7204,1069.9423,1073.925063640064,0.009822644095295319,0.010430276367539038,0.0166240048454899,0.16557550424509457,0.2638978956905941,16.557550424509458,26.389789569059406,10.446174629609686,1122.7138238066982,0.0762895831046162
2024-10-22,USDNGN,1046.5708,1047.0248,1045.017,1046.9711661250824,-0.025098490041401522,0.013365605088615251,0.013435506964558936,0.2121724031182522,0.21328206099779548,21.21724031182522,21.32820609977955,-26.95389751498169,1120.6529995846936,-0.18355739265926152
2024-10-23,USDNGN,1038.8207,1041.4995,1034.1578,1039.6150432790923,-0.007026098792400903,0.012315741069868954,0.013468972151129265,0.19550632849402685,0.21381330436525628,19.550632849402685,21.381330436525626,-7.356122845990058,1118.4314122663786,-0.1982404293869977
2024-10-24,USDNGN,1050.449,1052.468,1049.2726,1052.2870666363533,0.012189149665718269,0.013445819060186043,0.01283921705424099,0.21344576044094693,0.2038162521258057,21.344576044094694,20.38162521258057,12.672023357260969,1115.7461008409823,-0.2400962093826453
2024-10-25,USDNGN,1057.8611,1058.4987,1052.698,1058.432318685064,0.005839900768099371,0.013781873811779408,0.01248691228918787,0.2187804642386527,0.19822358736160411,21.878046423865268,19.82235873616041,6.145252048710745,1112.676604007843,-0.2751071082234269
2024-10-28,USDNGN,1076.6757,1078.4224,1075.1129,1078.1455038996164,0.018624889722795857,0.014653144037755089,0.013075443946400965,0.2326114502946529,0.20756623778365152,23.26114502946529,20.756623778365153,19.713185214552368,1110.267508422012,-0.2165135473464086
2024-10-29,USDNGN,1083.9929,1085.4118,1083.3071,1084.1798520798166,0.00559697012914695,0.014604938675079135,0.01312924906090976,0.2318462138856514,0.20842036749717327,23.18462138856514,20.842036749717327,6.034348180200141,1107.9783301580057,-0.20618258632640885
2024-10-31,USDNGN,1101.2483,1105.6973,1100.7226,1103.7658796500905,0.01806529380960309,0.015561755160755988,0.013385755528020182,0.24703520471421792,0.21249228142709695,24.70352047142179,21.249228142709693,19.586027570273927,1105.8702578003772,-0.19026295914360558
2024-11-01,USDNGN,1114.6143,1115.0006,1114.5495,1114.6216968036924,0.009835253429870017,0.008794759944619621,0.013037676325001376,0.13961248592385425,0.206966695380649,13.961248592385425,20.6966695380649,10.855817153601947,1104.9407775591308,-0.08404966447829176
2024-11-04,USDNGN,1128.5161,1128.5716,1126.2866,1128.0116374959507,0.012012991251341587,0.005225949990298865,0.013129223891959576,0.08295938423034725,0.20841996795247558,8.295938423034725,20.841996795247557,13.389940692258278,1104.1188445415132,-0.0743870652898937
2024-11-05,USDNGN,1140.9475,1142.0508,1139.8933,1141.7496159271,0.012178933243672807,0.005225804347536456,0.013136906802500115,0.0829570722231697,0.20854193037628813,8.29570722231697,20.854193037628814,13.737978431149259,1103.2957562053896,-0.07454707798827398
2024-11-06,USDNGN,1157.8463,1159.5471,1155.8142,1157.9485110682087,0.014187782430699736,0.004566924730464314,0.01325854629877893,0.07249768255895557,0.21047289751682957,7.249768255895557,21.047289751682957,16.19889514110878,1102.6006512705496,-0.06300259299742983
2024-11-07,USDNGN,1136.2478,1138.6183,1135.1865,1136.8202225339287,-0.018246310895800644,0.012044197220855698,0.013618089089935252,0.19119570352679677,0.21618046238334354,19.119570352679677,21.618046238334355,-21.128288534280045,1101.053545536612,-0.14031424089535616
2024-11-08,USDNGN,1145.9828,1148.8811,1145.7612,1147.5400373406917,0.009429648236612964,0.012021794398047542,0.013696328873614879,0.19084006973989942,0.21742248044483026,19.084006973989943,21.742248044483027,10.719814806762997,1099.6296882361498,-0.1293177163121828
2024-11-11,USDNGN,1113.4155,1117.1513,1110.09,1112.265740188712,-0.030739055722817543,0.01801243850945436,0.014706634902977156,0.28593859681115513,0.2334605914554005,28.593859681115514,23.34605914554005,-35.27429715197968,1096.9543119597377,-0.2432979306609684
2024-11-12,USDNGN,1130.1577,1130.7542,1129.4589,1130.1676699626692,0.01609501140520586,0.018654400547603183,0.014614104377120294,0.29612942823567084,0.23199171489480475,29.612942823567085,23.199171489480474,17.901929773957136,1095.7253421262278,-0.11203473290644084
2024-11-13,USDNGN,1135.7735,1136.5168,1133.2364,1135.2904169538533,0.00453273184796843,0.018202771442685284,0.014485553222326173,0.2889600384569621,0.22995102857679228,28.89600384569621,22.99510285767923,5.122746991184158,1095.146924182235,-0.05278858868688063
2024-11-14,USDNGN,1136.4488,1139.6837,1135.5642,1136.5073056298463,0.0010718743484667836,0.01754446941972073,0.014488059654642681,0.27850981781495243,0.22999081695631726,27.850981781495243,22.999081695631727,1.2168886759930047,1094.6221952874753,-0.04791401803474482
2024-11-15,USDNGN,1143.7086,1145.5298,1143.546,1144.562943477353,0.007088065169138735,0.016738956241708635,0.01342257126909839,0.2657226925341206,0.21307671319844984,26.572269253412063,21.307671319844985,8.05563784750666,1095.5140200626802,0.08147329544789805
2024-11-18,USDNGN,1155.062,1156.5034,1154.0098,1155.2000553972885,0.009293601527599948,0.015335027186502318,0.013001096005221069,0.2434360097033979,0.20638600080654154,24.34360097033979,20.638600080654154,10.637111919935478,1097.4429352297743,0.17607398278516317
2024-11-19,USDNGN,1116.3506,1119.9853,1115.5273,1117.9293628870305,-0.03226340955934259,0.019640303783608513,0.014252115709098926,0.31178015691113437,0.2262453229367564,31.178015691113437,22.62453229367564,-37.27069251025796,1098.5203939926753,0.0981790240123459
2024-11-20,USDNGN,1145.3873,1145.9407,1138.8831,1143.857875640305,0.02319333726624251,0.017682281043085207,0.014739850547162772,0.28069750951413147,0.2339878734603122,28.06975095141315,23.39878734603122,25.928512753274617,1100.1141897971745,0.14508568190585436
2024-11-21,USDNGN,1169.725,1169.9125,1164.9993,1168.0137402628409,0.021117889850619687,0.018337829042533005,0.014909253326522874,0.29110401138816017,0.23667705921385201,29.110401138816016,23.667705921385203,24.155864622535773,1102.9740811108854,0.2599631329397001
2024-11-22,USDNGN,1192.2077,1192.4258,1189.8112,1190.0858710182242,0.018897149917445732,0.01908339524580502,0.015097854212060188,0.3029395079469145,0.23967100545492176,30.293950794691447,23.967100545492176,22.07213075538334,1106.7939309273822,0.34632271799619474
2024-11-25,USDNGN,1168.7059,1169.9899,1168.3467,1168.841682471817,-0.017850971147343353,0.021264518638400943,0.015571207823180402,0.3375637684002403,0.24718526107823258,33.75637684002403,24.71852610782326,-21.24418854640726,1109.648179567804,0.2578843776302797
2024-11-26,USDNGN,1201.5229,1201.6641,1197.2702,1201.4253747131104,0.02787690816465993,0.023105355571154024,0.01576669250683957,0.36678614876996585,0.2502884842267383,36.67861487699658,25.02884842267383,32.58369224129342,1114.2064922241427,0.4107889996371794
2024-11-28,USDNGN,1251.4103,1256.4079,1250.4051,1252.8939143026205,0.04283956429819891,0.026800115369687624,0.017276374183343584,0.42543864225619993,0.2742539378761424,42.54386422561999,27.42539378761424,51.4685395895101,1120.3303335109767,0.5496145758951521
2024-11-29,USDNGN,1235.8052,1237.4241,1235.5,1236.3385660967697,-0.013213687142111907,0.02211766853771799,0.017585485275532303,0.3511071031881566,0.2791609243406799,35.110710318815656,27.91609243406799,-16.555348205850805,1125.9028294922623,0.49739758128497513
2024-12-02,USDNGN,1231.296,1236.4674,1227.1848,1233.6859698655392,-0.0021455257515786696,0.02256387879642009,0.017343396956337506,0.35819047144998584,0.2753178914132615,35.819047144998585,27.53178914132615,-2.6525962312305182,1131.8186331014397,0.5254275461626712
2024-12-03,USDNGN,1226.668,1230.2837,1224.134,1226.7871491273438,-0.005592039551967409,0.022839137162689396,0.01745424200101163,0.3625600625506169,0.277077501946891,36.25600625506169,27.7077501946891,-6.898820738195354,1137.2622417720024,0.48096121687324356
2024-12-04,USDNGN,1217.323,1218.009,1215.2398,1217.585685358571,-0.007500456599433769,0.022776422039761407,0.01757261913108957,0.36156449083835507,0.2789566806295136,36.156449083835504,27.895668062951362,-9.201463768772783,1142.0509291626195,0.4210715184877367
2024-12-05,USDNGN,1218.0856,1221.7884,1215.2783,1216.214685043543,-0.0011259990418038823,0.020970533225737657,0.01671161325928301,0.3328968946543138,0.2652886361445145,33.28968946543138,26.52886361445145,-1.3710003150279135,1147.692379793235,0.4939753986936468
2024-12-06,USDNGN,1223.3812,1223.6909,1218.9118,1221.3281133242222,0.0042043796572772685,0.018607006625609414,0.0165546871750598,0.2953770730481618,0.26279751178607175,29.53770730481618,26.279751178607174,5.113428280679045,1153.7494821280723,0.5277635751078646
2024-12-09,USDNGN,1229.6954,1233.5381,1227.0514,1228.7450569766006,0.006072850998402934,0.006700015867107849,0.01650727133255736,0.10635945458732492,0.26204480862127544,10.635945458732492,26.204480862127543,7.41694365237845,1159.631415139414,0.5098102406505545
2024-12-10,USDNGN,1254.4246,1256.2457,1252.283,1255.7530551089444,0.02198014793955605,0.009958217676840986,0.016785724827222546,0.15808180484621173,0.266465120812761,15.808180484621174,26.646512081276104,27.0079981323438,1166.2087730202102,0.5671938337411753
2024-12-11,USDNGN,1232.1183,1234.6857,1229.111,1233.5562085727604,-0.01767612385721673,0.012509365929788964,0.01713783327193816,0.19858002785595524,0.2720546690882205,19.858002785595524,27.20546690882205,-22.19684653618401,1171.3891298426481,0.4442049264491432
2024-12-12,USDNGN,1260.1772,1262.1364,1260.0535,1260.9137974763537,0.02217782109438393,0.014642663595530262,0.017434538842231912,0.23244507843211168,0.2767647239978497,23.244507843211167,27.67647239978497,27.357588903593296,1177.280261355866,0.5029184037254275
2024-12-13,USDNGN,1284.1138,1284.9412,1278.4344,1283.2245216930055,0.017694091587629135,0.01443420599048266,0.017425217689235006,0.2291359165409752,0.2766167552812765,22.91359165409752,27.66167552812765,22.310724216651806,1183.2622160906299,0.5081164554542328
2024-12-16,USDNGN,1288.5633,1292.4183,1286.2841,1290.1283917633257,0.005380095184911005,0.01397962389129138,0.01740315372759352,0.22191964943144427,0.27626650074863507,22.191964943144427,27.626650074863505,6.903870070320181,1189.112439255951,0.4944147700963075
2024-12-17,USDNGN,1273.9032,1277.8069,1271.5604,1273.8472944749724,-0.01261974962515211,0.016131422903063224,0.01764190336501261,0.25607839977070135,0.2800565337459416,25.607839977070135,28.005653374594157,-16.281097288353294,1193.9736278219184,0.4088081501366858
2024-12-18,USDNGN,1260.5669,1260.8658,1256.8729,1259.9676026377497,-0.010895883594071898,0.01737124492366593,0.017784980848158053,0.2757599641896795,0.2823278183776368,27.575996418967954,28.23278183776368,-13.879691837222708,1197.91422737894,0.3300407534302163
2024-12-19,USDNGN,1278.2611,1281.8477,1276.0786,1277.2496314437883,0.013716248552628318,0.016162187456432508,0.01777536247133311,0.25656677191516797,0.2821751313790674,25.656677191516795,28.217513137906742,17.282028806038625,1201.8909313914594,0.33196901093832665
2024-12-20,USDNGN,1245.6181,1246.0838,1244.8802,1244.8824471794665,-0.025341314232938394,0.01792378578523385,0.01811756523465153,0.28453127844314,0.2876074318372652,28.453127844314004,28.76074318372652,-32.36718426432185,1205.4930055463108,0.2997005852004575
2024-12-23,USDNGN,1262.8393,1264.4081,1260.5142,1263.8715283021004,0.01525371424880917,0.016740902810073285,0.018217658495598244,0.2657535933489377,0.2891963630955362,26.575359334893772,28.91963630955362,18.989081122633934,1209.370721911691,0.3216705818730903
2024-12-24,USDNGN,1266.1289,1269.2354,1263.4648,1264.272395626217,0.00031717410760512266,0.014951331379787861,0.01705718532916882,0.23734502760140933,0.2707744226863206,23.734502760140934,27.077442268632062,0.4008673241166889,1214.4376104262744,0.41896900783029434
2024-12-25,USDNGN,1263.4633,1264.4536,1263.0387,1263.4718514791468,-0.000633205430918049,0.014623978892411009,0.016935329011243748,0.23214846796546396,0.26884001360885007,23.214846796546396,26.88400136088501,-0.8005441470702408,1218.8810831434903,0.36588727811683874
2024-12-26,USDNGN,1265.6203,1270.4044,1263.5775,1263.5901194781336,9.360556695292566e-05,0.013989344132437395,0.016948651227398047,0.22207395347597986,0.2690514972339892,22.207395347597984,26.905149723398917,0.11826799898676654,1223.1577398942998,0.3508674316103022
2024-12-27,USDNGN,1248.3404,1253.8641,1247.5805,1248.5376592118594,-0.011912454865103728,0.014113077872056304,0.01718261305945067,0.22403816569889778,0.272765526177343,22.403816569889777,27.2765526177343,-15.052460266274238,1226.8920850137001,0.30530364135397114
2024-12-30,USDNGN,1224.0277,1225.5246,1223.7926,1223.921712872372,-0.019715822072220335,0.013872805297535025,0.017667843276512465,0.22022395682458254,0.2804683170750994,22.022395682458253,28.046831707509938,-24.615946339487436,1229.5373773268673,0.21560920846086518
2024-12-31,USDNGN,1251.6254,1257.129,1249.9754,1254.0603906015876,0.02462467771609722,0.015060847840252295,0.018091142936699334,0.2390835475145509,0.28718799086057506,23.90835475145509,28.718799086057505,30.138677729215715,1232.8327218336774,0.2680149922708708
2025-01-01,USDNGN,1243.388,1244.1287,1241.4721,1242.2301787049728,-0.00943352647549911,0.014064423443990367,0.017008864518618324,0.22326580059783047,0.2700073535991266,22.326580059783048,27.00073535991266,-11.830211896614856,1236.9760823609422,0.33608456799412156
2025-01-02,USDNGN,1266.7283,1267.209,1265.5067,1265.893741984548,0.019049258088581045,0.016271942686878944,0.01686093579680652,0.25830908218426707,0.26765905794106043,25.830908218426707,26.765905794106043,23.6635632795751,1241.043944572417,0.3288553650698578
2025-01-03,USDNGN,1294.1502,1297.0056,1292.6653,1294.5328967987566,0.022623664107313646,0.01829865879259268,0.016917271629567868,0.2904822029473541,0.2685533615613899,29.048220294735412,26.855336156138993,28.639154814208723,1245.2612497902808,0.33981916887855235
2025-01-06,USDNGN,1305.4078,1307.9272,1303.2412,1305.6929452174934,0.008620907546138312,0.018308727795233848,0.01669888387272375,0.29064204340898797,0.26508656339744524,29.064204340898797,26.508656339744523,11.160048418736778,1249.1148189302562,0.309458689140496
2025-01-07,USDNGN,1304.7147,1309.1307,1300.9801,1302.2886348083732,-0.002607282532688493,0.01719383042143821,0.016261528509752966,0.2729435962784543,0.2581437622475588,27.29435962784543,25.81437622475588,-3.4043104091201712,1253.5630506748084,0.35611071753689494
2025-01-08,USDNGN,1276.4395,1277.7473,1274.7614,1275.3056868308768,-0.02071963714976821,0.017447977981408493,0.0161942515396168,0.27697806371842576,0.2570757734559055,27.697806371842574,25.70757734559055,-26.98294797749645,1256.0257277454004,0.1964541846751322
2025-01-09,USDNGN,1271.7548,1276.9223,1268.0998,1272.2188979350424,-0.0024204305898650746,0.015531403060054804,0.014262749981336411,0.24655338005287555,0.22641413677504366,24.655338005287554,22.641413677504367,-3.0867888958343883,1256.6698938664813,0.05128606101383326
2025-01-10,USDNGN,1300.6724,1301.0989,1297.7022,1300.9707787779414,0.022599790719636914,0.016249082457373012,0.014561598515788124,0.2579461872911477,0.23115821018605576,25.79461872911477,23.115821018605576,28.751880842899027,1258.8243009558537,0.17143778966040024
2025-01-13,USDNGN,1337.7984,1338.4145,1335.9842,1337.3708938564698,0.02797919497678536,0.017665766064421905,0.015299942506000589,0.28043534235542766,0.2428790576667835,28.043534235542765,24.28790576667835,36.400115078528415,1262.2804650888845,0.27455492640287016
2025-01-14,USDNGN,1352.3084,1355.4083,1349.2199,1351.254703447651,0.010381420483247972,0.016548673411391806,0.015275514861515557,0.2627020462474176,0.24249128083224855,26.270204624741762,24.249128083224853,13.883809591181262,1266.4293835662281,0.32868436073367757
2025-01-15,USDNGN,1376.8348,1383.6809,1374.2231,1374.4902080336826,0.01719550320657337,0.017061776493874997,0.015336549916031346,0.27084730516656474,0.24346018228528482,27.084730516656474,24.346018228528482,23.23550458603154,1271.6595343220652,0.4129840024012399
2025-01-16,USDNGN,1344.0593,1347.8484,1343.5427,1344.506778874059,-0.02181421808927786,0.020209687505757478,0.016031888115610335,0.32081884328738114,0.2544983340043012,32.08188432873811,25.449833400430123,-29.98342915962371,1275.9359374497492,0.33628522511441883
2025-01-17,USDNGN,1334.9194,1339.1115,1334.5371,1336.8954703087609,-0.005661041420461976,0.01769222921096987,0.016117310575796844,0.2808554317834727,0.25585437352049817,28.085543178347272,25.585437352049816,-7.611308565298032,1279.7881826825671,0.30191525450073975
2025-01-20,USDNGN,1359.7653,1362.2889,1359.5595,1359.747549468026,0.0170933926150465,0.01751641132858881,0.016310806669921914,0.27806440942656296,0.25892602878880183,27.806440942656295,25.892602878880183,22.85207915926503,1284.1549324322812,0.3412087882043835
2025-01-21,USDNGN,1375.1446,1377.9383,1370.7628,1376.49034993359,0.012313168331955726,0.016662760266250673,0.016026361633688445,0.2645131189223261,0.25441060382355873,26.45131189223261,25.44106038235587,16.742800465564187,1288.1795089264363,0.31340272053717033
2025-01-22,USDNGN,1403.68,1404.1125,1399.6116,1402.05323421437,0.018571059566100834,0.015109699276579541,0.01576329177320794,0.23985904002481212,0.2502344992539515,23.985904002481213,25.023449925395152,25.562884280779826,1293.7960764478232,0.4360081403614213
2025-01-23,USDNGN,1396.7683,1399.1418,1396.4238,1396.831269036075,-0.0037245127723135596,0.015498726715209929,0.015462297916154383,0.2460346591595908,0.24545636990242048,24.60346591595908,24.54563699024205,-5.221965178295022,1298.326658833147,0.35017747138039734
2025-01-24,USDNGN,1386.0662,1387.0737,1383.7969,1386.4347117728032,-0.0074429585689660405,0.015018937891495727,0.01534915453153158,0.2384182477033349,0.2436602743531961,23.84182477033349,24.36602743531961,-10.396557263271688,1301.7669985024736,0.2649825947823148
2025-01-27,USDNGN,1362.1985,1364.2439,1360.2079,1361.2222825409924,-0.018185082224010607,0.01412260156289764,0.015803306122438868,0.2241893496040756,0.2508697073555862,22.41893496040756,25.086970735558623,-25.212429231810802,1304.1367948617294,0.18204458724042638
2025-01-28,USDNGN,1338.704,1339.9894,1333.7483,1339.9521786173289,-0.01562573886460239,0.015446293291372419,0.015907793032952474,0.24520230436042062,0.252528385638469,24.520230436042063,25.2528385638469,-21.270103923663555,1306.3402909998078,0.16896204039025253
2025-01-29,USDNGN,1356.8453,1359.9489,1355.8016,1357.3971127530856,0.013019072183425129,0.014775881697153357,0.015848222647862703,0.2345598502342727,0.2515827350917577,23.45598502342727,25.15827350917577,17.44493413575674,1309.5879413369855,0.24860676498710266
2025-01-30,USDNGN,1395.7382,1398.1733,1392.7906,1396.1332156277356,0.028537045283737905,0.017981888596515994,0.01642689560589109,0.28545363197789764,0.2607688835160451,28.545363197789765,26.07688835160451,38.73610287464999,1313.5507274764504,0.30259794049563027
2025-01-31,USDNGN,1391.9924,1394.0083,1389.9644,1392.7151682884073,-0.002448224353570283,0.01647756287966067,0.01556941593856052,0.2615732015520687,0.2471568157917386,26.15732015520687,24.71568157917386,-3.418047339328268,1318.4784848467486,0.37514785437828824
2025-02-03,USDNGN,1403.9776,1407.1334,1401.326,1404.450178054392,0.00842599408205369,0.016760442941238907,0.015446605269716746,0.2660637833148366,0.24520725686310177,26.60637833148366,24.520725686310175,11.735009765984614,1323.1644398384917,0.3554062539206093
2025-02-04,USDNGN,1350.1314,1351.3744,1348.2879,1349.0217060329817,-0.03946631421144198,0.022725271229245805,0.017333864919495876,0.36075249689445305,0.27516657501943637,36.07524968944531,27.516657501943637,-55.42847202141024,1325.9894168520505,0.21350158215434067
2025-02-05,USDNGN,1334.2569,1336.5335,1332.0257,1335.408377645061,-0.010091259708454148,0.022060285772342696,0.0174746922300484,0.35019618002781133,0.27740213926860463,35.01961800278114,27.740213926860463,-13.613328387920774,1328.387301057581,0.18083735624552233
2025-02-06,USDNGN,1330.708,1336.0764,1329.7535,1332.4218649879465,-0.00223640401476366,0.02130212325460898,0.01748860825160547,0.3381607231760473,0.27762304926228115,33.81607231760473,27.762304926228115,-2.9865126571144174,1330.6816925745745,0.1727200730665679
2025-02-07,USDNGN,1325.0157,1332.2135,1324.9624,1326.9479685428994,-0.004108230725481721,0.020442239252039744,0.017333145957078654,0.32451048781308117,0.27515516184488853,32.45104878130812,27.515516184488853,-5.473896445047103,1333.2953695522763,0.1964163926118756
2025-02-10,USDNGN,1328.4984,1329.845,1326.0342,1326.896897790864,-3.848738100220572e-05,0.015284424387789384,0.016841426627797113,0.2426327151771682,0.2673493594841539,24.26327151771682,26.73493594841539,-0.05107075203545719,1336.727875716226,0.25744529249376313
2025-02-11,USDNGN,1336.0802,1336.5341,1334.5579,1334.9845378652174,0.006095153352018823,0.01604353233770351,0.01634722503079876,0.2546831802995173,0.2595041523450223,25.46831802995173,25.950415234502227,8.08764007435343,1339.42534729168,0.20179661279291494
2025-02-12,USDNGN,1307.3498,1310.3561,1305.3672,1308.1905681086898,-0.020070621791151155,0.015400002617074856,0.016719730833331444,0.24446746268714356,0.2654174986376024,24.446746268714357,26.541749863760238,-26.79396975652753,1341.6240269384705,0.1641509660270435
2025-02-13,USDNGN,1303.2603,1304.2947,1302.1911,1303.236304231954,-0.003787111753831507,0.008272285453963683,0.016427516641552543,0.13131846051194976,0.2607787421515381,13.131846051194977,26.077874215153813,-4.954263876735922,1342.8687790133843,0.09277950080801567
2025-02-14,USDNGN,1307.6961,1310.5545,1303.9883,1306.5807882104953,0.0025662912916719627,0.008329315078500812,0.01592170301957336,0.13222377773528152,0.2527491998305036,13.222377773528152,25.27491998305036,3.344483978541348,1343.2703753937753,0.029905854292500145
2025-02-17,USDNGN,1327.0762,1328.514,1319.3422,1323.8547830934324,0.013220762955343801,0.010386063425047574,0.016025098933267215,0.16487364554171768,0.25439055907578906,16.48736455417177,25.439055907578904,17.27399488293713,1343.8757699896403,0.04506870745863978
2025-02-18,USDNGN,1340.2181,1341.9815,1336.8092,1339.3646315776837,0.011715672052798443,0.01125099862191277,0.016139662814752476,0.17860406612826968,0.2562092043136307,17.860406612826967,25.62092043136307,15.509848484251279,1345.111636548617,0.0919628574735265
2025-02-19,USDNGN,1381.7169,1384.8829,1379.8438,1381.1519784595384,0.03119938058438354,0.015847821803850706,0.01650297369494932,0.2515763718903361,0.2619765857392597,25.15763718903361,26.19765857392597,41.78734688185477,1348.6398462695724,0.2622986542595296
2025-02-20,USDNGN,1395.9213,1399.4344,1394.2088,1396.4310991331445,0.0110625918884375,0.015971440919985955,0.016539649965052042,0.25353876452186097,0.2625588034775151,25.353876452186096,26.25588034775151,15.27912067360603,1352.780252976176,0.3070061082694586
2025-02-21,USDNGN,1412.0402,1416.3202,1411.0915,1413.306971006624,0.012085001461193068,0.010834089055028487,0.016223695503598857,0.17198583192919292,0.2575431818937563,17.198583192919294,25.75431818937563,16.875871873479582,1356.5247927171322,0.2768032526138775
2025-02-24,USDNGN,1401.5621,1405.6863,1399.5905,1404.4433052540628,-0.006271578598560312,0.011429393003975321,0.015590162335064647,0.181435989149641,0.24748615462624254,18.1435989149641,24.748615462624254,-8.863665752561246,1358.7605397637185,0.16481431512269662
2025-02-25,USDNGN,1382.4392,1382.8133,1379.9377,1382.1503781612678,-0.01587314134319029,0.01515893660002638,0.015824093007938314,0.24064065830318884,0.2511996889329649,24.064065830318885,25.11996889329649,-22.292927092795026,1359.7903955875056,0.07579376892754563
2025-02-26,USDNGN,1399.4985,1403.2215,1396.9293,1400.6657796726424,0.013396083236620449,0.015168828079559547,0.015703716327189678,0.2407976806728483,0.24928876836749106,24.079768067284828,24.928876836749104,18.515401511374648,1360.6629146421376,0.06416570211580375
2025-02-27,USDNGN,1367.4729,1372.3897,1364.6344,1365.5638986880283,-0.025060854269473132,0.01949514840257018,0.015874822631905188,0.30947588667299286,0.25200499674768595,30.947588667299286,25.200499674768594,-35.10188098461413,1361.3648186359364,0.05158544311347768
2025-02-28,USDNGN,1359.3394,1361.1255,1357.6985,1359.9176340617628,-0.0041347494845830335,0.015016867614362836,0.015856366441417188,0.2383853830727032,0.25171201380660063,23.838538307270323,25.17120138066006,-5.64626462626552,1362.13222409437,0.05637030191529835
2025-03-03,USDNGN,1357.97,1358.645,1355.8074,1358.4936586630806,-0.0010471041502926326,0.013902092187986914,0.01555227685138791,0.2206888717974431,0.2468847412175943,22.06888717974431,24.68847412175943,-1.4239753986821597,1362.0904277342052,-0.003068451023002794
2025-03-04,USDNGN,1389.7518,1393.307,1386.1035,1389.9024068232611,0.023120275873124374,0.01640907325539864,0.015964936262961096,0.2604859624729552,0.2534355062927517,26.04859624729552,25.343550629275168,31.408748160180494,1362.5374962971941,0.032822238075103094
2025-03-05,USDNGN,1371.6903,1373.6834,1367.6428,1371.210429680874,-0.013448409795266958,0.01691730383581508,0.015780723124444056,0.26855387281971466,0.25051121337627097,26.855387281971467,25.051121337627098,-18.69197714238703,1361.5094028127444,-0.07545432600891688
2025-03-06,USDNGN,1399.8132,1400.7254,1393.8035,1399.3433623588187,0.020516860190811226,0.017965764843426962,0.016230531451304698,0.2851976753326501,0.25765169919938685,28.51976753326501,25.765169919938685,28.13293267794461,1361.593139256836,0.006150265574267344
2025-03-07,USDNGN,1391.5982,1396.2804,1390.9487,1393.316957989918,-0.004306594457805013,0.01731289409979133,0.01618973675124557,0.274833673577072,0.2570041034123913,27.483367357707202,25.700410341239134,-6.026404368900785,1361.8225474640733,0.01684851374637031
2025-03-10,USDNGN,1398.4092,1400.4739,1397.8871,1399.4701355283494,0.0044162080301588524,0.013555263228124587,0.015821960442765806,0.21518313274581757,0.25116583551035837,21.518313274581757,25.116583551035838,6.153177538431464,1363.0974758969849,0.09361927773083867
2025-03-11,USDNGN,1415.1913,1416.886,1413.6181,1415.463791606155,0.011428365401857876,0.01335226428204284,0.015608553059258038,0.2119606243793745,0.2477780983221191,21.19606243793745,24.77780983221191,15.993656077805554,1365.614529663279,0.1846569163836076
2025-03-12,USDNGN,1411.8541,1418.4007,1408.7794,1413.605,-0.0013132032180389608,0.01337540360716184,0.015476764958867845,0.21232794977799896,0.2456860270857787,21.232794977799895,24.56860270857787,-1.8587916061549095,1367.488125904843,0.13719803069363046
2025-03-13,USDNGN,1411.034,1411.6234,1408.5061,1410.7764661953197,-0.0020009364742487046,0.01112638740850363,0.014615391509320076,0.1766259244407662,0.23201214748503526,17.66259244407662,23.201214748503528,-2.828533804680319,1367.976234257096,0.0356937909007371
2025-03-14,USDNGN,1401.1496,1403.021,1397.4015,1401.779023315016,-0.006377653083885493,0.009700152519347105,0.014659814599848796,0.1539851474735346,0.2327173421850827,15.39851474735346,23.271734218508268,-8.997442880303652,1368.2783627579827,0.022085800419691104
2025-03-17,USDNGN,1415.448,1418.0956,1413.0415,1416.6896543044595,0.010636934025579858,0.007140764132513904,0.014707447618966824,0.11335611639361,0.2334734929217716,11.335611639361,23.34734929217716,14.910630989443462,1368.6863452996515,0.02981721795602965
2025-03-18,USDNGN,1421.8243,1426.9939,1421.715,1421.96982120963,0.0037271161606406977,0.006625890661984529,0.012639589471674923,0.10518275343549718,0.20064726249601275,10.518275343549718,20.064726249601275,5.280166905170518,1371.1179491388732,0.1776596842346212
2025-03-19,USDNGN,1454.8146,1457.8402,1454.2276,1455.0861887725064,0.02328907904297517,0.010204389622010882,0.013017208339974448,0.16198966332629516,0.20664177619132992,16.198966332629517,20.664177619132992,33.11636756287635,1375.107209509788,0.29094946743424277
2025-03-20,USDNGN,1449.0984,1457.6114,1447.2704,1450.41927677425,-0.003207309666098501,0.010316403609494266,0.013031737786170745,0.16376783025174557,0.20687242399926728,16.376783025174557,20.687242399926728,-4.66691199825641,1379.0404565693316,0.28603202952777185
2025-03-21,USDNGN,1475.6467,1479.8908,1470.9916,1475.155184223878,0.017054315152678523,0.01117730910207281,0.013210045856299143,0.1774342812658999,0.20970297686116093,17.74342812658999,20.970297686116094,24.73590744962803,1383.9806970920306,0.3582375338711197
2025-03-24,USDNGN,1501.8135,1504.0704,1499.3809,1501.4548990812468,0.01782843943378465,0.011276555708230277,0.013440183551097929,0.1790097722960589,0.21335629950759655,17.900977229605893,21.335629950759653,26.299714857368826,1389.7992971350434,0.42042494199800995
2025-03-25,USDNGN,1517.8208,1519.4864,1517.1548,1518.9502329883198,0.011652254035588117,0.009012395761419727,0.013505123476584465,0.1430673474096552,0.2143871888655752,14.30673474096552,21.43871888655752,17.495333907073018,1395.9314869724801,0.44122844572433984
2025-03-26,USDNGN,1528.7089,1529.1966,1527.8204,1528.605675390337,0.006356654874084544,0.00922875530829186,0.012691255136121363,0.14650194873844494,0.2014674294926899,14.650194873844494,20.14674294926899,9.655442402017115,1403.278657215202,0.5263274244681204
2025-03-27,USDNGN,1546.7855,1552.9504,1543.3803,1543.4300278698106,0.009697957241777244,0.00871050975459388,0.012597448811321401,0.138275055619546,0.19997830025173602,13.8275055619546,19.997830025173602,14.824352479473646,1411.2851146697972,0.5705536397513589
2025-03-28,USDNGN,1555.0608,1558.9662,1551.0427,1552.5484079456592,0.005907867484237883,0.007247443497019989,0.01258326716566489,0.11504959880464306,0.1997531736062034,11.504959880464307,19.97531736062034,9.118380075848563,1419.484035327636,0.5809542361507436
2025-03-31,USDNGN,1571.7569,1577.5139,1566.8392,1570.6814387323354,0.011679526830773668,0.004688876449704156,0.012555219024030376,0.07443360608534792,0.19930792316118875,7.4433606085347925,19.930792316118875,18.133030786676272,1427.7115905155993,0.5796159014964886
2025-04-01,USDNGN,1562.8102,1564.6268,1557.9606,1561.1118061795246,-0.006092662914851998,0.007437386855251743,0.012685750309689289,0.11806485613906112,0.20138004308219085,11.806485613906112,20.138004308219084,-9.569632552810845,1435.1031630023274,0.5177216838352372
2025-04-02,USDNGN,1502.4296,1503.0217,1500.0691,1502.9922552019714,-0.03722958903231155,0.017626466845347886,0.013939247459434154,0.27981148659309424,0.22127869344631007,27.981148659309422,22.12786934463101,-58.11955097755322,1439.1645055604085,0.28300004228158926
2025-04-03,USDNGN,1517.8086,1519.8603,1514.2809,1519.0383830128426,0.010676121420675644,0.01752508872679352,0.013931635819145664,0.2782021588526234,0.22115786240267432,27.82021588526234,22.115786240267433,16.046127810871212,1443.251415023065,0.2839779223894112
2025-04-04,USDNGN,1495.5501,1498.4036,1490.3091,1496.553382135121,-0.014802128194499664,0.018090202145436333,0.014183181339106458,0.2871730562622699,0.2251510237380465,28.71730562622699,22.51510237380465,-22.48500087772163,1446.0262953940148,0.19226590336691718
2025-04-07,USDNGN,1500.091,1505.6832,1498.5905,1498.8756282347415,0.0015517295455957925,0.01739483058954703,0.014097376101987741,0.276134375028243,0.22378890782642819,27.6134375028243,22.37889078264282,2.3222460996205427,1449.1740394933709,0.2176823553888596
2025-04-08,USDNGN,1475.865,1479.8303,1474.7621,1475.6351477217595,-0.015505276138456425,0.017235098795401006,0.01408120312856873,0.27359871140555975,0.22353216983266522,27.359871140555974,22.35321698326652,-23.240480512982003,1452.2901984787206,0.21503000332789846
2025-04-09,USDNGN,1463.7599,1468.2435,1462.8682,1463.5806167480866,-0.008169045710441303,0.01513471087046496,0.014044578022873538,0.24025608676869709,0.2229507643041996,24.02560867686971,22.29507643041996,-12.054530973672854,1454.387359714569,0.14440373129591677
2025-04-10,USDNGN,1470.7233,1473.8513,1469.2717,1469.3035,0.003910193389024874,0.016005533779215573,0.013116251801667029,0.2540799718838892,0.20821404240308305,25.40799718838892,20.821404240308304,5.722883251913345,1457.8453464249678,0.2377624287849711
2025-04-11,USDNGN,1478.1319,1483.3246,1477.0215,1478.0899801499854,0.005980030776477019,0.010451950752862574,0.013069016360766277,0.16591957444541214,0.2074642030249318,16.591957444541215,20.746420302493178,8.786480149985437,1461.7844246279087,0.27019863338730854
2025-04-14,USDNGN,1464.9599,1467.7382,1462.8326,1464.4109347579797,-0.009254541723243137,0.008918397911422307,0.013238526415150324,0.14157517780044765,0.21015509171668312,14.157517780044765,21.015509171668313,-13.679045392005719,1465.3150004977388,0.2415250710260386
2025-04-15,USDNGN,1450.8708,1452.4606,1450.6556,1451.1196989495272,-0.009076165366553424,0.008115678038778452,0.01281513225072322,0.12883239486765719,0.20343391772290248,12.883239486765719,20.343391772290246,-13.291235808452484,1467.3555769019474,0.13925854874314858
2025-04-16,USDNGN,1484.8197,1489.2587,1482.7436,1484.224426378953,0.02281322998605173,0.013129509764690487,0.013062578185288823,0.2084245060413912,0.20736200015766976,20.84245060413912,20.736200015766975,33.10472742942579,1471.1227101252166,0.2567294037361334
2025-04-17,USDNGN,1476.59,1480.8788,1469.2013,1476.2825904083709,-0.005350832279426787,0.011795323683261992,0.012696356873224346,0.1872449585965298,0.20154841705846344,18.72449585965298,20.154841705846344,-7.941835970582133,1473.6873510602018,0.17433222377261082
2025-04-18,USDNGN,1464.5457,1467.6609,1464.4463,1465.478101658102,-0.007318713111207242,0.011699698835682443,0.012758594709926243,0.18572696120140614,0.20253641208677464,18.572696120140613,20.253641208677465,-10.804488750268774,1476.092722515808,0.1632212866504945
2025-04-21,USDNGN,1470.0171,1474.683,1469.9155,1470.973584563896,0.003749959074500042,0.011691482687585877,0.01275439738291004,0.18559653389381578,0.20246978158603812,18.559653389381577,20.246978158603813,5.495482905794006,1478.4761708169929,0.16147009363494114
2025-04-22,USDNGN,1468.6137,1473.0666,1463.3418,1470.039595075008,-0.0006349464726553844,0.011412362155528342,0.012627997955499203,0.18116563281199818,0.2004632528812979,18.11656328119982,20.04632528812979,-0.9339894888880735,1480.2953642659547,0.12304516534458187
2025-04-23,USDNGN,1484.7749,1485.4414,1481.1905,1483.644728821082,0.009254943738695509,0.011249736548302676,0.012698659775204804,0.1785840313308183,0.20158497449406776,17.85840313308183,20.158497449406777,13.605133746073989,1482.630021893324,0.1577156615988562
2025-04-24,USDNGN,1500.0642,1503.1564,1498.0685,1499.648314647418,0.010786669824286443,0.010493602780209712,0.012784768394187587,0.16658077988118528,0.20295190644347372,16.658077988118528,20.29519064434737,16.003585826335893,1485.592416841727,0.1998067558769634
2025-04-25,USDNGN,1467.7806,1472.7098,1467.1083,1470.2135279262664,-0.019627793018973216,0.010582853407361762,0.013306602988187989,0.16799758966399053,0.21123577381088623,16.799758966399054,21.123577381088623,-29.434786721151568,1487.8735669954356,0.153551548045594
2025-04-28,USDNGN,1479.5793,1482.0003,1478.9338,1481.0268925940468,0.007354962025844403,0.010859444270869448,0.013243734908014764,0.1723883335025142,0.2102377739776317,17.23883335025142,21.02377739776317,10.813364667780434,1490.0181416050884,0.14413688482843856
2025-04-29,USDNGN,1514.4444,1515.8363,1505.8154,1512.1192079416269,0.02099375474075371,0.012592237888667708,0.013707917262871438,0.19989557941907882,0.21760644042124225,19.989557941907883,21.760644042124223,31.092315347580097,1493.0231211628218,0.20167402488779906
2025-04-30,USDNGN,1489.3828,1499.193,1489.222,1491.9661264506135,-0.013327706827060748,0.0143110078902156,0.013386488280878486,0.22718020732916175,0.21250391351811018,22.718020732916173,21.250391351811018,-20.15308149101338,1494.2524524187586,0.08233839372691065
2025-05-01,USDNGN,1480.2488,1482.4572,1477.6761,1480.9111883154312,-0.0074096441864145435,0.014750252950434127,0.013453006534247273,0.23415300649287263,0.21355985805447136,23.415300649287264,21.355985805447137,-11.054938135182283,1495.2688494701315,0.06802043722449191
2025-05-02,USDNGN,1462.7999,1463.0199,1456.6579,1460.969592985012,-0.013465760464071552,0.015162683536948574,0.013333466059342929,0.24070013908283505,0.21166221184525066,24.070013908283507,21.166221184525067,-19.941595330419204,1494.795996428836,-0.031623279082093614
2025-05-05,USDNGN,1450.7492,1451.9998,1445.7713,1449.0633046625987,-0.008149579826700393,0.01413489360333284,0.012958129062623168,0.22438447969665815,0.20570392173827654,22.438447969665816,20.570392173827653,-11.906288322413275,1493.0496099482143,-0.11683109165356864
2025-05-06,USDNGN,1451.9961,1453.7665,1449.9441,1453.10689023617,0.0027904823485354058,0.012681546617744247,0.012756809749220157,0.2013133115413414,0.2025080767140047,20.13133115413414,20.25080767140047,4.043585573571363,1490.854831856476,-0.14699967617380905
2025-05-07,USDNGN,1413.3492,1414.4782,1411.2597,1411.9901721355789,-0.028295728536466225,0.015360639654593774,0.013573230670079104,0.24384259502959332,0.2154683570444634,24.38425950295933,21.54683570444634,-41.11671810059124,1486.9676484146507,-0.26073520766504155
2025-05-08,USDNGN,1453.7052,1457.1648,1451.0297,1455.7002080889654,0.030956331577915108,0.01849535895296785,0.01473961565850207,0.2936047211905494,0.23398414471842013,29.360472119054943,23.398414471842013,43.71003595338652,1484.0433210886224,-0.1966638164015322
2025-05-09,USDNGN,1485.176,1488.8308,1481.9241,1487.2546043791438,0.021676438675242604,0.02056991472261318,0.015296209418827304,0.3265372730750439,0.24281979674508528,32.65372730750439,24.281979674508527,31.554396290178374,1481.8668609697386,-0.14665745183821688
2025-05-12,USDNGN,1493.8872,1497.5461,1492.7589,1494.832650229902,0.005095325190754174,0.02038883689879279,0.015149824744835923,0.32366275173637876,0.24049601208629054,32.366275173637874,24.049601208629053,7.578045850758144,1479.3385680196577,-0.17061539175161622
2025-05-13,USDNGN,1480.7746,1483.1287,1478.7778,1481.3582807261123,-0.00901396520989639,0.019907408763223854,0.015189450791746028,0.3160203170111894,0.24112505607967885,31.60203170111894,24.112505607967886,-13.474369503789603,1476.6801171712104,-0.17970537008347165
2025-05-14,USDNGN,1499.6173,1505.9749,1491.7089,1498.4993499961697,0.011571184022851844,0.019599728400110504,0.013795150619289553,0.31113604266661354,0.21899122702391302,31.113604266661355,21.899122702391303,17.141069270057415,1476.5303536643505,-0.010141905827698583
2025-05-15,USDNGN,1517.2249,1518.0315,1516.3148,1517.4195769457317,0.012626116220611161,0.01976937822671779,0.01385170597195638,0.31382915017362223,0.2198890154147089,31.382915017362222,21.98890154147089,18.920226949561993,1476.4763934621135,-0.003654527121854656
2025-05-16,USDNGN,1475.7535,1477.6529,1473.8894,1474.8217834736854,-0.028072521350876012,0.019704211387483423,0.014537500544311058,0.31279465867156864,0.2307756667482791,31.279465867156865,23.07756667482791,-42.597793472046305,1475.7520068400656,-0.04906184922802703
2025-05-19,USDNGN,1479.1108,1482.8011,1473.1311,1477.430125913867,0.0017685814444903247,0.016465080402456003,0.014538550799981143,0.2613750483694912,0.23079233904017557,26.13750483694912,23.079233904017556,2.608342440181559,1475.037156762703,-0.04843971575503314
2025-05-20,USDNGN,1470.9635,1475.8192,1470.9087,1472.102324890457,-0.003606127240781909,0.014091791388415981,0.014271486127395976,0.22370025324690174,0.22655281879438813,22.370025324690175,22.655281879438814,-5.327801023409847,1474.9193960016596,-0.007983579295178789
2025-05-23,USDNGN,1526.9416,1528.6751,1520.7781,1521.7195761852615,0.03370502882569437,0.0194222229179099,0.015442755456794022,0.30831823049309315,0.24514614297757586,30.831823049309314,24.514614297757586,49.61725129480442,1476.857361316232,0.1313946592489179
2025-05-26,USDNGN,1509.6832,1511.4094,1509.3616,1510.1506563731975,-0.007602530711384836,0.019287065828340565,0.015521440125532835,0.3061726782115267,0.24639522337043426,30.617267821152673,24.639522337043427,-11.568919812063996,1478.2189331953386,0.09219386480852076
2025-05-27,USDNGN,1494.8322,1495.4558,1491.5484,1495.1911703460112,-0.009905956047533193,0.019388156968507413,0.015617447842881877,0.3077774503113274,0.24791929863472553,30.777745031132742,24.791929863472554,-14.959486027186358,1478.7889728685395,0.03856260127643729
2025-05-28,USDNGN,1476.3915,1476.9426,1475.6482,1476.224342563641,-0.012685219227171474,0.01896273731739476,0.015703666620863067,0.30102412271322376,0.24928797930401828,30.102412271322375,24.928797930401828,-18.966827782370274,1479.182753128728,0.02662856346735687
2025-05-29,USDNGN,1430.4283,1436.5432,1427.3824,1429.438922653978,-0.03169262188727662,0.01976820470254315,0.016685771728753126,0.3138105210548805,0.2648784145648384,31.38105210548805,26.487841456483842,-46.785419909663005,1478.4600605855435,-0.04885755608331488
2025-05-30,USDNGN,1429.379,1429.6957,1426.4861,1428.7760076507395,-0.0004637588866039932,0.019671978478713794,0.016101670247961556,0.3122829771077486,0.255606091013244,31.22829771077486,25.5606091013244,-0.6629150032383677,1476.6117799612696,-0.12501390288094383
2025-06-02,USDNGN,1412.4037,1415.7508,1409.0843,1413.5821212249837,-0.01063419762397777,0.019791349740541475,0.016177991644243758,0.31417793714265274,0.2568176556188995,31.417793714265272,25.681765561889954,-15.193886425755863,1474.5217643218232,-0.1415413088131534
2025-06-03,USDNGN,1454.2005,1458.1703,1453.146,1453.5475877181018,0.02827247592696258,0.018019921265364357,0.017006637703700374,0.28605738187871066,0.2699720040081946,28.605738187871065,26.99720040081946,39.96546649311813,1474.124080523823,-0.02697035795758973
2025-06-04,USDNGN,1454.2046,1456.709,1453.4272,1455.816213978625,0.0015607512816864233,0.018248318906510515,0.01699409464758971,0.28968308202974974,0.2697728891652973,28.968308202974974,26.97728891652973,2.268626260523206,1473.6188348376477,-0.03427429840205942
2025-06-05,USDNGN,1465.2066,1470.3245,1464.851,1465.5616766393423,0.006694157248107402,0.018591786337278652,0.017040331009118,0.29513545846132644,0.27050686865009127,29.513545846132644,27.050686865009126,9.745462660717294,1473.469570889792,-0.010129074379816583
2025-06-06,USDNGN,1444.6916,1448.7194,1443.6806,1446.132945683442,-0.013256849756369316,0.018644100951940433,0.01711597658424753,0.2959659272233019,0.2717077049275424,29.59659272233019,27.170770492754244,-19.42873095590039,1472.2191781185372,-0.08486044068760634
2025-06-09,USDNGN,1491.8319,1495.6798,1491.1876,1493.471958000025,0.032734896509954536,0.017884360024821768,0.0180670757945343,0.2839054138993401,0.28680593682295474,28.39054138993401,28.680593682295473,47.339012316583194,1472.0132995636243,-0.013984232645036787
2025-06-10,USDNGN,1474.629,1477.3079,1474.0936,1476.4496835814043,-0.011397786431434631,0.019026336022068165,0.017819240969571534,0.3020337208508538,0.28287168094451853,30.203372085085377,28.287168094451854,-17.022274418620782,1472.2211714187956,0.014121601702443698
2025-06-11,USDNGN,1460.5613,1463.8974,1460.0386,1461.0237668867576,-0.01044797995230573,0.019001185874147588,0.017872348000248763,0.30163447462984777,0.28371472892076466,30.163447462984777,28.371472892076465,-15.42591669464673,1471.554400561886,-0.04529012826700596
2025-06-12,USDNGN,1454.5588,1458.4084,1453.0695,1454.6532618431916,-0.004360302130567484,0.01608474536816697,0.01742458435222666,0.2553374168758072,0.27660670136795545,25.53374168758072,27.660670136795545,-6.370505043566027,1469.6388690252713,-0.13017062338186447
2025-06-13,USDNGN,1482.924,1486.9443,1481.8688,1482.7022,0.019282215832842287,0.017649772077412865,0.01765399684564252,0.28018144568283776,0.2802485117993331,28.018144568283777,28.024851179933307,28.04893815680839,1469.3300714769175,-0.021011797854708636
2025-06-16,USDNGN,1504.6284,1508.217,1501.9486,1504.044338122918,0.014394082724715762,0.018168878168547023,0.017789181377032035,0.28842199941003666,0.2823944997062898,28.842199941003667,28.239449970628982,21.34213812291796,1470.1011764705004,0.0524800389341884
2025-06-17,USDNGN,1450.3967,1451.2989,1445.0141,1449.193,-0.03646922948519837,0.023225918791519626,0.01888168538448493,0.36870003056005657,0.2997374631666607,36.87000305600566,29.973746316666073,-54.85133812291792,1469.708623371,-0.026702454618998672
2025-06-18,USDNGN,1462.6456,1464.4545,1459.3565,1462.7200840126718,0.009334218432377028,0.0191440351024497,0.018894404050514103,0.30390213582823705,0.2999393657305908,30.390213582823705,29.99393657305908,13.527084012671821,1470.163849349336,0.03097389313073684
2025-06-19,USDNGN,1481.1184,1486.0118,1477.4203,1482.2663461111792,0.013362954615955047,0.019575312019241897,0.01903694402301393,0.31074844463644613,0.302202117645314,31.074844463644613,30.220211764531403,19.54626209850744,1471.135831211836,0.06611384594512604
2025-06-23,USDNGN,1464.0905,1467.1589,1461.0389,1462.7164807835804,-0.013189171688940515,0.019861473195958792,0.018429869359138765,0.3152911124872932,0.2925651061181431,31.52911124872932,29.256510611814313,-19.54986532759881,1472.8267081667693,0.11493683445535918
2025-06-24,USDNGN,1447.4306,1450.2894,1440.2076,1445.38,-0.0118522495721749,0.020352536028108822,0.017700642175664583,0.3230864932791494,0.28098898345769857,32.30864932791494,28.098898345769857,-17.336480783580328,1472.4827012304706,-0.02335691866470757
2025-06-25,USDNGN,1456.7685,1461.5962,1454.2322,1457.2223742174042,0.008193260054383034,0.01891576764296169,0.017295563477486064,0.30027850224695435,0.27455855847695765,30.027850224695435,27.455855847695766,11.842374217404085,1471.481626891746,-0.06798547364177399
2025-06-26,USDNGN,1413.6689,1414.0002,1413.3504,1413.6251,-0.029918065347313894,0.019785500953587293,0.018066683154202286,0.31408509052813977,0.2867997038509155,31.408509052813976,28.67997038509155,-43.59727421740422,1468.7747085507492,-0.18395869112648455
2025-06-27,USDNGN,1418.0125,1422.9099,1416.1572,1421.9499100942332,0.005888980108115893,0.015967728143246842,0.01806359417762642,0.25347982601830976,0.2867506678679628,25.347982601830978,28.675066786796283,8.324810094233271,1466.7944295296866,-0.13482523967318638
2025-06-30,USDNGN,1442.7919,1447.612,1441.586,1443.6535,0.015263259100546156,0.016839560666543834,0.018165932266615944,0.2673197382675604,0.2883752346666581,26.73197382675604,28.83752346666581,21.70358990576665,1464.966234529814,-0.12463880166621033
2025-07-01,USDNGN,1473.8974,1477.2805,1467.0567,1472.1099211780534,0.019711392780922488,0.0179251180974977,0.0183949182813015,0.284552428244653,0.2920102749580767,28.455242824465298,29.20102749580767,28.45642117805346,1463.4559126708916,-0.10309601841487215
2025-07-02,USDNGN,1457.5239,1458.0771,1457.3537,1458.0754551855766,-0.009533572045520633,0.01755491311580998,0.017748785129969604,0.27867560635067545,0.2817532291645248,27.867560635067544,28.175322916452476,-14.034465992476726,1462.8977017279547,-0.038143338525187254
2025-07-03,USDNGN,1467.0441,1470.6326,1466.6479,1467.7722489386902,0.006650405998281705,0.01691041942281026,0.017790055926302655,0.26844458615131417,0.28240838274556584,26.844458615131416,28.240838274556584,9.696793753113525,1462.5757724954487,-0.02200627098707386
2025-07-04,USDNGN,1466.9599,1469.9242,1466.6604,1466.917995310894,-0.0005820069349409263,0.016726917811917534,0.017777865948178522,0.26553158838570284,0.2822148728419432,26.553158838570283,28.221487284194318,-0.8542536277961972,1462.4029615094635,-0.011815523628588842
2025-07-07,USDNGN,1483.2666,1484.1557,1481.7471,1483.095619254576,0.01102830832766033,0.009817023463074163,0.01674923964068575,0.1558404161890819,0.26588593643207603,15.58404161890819,26.588593643207602,16.177623943681965,1461.1154962784408,-0.0880376520636772
2025-07-08,USDNGN,1495.8252,1497.7331,1492.6341,1496.15715800999,0.008806943116708155,0.009827986604375238,0.016784653890607217,0.1560144506619061,0.26644812022103653,15.60144506619061,26.644812022103654,13.061538755414176,1460.6490463330003,-0.03192423505387065
2025-07-09,USDNGN,1470.6693,1473.4536,1469.2144,1471.640825683569,-0.016386201272485246,0.012491818980430757,0.01695505450945262,0.1983014786703373,0.2691531461853352,19.83014786703373,26.91531461853352,-24.516332326421207,1459.8640348442523,-0.0537440181622606
2025-07-10,USDNGN,1452.1162,1456.6935,1451.4345,1454.1455989586598,-0.011888245025264643,0.010986617375615794,0.016935738478685406,0.174407143954203,0.2688465137029737,17.4407143954203,26.88465137029737,-17.495226724909116,1459.1280767240862,-0.05041278520465653
2025-07-11,USDNGN,1462.7204,1467.4032,1453.6385,1458.2257694206774,0.0028058885334036887,0.010499495165319658,0.015872978581046016,0.1666743185949649,0.251975723347816,16.66743185949649,25.197572334781597,4.080170462017577,1460.0876382829763,0.06576266841800127
2025-07-14,USDNGN,1472.3725,1472.4435,1466.9913,1471.603007059842,0.009173639582901627,0.01080232195093948,0.01594415994255661,0.17148154478543962,0.2531056924310561,17.14815447854396,25.310569243105608,13.377237639164605,1461.5152049299463,0.09777266853987499
2025-07-15,USDNGN,1505.9966,1507.3771,1505.7002,1507.1178352565105,0.024133430025822467,0.013988504812717253,0.016320353878435456,0.22206062968848006,0.2590775860254521,22.206062968848006,25.90775860254521,35.51482819666853,1464.6330620643307,0.21333046169258463
2025-07-16,USDNGN,1514.4088,1515.2101,1509.8451,1513.1708285527643,0.0040162707617508175,0.01364426043482114,0.015571223434962894,0.21659591960360852,0.24718550890759655,21.659591960360853,24.718550890759655,6.052993296253817,1466.620503425486,0.13569551395720136
2025-07-17,USDNGN,1508.9356,1513.2385,1506.2022,1509.922886628896,-0.0021464476201769056,0.013488033031153387,0.01558508754883563,0.2141158864551395,0.2474055948923298,21.411588645513948,24.74055948923298,-3.2479419238682112,1468.4240591804949,0.1229735811545174
2025-07-21,USDNGN,1500.9467,1508.0132,1497.4872,1501.2395,-0.005750880860070251,0.01162230838781362,0.015603135202514317,0.18449842592792923,0.24769209251262192,18.449842592792923,24.769209251262193,-8.683386628896187,1469.6133199591834,0.08098891946459741
2025-07-22,USDNGN,1478.5296,1481.0637,1477.5925,1479.1274271388409,-0.014729210669689352,0.012257294525462198,0.015651506035289673,0.19457851836507864,0.24845995567801804,19.457851836507864,24.845995567801804,-22.11207286115905,1470.7131360076967,0.07483710399029952
2025-07-25,USDNGN,1468.2539,1469.4076,1465.9205,1468.101523684311,-0.007454329662359149,0.012815431729763179,0.014508357229270286,0.2034386718052781,0.23031303096441175,20.343867180527813,23.031303096441174,-11.025903454529953,1469.8674548638396,-0.0575014340425839
2025-07-28,USDNGN,1473.0501,1474.765,1472.5447,1472.6742837639397,0.0031147437734095895,0.012371007291827179,0.014372693926562501,0.19638365256924822,0.2281594427983969,19.63836525692482,22.81594427983969,4.572760079628779,1469.7416082032578,-0.008561769305481803
2025-07-29,USDNGN,1489.5517,1495.3105,1487.2618,1489.1679497929556,0.01119980583001734,0.008580412568032828,0.014372696339508849,0.1362098268080877,0.22815948110273268,13.620982680808769,22.81594811027327,16.493666029015912,1470.679747633464,0.06383022872660238
2025-07-30,USDNGN,1529.3016,1529.4121,1526.2191,1527.830675876551,0.02596263644337138,0.013567978170219666,0.015052069323446408,0.21538497619412658,0.23894419288046065,21.53849761941266,23.894419288046066,38.66272608359532,1473.1189947679095,0.16585848403574133
2025-07-31,USDNGN,1509.3147,1515.7348,1508.3857,1509.1400851843623,-0.012233417607920072,0.014516886012969347,0.014884922165253287,0.23044842120833323,0.23629081400287963,23.044842120833323,23.629081400287962,-18.690590692188607,1474.0002576073882,0.05982292283304158
2025-08-01,USDNGN,1482.3972,1484.3777,1478.3105,1481.5337464667589,-0.018292760883248937,0.016041160238591822,0.01504320997985057,0.25464552439350896,0.2388035551608575,25.464552439350896,23.88035551608575,-27.60633871760342,1473.249904552183,-0.05090589715521787
2025-08-04,USDNGN,1465.8416,1470.9136,1464.3745,1466.10944087455,-0.010411038985101428,0.015535057229725932,0.013568296353116719,0.246611388198065,0.2153900271910288,24.6611388198065,21.53900271910288,-15.424305592208839,1473.8137859146677,0.038274658002190876
2025-08-05,USDNGN,1496.4222,1497.2114,1492.0368,1496.8981898538027,0.02100030742649528,0.01724227454945918,0.013991506070721365,0.27371262296980353,0.22210827318227538,27.371262296980355,22.210827318227537,30.78874897925266,1474.953056109372,0.0773008235906314
2025-08-06,USDNGN,1528.3087,1532.423,1527.6687,1529.724273747073,0.021929403158992722,0.018686276381729157,0.01433848470522227,0.2966354414152513,0.22761638824512842,29.66354414152513,22.761638824512843,32.82608389327038,1476.5349870305688,0.10725296745168755
2025-08-07,USDNGN,1525.92,1527.5407,1522.9647,1526.0345633087295,-0.0024120101260507454,0.01871386286566582,0.014099851680378198,0.29707336327150985,0.22382820641506135,29.707336327150983,22.382820641506136,-3.6897104383435817,1478.6455897814071,0.14294295559382775
2025-08-08,USDNGN,1503.9782,1506.8353,1499.0807,1505.9545099488687,-0.01315832147099183,0.01666936000345979,0.014144477125068817,0.26461788650256834,0.22453661338784361,26.461788650256835,22.45366133878436,-20.080053359860813,1480.664740113036,0.13655404280665806
2025-08-11,USDNGN,1547.0626,1548.6265,1545.4963,1547.2648196891626,0.0274313131421855,0.01914481928759083,0.014877108873966038,0.3039145843814286,0.23616678184887782,30.39145843814286,23.616678184887782,41.31030974029386,1483.6661549620947,0.20270725490696417
2025-08-13,USDNGN,1553.679,1555.3617,1549.5584,1552.418732569481,0.0033309830448764455,0.0165712933129602,0.01359201512833588,0.263061126052802,0.21576655107482645,26.3061126052802,21.576655107482644,5.153912880318558,1488.2926093810775,0.3118258378753014
2025-08-14,USDNGN,1580.5354,1587.7927,1575.4457,1579.931136160507,0.017722282663704236,0.015037533883200059,0.013841680800751715,0.23871344991992857,0.21972987075555855,23.871344991992856,21.972987075555857,27.512403591025986,1493.5586502499532,0.3538310165408731
2025-08-15,USDNGN,1585.4251,1588.8006,1585.1386,1586.1766613675488,0.003953036347026817,0.014487188526895674,0.013666254463598506,0.22997698823204477,0.21694506398644836,22.997698823204477,21.694506398644837,6.245525207041737,1498.309422295538,0.31808406350763985
2025-08-18,USDNGN,1594.0678,1599.4444,1592.3459,1593.4662,0.004595666302495305,0.013214644347415327,0.013311823166758894,0.2097759756445583,0.21131864157667402,20.97759756445583,21.1318641576674,7.28953863245124,1502.354631589603,0.26998490658007857
2025-08-19,USDNGN,1589.6937,1591.0384,1583.4775,1589.197992508454,-0.002678567949258026,0.013243020342937834,0.013151945139090942,0.21022643060869692,0.20878065656879657,21.02264306086969,20.878065656879656,-4.268207491546036,1506.7253828336989,0.29092673275625813
2025-08-20,USDNGN,1613.376,1613.6768,1608.92,1612.1076252945245,0.014415845535966865,0.010438411050743437,0.013302681602483985,0.16570463833761337,0.2111735237426809,16.570463833761337,21.11735237426809,22.90963278607046,1511.53656204556,0.31931360994348346
2025-08-21,USDNGN,1589.846,1591.1847,1583.8108,1587.3910618329055,-0.015331832114560795,0.010919029948946038,0.013714126727542615,0.17333422681786506,0.21770501261701092,17.333422681786505,21.770501261701092,-24.71656346161899,1515.552330929627,0.26567461118058855
2025-08-22,USDNGN,1604.1923,1609.4883,1601.9075,1604.2689642368289,0.010632479172734577,0.011220771851714245,0.013706050623629815,0.17812423102697772,0.2175768084419174,17.81242310269777,21.75768084419174,16.877902403923372,1519.5914424290354,0.2665108566017427
2025-08-25,USDNGN,1582.9125,1588.2192,1577.5052,1582.1509486866416,-0.013786974655281115,0.011470764685903094,0.013977639300181467,0.1820927442398491,0.22188814502425838,18.209274423984912,22.18881450242584,-22.118015550187238,1522.4579021182574,0.18863357670928504
2025-08-26,USDNGN,1586.623,1590.773,1583.9379,1587.977829781374,0.0036828856940416266,0.011456703186708682,0.013542874585803985,0.18186952486027422,0.21498646914584532,18.186952486027423,21.498646914584533,5.826881094732471,1526.3358022548507,0.2547131274498904
2025-08-27,USDNGN,1586.1721,1588.7291,1584.7415,1585.3958566382023,-0.0016259503720699175,0.011300803183809516,0.013290841447684726,0.17939468903788158,0.2109855671121808,17.939468903788157,21.09855671121808,-2.5819731431718083,1530.7108108441687,0.2866347354792298
2025-08-28,USDNGN,1591.9463,1596.3414,1589.7282,1592.737779535832,0.004630971417572738,0.011421372642414628,0.013294242649986137,0.18130866985695449,0.21103955952486972,18.130866985695448,21.10395595248697,7.341922897629729,1535.194544514674,0.2929184035769916
2025-08-29,USDNGN,1587.0023,1592.5254,1586.3794,1590.1366,-0.0016331498940083122,0.009598119209435482,0.013268432288864315,0.15236541889270894,0.21062983274420705,15.236541889270894,21.062983274420706,-2.6011795358319887,1539.1456642793457,0.25736932031119597
2025-09-02,USDNGN,1614.0536,1616.9615,1613.4319,1594.3343912691198,0.002639893496646506,0.0076100267466449175,0.012634682487297058,0.12080542945303435,0.20056936653390608,12.080542945303435,20.056936653390608,4.197791269119762,1542.0528828130994,0.18888521088189503
2025-09-03,USDNGN,1598.7957,1601.4679,1598.3064,1598.5321825382398,0.002632942808050709,0.006358628192520649,0.012629418958787409,0.10094009326160265,0.2004858106091747,10.094009326160265,20.04858106091747,4.197791269119989,1544.898261279282,0.18451886429420306
2025-09-04,USDNGN,1598.4013,1600.0963,1595.5766,1596.7809216914343,-0.0010955430650290143,0.0026847177180057366,0.0126192396422412,0.04261857253351208,0.2003242189685875,4.2618572533512085,20.03242189685875,-1.7512608468055078,1547.7935291147,0.18740831729724405
2025-09-05,USDNGN,1611.6719,1614.6428,1610.2772,1611.2624207056317,0.009069183391080093,0.00394927216554938,0.012597735559309082,0.062692752058519,0.19998285223492213,6.2692752058519,19.998285223492214,14.481499014197425,1551.4609598048878,0.23694573088732795
2025-09-08,USDNGN,1619.5237,1621.2165,1618.3876,1618.720709017884,0.004628847676461101,0.0036662846614355492,0.012176901280498776,0.05820046469837462,0.19330231516550236,5.820046469837462,19.330231516550235,7.458288312252307,1556.1140692008557,0.2999179171452093
2025-09-09,USDNGN,1617.8454,1620.238,1617.343,1624.3993416384824,0.003508099074140958,0.0036061784585218457,0.012013200782037338,0.05724630830740235,0.1907036503149447,5.724630830740235,19.07036503149447,5.678632620598364,1561.323996465995,0.3348036861985815
2025-09-10,USDNGN,1629.7634,1636.7006,1625.7886,1630.077974259081,0.003495835337430364,0.0030243518017733454,0.012013038389045026,0.048010096467974314,0.1907010724061108,4.801009646797431,19.07010724061108,5.6786326205985915,1566.5707861491662,0.33604746324575885
2025-09-11,USDNGN,1621.0785,1626.1806,1620.5911,1623.225666403272,-0.004203668759418355,0.004233554404243848,0.012000001292920547,0.0672055926929486,0.19049411492112792,6.72055926929486,19.049411492112792,-6.852307855808931,1571.0393767028436,0.2852466414659638
2025-09-15,USDNGN,1648.3607,1650.1879,1647.6018,1648.8391070492903,0.015779346751442214,0.006546747675275095,0.011458300174102872,0.10392639747040887,0.18189487624922582,10.392639747040887,18.18948762492258,25.61344064601826,1575.072991075268,0.2567481396226867
2025-09-17,USDNGN,1656.1447,1659.1353,1654.699,1654.863548871147,0.003653747534310803,0.0061070258843839795,0.011110610775062117,0.09694603044188584,0.1763754781490938,9.694603044188584,17.63754781490938,6.024441821856726,1579.9304398648276,0.3083951548330077
2025-09-18,USDNGN,1673.1234,1676.37,1669.2553,1673.8666390562985,0.011483176481900337,0.006426158034672377,0.010439989992073915,0.10201209627205618,0.1657297032541846,10.201209627205618,16.57297032541846,19.00309018515145,1586.341536284479,0.4057834609604516
2025-09-19,USDNGN,1617.5046,1619.1049,1615.021,1618.238788175722,-0.0332331438972574,0.016025021705789864,0.012216407519908897,0.2543893331275923,0.19392945727378974,25.438933312759232,19.392945727378972,-55.62785088057649,1591.4125145278515,0.31966497298241414
2025-09-22,USDNGN,1626.1712,1626.7243,1622.9614,1624.212690993623,0.0036916077290642946,0.016031734034863295,0.011754995370988845,0.2544958880482703,0.18660476648611157,25.449588804827027,18.66047664861116,5.973902817901035,1595.656331232512,0.26666980848266686
2025-09-23,USDNGN,1670.3093,1673.3219,1667.1528,1670.5516035782528,0.028530076659037507,0.019362949239514354,0.012179659094982125,0.30737729001913333,0.19334609411321235,30.737729001913333,19.334609411321235,46.338912584629725,1600.350575560218,0.29418893253034817
2025-09-24,USDNGN,1652.2941,1653.3492,1648.0248,1651.717875881741,-0.011273957449845051,0.020015624104027806,0.012420815677364307,0.3177381822900456,0.19717433617726943,31.773818229004558,19.717433617726943,-18.833727696511687,1604.5400193126518,0.26178287535325584
2025-09-25,USDNGN,1595.7854,1599.2319,1594.5782,1595.8746,-0.03380920960967981,0.023131874631952976,0.01382391049378912,0.367207125809228,0.21944777587789271,36.7207125809228,21.94477758778927,-55.843275881740965,1607.5373556476893,0.18680346385635538
2025-09-26,USDNGN,1560.2117,1561.1392,1556.5513,1560.6059946036814,-0.02209986009948317,0.023674929712473064,0.013641909912216456,0.3758278579568259,0.21655860621403034,37.58278579568259,21.655860621403033,-35.26860539631866,1607.9820614781734,0.027663794494214855
2025-09-29,USDNGN,1502.4273,1505.259,1498.6305,1501.8137622016795,-0.03767269420039121,0.024182337617321914,0.015290233270217857,0.38388270873381614,0.24272492832697393,38.388270873381614,24.27249283269739,-58.7922324020019,1606.2952291325798,-0.1049036793384861
2025-09-30,USDNGN,1472.5395,1475.1262,1471.0952,1474.7270782458745,-0.018035980650553896,0.02293561387129394,0.015174551285746782,0.3640915828202829,0.24088853375448852,36.409158282028294,24.088853375448853,-27.08668395580503,1602.7884272020922,-0.2183161517812282
2025-10-01,USDNGN,1474.8445,1475.5891,1470.8085,1472.5738842543049,-0.0014600626945365791,0.02238864668554319,0.015131207894387759,0.35540874792742677,0.2402004787474038,35.54087479274268,24.02004787474038,-2.153193991569651,1599.001667964984,-0.23626070495894602
2025-10-02,USDNGN,1509.5547,1516.9034,1507.7668,1510.9065243548498,0.02603104707371351,0.021609602343554843,0.015954790162271058,0.34304180239226806,0.2532744419375345,34.3041802392268,25.32744419375345,38.33264010054495,1596.2496787768125,-0.17210671153795598
2025-10-03,USDNGN,1469.4739,1469.8422,1468.6957,1468.8810778567615,-0.027814723029297217,0.022153494005430145,0.01665542059934745,0.35167581485717014,0.2643966053223343,35.167581485717015,26.43966053223343,-42.025446498088286,1592.2391149550892,-0.251249154505484
2025-10-06,USDNGN,1489.1389,1489.8927,1483.7944,1488.2902765085994,0.01321359430959368,0.023106624136600706,0.016614747773573378,0.3668062866221282,0.2637509442296355,36.680628662212825,26.375094422963553,19.40919865183787,1588.1118699955587,-0.2592101224474064
2025-10-07,USDNGN,1479.213,1480.9149,1478.0346,1480.042636569067,-0.005541687713555787,0.02246320628705189,0.01644987270058405,0.35659234490809133,0.2611336335864952,35.65923449080913,26.113363358649522,-8.247639939532291,1584.5335891534305,-0.22531667382714726
2025-10-08,USDNGN,1480.0881,1482.3633,1477.2177,1480.0108220597365,-2.1495670830429248e-05,0.01806227922854167,0.016277393882537676,0.2867297936983731,0.2583956172326328,28.67297936983731,25.839561723263284,-0.03181450933061569,1580.3916510808606,-0.2613979344409434
2025-10-09,USDNGN,1471.052,1472.2565,1465.9155,1468.0270117747452,-0.008097109903773103,0.016942714371361498,0.01617482780657883,0.2689572525661354,0.2567674312529996,26.895725256613538,25.67674312529996,-11.98381028499125,1576.5875198504643,-0.2407081325565441
2025-10-10,USDNGN,1462.0687,1462.5898,1454.6224,1458.5302244681395,-0.006469082128894077,0.017093784314250533,0.016150114528466666,0.2713554135629021,0.25637512012520386,27.13554135629021,25.637512012520386,-9.496787306605711,1572.2725996733564,-0.27368732295415255
2025-10-13,USDNGN,1448.8753,1454.5922,1446.0589,1450.2828244746174,-0.005654596562460368,0.012147438452364044,0.01615759484309367,0.19283460726851154,0.2564938664385933,19.283460726851153,25.64938664385933,-8.247399993522095,1567.7688319345702,-0.28644954696289693
2025-10-14,USDNGN,1459.8378,1461.6215,1456.3067,1458.9717508619278,0.00599119443509788,0.007899443653486925,0.01618116679248822,0.12539978041736335,0.25686805953468317,12.539978041736335,25.686805953468316,8.688926387310403,1563.3099643121068,-0.284408487503951
2025-10-15,USDNGN,1463.2968,1464.9767,1462.7742,1463.094061783133,0.0028254905681139864,0.0053673126705812094,0.01621262536252488,0.08520344721050295,0.2573674488521954,8.520344721050295,25.736744885219544,4.122310921205099,1559.0752130382111,-0.2708836616261867
2025-10-16,USDNGN,1495.7734,1496.1503,1492.5287,1495.3563603666637,0.02205073441704175,0.010435294200751859,0.016807186323434815,0.16565515987790372,0.26680581150320715,16.565515987790373,26.680581150320716,32.262298583530765,1555.7759453414626,-0.2116169681332547
2025-10-17,USDNGN,1474.1552,1476.4276,1468.2349,1471.1908302910624,-0.016160382044100752,0.01242520458501361,0.016978049798739157,0.1972440079262731,0.2695181850860042,19.72440079262731,26.95181850860042,-24.165530075601282,1551.5312335998901,-0.2728356711184987
2025-10-20,USDNGN,1448.729,1450.1752,1446.712,1449.1477612375318,-0.014983147393033747,0.013339314511449688,0.017123669055067053,0.2117550531442256,0.2718298191160789,21.17550531442256,27.18298191160789,-22.043069053530644,1546.6101282514269,-0.3171773304908032
2025-10-21,USDNGN,1457.7158,1460.3051,1456.0342,1457.601078912471,0.005833302787370931,0.013427371782976276,0.01705451494266582,0.21315291899376704,0.2707320316147725,21.315291899376703,27.07320316147725,8.453317674939171,1541.488083524988,-0.3311787911430386
2025-10-22,USDNGN,1495.9919,1500.3186,1493.4185,1494.7448727517767,0.02548282542917657,0.01613240410343801,0.01779335176332365,0.2560939758437694,0.28246070253628197,25.609397584376943,28.246070253628197,37.14379383930577,1537.355555649451,-0.26808691677246976
2025-10-23,USDNGN,1494.1358,1497.2996,1492.1569,1493.22157671759,-0.001019101026506486,0.01623690069721203,0.017759817216243857,0.2577528078436458,0.28192835810486805,25.77528078436458,28.192835810486805,-1.5232960341866146,1532.9829634854214,-0.2844229591496439
2025-10-24,USDNGN,1483.0126,1484.8547,1481.5658,1484.58655741409,-0.0057828117662762635,0.016612216983840508,0.017729872542273737,0.2637107691881129,0.281453001142373,26.371076918811294,28.145300114237298,-8.63501930350003,1528.1332495905883,-0.3163579772476166
2025-10-27,USDNGN,1500.0579,1501.1698,1498.9575,1499.3265046218353,0.009928654637301637,0.01472275470124694,0.017882745317195987,0.23371648531983874,0.2838797812104327,23.371648531983872,28.387978121043272,14.739947207745217,1524.003277531207,-0.2702625612320042
2025-10-28,USDNGN,1513.4585,1520.4656,1509.6569,1512.936206877475,0.009077210476628128,0.012955135920828224,0.017687467062120855,0.2056564070853075,0.2807798350141081,20.56564070853075,28.07798350141081,13.609702255639604,1519.4731808588133,-0.2972497985524125
2025-10-29,USDNGN,1499.4525,1503.6726,1498.4632,1501.2319416825414,-0.0077361260453205904,0.011370836443082684,0.017668363473765457,0.18050643256312224,0.2804765749504841,18.050643256312224,28.047657495048412,-11.704265194933441,1514.3521272858598,-0.337028230406744
2025-10-30,USDNGN,1529.3672,1534.5266,1524.1309,1526.9482470291473,0.01713013467977742,0.012257377080096428,0.017858045890663834,0.19457982887926914,0.2834876899696528,19.457982887926914,28.34876899696528,25.71630534660585,1509.4548475516212,-0.3233910822983965
2025-10-31,USDNGN,1554.7253,1558.4324,1553.465,1557.1417721188827,0.019773771081292635,0.010918084552531106,0.017369222702817367,0.17331921911503936,0.2757278624289114,17.331921911503937,27.57278624289114,30.19352508973543,1507.4182803497267,-0.13492071029470587
2025-11-03,USDNGN,1550.0279,1553.7845,1549.4925,1551.1151756015274,-0.0038702940382586704,0.011267277210143022,0.017351612615279143,0.1788624807051845,0.2754483109557581,17.88624807051845,27.544831095575812,-6.026596517355301,1504.9816965033237,-0.16163953151991928
2025-11-04,USDNGN,1565.2917,1566.8122,1564.0159,1565.385429615966,0.009199996388987941,0.010131964294324442,0.01654236150854724,0.16083994689221107,0.2626018478960597,16.083994689221107,26.260184789605972,14.270254014438478,1501.4761573712472,-0.2329290210121071
2025-11-05,USDNGN,1547.1594,1548.4654,1547.1134,1548.407088660315,-0.010846108973823987,0.012185518996698804,0.016534301614310434,0.19343911716911003,0.26247390104159524,19.343911716911002,26.247390104159525,-16.978340955650992,1498.0324644638665,-0.22935381893840479
2025-11-06,USDNGN,1589.038,1595.143,1585.019,1590.804016372423,0.027380995619691983,0.014940013704711659,0.016249040771163643,0.23716536507938296,0.2579455255430892,23.716536507938297,25.79455255430892,42.39692771210798,1497.8634450096138,-0.011282763108422245
2025-11-07,USDNGN,1576.5662,1579.0714,1574.023,1575.163331990832,-0.009831936694035481,0.015307809764421032,0.015821875143346195,0.24300394652246574,0.25116448142405073,24.300394652246574,25.116448142405073,-15.640684381590972,1498.3486895891858,0.03239578221825301
2025-11-10,USDNGN,1629.905,1637.9812,1626.7819,1633.6201989346823,0.03711162249439082,0.018944609993903714,0.0154995166796501,0.3007363603738686,0.24604719945631046,30.07363603738686,24.604719945631047,58.4568669438504,1502.7422374802857,0.2932259975015894
2025-11-11,USDNGN,1630.1904,1633.7099,1626.3607,1629.0764007822456,-0.0027814287282930117,0.018892584978758103,0.015031351407354378,0.29991048886169064,0.23861530615848256,29.991048886169065,23.861530615848256,-4.543798152436693,1507.8872148981648,0.34237258323861486
2025-11-12,USDNGN,1654.7071,1656.3424,1650.9153,1653.7269705846643,0.015131622918717724,0.018494477505984565,0.015149913465716503,0.29359072865347946,0.24049742048660722,29.359072865347947,24.049742048660722,24.65056980241866,1513.9256511091767,0.40045675507764944
2025-11-13,USDNGN,1632.3197,1634.7813,1630.6761,1632.5410270036416,-0.012811028638864408,0.020304411097585403,0.0148577974751569,0.322322533690986,0.23586022289657121,32.2322533690986,23.586022289657123,-21.185943581022684,1517.980134530803,0.2678125850272606
2025-11-14,USDNGN,1647.2823,1648.2356,1645.2449,1646.4554896669574,0.008523193250986383,0.01886399735935396,0.013723022433539634,0.2994566744725783,0.21784622757183766,29.94566744725783,21.784622757183765,13.914462663315817,1523.899281591143,0.3899357393217562
2025-11-17,USDNGN,1623.0326,1625.7794,1614.8903,1621.9465104121457,-0.014885904543808448,0.01874931197917123,0.014021235990843962,0.29763610050270795,0.22258022103312863,29.763610050270795,22.258022103312864,-24.50897925481172,1528.3544893879275,0.29235579087172336
2025-11-18,USDNGN,1628.5493,1629.1431,1624.9345,1627.100412428469,0.0031776029500589775,0.017899890000105043,0.013928889394874373,0.28415194461413923,0.22111426426897526,28.415194461413922,22.111426426897527,5.1539020163234,1533.2564152499078,0.3207322578640426
2025-11-19,USDNGN,1689.2745,1691.6822,1687.2041,1688.5840472531413,0.03778724063680072,0.01810393230076052,0.015268234066389847,0.2873910157209704,0.24237570179275192,28.73910157209704,24.237570179275192,61.48363482467221,1540.2088560896882,0.45344280125820813
2025-11-20,USDNGN,1739.3971,1746.9876,1736.1255,1740.7459,0.03089088330054479,0.020093895146774968,0.015807390591766616,0.3189806965738457,0.2509345462960596,31.89806965738457,25.09345462960596,52.161852746858585,1549.2994856971966,0.5902205776551428
2025-11-21,USDNGN,1741.4393,1746.3898,1739.2435,1739.84907188052,-0.0005151976055092211,0.020256992807390968,0.015684738529302588,0.3215697916702838,0.24898750516564574,32.15697916702838,24.898750516564576,-0.8968281194800056,1558.6767806109426,0.605260312826239
2025-11-24,USDNGN,1748.3635,1756.7131,1743.4684,1747.2057925515178,0.0042283671554603774,0.01835022778248631,0.015534274983585124,0.29130083528308215,0.2465989704255493,29.130083528308216,24.659897042554928,7.356720670997902,1568.5742128801726,0.6349893956430597
2025-11-25,USDNGN,1697.2034,1703.4025,1696.4624,1700.119500400966,-0.02694948262607899,0.023078360847546782,0.01668182811214343,0.3663576208177117,0.2648158115919457,36.635762081771176,26.481581159194572,-47.0862921505518,1576.6124711981404,0.5124563601748955
2025-11-26,USDNGN,1691.6053,1692.5087,1685.3729,1691.4875635273986,-0.005077253023409001,0.021952871243957495,0.0167834452767422,0.34849102725199615,0.26642893407072893,34.849102725199614,26.642893407072894,-8.631936873567383,1584.2255879229494,0.48287812407215025
2025-11-27,USDNGN,1707.4063,1707.4912,1703.2858,1707.1507355868705,0.009259998357190602,0.021932730161332764,0.016494870076111362,0.3481712974774323,0.26184794477827034,34.81712974774323,26.184794477827033,15.66317205947189,1591.2854004302897,0.4456317686798661
2025-11-28,USDNGN,1715.7995,1719.0182,1712.8469,1715.6586651271084,0.004983701417152986,0.01729454733601483,0.016024196657263057,0.2745424277311792,0.2543762358882634,27.45424277311792,25.43762358882634,8.50792954023791,1599.4343282581576,0.5120971904640337
2025-12-01,USDNGN,1718.1773,1720.7475,1715.7317,1716.3989701065404,0.00043149898897709704,0.011933122798026144,0.015594062630169804,0.18943245172783457,0.2475480698915706,18.943245172783456,24.75480698915706,0.7403049794320395,1608.3427018871248,0.5569702657731934
2025-12-02,USDNGN,1712.6624,1713.384,1709.7617,1712.4309265586223,-0.0023118421864770644,0.011916470593166337,0.01566374905711875,0.18916810617079488,0.24865430762435206,18.916810617079488,24.865430762435206,-3.968043547918114,1616.8370301419964,0.5281416855316357
2025-12-04,USDNGN,1757.5749,1759.1379,1755.0537,1755.4816027323288,0.025140094999465568,0.01578980803640473,0.015648791901650996,0.25065543188265615,0.24841687014222044,25.065543188265615,24.841687014222043,43.050676173706506,1625.5282544746815,0.5375448589225895
2025-12-05,USDNGN,1776.3212,1778.9499,1771.1493,1774.431750905878,0.01079484293316102,0.010194620103018782,0.015627944266878715,0.16183457702020426,0.24808592420003228,16.183457702020426,24.80859242000323,18.950148173549223,1634.9019269476244,0.576653924478987
2025-12-08,USDNGN,1802.1712,1807.8929,1798.0871,1803.620861171482,0.016449835419537706,0.009454829865740332,0.015582644181300873,0.15009077107905078,0.24736680763517882,15.009077107905078,24.73668076351788,29.18911026560386,1645.5364037395375,0.6504657323248564
2025-12-09,USDNGN,1813.0224,1815.8146,1809.3334,1811.018309566144,0.004101443132487059,0.009652858824505221,0.015576375771179615,0.15323438334273656,0.24726729970939915,15.323438334273657,24.726729970939914,7.3974483946619785,1655.9261305710145,0.6313884522922697
2025-12-10,USDNGN,1796.5884,1798.4912,1792.3722,1794.4896813918415,-0.009126704068641911,0.011756701653613675,0.015822406572060403,0.18663185288306172,0.25117291759335486,18.663185288306174,25.117291759335487,-16.528628174302412,1665.31124638816,0.5667593284435446
2025-12-11,USDNGN,1762.0159,1767.114,1760.102,1762.9790133726665,-0.01755968192290447,0.014860542526051521,0.016209653070141227,0.2359037992285915,0.2573202651733699,23.59037992285915,25.73202651733699,-31.510668019175,1674.036148777831,0.5239202226366979
2025-12-12,USDNGN,1783.0867,1784.998,1775.1458,1782.329559557581,0.010976050218485467,0.014779265492691056,0.016095907242640862,0.23461356632315417,0.2555146061399466,23.461356632315418,25.55146061399466,19.350546184914492,1682.5488591954454,0.5085141335704924
2025-12-16,USDNGN,1764.1764,1764.8038,1754.0285,1760.9385353300593,-0.012001722191507302,0.013280405957057621,0.016155491662668105,0.2108199088341312,0.2564604794843832,21.08199088341312,25.646047948438323,-21.39102422752171,1689.3420846358179,0.40374610242348563
2025-12-17,USDNGN,1760.753,1767.2006,1755.1472,1760.2622158196648,-0.0003840676416725364,0.012487250144076749,0.016107659144417575,0.19822895064169535,0.2557011617971461,19.822895064169536,25.57011617971461,-0.6763195103944781,1696.313652643089,0.4126794727175698
2025-12-18,USDNGN,1757.5566,1761.0671,1753.7095,1759.5864918978089,-0.00038387685413177053,0.009902599434689557,0.016103180994653216,0.1571988926236642,0.25563007337348487,15.71988926236642,25.563007337348488,-0.6757239218559334,1702.7870213858173,0.381613903339284
2025-12-19,USDNGN,1734.138,1736.4495,1730.2044,1733.9822875222417,-0.014551262182032176,0.010030463312557317,0.01623487993462687,0.15922866875870278,0.25772072923209155,15.922866875870278,25.772072923209155,-25.60420437556718,1708.9728613478812,0.363277373175519
2025-12-22,USDNGN,1748.4176,1751.9912,1740.9266,1746.2363182693105,0.0070669872669686384,0.011044910083881443,0.015634569823369558,0.1753325120101191,0.24819110164866537,17.53325120101191,24.819110164866537,12.254030747068782,1714.1539380777779,0.30316904657048394
2025-12-23,USDNGN,1762.3701,1765.0307,1757.3537,1759.412104225196,0.0075452479243725,0.00985725895765765,0.015454844190141983,0.15647913486435544,0.24533804567020273,15.647913486435543,24.533804567020272,13.17578595588543,1720.295563818923,0.35828904305013065
2025-12-24,USDNGN,1713.8765,1716.0385,1710.4819,1712.4033486037656,-0.026718445046808315,0.012614492280919674,0.015101639343905519,0.20024885694394431,0.2397310925601758,20.02488569439443,23.97310925601758,-47.00875562143028,1722.9216688078925,0.15265429058828328
2025-12-25,USDNGN,1695.546,1702.1919,1694.5135,1698.6361645295951,-0.008039685326121204,0.012367545567618137,0.015185499976392623,0.1963286994010605,0.24106233883027256,19.63286994010605,24.106233883027254,-13.767184074170473,1725.240327599471,0.1345771449483557
2025-12-26,USDNGN,1754.814,1756.9224,1751.511,1755.3513127296362,0.033388638122954006,0.01919923391393381,0.016089326565817505,0.30477838979535676,0.25541014113394805,30.477838979535676,25.541014113394805,56.715148200041085,1728.62780567097,0.1963481850793869
2025-12-29,USDNGN,1737.9354,1738.194,1736.0247,1736.1388257617878,-0.01094509505221053,0.019622564654586727,0.01603314745207105,0.3114985569679352,0.2545183253508533,31.149855696793523,25.451832535085327,-19.212486967848463,1732.0810656295748,0.1997688540746667
2025-12-30,USDNGN,1743.4784,1745.3053,1738.1176,1740.6924497588031,0.0026228455521217775,0.018812237818845473,0.015988736442745705,0.2986350172396157,0.2538133224339639,29.863501723961573,25.381332243396386,4.553623997015393,1735.2222976326364,0.18135594605785954
2025-12-31,USDNGN,1783.836,1785.9195,1776.9011,1782.6445921013246,0.02410083547402908,0.020772226261865912,0.016154182802704625,0.32974886919637236,0.25643970197659693,32.974886919637235,25.643970197659694,41.95214234252148,1740.578900355609,0.3086983569932533
2023-01-02,USDZAR,17.1325,17.1604,17.1149,17.11753083195181,,,,,,,,,17.11753083195181,
2023-01-03,USDZAR,17.6434,17.6674,17.6379,17.6539,0.031334494052553064,,,,,,,0.5363691680481892,17.385715415975906,1.5667247026276643
2023-01-05,USDZAR,17.908,17.9251,17.9053,17.922763822236178,0.015229712541488194,,,,,,,0.26886382223617744,17.564731551395997,1.0296736782864357
2023-01-06,USDZAR,17.7324,17.7561,17.7161,17.73281411359442,-0.01059823755564393,,,,,,,-0.18994970864175897,17.606752191945603,0.23923303596555812
2023-01-09,USDZAR,17.7468,17.7713,17.7139,17.738754004531785,0.00033496606344129987,,,,,,,0.005939890937366243,17.63315255446284,0.14994453394598928
2023-01-10,USDZAR,18.0494,18.0871,18.0253,18.051892463276005,0.01765278771351242,,,,,,,0.31313845874421986,17.702942539265035,0.3957884705337644
2023-01-12,USDZAR,17.5131,17.5583,17.5023,17.53907088606232,-0.028408189238715464,,,,,,,-0.5128215772136855,17.679532303093218,-0.13223923717705643
2023-01-13,USDZAR,17.6371,17.6557,17.6281,17.65036703243476,0.006345612438392267,0.019747785781708663,,0.3134863807354703,,31.34863807354703,,0.11129614637244245,17.67588664426091,-0.020620787755065706
2023-01-16,USDZAR,17.2392,17.2602,17.1629,17.245935509481257,-0.02291349081921701,0.0180596970233816,,0.28668880246224693,,28.668880246224692,,-0.40443152295350515,17.62811429595206,-0.270268469527446
2023-01-17,USDZAR,17.0252,17.0818,16.9958,17.0383,-0.012039677950036687,0.016276293809925933,,0.2583781541213041,,25.83781541213041,,-0.20763550948125697,17.569132866356853,-0.3345872882657197
2023-01-18,USDZAR,17.1481,17.208,17.1039,17.163636209297827,0.007356145231497635,0.017028500965998075,,0.27031907253752435,,27.031907253752436,,0.12533620929782785,17.53226953389694,-0.20981873573567844
2023-01-19,USDZAR,17.109,17.1255,17.0979,17.122879471885156,-0.0023745980697605917,0.01693013905634545,,0.26875762562899086,,26.875762562899087,,-0.040756737412671384,17.49815369539596,-0.19458883195367926
2023-01-23,USDZAR,16.4586,16.4887,16.448,16.46190655579878,-0.038601738520186224,0.017764976923034935,,0.2820102659109113,,28.20102659109113,,-0.6609729160863758,17.41844237696541,-0.4555413092040883
2023-01-24,USDZAR,16.6924,16.7207,16.6626,16.702843562653936,0.01463603295514293,0.01893295469014577,,0.300551338162678,,30.055133816267798,,0.2409370068551553,17.36732817594316,-0.2934487476896508
2023-01-25,USDZAR,16.7297,16.7508,16.7143,16.719203344768175,0.0009794608955577822,0.0184135483338982,,0.2923060178745742,,29.230601787457424,,0.016359782114239607,17.324119853864826,-0.24879084244050498
2023-01-26,USDZAR,16.83,16.8462,16.7801,16.832282624886826,0.0067634370960645285,0.01769316094851542,,0.2808702226584689,,28.08702226584689,,0.11307928011865087,17.2933800270537,-0.17743947207954358
2023-01-27,USDZAR,16.646,16.6487,16.6058,16.615122606790212,-0.012901400418237952,0.01776673838212611,,0.28203822820711044,,28.203822820711043,,-0.21716001809661378,17.253482531744083,-0.2307096429223332
2023-01-30,USDZAR,16.7458,16.7806,16.7347,16.770621890066135,0.00935890074096557,0.017984530000524957,,0.2854955629666162,,28.54955629666162,,0.15549928327592255,17.226656940539755,-0.15547928457326776
2023-01-31,USDZAR,16.5262,16.5398,16.4428,16.535023549453413,-0.014048276930760384,0.018434855654300905,,0.29264426109991865,,29.264426109991863,,-0.23559834061272156,17.190255183114157,-0.21131063067688638
2023-02-01,USDZAR,16.7826,16.8326,16.7624,16.79332609166714,0.015621540631084674,0.012225865395970276,,0.19407959640172542,,19.407959640172542,,0.25830254221372684,17.17040872854181,-0.1154517740483807
2023-02-02,USDZAR,16.5063,16.5185,16.4985,16.50804510003446,-0.016987759903872468,0.012991946493594439,,0.20624075681225099,,20.624075681225097,,-0.2852809916326784,17.13886760337479,-0.18369466717811367
2023-02-03,USDZAR,16.487,16.5554,16.468,16.517336750058416,0.0005628558661943117,0.01297909791946783,,0.20603679202120628,,20.603679202120627,,0.009291650023953935,17.110616200951316,-0.16483820913530955
2023-02-06,USDZAR,16.2783,16.2905,16.2584,16.277403775660005,-0.014526129607278393,0.013168842101391283,,0.2090488875297514,,20.90488875297514,,-0.23993297439841044,17.07438957376474,-0.21172017863717585
2023-02-07,USDZAR,16.3582,16.3908,16.3423,16.344493503407804,0.0041216479404486694,0.012972854760979816,,0.2059376849526772,,20.59376849526772,,0.06708972774779909,17.043977237499867,-0.17811668249390067
2023-02-08,USDZAR,16.103,16.1447,16.0781,16.1108143691794,-0.01429711689626123,0.012511310105086496,,0.19861089068200954,,19.861089068200954,,-0.23367913422840303,17.00665072276705,-0.21900120032249948
2023-02-09,USDZAR,16.1681,16.1916,16.1643,16.167810287756105,0.003537742864553106,0.012307964663066377,,0.19538288186306713,,19.538288186306712,,0.056995918576703275,16.97438762911278,-0.18970868620873382
2023-02-13,USDZAR,16.186,16.1936,16.1495,16.178457473885047,0.0006585422478024849,0.009481733728699355,,0.15051785666323,,15.051785666323001,,0.01064718612894211,16.94490873447472,-0.17366691089051312
2023-02-14,USDZAR,16.3149,16.3485,16.2501,16.33200384411019,0.009490791719358516,0.009310745404953968,,0.14780350117287344,,14.780350117287345,,0.1535463702251434,16.923019274104554,-0.12918016091542084
2023-02-15,USDZAR,16.5448,16.5857,16.4998,16.516661084691723,0.0113064656574966,0.01051389869297089,,0.1669029675079681,,16.69029675079681,,0.184657240581533,16.909006922745494,-0.08280054009335291
2023-02-16,USDZAR,16.5994,16.6159,16.5857,16.607683493922917,0.005510944903722503,0.008402263736472935,,0.1333818017801024,,13.338180178010239,,0.09102240923119354,16.898962808451408,-0.05940097097348884
2023-02-17,USDZAR,16.5306,16.5784,16.5118,16.524603095020705,-0.0050025278319286715,0.008876264658264162,0.015125858056469727,0.1409063331417522,0.2401155527032901,14.09063331417522,24.011555270329012,-0.08308039890221153,16.879198550553703,-0.11695544940676372
2023-02-21,USDZAR,16.4526,16.4789,16.39,16.466103256347303,-0.003540166038301429,0.006189860781091878,0.013835158599163329,0.09826099366128677,0.21962633401513754,9.826099366128677,21.962633401513752,-0.05849983867340214,16.83960532576528,-0.23456815600479963
2023-02-22,USDZAR,16.5089,16.5323,16.4553,16.503861744418632,0.002293104050393513,0.0061943188244174,0.013469103600994525,0.09833176290512646,0.21381539106717637,9.833176290512647,21.381539106717636,0.03775848807132931,16.79230858983803,-0.28086605957969857
2023-02-23,USDZAR,16.5984,16.6843,16.5875,16.600542516776986,0.005858069696387913,0.006184142168735554,0.013469633955200195,0.09817021350445149,0.21382381017918625,9.817021350445149,21.382381017918625,0.09668077235835426,16.754566203277445,-0.22475996292388167
2023-02-24,USDZAR,16.7946,16.7946,16.7722,16.78870936598868,0.011334981915291475,0.006502905937239266,0.013686415716285117,0.103230431455083,0.2172651139508182,10.323043145508299,21.726511395081822,0.1881668492116937,16.722898048659342,-0.18901208323679475
2023-02-27,USDZAR,16.9705,17.0037,16.9245,16.97257321823268,0.010951637093467026,0.006437200514674062,0.013410879056562033,0.10218739020770734,0.21289110507856596,10.218739020770734,21.289110507856595,0.1838638522439986,16.68692074049123,-0.21513799858987603
2023-02-28,USDZAR,17.1038,17.1673,17.0411,17.057938898138456,0.005029625078539768,0.006419861106095786,0.012495680105154488,0.10191213562983299,0.19836277212513725,10.191213562983299,19.836277212513725,0.08536567990577737,16.670883007560438,-0.09610960092761855
2023-03-01,USDZAR,17.2187,17.271,17.2107,17.234569674133457,0.01035475487687898,0.0054413676006033794,0.012596327650221438,0.08637903277968466,0.19996050237103516,8.637903277968466,19.996050237103518,0.176630775995001,16.65702309561706,-0.0831384392601886
2023-03-02,USDZAR,17.452,17.4743,17.4427,17.4496,0.012476686678708937,0.0038868270930570792,0.012093013111516249,0.061701467264022834,0.19197063176709242,6.170146726402283,19.197063176709243,0.21503032586654314,16.663811911967688,0.04075648038461832
2023-03-03,USDZAR,17.5277,17.5881,17.5119,17.541973472259254,0.005293730071706859,0.003218246718189785,0.011887401436486858,0.05108808284387964,0.18870664761441722,5.108808284387964,18.87066476144172,0.09237347225925419,16.680601027709663,0.10075195177832175
2023-03-06,USDZAR,17.5954,17.6282,17.5707,17.59397912637636,0.002964641019401082,0.003788022981411965,0.01183386705201651,0.06013300061648104,0.18785681560702047,6.013300061648104,18.78568156070205,0.05200565411710656,16.694945791612277,0.08599668488433743
2023-03-08,USDZAR,17.6,17.6292,17.5763,17.587811994584147,-0.00035052512839284233,0.004712213185140749,0.011820350112105507,0.07480406527561193,0.18764224083807376,7.480406527561192,18.764224083807377,-0.0061671317922140645,16.71044354236891,0.09282899717122373
2023-03-09,USDZAR,17.5692,17.61,17.5196,17.58227672231174,-0.00031472205150429033,0.0049269497736609,0.009171550272430913,0.07821290293927628,0.14559384694667335,7.821290293927628,14.559384694667335,-0.005535272272407354,16.74778921458601,0.22348701949419514
2023-03-10,USDZAR,17.6965,17.7595,17.6557,17.709477014024785,0.007234574550383899,0.004994343025777477,0.008922713529770124,0.07928273765014233,0.1416436861178584,7.928273765014233,14.164368611785841,0.12720029171304503,16.781343662965035,0.2003515087818375
2023-03-13,USDZAR,17.4491,17.509,17.4277,17.45633155032169,-0.014294350053512095,0.008418131922908198,0.009405149729606922,0.1336337014304943,0.14930212336719775,13.36337014304943,14.930212336719775,-0.25314546370309543,16.805914603150153,0.1464181931947639
2023-03-14,USDZAR,17.3562,17.3984,17.3314,17.358315830733222,-0.005614909370042387,0.0073205238581702395,0.00943693203451708,0.11620971357260117,0.14980665181650601,11.620971357260117,14.980665181650602,-0.09801571958846722,16.823449043345036,0.10433493569934615
2023-03-15,USDZAR,17.4979,17.5637,17.4736,17.520865091940376,0.009364345181423595,0.008007815899192187,0.009172128499711846,0.12712013648430961,0.1456030260201931,12.712013648430961,14.56030260201931,0.16254926120715396,16.853640459516708,0.1794603240624637
2023-03-16,USDZAR,17.3326,17.3576,17.3029,17.322110217666605,-0.01134389616213638,0.008862514003485096,0.009361569060275092,0.14068804826429393,0.1486103016890672,14.068804826429393,14.86103016890672,-0.1987548742737708,16.872023403770058,0.10907402645443653
2023-03-17,USDZAR,17.4588,17.5215,17.4172,17.440657093674943,0.006843674039634928,0.009505026058169124,0.00896275914340901,0.15088761093062436,0.1422793905265832,15.088761093062436,14.22793905265832,0.11854687600833813,16.902211188577443,0.17892213687091818
2023-03-20,USDZAR,17.6586,17.7212,17.6288,17.656718614178523,0.012388381890837019,0.010815758287444653,0.008809178033966773,0.17169484001498642,0.1398413659966139,17.169484001498642,13.98413659966139,0.21606152050357963,16.93099093932782,0.17027210481090904
2023-03-21,USDZAR,17.8522,17.9052,17.8308,17.855274869887165,0.01124536557711231,0.011317088627587802,0.008231947818360494,0.17965321244324758,0.13067812039825544,17.96532124432476,13.067812039825544,0.19855625570864177,16.97589859832291,0.2652394012613746
2023-03-22,USDZAR,17.8753,17.9482,17.8695,17.891143036301884,0.0020088274572132025,0.009038705792020861,0.008223527086355369,0.14348500619739782,0.13054444542179935,14.348500619739783,13.054444542179935,0.03586816641471913,17.021692141197693,0.26975622297429336
2023-03-23,USDZAR,18.1933,18.2392,18.1471,18.194666639647384,0.016965020218643323,0.009247077451257283,0.007954381933985276,0.14679280374107861,0.12627189858330023,14.679280374107861,12.627189858330023,0.3035236033455,17.085600903330604,0.3754548114416556
2023-03-24,USDZAR,18.416,18.519,18.3238,18.438146393048907,0.01338192989317899,0.0095536902142135,0.008146686048569309,0.1516601304585619,0.12932463176300316,15.16601304585619,12.932463176300315,0.24347975340152317,17.155389332985308,0.40846341928248986
2023-03-27,USDZAR,18.1693,18.1995,18.1225,18.16752341070494,-0.014677342102348723,0.01066012859839564,0.008176467728783138,0.16922429529193442,0.12979740127983183,16.92242952919344,12.979740127983183,-0.27062298234396565,17.22394630103616,0.3996235044286367
2023-03-28,USDZAR,18.2632,18.3181,18.2329,18.275817650781462,0.005960869713959482,0.010665842297854746,0.008183247748984903,0.16931499745894416,0.129905030763859,16.931499745894417,12.9905030763859,0.10829424007652122,17.294213213137006,0.4079605850641599
2023-03-29,USDZAR,18.2555,18.3,18.2362,18.2721393253534,-0.00020126735221093206,0.01061861641780445,0.008197304057270377,0.16856530985458867,0.13012816774030914,16.856530985458868,13.012816774030913,-0.0036783254280621236,17.36400260818595,0.403541891087178
2023-03-30,USDZAR,18.2379,18.2795,18.1767,18.25440867009285,-0.0009703655901938113,0.010414317442477007,0.008182448505868507,0.16532216416365828,0.1298923431727206,16.532216416365827,12.98923431727206,-0.017730655260550066,17.42808276905204,0.3690402628474754
2023-03-31,USDZAR,18.0656,18.0672,18.0187,18.0436,-0.011548370254152784,0.01183813685994647,0.008511828046683698,0.1879245967065926,0.1351210812844185,18.79245967065926,13.512108128441849,-0.21080867009284887,17.47898073289565,0.2920456857939291
2023-04-03,USDZAR,18.311,18.3324,18.2162,18.32375999273504,0.015526834597033856,0.011528844330557541,0.008805608249932203,0.18301473001579313,0.1397846974318758,18.301473001579314,13.97846974318758,0.2801599927350402,17.53618328285605,0.32726479212110693
2023-04-04,USDZAR,18.3628,18.3786,18.35,18.368649271093485,0.002449785326605447,0.010252457162827506,0.008666733242707163,0.16275271188110657,0.1375801250372373,16.275271188110658,13.75801250372373,0.04488927835844336,17.597651488725145,0.35052214542710125
2023-04-05,USDZAR,18.3533,18.4044,18.3126,18.34831023265601,-0.0011072691376105004,0.008201490419613234,0.008609108027041023,0.13019462418225236,0.13666535309784286,13.019462418225237,13.666535309784287,-0.020339038437473533,17.66039172126877,0.3565261681868437
2023-04-06,USDZAR,18.4405,18.4638,18.3989,18.4136,0.0035583531407588076,0.008029445665197334,0.008605329218774008,0.12746349837490645,0.13660536637628257,12.746349837490644,13.660536637628256,0.06528976734398739,17.724049663121484,0.3604560015282754
2023-04-10,USDZAR,18.7375,18.7692,18.6757,18.71099137880001,0.016150637507060583,0.00977604703414619,0.008894956673876303,0.15518993554572832,0.14120305969062574,15.518993554572832,14.120305969062574,0.2973913788000111,17.79439795852225,0.39690870166730896
2023-04-11,USDZAR,18.4912,18.5389,18.4735,18.484990228114302,-0.012078523585969503,0.011380595955394859,0.00925237783256419,0.18066136001809396,0.14687694468582999,18.066136001809397,14.687694468582999,-0.22600115068570759,17.850940653926436,0.31775559665454534
2023-04-12,USDZAR,18.6396,18.6792,18.5879,18.609134149277565,0.006715931122021956,0.009777578382123953,0.009162761264062283,0.15521424494124747,0.1454543257641878,15.521424494124748,14.54543257641878,0.12414392116326312,17.905492684961263,0.30559751495689014
2023-04-13,USDZAR,18.8229,18.8589,18.8167,18.83754131993376,0.012273927890678493,0.009225628211813644,0.00930928089293495,0.14645230762080255,0.14778025276530712,14.645230762080255,14.778025276530713,0.22840717065619387,17.964812765687775,0.33129543973025033
2023-04-14,USDZAR,18.3816,18.4278,18.3591,18.36865506618923,-0.02489105376232703,0.014352026978282468,0.010538383879600911,0.2278313651653513,0.16729165779573635,22.78313651653513,16.729165779573634,-0.46888625374452886,18.002615612089635,0.21042716612145185
2023-04-17,USDZAR,18.4219,18.4464,18.3367,18.402473723518185,0.0018411068860018087,0.014354336643438494,0.010357404191608889,0.22786802996303934,0.16441869431505063,22.786802996303933,16.44186943150506,0.03381865732895406,18.034378069540242,0.17643245923262274
2023-04-18,USDZAR,18.1529,18.2034,18.1395,18.155159031474508,-0.013439209084570525,0.015167387311235932,0.010700140236230709,0.24077480918476143,0.16985946035149427,24.077480918476144,16.98594603514943,-0.24731469204367684,18.05481758818075,0.11333642092725693
2023-04-19,USDZAR,18.2646,18.2744,18.2402,18.25436179361029,0.005464163765450891,0.013490740693547033,0.010724047817797823,0.21415886926310693,0.17023898144314772,21.415886926310694,17.02389814431477,0.09920276213578205,18.076830343755212,0.12192178329661907
2023-04-21,USDZAR,17.9394,17.9779,17.9199,17.972213679090622,-0.015456476523787899,0.013905092358933883,0.01114966905741484,0.22073649803474127,0.17699550915954967,22.073649803474126,17.69955091595497,-0.2821481145196678,18.089643733238763,0.07088294374559823
2023-04-24,USDZAR,17.5535,17.5771,17.5144,17.561828337735264,-0.022834434793795655,0.014603426146766203,0.011954988891769614,0.23182220324304964,0.18977956520497247,23.182220324304964,18.977956520497248,-0.410385341355358,18.088962120419545,-0.0037679725995110047
2023-04-25,USDZAR,17.6268,17.6318,17.615,17.62552816069619,0.0036271749009215704,0.012848244162892028,0.01189803653520722,0.20395955303309735,0.18887547457271342,20.395955303309734,18.887547457271342,0.06369982296092758,18.086163825308592,-0.015469627789166385
2023-04-26,USDZAR,17.2254,17.2763,17.2155,17.216708107550954,-0.023194768940705046,0.012518800456953008,0.012366203096727408,0.1987297963316365,0.19630738833634526,19.872979633163652,19.630738833634524,-0.40882005314523795,18.078176377216234,-0.044163307208244795
2023-04-27,USDZAR,17.3046,17.3404,17.291,17.304827879381982,0.005118270652005874,0.013048072379200623,0.012364981316231625,0.20713172762481433,0.19628799317225393,20.71317276248143,19.628799317225393,0.08811977183102826,18.07639344550453,-0.00986234271921349
2023-04-28,USDZAR,17.0131,17.0245,16.9966,17.001788915238116,-0.017511816139178404,0.013382492614405122,0.012631716069490383,0.2124404842792473,0.20052227611109905,21.24404842792473,20.052227611109906,-0.303038964143866,18.05909090628112,-0.0957189788746926
2023-05-01,USDZAR,16.4661,16.5837,16.4576,16.48,-0.030690236059245146,0.01372709010276495,0.013635914884735596,0.2179107998189528,0.21646343810312624,21.79107998189528,21.646343810312622,-0.5217889152381154,18.031020565692234,-0.15543606671321042
2023-05-02,USDZAR,16.4672,16.4995,16.4374,16.438368845767148,-0.0025261622714110032,0.014417066501502604,0.013543565575108218,0.22886383558833545,0.21499743826099096,22.886383558833543,21.499743826099095,-0.04163115423285291,17.99761095742864,-0.18528961320781745
2023-05-03,USDZAR,16.7676,16.8552,16.7271,16.797846914722374,0.021868232324510295,0.018450606175437954,0.013991185856943754,0.2928942928716084,0.22210318994614378,29.28942928716084,22.21031899461438,0.3594780689552266,17.9689819007801,-0.15907142740366753
2023-05-04,USDZAR,17.1143,17.1734,17.0612,17.07013853498416,0.016209911999087057,0.02010487523728962,0.014176075702498377,0.3191550001070942,0.2250382252538158,31.91550001070942,22.50382252538158,0.272291620261786,17.94281068961667,-0.14564659983486994
2023-05-05,USDZAR,16.5825,16.6337,16.563,16.589585597841985,-0.028151671772160047,0.020947269089278978,0.014973044543564719,0.3325275879370958,0.23768971339058922,33.25275879370958,23.768971339058922,-0.48055293714217484,17.899425441668008,-0.24179739004753786
2023-05-08,USDZAR,16.5603,16.5643,16.5281,16.563641049909208,-0.0015639057274674517,0.02055266477005458,0.014521820406951942,0.3262634385674576,0.23052675228442576,32.62634385674576,23.052675228442578,-0.02594454793277734,17.845057922010067,-0.3037389095818632
2023-05-09,USDZAR,16.5106,16.55,16.4417,16.489470233865678,-0.004477929449209883,0.01992218084113421,0.014188351877108612,0.3162548164781802,0.22523310348423514,31.62548164781802,22.523310348423514,-0.07417081604353015,17.78010205003729,-0.3639992218386734
2023-05-10,USDZAR,16.3913,16.4263,16.3876,16.4109,-0.004764873143365822,0.016245117066863327,0.01403654330054111,0.2578832386683084,0.22282321704132924,25.788323866830844,22.282321704132922,-0.07857023386567619,17.721547936347125,-0.32932383360556594
2023-05-12,USDZAR,16.1311,16.1638,16.0205,16.11142602391658,-0.018248479735018974,0.017604135881870847,0.01418163549265276,0.27945699353771397,0.22512648418635703,27.945699353771396,22.512648418635703,-0.29947397608342285,17.649401548784965,-0.4071110933497324
2023-05-15,USDZAR,16.0268,16.1175,16.0183,16.0675008858175,-0.0027263345922251547,0.013951199593897134,0.01416521226035101,0.22146842769886277,0.2248657734559914,22.146842769886277,22.48657734559914,-0.043925138099080385,17.575913600800433,-0.4163764294296435
2023-05-16,USDZAR,16.1532,16.1782,16.1235,16.149281533006846,0.005089817499965621,0.01136059935583511,0.014255474946573985,0.18034392384108172,0.22629864917847928,18.034392384108173,22.62986491784793,0.08178064718934763,17.5057426962309,-0.3992447059271931
2023-05-17,USDZAR,15.9294,15.941,15.9161,15.93345491157093,-0.01336447203516744,0.007756105475744044,0.014292542742642297,0.12312435738723033,0.22688708219875534,12.312435738723034,22.688708219875533,-0.2158266214359159,17.435404526616598,-0.4018005453116036
2023-05-18,USDZAR,16.0484,16.0845,16.0242,16.04101394685179,0.006750515558477721,0.009030932435750096,0.013964329237486724,0.14336160799212933,0.2216768543293086,14.336160799212932,22.16768543293086,0.10755903528086108,17.35931299175382,-0.4364196697966838
2023-05-19,USDZAR,16.0133,16.0374,15.9559,16.02380987151252,-0.001072505478536101,0.009125716382851042,0.013920094842719864,0.14486625650599055,0.22097465508161715,14.486625650599056,22.097465508161715,-0.01720407533927215,17.28115167843446,-0.4502557984667477
2023-05-22,USDZAR,15.5162,15.551,15.4602,15.493897004738232,-0.03307034163681499,0.01430031958567629,0.014847898271222591,0.22701053575467411,0.23570307790584505,22.701053575467412,23.570307790584504,-0.5299128667742874,17.1860045708372,-0.55058314033547
2023-05-23,USDZAR,15.5401,15.5463,15.5317,15.537567159692832,0.0028185391280997063,0.014020607633914184,0.01483291889719045,0.22257024617610396,0.23546528771493824,22.257024617610398,23.546528771493826,0.043670154954600804,17.090136809493625,-0.5578246005255361
2023-05-24,USDZAR,15.5419,15.5497,15.4902,15.52434830623433,-0.0008507672612217965,0.014090875796194646,0.014290571936522908,0.22368571867098175,0.22685579662150998,22.368571867098176,22.685579662151,-0.013218853458502267,16.983915373741436,-0.6215364858471073
2023-05-26,USDZAR,15.66,15.6752,15.6551,15.662191584726475,0.00887916682704093,0.014598424034518113,0.014499197770852889,0.23174279717281876,0.23016762906971291,23.174279717281877,23.01676290697129,0.13784327849214506,16.889822085628506,-0.5540141130142784
2023-05-29,USDZAR,15.5907,15.6075,15.5551,15.578178130332258,-0.0053640931372686,0.014071680830426597,0.014317547367864366,0.22338100803590183,0.22728401831853914,22.338100803590184,22.728401831853915,-0.08401345439421704,16.78879021833033,-0.5981819511535424
2023-05-30,USDZAR,15.7578,15.7949,15.7355,15.779073235255147,0.012895930656469101,0.014954837626480331,0.014345059826573284,0.23740068754211047,0.22772076506073755,23.74006875421105,22.772076506073756,0.2008951049228891,16.686841282174377,-0.6072440886457864
2023-05-31,USDZAR,15.5373,15.5621,15.5292,15.532721678235667,-0.015612549187556723,0.015752216482140993,0.014015219407814847,0.2500586844587867,0.22248471073850418,25.005868445878672,22.248471073850418,-0.24635155701948008,16.59231016924259,-0.5665009412702315
2023-06-02,USDZAR,15.9038,15.9674,15.8755,15.903311800058496,0.02385867264602415,0.012873129122730875,0.01495660794562041,0.20435458952381386,0.23742879048722565,20.435458952381385,23.742879048722564,0.37059012182282913,16.509004771793936,-0.5020723250646508
2023-06-05,USDZAR,16.5203,16.5586,16.4463,16.494607516332092,0.037180665493298015,0.017975383330508847,0.01669609872268006,0.2853503640814942,0.26504235051116765,28.535036408149423,26.504235051116765,0.5912957162735957,16.453653054622524,-0.33528197451357933
2023-06-06,USDZAR,16.2655,16.2695,16.2422,16.242826919700875,-0.015264418773342614,0.01996848344504421,0.016760076917204547,0.31698984752818377,0.26605797286342386,31.698984752818376,26.605797286342387,-0.25178059663121743,16.386601892158875,-0.40751535383086734
2023-06-08,USDZAR,15.9115,15.9894,15.889,15.915046211995085,-0.020180028348896872,0.02231174377226384,0.01689550198326557,0.35418795202562564,0.26820777913991567,35.41879520256256,26.820777913991567,-0.3277807077057897,16.31802964325569,-0.4184653374412983
2023-06-09,USDZAR,15.9364,15.9561,15.9057,15.923075789308358,0.0005045274268333788,0.022075920270066732,0.016527178006074356,0.35044436998491857,0.2623608172666146,35.044436998491854,26.23608172666146,0.00802957731327325,16.263404558308128,-0.3347529459240772
2023-06-12,USDZAR,15.9413,15.9856,15.915,15.937638707358593,0.0009145794595799561,0.02167235733213624,0.016496338840128254,0.34403800695215847,0.26187126068421035,34.40380069521585,26.187126068421033,0.014562918050234686,16.20714157653021,-0.3459483626334414
2023-06-13,USDZAR,15.8492,15.8846,15.824,15.8454,-0.005787476366621691,0.020664355777939316,0.016070088599291224,0.3280364783507286,0.2551047478829933,32.80364783507286,25.51047478829933,-0.09223870735859308,16.16143130627851,-0.28203782903886143
2023-06-14,USDZAR,15.8842,15.9004,15.8313,15.87101719588615,0.0016166960686476717,0.018527862786302644,0.016024462832337733,0.2941207035485104,0.25438046128658015,29.41207035485104,25.438046128658016,0.025617195886150412,16.113637616828647,-0.2957268359720988
2023-06-15,USDZAR,15.7638,15.8388,15.7614,15.763989125596654,-0.006743617562032456,0.00850882441643005,0.015801563184915695,0.13507340013232924,0.250842039080164,13.507340013232923,25.0842039080164,-0.10702807028949657,16.072377623840598,-0.2560563540597305
2023-06-16,USDZAR,15.7481,15.7684,15.7394,15.745397062310111,-0.0011794009205673417,0.007695220757119381,0.014870550278861293,0.12215784244248033,0.2360626673792951,12.215784244248033,23.60626673792951,-0.01859206328654217,16.047890859250934,-0.15235309400235542
2023-06-19,USDZAR,15.6357,15.671,15.5917,15.6489,-0.006128588687108971,0.0036808243575657076,0.014894382816891332,0.0584312752189677,0.23644099719172892,5.84312752189677,23.644099719172893,-0.09649706231011201,16.021575231058698,-0.1639818492226719
2023-06-20,USDZAR,15.4683,15.5009,15.4444,15.4468,-0.01291464575784873,0.0051263183449405236,0.014354012143454518,0.08137778089236512,0.2278628786854911,8.137778089236512,22.78628786854911,-0.20209999999999972,15.976540333901285,-0.2810890721288706
2023-06-21,USDZAR,15.5279,15.543,15.4818,15.5337338792709,0.005627953962691334,0.006137839950471809,0.013999147945566306,0.09743518857639247,0.22222958418461536,9.743518857639247,22.222958418461538,0.0869338792708998,15.92532684537751,-0.3205543093400709
2023-06-22,USDZAR,15.3582,15.3738,15.34,15.353566602283458,-0.011598452657146874,0.006829977904190374,0.013283341870550743,0.10842253796732321,0.2108665150159728,10.84225379673232,21.08665150159728,-0.18016727698744184,15.884126212192225,-0.2587113820979092
2023-06-23,USDZAR,15.2828,15.3736,15.2555,15.29601879663415,-0.0037481718183153268,0.0063140979747598166,0.013284062576961462,0.10023319796946636,0.21087795587555913,10.023319796946636,21.087795587555913,-0.05754780564930684,15.841872137083055,-0.26601447599136074
2023-06-26,USDZAR,15.4333,15.4381,15.3693,15.418487250371692,0.00800655748177359,0.007972421975712114,0.013416966541011816,0.1265582753676029,0.21298774089835054,12.655827536760288,21.298774089835053,0.12246845373754134,15.806172704299923,-0.2253485729099225
2023-06-27,USDZAR,15.8987,15.9183,15.8847,15.889692782297836,0.030561074136166155,0.01510487014124911,0.014671056022158433,0.23978237987802134,0.2328957942319664,23.978237987802135,23.289579423196642,0.47120553192614345,15.78879913037652,-0.10991638677133597
2023-06-28,USDZAR,15.7555,15.759,15.6603,15.728498569353595,-0.010144577063429527,0.015509366909162844,0.01441433837917334,0.24620356700219626,0.22882052798895908,24.620356700219624,22.88205279889591,-0.16119421294424008,15.776034881891086,-0.08084369419125714
2023-06-29,USDZAR,15.7352,15.7738,15.7178,15.739581239013871,0.0007046234967316156,0.014305734640250456,0.014411329825062729,0.22709649708110866,0.22877276867306373,22.709649708110867,22.877276867306374,0.011082669660275712,15.765104226997632,-0.06928645236453645
2023-06-30,USDZAR,15.5452,15.6076,15.5272,15.548262005161154,-0.012155293774810949,0.015261277965899957,0.014520600021239526,0.24226527712080578,0.23050737926183398,24.22652771208058,23.0507379261834,-0.19131923385271676,15.745070242736109,-0.12707803242566484
2023-07-04,USDZAR,15.8098,15.8107,15.7596,15.776789751371298,0.014697960848246927,0.015099364849917668,0.014611019416665602,0.2396949860874736,0.23194274266579926,23.96949860874736,23.194274266579924,0.22852774621014404,15.739848070729455,-0.033167028956659905
2023-07-05,USDZAR,15.785,15.8165,15.7667,15.792457829911465,0.000993109421313365,0.014797782340489526,0.014553915925300986,0.23490751216919167,0.23103625284293344,23.49075121691917,23.103625284293344,0.015668078540166164,15.731562866831444,-0.05263839816482818
2023-07-06,USDZAR,15.97,15.9844,15.9542,15.978021472880023,0.011750143325828244,0.015004823211418425,0.014721371942160279,0.2381941841034162,0.23369453469984022,23.81941841034162,23.369453469984023,0.18556364296855854,15.730036586877027,-0.009702023679003524
2023-07-07,USDZAR,15.7253,15.7431,15.7109,15.716525487694849,-0.01636598033298553,0.011960194432754754,0.013708093993700555,0.18986220060628986,0.2176092459361793,18.986220060628987,21.76092459361793,-0.26149598518517436,15.737457536308913,0.04717693688058855
2023-07-10,USDZAR,15.6356,15.6564,15.626,15.63507440423822,-0.005182512096608138,0.011500874034331721,0.0137405475456994,0.18257071532833116,0.21812443010267718,18.257071532833116,21.812443010267717,-0.08145108345662955,15.74070777779376,0.020652900745554703
2023-07-11,USDZAR,15.5287,15.5599,15.5148,15.517,-0.0075518926987782065,0.011742411753651438,0.013814154360266312,0.1864050077537013,0.21929290205953936,18.640500775370132,21.929290205953937,-0.1180744042382198,15.740462834252616,-0.0015561151671339424
2023-07-12,USDZAR,15.79,15.8219,15.7352,15.775328232743291,0.016648078413565193,0.012595503145328854,0.014055587095564249,0.19994741376163194,0.22312552791522994,19.994741376163194,22.312552791522993,0.25832823274329186,15.744234055853177,0.023958771989573968
2023-07-13,USDZAR,15.8192,15.8439,15.784,15.796567544437965,0.001346362584747185,0.011323833275426716,0.014015106986493588,0.17976028040842243,0.2224829261053555,17.976028040842245,22.24829261053555,0.02123931169467319,15.751513702990032,0.046236908769459184
2023-07-14,USDZAR,16.0201,16.0521,16.0002,16.04199946578091,0.015537041237124072,0.01273294221059989,0.014103296847116142,0.20212919128442597,0.22388289674154385,20.212919128442596,22.388289674154386,0.24543192134294678,15.760277910674224,0.055640415578150915
2023-07-17,USDZAR,15.8553,15.8893,15.8427,15.854968576042102,-0.011658826578180848,0.01291363010070919,0.013963907906174355,0.204997522617327,0.22167016590207603,20.499752261732702,22.167016590207602,-0.18703088973880888,15.77101947393444,0.06815592542908089
2023-07-18,USDZAR,15.8165,15.8222,15.7907,15.81750931868706,-0.0023626194637588194,0.011099640579374207,0.013272951202422601,0.17620133169135024,0.2107015682730356,17.620133169135023,21.07015682730356,-0.0374592573550423,15.76815939122206,-0.018135052823353703
2023-07-19,USDZAR,15.5145,15.524,15.4903,15.51875967544438,-0.01888727467918938,0.013346549577053408,0.011696966284658885,0.2118699062500657,0.18568358329868734,21.18699062500657,18.568358329868733,-0.2987496432426795,15.735631129859135,-0.20629079498671876
2023-07-20,USDZAR,15.4673,15.5097,15.4464,15.487231879567434,-0.002031592507153346,0.013054080044011514,0.011424474952170064,0.20722709634711345,0.18135791749757113,20.722709634711343,18.135791749757114,-0.031527795876947096,15.710444628521353,-0.16006031871189652
2023-07-21,USDZAR,15.3557,15.3677,15.31,15.32877564248862,-0.010231411159270287,0.011075065069001295,0.011000795448975762,0.17581120755861496,0.17463221389128603,17.581120755861495,17.463221389128602,-0.15845623707881273,15.69090227620447,-0.12439082902468979
2023-07-24,USDZAR,15.4612,15.4909,15.4069,15.473691067475109,0.009453816036344653,0.012108135876438275,0.011168451893422788,0.19221069821780865,0.17729367743751093,19.221069821780866,17.729367743751094,0.1449154249864879,15.675922785476697,-0.09546608897367248
2023-07-25,USDZAR,15.358,15.3914,15.2919,15.376095602676726,-0.006307187106993739,0.008980557764112182,0.011205896093618727,0.14256193487094657,0.17788808568807193,14.256193487094656,17.788808568807195,-0.09759546479838299,15.6572046819873,-0.11940670890990823
2023-07-26,USDZAR,15.21,15.211,15.1827,15.205934954662489,-0.011066570630883343,0.008920990819495,0.011322327040410978,0.14161633894004444,0.17973636966881648,14.161633894004444,17.97363696688165,-0.17016064801423703,15.63588918047605,-0.1361386144218435
2023-07-27,USDZAR,14.9848,14.9937,14.9629,14.967444558600665,-0.015684033686379606,0.00944158951017027,0.01160515668463437,0.14988058695040007,0.1842261510808883,14.988058695040007,18.42261510808883,-0.23849039606182387,15.605770092566534,-0.19262791876988317
2023-07-28,USDZAR,14.9073,14.9733,14.8222,14.881577300299508,-0.005736935117078179,0.008083577281167037,0.011592078258780426,0.12832281113843777,0.1840185375067899,12.832281113843777,18.40185375067899,-0.08586725830115682,15.576356365056629,-0.1884798208318772
2023-07-31,USDZAR,14.849,14.9091,14.8252,14.86310767269346,-0.0012411068553651594,0.008152560046916259,0.011591959971999802,0.12941787859596895,0.1840166597623604,12.941787859596895,18.40166597623604,-0.018469627606048533,15.546946718736075,-0.18880953691153834
2023-08-01,USDZAR,15.2209,15.2427,15.2026,15.21947465061999,0.023976612817065757,0.013544438128243541,0.01247849527113712,0.2150112896126015,0.198089971342346,21.50112896126015,19.8089971342346,0.3563669779265304,15.532632540423407,-0.09207067195655672
2023-08-02,USDZAR,15.6689,15.6852,15.6067,15.63725163511962,0.027450158043570205,0.017090661236101097,0.01328323042373181,0.27130583623425153,0.21086474585256898,27.130583623425153,21.086474585256898,0.4177769844996302,15.53898092826073,0.040871293522215524
2023-08-03,USDZAR,15.7762,15.7935,15.7625,15.784095969036164,0.009390674099452712,0.01690490838923953,0.013350976652755142,0.2683571012055437,0.21194018389811795,26.835710120554367,21.194018389811795,0.14684433391654395,15.547326331252902,0.05370624386953349
2023-08-04,USDZAR,15.9492,16.0591,15.9276,15.9844655418823,0.012694396514010275,0.01575213085544952,0.01332110033087026,0.25005732517719936,0.21146591199133769,25.005732517719935,21.14659119913377,0.2003695728461352,15.568356295906199,0.13526418758589287
2023-08-07,USDZAR,16.0429,16.0909,16.0074,16.067461718964147,0.005192302292771789,0.012275902595343027,0.013301288251721938,0.19487391231678014,0.21115140498504814,19.487391231678014,21.115140498504815,0.08299617708184748,15.594071059983865,0.1651732757711022
2023-08-08,USDZAR,16.1512,16.1693,16.114,16.1231,0.003462792195122244,0.010666481042708552,0.013253094928158503,0.16932513721915052,0.21038635969103303,16.93251372191505,21.038635969103304,0.05563828103585422,15.617558151638143,0.15061552280948298
2023-08-09,USDZAR,16.2688,16.2994,16.2172,16.284549395735425,0.010013545517637779,0.009156528029196703,0.01219190834898084,0.1453553762282811,0.19354054499217233,14.535537622828109,19.354054499217234,0.16144939573542416,15.63072003875273,0.08427621646605044
2023-08-10,USDZAR,16.1819,16.1901,16.1464,16.17582348019579,-0.006676630276801543,0.010374993222293663,0.012099766999077327,0.1646979115210182,0.19207784640830944,16.46979115210182,19.207784640830944,-0.10872591553963673,15.645630869114136,0.09539439209735878
2023-08-11,USDZAR,16.2913,16.3293,16.2821,16.2838885259138,0.006680651890787148,0.0063304784316984405,0.012143751315208534,0.10049322966199357,0.19277607578073197,10.049322966199357,19.277607578073198,0.10806504571801057,15.663774445344131,0.11596576949679527
2023-08-14,USDZAR,15.8842,15.9313,15.8486,15.861101275345138,-0.0259635313700316,0.013288541649115151,0.01290539075436176,0.210949058941697,0.20486672704892084,21.0949058941697,20.486672704892083,-0.4227872505686605,15.674202421016933,0.0665738370351665
2023-08-15,USDZAR,15.9569,16.012,15.9473,15.994526670948092,0.008412114221246103,0.012735250008545414,0.012720743694240637,0.20216582644106623,0.20193554584052273,20.216582644106623,20.193554584052272,0.13342539560295386,15.681460318336157,0.046304731330337745
2023-08-16,USDZAR,16.1198,16.1704,16.1025,16.13628286575477,0.008862793987155504,0.01304867914275898,0.012811334201221523,0.2071413596976945,0.20337362555621086,20.71413596976945,20.337362555621084,0.14175619480667656,15.692921152864267,0.07308525032396762
2023-08-17,USDZAR,16.3609,16.3926,16.3282,16.35843491087009,0.013767237905006224,0.01396351073509808,0.012875928540509387,0.22166386100670138,0.20439902890336015,22.166386100670138,20.439902890336015,0.2221520451153225,15.705601600797271,0.08080361718181273
2023-08-18,USDZAR,16.4743,16.4996,16.4498,16.488119759332218,0.007927705136140606,0.013789067591439788,0.012513736336461476,0.21889466195046048,0.19864940591105734,21.889466195046047,19.864940591105736,0.12968484846212647,15.731321409851851,0.16376201121308664
2023-08-22,USDZAR,16.7904,16.8047,16.7669,16.76805169665557,0.01697779621990625,0.014239827742869408,0.01274689754043399,0.226050257520184,0.2023507252776554,22.605025752018403,20.235072527765542,0.27993193732335087,15.769087319599095,0.240068261039994
2023-08-23,USDZAR,16.6514,16.6729,16.6148,16.621536276994068,-0.0087377724205564,0.015143263586827148,0.012780659722718895,0.24039185693186763,0.20288668330592355,24.039185693186763,20.288668330592355,-0.14651541966150106,15.805905195498896,0.2334813369575306
2023-08-24,USDZAR,16.5355,16.5423,16.4745,16.530795540506798,-0.005459226811234341,0.009548811957014553,0.012564749314482319,0.15158269052628298,0.19945921183193707,15.158269052628299,19.945921183193708,-0.09074073648726966,15.831087439091014,0.15932174260597787
2023-08-25,USDZAR,16.7917,16.8166,16.7834,16.79305998048654,0.0158652037850866,0.010256528703733067,0.012829994527332769,0.16281734558924021,0.2036698490498532,16.281734558924022,20.36698490498532,0.2622644399797416,15.864303853625966,0.20981764305674222
2023-08-28,USDZAR,16.8134,16.8159,16.7563,16.79410483257933,6.221927951211015e-05,0.010530029063893954,0.012580650052531683,0.16715902920807404,0.19971162822318306,16.715902920807405,19.971162822318306,0.0010448520927894833,15.889374032519246,0.15802886230995572
2023-08-29,USDZAR,16.9991,17.0027,16.9352,16.990376031882583,0.011686910452202381,0.01029346604907107,0.01245331364924283,0.16340370776837182,0.19769022548749668,16.340370776837183,19.769022548749668,0.1962711993032542,15.927220947713929,0.2381900955772398
2023-08-30,USDZAR,17.4853,17.5439,17.4263,17.491628003900722,0.029502111729460045,0.013787305528942778,0.013360445153061971,0.21886669007549062,0.2120904916807216,21.886669007549063,21.209049168072163,0.5012519720181388,15.983024903887719,0.3503684437918153
2023-08-31,USDZAR,17.7912,17.8176,17.7661,17.776912801635376,0.016309791042379507,0.013721459104273486,0.01286804075909394,0.21782141048910444,0.20427381425523228,21.782141048910443,20.42738142552323,0.2852847977346542,16.05829667476075,0.47094821740985005
2023-09-01,USDZAR,17.691,17.7135,17.6906,17.70686303978883,-0.003940490828087007,0.012808714962445157,0.012906719142145301,0.2033320464296515,0.20488781455124028,20.33320464296515,20.488781455124027,-0.07004976184654765,16.132284380101463,0.46074441666656973
2023-09-04,USDZAR,17.6047,17.6706,17.5854,17.616834489812547,-0.0050843873233773484,0.012738064943803298,0.012736476835234968,0.20221051215296088,0.20218530171100024,20.221051215296086,20.218530171100024,-0.09002854997628162,16.208553008345596,0.4727701697238018
2023-09-05,USDZAR,17.6116,17.6259,17.5495,17.59852057993188,-0.0010395687086268701,0.012865688869233489,0.012746256053449426,0.20423647916114168,0.20234054198747278,20.423647916114167,20.234054198747277,-0.018313909880667723,16.279380658760818,0.4369770107100379
2023-09-06,USDZAR,17.6185,17.6522,17.5269,17.58876667083999,-0.0005542459690055512,0.012921367578721922,0.012622654981402852,0.20512035127290612,0.2003784357969755,20.512035127290613,20.03784357969755,-0.009753909091887891,16.35313636103293,0.4530620901257665
2023-09-07,USDZAR,17.881,17.9164,17.8606,17.876286812609905,0.016346805159829003,0.013334706557529155,0.012442755271585395,0.21168190414346613,0.19752261643831742,21.168190414346615,19.75226164383174,0.2875201417699138,16.44214808963118,0.544309829216294
2023-09-08,USDZAR,17.8528,17.8831,17.8326,17.850920734084237,-0.0014189791644970695,0.009285049703462278,0.011865159623134093,0.14739559455741127,0.18835356977338602,14.739559455741128,18.835356977338602,-0.025366078525667746,16.538263962147298,0.5845700451799996
2023-09-11,USDZAR,17.6626,17.689,17.6239,17.6764,-0.009776567645108036,0.00819866619389571,0.01202430950667977,0.13014979098888307,0.19087999585166654,13.014979098888308,19.087999585166653,-0.1745207340842363,16.63142471880398,0.5633043278902239
2023-09-12,USDZAR,17.629,17.6376,17.5773,17.629829741767246,-0.002634600836864731,0.008129357895859182,0.01205519085412534,0.12904955586649627,0.1913702220446159,12.904955586649628,19.13702220446159,-0.04657025823275518,16.723648787773108,0.5545169492596536
2023-09-13,USDZAR,17.3875,17.4206,17.3746,17.39829127961915,-0.013133335122321177,0.009348144864427959,0.012027176148261197,0.14839719918649197,0.19092550237600103,14.839719918649196,19.092550237600104,-0.23153846214809448,16.796276008739746,0.43427855899327295
2023-09-14,USDZAR,17.3412,17.3671,17.2941,17.294701346891213,-0.005954029109127901,0.009470139229552168,0.01136079041220807,0.15033379969531116,0.1803469567669772,15.033379969531117,18.03469567669772,-0.10358993272793882,16.851524332465463,0.32893198288102
2023-09-15,USDZAR,17.1163,17.1333,17.1005,17.10865343794832,-0.010757509205346016,0.009905576693000313,0.01158927033882759,0.1572461551341386,0.18397396315941042,15.724615513413859,18.39739631594104,-0.1860479089428928,16.89567624809587,0.26200547059915813
2023-09-18,USDZAR,17.0898,17.1078,17.0856,17.089052458086357,-0.0011456763638970635,0.004873780916602996,0.01145463007323474,0.07736887349966376,0.1818366152041242,7.736887349966376,18.18366152041242,-0.019600979861962742,16.932495811969336,0.2179229959949902
2023-09-19,USDZAR,17.2158,17.2242,17.1605,17.198923785003387,0.006429339905562825,0.0067521700617938114,0.01146764566490419,0.10718737676113232,0.18204323131646657,10.718737676113232,18.204323131646657,0.10987132691703039,16.970211214170646,0.22273976984923394
2023-09-20,USDZAR,17.2524,17.2757,17.1987,17.223683234234652,0.0014395929385333517,0.006838037348995292,0.011466729647215103,0.10855047768727759,0.1820286899864554,10.85504776872776,18.202868998645542,0.02475944923126505,17.006897321978467,0.2161794414036855
2023-09-21,USDZAR,17.3504,17.3916,17.3266,17.362434016929768,0.00805581366123409,0.008173646840589866,0.011426623566395037,0.12975262106801752,0.1813920256909873,12.975262106801752,18.13920256909873,0.13875078269511576,17.04282680935161,0.2112642105900786
2023-09-22,USDZAR,17.0261,17.0484,17.01,17.03685167856305,-0.01875211379056929,0.009585684479518257,0.011950818564382917,0.15216802367482157,0.1897133633100669,15.216802367482158,18.97133633100669,-0.32558233836671846,17.071527749297186,0.168404809053313
2023-09-25,USDZAR,17.2782,17.3145,17.2375,17.280225450168036,0.014285137664913572,0.011409207827084407,0.01213712360638156,0.18111555940030177,0.19267086416482201,18.11155594003018,19.2670864164822,0.2433737716049862,17.10473898010566,0.19454164440462218
2023-09-26,USDZAR,17.3732,17.3996,17.3361,17.365434316058135,0.004931004293654562,0.010459813025341103,0.010928526503487216,0.16604438415172024,0.17348497994763257,16.604438415172023,17.348497994763257,0.0852088658900989,17.154883414796092,0.29316106342665016
2023-09-27,USDZAR,17.4064,17.4378,17.3391,17.416899423292893,0.0029636521781184477,0.010357023334087409,0.010882075054829332,0.16441264838932992,0.17274758606050789,16.44126483893299,17.27475860605079,0.05146510723475828,17.202295839874253,0.27637859105045237
2023-09-28,USDZAR,17.4476,17.5056,17.4415,17.45085738424423,0.0019497133287640356,0.010230468253180025,0.010824514993177797,0.16240364876193436,0.17183384840903085,16.240364876193436,17.183384840903084,0.033957960951337185,17.24611499049057,0.2547285026615276
2023-09-29,USDZAR,17.3053,17.3168,17.3006,17.31572162225457,-0.007743789259986089,0.010899881834677357,0.010776449949199894,0.1730302599272804,0.17107083949030538,17.303025992728042,17.10708394903054,-0.13513576198965893,17.27802454753672,0.1850246102600206
2023-10-02,USDZAR,17.4557,17.4923,17.4338,17.45196047057259,0.007867927845578215,0.010879285158064087,0.01077531265955747,0.1727032978223616,0.17105278557693035,17.27032978223616,17.105278557693033,0.13623884831801902,17.310152571244732,0.18594732065357888
2023-10-03,USDZAR,17.14,17.1889,17.1285,17.1485457679318,-0.017385708794860455,0.010475046879057126,0.010947964884985414,0.16628621408237063,0.17379355468763555,16.628621408237063,17.379355468763556,-0.30341470264079007,17.32283570695394,0.07326992443887903
2023-10-04,USDZAR,17.4866,17.5576,17.4666,17.48039499184678,0.0193514498783649,0.01165593444881336,0.011299123086283036,0.18503222309778525,0.17936801831648116,18.503222309778526,17.936801831648115,0.33184922391497906,17.351464330782367,0.1652652274300337
2023-10-05,USDZAR,17.6247,17.6303,17.599,17.613919234978944,0.00763851407216154,0.011824534405895185,0.011264259187346519,0.18770866444275328,0.17881457107856047,18.770866444275327,17.881457107856047,0.1335242431321646,17.387568453931433,0.20807536736260346
2023-10-06,USDZAR,17.51,17.5199,17.4959,17.509719102079654,-0.005915783506737271,0.012186148799210433,0.01105162447868621,0.19344911497403514,0.17543909972326538,19.344911497403512,17.54390997232654,-0.10420013289929031,17.41145709131787,0.13738917807704087
2023-10-09,USDZAR,17.1456,17.1564,17.1034,17.15229878797161,-0.02041268121003681,0.014544569080241357,0.011750574618468314,0.23088787627750848,0.18653458921544908,23.088787627750847,18.653458921544907,-0.35742031410804387,17.423396889830947,0.06857437864307148
2023-10-10,USDZAR,17.0279,17.0711,17.0268,17.0318,-0.007025226732647161,0.014502808746233855,0.01164730192152325,0.23022495152680342,0.1848951859754116,23.022495152680342,18.48951859754116,-0.12049878797160929,17.424777688768195,0.007924969774708579
2023-10-11,USDZAR,17.1631,17.1902,17.1454,17.1700039943171,0.008114467896352728,0.014531798927294143,0.010373407872415752,0.23068515638409295,0.16467274487191033,23.068515638409295,16.467274487191034,0.13820399431709873,17.41405688844874,-0.061526181343274366
2023-10-12,USDZAR,17.2853,17.2991,17.2734,17.280103687662493,0.006412327765435322,0.013110406314865581,0.009967623393893439,0.2081212481768706,0.1582311159755499,20.81212481768706,15.82311159755499,0.11009969334539349,17.397496584649648,-0.0950973337527028
2023-10-13,USDZAR,17.3332,17.3719,17.3267,17.337568129031183,0.0033254685508465887,0.010555913301409424,0.009979372463593417,0.1675699287401288,0.15841762667492496,16.75699287401288,15.841762667492496,0.057464441368690444,17.38518675429106,-0.0707563315140991
2023-10-16,USDZAR,17.2403,17.2436,17.225,17.229812548193028,-0.006215149670138698,0.009918874317551389,0.009998799196980159,0.15745724837967892,0.158726016506891,15.745724837967892,15.8726016506891,-0.1077555808381554,17.37228602290374,-0.0742053080570737
2023-10-17,USDZAR,16.8505,16.8573,16.8242,16.83606094945172,-0.022852924118585527,0.012459886305166087,0.01078702552346984,0.19779456316565347,0.1712387215272452,19.779456316565348,17.12387215272452,-0.39375159874130716,17.346870701887735,-0.14629808064694494
2023-10-18,USDZAR,17.0584,17.1045,17.0448,17.08107309976382,0.014552819156910868,0.012504003238831914,0.01117444516064263,0.19849489777617255,0.17738881760513764,19.849489777617254,17.738881760513763,0.24501215031209966,17.32994758285186,-0.09755718669207658
2023-10-19,USDZAR,16.8875,16.9569,16.7981,16.85660378644674,-0.013141405812506224,0.01322657856880143,0.010897150380010762,0.20996542553583122,0.17298689942868886,20.996542553583122,17.298689942868887,-0.22446931331707987,17.295958148646424,-0.1961312002990212
2023-10-20,USDZAR,16.6555,16.7064,16.6336,16.675050509439597,-0.01077045407884114,0.012883854639669118,0.011016069045623075,0.20452485182682106,0.17487467472141183,20.452485182682107,17.487467472141184,-0.18155327700714352,17.2567624744916,-0.22661753583098632
2023-10-23,USDZAR,16.725,16.7452,16.6872,16.71381380448288,0.0023246283434845694,0.012412054027167689,0.010950811540561137,0.19703524929230068,0.17383874394396528,19.703524929230067,17.38387439439653,0.03876329504328169,17.224676267974363,-0.18593410302000235
2023-10-24,USDZAR,16.4548,16.4553,16.4402,16.44503648191079,-0.016081148546718826,0.012492373779492723,0.011256779743978996,0.19831028583241073,0.17869583859598653,19.83102858324107,17.869583859598652,-0.2687773225720882,17.185183159312484,-0.22928215339123037
2023-10-25,USDZAR,16.761,16.7702,16.7354,16.745583677848753,0.018275860699279,0.015870306349833045,0.011663412863549556,0.25193330299240485,0.1851509392513431,25.193330299240486,18.51509392513431,0.30054719593796264,17.163426239253468,-0.126602782509333
2023-10-26,USDZAR,16.6456,16.7094,16.589,16.59531549139789,-0.00897360100082023,0.013854995630331525,0.011718681604032518,0.21994123712246286,0.18602830330690523,21.994123712246285,18.602830330690523,-0.15026818645086237,17.140113377403694,-0.13582871814054043
2023-10-27,USDZAR,16.7812,16.8139,16.7509,16.797320351332274,0.01217240250955709,0.013403631898282193,0.011828403979808017,0.21277606000744367,0.1877700920242721,21.277606000744367,18.777009202427212,0.20200485993438377,17.12973560784982,-0.0605466797410692
2023-10-30,USDZAR,16.7978,16.8428,16.778,16.814093962035244,0.0009985884862664385,0.012537307908400122,0.011831122276376711,0.1990235930152205,0.187813243644535,19.90235930152205,18.7813243644535,0.016773610702969677,17.12057032464812,-0.05350510604202885
2023-10-31,USDZAR,16.6829,16.6838,16.6776,16.679329592993017,-0.008014964668718538,0.012192030878055909,0.011834462987423036,0.19354249008093835,0.18786627578831921,19.354249008093834,18.786627578831922,-0.13476436904222666,17.103250518247773,-0.10116372335688961
2023-11-01,USDZAR,16.6037,16.647,16.5911,16.625765939251753,-0.003211379296909289,0.012203241092517532,0.011832486845869523,0.1937204467185933,0.1878349055136829,19.372044671859328,18.78349055136829,-0.05356365374126426,17.083319941748346,-0.11653092772138107
2023-11-02,USDZAR,16.9259,16.9327,16.9167,16.92192343827618,0.01781316422392476,0.01179630940127267,0.01222082708837067,0.18726060638484432,0.1939996157481022,18.726060638484434,19.39996157481022,0.296157499024428,17.068636255793226,-0.085953351018353
2023-11-03,USDZAR,16.6539,16.6849,16.6392,16.66074699494568,-0.015434205472159235,0.011949039629309977,0.012066651261734243,0.18968512359125775,0.19155215037535542,18.968512359125775,19.15521503753554,-0.26117644333050194,17.05609943300598,-0.07344946953797837
2023-11-07,USDZAR,16.4282,16.4868,16.356,16.4088,-0.01512219080105548,0.01285342275489156,0.012003882748362801,0.20404176063253074,0.190555731116079,20.404176063253075,19.055573111607902,-0.25194699494567985,17.027051918000378,-0.17030573209130262
2023-11-08,USDZAR,16.1025,16.1699,16.0776,16.092089116545406,-0.019301282449331714,0.012760718643307072,0.012355666084249987,0.2025701284839363,0.1961401184488842,20.25701284839363,19.61401184488842,-0.31671088345459353,16.98460707801662,-0.249278854543733
2023-11-09,USDZAR,16.2921,16.3509,16.2456,16.264767707195098,0.010730650905490524,0.01411368554233431,0.012553059282769471,0.22404781216550615,0.19927363833155315,22.404781216550614,19.927363833155315,0.17267859064969215,16.946202687480028,-0.22611291718546145
2023-11-10,USDZAR,16.3471,16.3999,16.3039,16.35287362911307,0.005416980033412733,0.014487847550826775,0.012608445774994818,0.22998744991262315,0.20015287163807602,22.998744991262317,20.015287163807603,0.08810592191797184,16.909603228975655,-0.21597439366999316
2023-11-13,USDZAR,16.3484,16.3626,16.2766,16.352283695600473,-3.6075219926323676e-05,0.014519928394571353,0.012567664103546991,0.2304967175190068,0.19950548267387308,23.04967175190068,19.95054826738731,-0.0005899335125967298,16.87748863142052,-0.18991928503742095
2023-11-14,USDZAR,16.2274,16.245,16.1646,16.213615950130155,-0.00848002322193242,0.011555059739140588,0.01248682740713049,0.1834308867255653,0.19822223990071655,18.34308867255653,19.822223990071656,-0.13866774547031824,16.836210480739105,-0.24457519470383327
2023-11-15,USDZAR,15.8445,15.859,15.8189,15.82615973516995,-0.02389696512807149,0.013048854160774842,0.012809165151879123,0.20714413802256407,0.20333919296536235,20.714413802256406,20.333919296536234,-0.38745621496020455,16.79213094631371,-0.2618138712142115
2023-11-16,USDZAR,15.9381,15.9958,15.9246,15.936344737609325,0.006962207148365485,0.013488211791431195,0.012265482291552337,0.21411872418657574,0.1947084951222847,21.411872418657573,19.47084951222847,0.11018500243937446,16.740662604505797,-0.3065027421026101
2023-11-20,USDZAR,16.655,16.6801,16.6257,16.64265763307418,0.04432088456256689,0.02091691532617095,0.01490708575183211,0.3320457368858629,0.2366426500323725,33.204573688586294,23.66426500323725,0.7063128954648548,16.708287217775634,-0.19339369949101792
2023-11-21,USDZAR,16.5629,16.6405,16.5166,16.554563931901455,-0.005293247215375829,0.021061872139390286,0.014901565461921257,0.33434685495759975,0.23655501814675792,33.43468549575997,23.65550181467579,-0.08809370117272408,16.67644871210303,-0.19055517335571093
2023-11-22,USDZAR,16.6066,16.6201,16.5594,16.59580511780375,0.0024912275594779487,0.02102828202675294,0.01449419850257683,0.3338136284503053,0.23008826814613847,33.38136284503053,23.008826814613847,0.041241185902293864,16.657898923097434,-0.1112334485946942
2023-11-23,USDZAR,16.7325,16.7568,16.652,16.7191,0.007429279948821588,0.021079574335873538,0.014527141891205742,0.33462786861492544,0.23061122822807356,33.462786861492546,23.061122822807356,0.12329488219625162,16.647475589764102,-0.06257291739764081
2023-11-24,USDZAR,16.3997,16.4633,16.3792,16.42413064860377,-0.01764265728395842,0.02219255792616177,0.014758765743170248,0.3522959353741163,0.2342881428881271,35.22959353741163,23.42881428881271,-0.2949693513962295,16.62261314490699,-0.14934663650986169
2023-11-27,USDZAR,16.4103,16.4731,16.3585,16.43194019931986,0.00047549248621892026,0.019145443145745202,0.014690395985886314,0.3039244878226077,0.2332028066383003,30.39244878226077,23.32028066383003,0.007809550716089575,16.594341028628904,-0.1700822610237296
2023-11-28,USDZAR,16.2983,16.3022,16.2641,16.28423104356004,-0.008989148814327663,0.01988233840326249,0.014720831362350846,0.3156223373847695,0.23368595326140298,31.56223373847695,23.368595326140298,-0.14770915575982002,16.55922979244653,-0.21158560090936973
2023-11-29,USDZAR,16.2298,16.2349,16.2166,16.226038132103398,-0.003573574416929959,0.008210392671058895,0.01470253333451688,0.13033594304285506,0.2333954810746133,13.033594304285506,23.33954810746133,-0.058192911456643515,16.525770645243544,-0.20205738806915452
2023-11-30,USDZAR,15.998,16.0386,15.9863,16.002762495731186,-0.013760329820158512,0.00908132168607,0.014344969533480825,0.144161512542714,0.22771933170233102,14.4161512542714,22.7719331702331,-0.22327563637221104,16.497994030119525,-0.16808060404742697
2023-12-01,USDZAR,16.0389,16.0596,16.0204,16.036498527127684,0.0021081379796454858,0.009031104974579459,0.014038667226518756,0.1433643469611333,0.222856933320969,14.33643469611333,22.2856933320969,0.03373603139649717,16.463174877698318,-0.21105082446775114
2023-12-04,USDZAR,16.132,16.2001,16.0973,16.121060661005618,0.005273104582954158,0.008567339063617693,0.013937241757344265,0.13600229135940836,0.2212468539127065,13.600229135940836,22.12468539127065,0.08456213387793454,16.43865677351695,-0.14892694977431953
2023-12-05,USDZAR,16.367,16.3811,16.3539,16.367199454212923,0.015268151294950183,0.009548587509530396,0.014142390643626481,0.15157912753293012,0.22450349152177418,15.157912753293012,22.450349152177417,0.24613879320730447,16.42839507167606,-0.06242421131038567
2023-12-06,USDZAR,16.5248,16.5583,16.5058,16.520985985792237,0.009396019887796259,0.010262354364967538,0.014250043714869126,0.16290982509433374,0.22621243104805633,16.290982509433373,22.621243104805632,0.1537865315793141,16.421967477719708,-0.039124904948473205
2023-12-07,USDZAR,16.2546,16.3459,16.2498,16.268959519309707,-0.015254928894635533,0.011463269541299968,0.014219235907113438,0.18197376250788708,0.2257233722614925,18.197376250788707,22.57233722614925,-0.2520264664825298,16.416098245633002,-0.035740127330474714
2023-12-08,USDZAR,16.2869,16.3176,16.2526,16.293601473271337,0.001514660721380734,0.011365550848251704,0.01378850288436508,0.1804225263463993,0.21888569750356082,18.04225263463993,21.888569750356083,0.02464195396163049,16.401032172147087,-0.09177621418002824
2023-12-11,USDZAR,16.3216,16.3605,16.3002,16.323075258010103,0.0018089177390963052,0.00943516685352206,0.013708952409743359,0.14977863043691497,0.21762287286840343,14.977863043691498,21.762287286840344,0.02947378473876583,16.39195749770083,-0.055329898454004045
2023-12-12,USDZAR,16.3274,16.4019,16.3002,16.31153063378483,-0.0007072579181798266,0.009532729477236419,0.013499748687918681,0.15132738907453397,0.21430186674062005,15.132738907453398,21.430186674062004,-0.011544624225273026,16.375764507115914,-0.09878619186992621
2023-12-13,USDZAR,16.5614,16.6002,16.4999,16.57567887398366,0.01619395788962441,0.010867860152046077,0.013853497425599806,0.1725219314744552,0.21991745385966371,17.252193147445517,21.99174538596637,0.26414824019882843,16.367817337514197,-0.04853006770012547
2023-12-14,USDZAR,16.6839,16.7008,16.6087,16.643535525473595,0.0040937479548086575,0.009700193618077772,0.013799787428621039,0.15398579989565786,0.21906483409012062,15.398579989565786,21.90648340901206,0.06785665148993658,16.366624201930215,-0.007289521622699802
2023-12-15,USDZAR,16.7458,16.7562,16.7267,16.73319372922264,0.005386968628860123,0.009332067674095649,0.013819640998843006,0.14814198170209228,0.21937999974678513,14.814198170209227,21.93799997467851,0.0896582037490461,16.370205128262576,0.021879443727557124
2023-12-18,USDZAR,16.6009,16.6141,16.5884,16.59392408203821,-0.008322956719326813,0.00737563910775987,0.013498020764521649,0.11708464103576967,0.21427443680706132,11.708464103576967,21.427443680706133,-0.13926964718443102,16.359271816387977,-0.06678787338909586
2023-12-19,USDZAR,16.5494,16.5683,16.5187,16.553117427195147,-0.002459132308989753,0.007643828522897811,0.013209946996678311,0.12134201601605879,0.20970140751333236,12.134201601605879,20.970140751333236,-0.04080665484306323,16.355684164129627,-0.021930390903801555
2023-12-20,USDZAR,16.5098,16.5777,16.4631,16.54597693566352,-0.00043136838502066954,0.007713659135867702,0.012903858377713351,0.12245054263096398,0.2048424013237614,12.245054263096398,20.48424013237614,-0.00714049153162577,16.360256728651745,0.027957036075232367
2023-12-21,USDZAR,16.6929,16.7585,16.6888,16.710652225669687,0.009952587909827226,0.008138732542095404,0.012464924438928637,0.12919837376191778,0.19787454105969898,12.91983737619178,19.7874541059699,0.16467529000616565,16.380875498955888,0.12602962561114595
2023-12-22,USDZAR,16.8016,16.8344,16.7481,16.821893819493802,0.0066569271098366745,0.006232107604517146,0.012380918425768633,0.09893164119208107,0.19654098694296665,9.893164119208107,19.654098694296664,0.11124159382411491,16.399446369365844,0.11336921772673314
2023-12-25,USDZAR,16.9806,17.0164,16.958,16.958377613068247,0.008113461839610592,0.006617028037096258,0.012422331738515192,0.10504206362699148,0.19719840290193508,10.504206362699147,19.719840290193506,0.1364837935744454,16.419629835497684,0.12307407016827199
2023-12-27,USDZAR,17.0432,17.0498,17.029,17.042388049590492,0.004953919439646626,0.006589682439705273,0.012437409069022382,0.10460796572609722,0.1974377481036756,10.460796572609722,19.743774810367558,0.08401043652224516,16.442633313964016,0.14009742422207427
2023-12-28,USDZAR,17.1833,17.2244,17.1533,17.193582168262957,0.008871650981805645,0.004779043495647673,0.01236279574057847,0.07586496356546722,0.19625329823435533,7.586496356546722,19.625329823435532,0.15119411867246413,16.475298854568443,0.19866368105823096
2023-12-29,USDZAR,17.1996,17.2535,17.1689,17.224099191616894,0.0017749078147466513,0.003839293242650359,0.011353480718808958,0.060946890781821667,0.18023091898161211,6.094689078182166,18.023091898161212,0.030517023353937134,16.52189683645001,0.2828354271015021
2024-01-01,USDZAR,17.4885,17.5013,17.4648,17.480786246260273,0.01490278543961887,0.004122749700870029,0.011542744223886452,0.06544662255760816,0.18323538398178488,6.544662255760817,18.32353839817849,0.25668705464337904,16.573378220071707,0.3115948739500496
2024-01-02,USDZAR,17.4896,17.5469,17.4102,17.447471654283497,-0.0019057833845376182,0.005378724234987209,0.00855663338017161,0.08538460017943378,0.13583234390332846,8.538460017943377,13.583234390332846,-0.03331459197677589,16.600205354112017,0.16186883376509975
2024-01-03,USDZAR,17.3123,17.3454,17.2951,17.326396547939176,-0.006939406966429806,0.007297098142357228,0.008607561390138971,0.11583784186265175,0.1366408009981748,11.583784186265175,13.66408009981748,-0.12107510634432117,16.625933107979943,0.15498455181190973
2024-01-04,USDZAR,17.5338,17.566,17.4799,17.539425726461676,0.01229506538956815,0.007818342598431562,0.008827587497800526,0.12411234108091466,0.1401336071750588,12.411234108091467,14.01336071750588,0.21302917852250047,16.65738712826854,0.18918649608603566
2024-01-05,USDZAR,17.7195,17.745,17.6879,17.743770383293324,0.011650589934843358,0.008231885361378498,0.008951815946508325,0.13067712892440345,0.14210567266129986,13.067712892440344,14.210567266129987,0.2043446568316476,16.69154280771165,0.20504824184066628
2024-01-08,USDZAR,17.6654,17.711,17.6296,17.647191141992426,-0.005442994313758276,0.009078220194005218,0.008279483133326411,0.14411227788253408,0.1314327201296131,14.411227788253408,13.14327201296131,-0.09657924130089768,16.732311490824603,0.24424754249869896
2024-01-09,USDZAR,17.7079,17.8027,17.6983,17.71373155947157,0.003770595385052866,0.009036651290077394,0.008274513516084669,0.14345239199013474,0.13135382990161612,14.345239199013474,13.135382990161611,0.06654041747914263,16.775037869496327,0.25535251776274137
2024-01-10,USDZAR,17.523,17.5316,17.503,17.518282568274937,-0.011033755961607272,0.009160246041866984,0.008380490020365769,0.1454143978496628,0.1330361547524787,14.54143978496628,13.30361547524787,-0.19544899119663128,16.81617292032016,0.24521584477990022
2024-01-11,USDZAR,17.5874,17.6127,17.5715,17.583657338857414,0.0037318024942050165,0.009177490918983861,0.00830456366872045,0.14568815178710956,0.13183086128601898,14.568815178710956,13.183086128601898,0.06537477058247632,16.861426893878626,0.2691098252431967
2024-01-12,USDZAR,17.4589,17.4619,17.4049,17.440185564610807,-0.00815938183289966,0.00936629766965289,0.007977930341210148,0.14868536603583213,0.12664571795903237,14.868536603583212,12.664571795903237,-0.1434717742466063,16.909340996174613,0.28416398325921133
2024-01-15,USDZAR,17.7431,17.7751,17.6991,17.724794488355606,0.016319145383539846,0.010258052361720322,0.008342724845337674,0.16284153290994458,0.13243665118441972,16.284153290994457,13.243665118441971,0.2846089237447984,16.965617528215542,0.3328132779016002
2024-01-16,USDZAR,17.8293,17.8837,17.7987,17.828587980093307,0.00585583611736018,0.009513708840555852,0.008347971569479598,0.1510254458279246,0.13251994034808345,15.10254458279246,13.251994034808344,0.1037934917377008,17.022535105518465,0.3354878017747476
2024-01-17,USDZAR,17.982,17.9931,17.9806,17.99277393527662,0.009209139577774694,0.009543518010835913,0.008121026219121932,0.15149865173602592,0.1289172945985906,15.149865173602592,12.89172945985906,0.16418595518331358,17.076720921553925,0.31831813357749983
2024-01-18,USDZAR,18.0245,18.0433,18.0143,18.04200156636685,0.002735966742388296,0.009534229062389774,0.00803620333863229,0.1513511942508472,0.1275707731150081,15.13511942508472,12.757077311500812,0.049227631090229096,17.12742144090641,0.29689844780733665
2024-01-19,USDZAR,17.9829,17.996,17.907,17.98519265440581,-0.0031487034158637073,0.007986049438270063,0.007365372649761097,0.12677460462917794,0.1169216660675082,12.677460462917795,11.69216660675082,-0.05680891196103843,17.18462921207628,0.33401274889657273
2024-01-22,USDZAR,18.2784,18.3597,18.2002,18.30123467476129,0.01757234556384124,0.009532323782072808,0.007796396551014284,0.15132094886346786,0.12376395837855297,15.132094886346787,12.376395837855297,0.31604202035547857,17.251550318792614,0.38942421096466173
2024-01-23,USDZAR,18.2637,18.2864,18.2251,18.269575706220664,-0.0017298815682794677,0.008180430017704418,0.00785582664818618,0.12986030066648158,0.1247073819236084,12.986030066648159,12.470738192360841,-0.031658968540625665,17.316433667066295,0.3761015507284693
2024-01-24,USDZAR,18.8513,18.9003,18.8483,18.89732028881804,0.034360107355073,0.013089548316096572,0.009582454749808551,0.20779013771133487,0.15211675330513852,20.779013771133485,15.211675330513852,0.6277445825973764,17.402626655567406,0.49775254049591044
2024-01-25,USDZAR,18.9221,18.9495,18.8834,18.8852012397548,-0.0006413104544993331,0.013592273975329203,0.009393021339098558,0.21577066014345814,0.14910959113666614,21.577066014345814,14.910959113666614,-0.012119049063240794,17.47961073442644,0.44237045580934886
2024-01-26,USDZAR,19.2372,19.2521,19.2054,19.209479702327545,0.017171035587913996,0.014004321345844898,0.009677467433904295,0.22231170936803382,0.153625032906223,22.231170936803384,15.362503290622302,0.32427846257274595,17.56514220698824,0.4893213805576613
2024-01-29,USDZAR,19.1356,19.1768,19.1077,19.145614124999742,-0.0033246906380324237,0.014662235062492205,0.009790399462747297,0.23275576583835578,0.15541777328645837,23.275576583835576,15.541777328645837,-0.06386557732780318,17.64555622018081,0.4578045098921901
2024-01-31,USDZAR,19.2497,19.2763,19.2109,19.25506022099162,0.005716510072610648,0.013837103979953384,0.009484862118508025,0.2196572159777924,0.15056751831185686,21.96572159777924,15.056751831185686,0.10944609599187771,17.734260758145922,0.5027018522865356
2024-02-01,USDZAR,18.7094,18.7244,18.7072,18.71227668814416,-0.02818913712124993,0.019318607108847127,0.011193302680717351,0.30667338051704407,0.17768817145590438,30.667338051704405,17.768817145590436,-0.5427835328474586,17.806232733510896,0.40583577937927107
2024-02-02,USDZAR,18.6189,18.6938,18.6038,18.61130974208581,-0.005395759572234482,0.019527430626813305,0.011299645090031623,0.30998835109568484,0.1793763048690944,30.998835109568486,17.93763048690944,-0.1009669460583531,17.875077160391633,0.3866310629040193
2024-02-05,USDZAR,18.5516,18.6119,18.5515,18.56300745133398,-0.0025953192666823277,0.013704704032547475,0.01130356371779728,0.21755543197118798,0.17943851115638576,21.755543197118797,17.943851115638576,-0.04830229075182757,17.93682233458044,0.34542605682075234
2024-02-06,USDZAR,18.7304,18.7399,18.7034,18.734917981463447,0.009260920170406584,0.014416931506469874,0.011338016296213997,0.22886169260862643,0.17998542888347926,22.886169260862644,17.998542888347927,0.1719105301294661,18.000589806646097,0.35551153306969674
2024-02-08,USDZAR,18.8511,18.876,18.8211,18.82317270843261,0.004710707944197257,0.012423527453548194,0.011308896937776917,0.19721738428963242,0.1795231733989057,19.721738428963242,17.95231733989057,0.08825472696916492,18.062749643158245,0.3453211099182951
2024-02-09,USDZAR,18.9589,18.9912,18.9571,18.970625745851564,0.007833591058371114,0.013049690225868145,0.011333460628750012,0.2071574101444645,0.17991310990448559,20.71574101444645,17.991310990448557,0.147453037418952,18.127024233033616,0.3558405621799432
2024-02-12,USDZAR,19.3422,19.3679,19.3038,19.329486450025875,0.018916650878149754,0.015026038155387257,0.011637618192680206,0.2385309608983344,0.18474146154571672,23.85309608983344,18.47414615457167,0.3588607041743117,18.19822104242571,0.39276611801704053
2024-02-13,USDZAR,19.497,19.5401,19.4885,19.512,0.009442234818084483,0.008145401091508717,0.011671753512210996,0.12930423370203684,0.1852833429441299,12.930423370203684,18.52833429441299,0.18251354997412506,18.27448440270515,0.4190704140896173
2024-02-14,USDZAR,19.4731,19.4911,19.4015,19.462254641372112,-0.002549475124430489,0.0075279202505054614,0.011555894439704005,0.11950202923418704,0.18344413718622532,11.950202923418704,18.344413718622533,-0.04974535862788798,18.340533349208876,0.3614271409701164
2024-02-15,USDZAR,19.7096,19.7096,19.6297,19.68688409349157,0.011541800077055298,0.006533284548465799,0.01159371271853204,0.10371267695796853,0.18404448375097418,10.371267695796853,18.404448375097417,0.2246294521194585,18.41518043051581,0.40700605530730183
2024-02-19,USDZAR,20.2418,20.278,20.2261,20.228490328951946,0.027511018650200114,0.009756649737937384,0.012155295966807554,0.15488201301447496,0.1929593414433553,15.488201301447496,19.29593414433553,0.5416062354603746,18.511916889882905,0.5253082354099048
2024-02-20,USDZAR,19.9263,19.9504,19.9083,19.917567497222443,-0.015370540592665738,0.013974547575603902,0.01264181890717084,0.22183906541813112,0.20068265368733026,22.183906541813112,20.068265368733027,-0.31092283172950275,18.5911882822416,0.4282181733541446
2024-02-21,USDZAR,19.707,19.7251,19.6822,19.698929918840964,-0.010977122503135428,0.015750159133689684,0.012862728754806133,0.2500260250646125,0.20418948880137922,25.00260250646125,20.418948880137922,-0.2186375783814789,18.65636026675985,0.3505530874565066
2024-02-22,USDZAR,19.3552,19.3817,19.3324,19.36552261728501,-0.016925147859786493,0.0164717726127409,0.013303444355012756,0.2614812839143023,0.21118563206369897,26.14812839143023,21.1185632063699,-0.33340730155595466,18.71363798260294,0.3070144177325984
2024-02-23,USDZAR,19.7565,19.8228,19.7236,19.772184570274227,0.020999275931042893,0.01803618260137906,0.01369558085759788,0.28631552258519405,0.21741060605868423,28.631552258519406,21.741060605868423,0.4066619529892179,18.782253082963027,0.3666582650785344
2024-02-26,USDZAR,19.7099,19.7252,19.6954,19.71222615977341,-0.0030324626137142596,0.018057545239784405,0.013473629281848934,0.2866546439566065,0.21388723402350046,28.66546439566065,21.388723402350045,-0.05995841050081552,18.855384536012977,0.3893646450557453
2024-02-27,USDZAR,19.7221,19.7546,19.6472,19.671974947322504,-0.002041941489746568,0.017580285638134217,0.013519169878228047,0.27907838265590157,0.21461016857896068,27.907838265590158,21.461016857896066,-0.040251212450908014,18.924995122961814,0.36918147607059026
2024-02-28,USDZAR,19.3859,19.3925,19.331,19.39240414810653,-0.014211628469668502,0.013246220667757472,0.013747570994080595,0.21027723419022126,0.21823592388925364,21.027723419022127,21.823592388925363,-0.27957079921597483,18.990069075745,0.3438518866735851
2024-02-29,USDZAR,19.5643,19.5924,19.5064,19.5282173566554,0.007003422964559691,0.013289890863961023,0.013555028137214372,0.2109704770633812,0.21517940079331405,21.09704770633812,21.517940079331403,0.13581320854887124,19.050183171355,0.3165554341599375
2024-03-01,USDZAR,19.3506,19.3961,19.3412,19.35499398275292,-0.00887041406487854,0.013094708385480937,0.013725733835441144,0.20787205127336808,0.2178892697426521,20.787205127336808,21.78892697426521,-0.17322337390248066,19.101063371443647,0.26708509640556155
2024-03-04,USDZAR,19.6367,19.6842,19.6325,19.654900141758823,0.015495027240677306,0.012848548904147461,0.013873611393201556,0.20396439065055394,0.22023675319658195,20.396439065055393,22.023675319658196,0.29990615900590356,19.15646757832639,0.2900582329126822
2024-03-05,USDZAR,20.2668,20.2914,20.2666,20.28924553771936,0.032274160203582314,0.015935193342973424,0.01486393899971267,0.2529633520754381,0.2359577165764434,25.29633520754381,23.59577165764434,0.634345395960537,19.231375710704803,0.3910331175209336
2024-03-06,USDZAR,20.1057,20.1885,20.0563,20.121769941392287,-0.008254402363839564,0.016423240576539207,0.014977725268218204,0.2607108617238468,0.23776401759092136,26.07108617238468,23.776401759092135,-0.16747559632707265,19.302594953604356,0.37032838404746915
2024-03-07,USDZAR,20.4762,20.5092,20.4177,20.485202522564062,0.018061660690402936,0.017125851093519932,0.014993434669644482,0.2718644579026639,0.23801339660743906,27.18644579026639,23.801339660743906,0.3634325811717751,19.375393881864447,0.37714581088745813
2024-03-08,USDZAR,20.2958,20.3555,20.2858,20.28864854202229,-0.00959492493790437,0.016289454455345357,0.01516258961054954,0.2585870728905415,0.24069864804747473,25.858707289054152,24.069864804747475,-0.19655398054177198,19.442696309724504,0.3473603079783283
2024-03-11,USDZAR,20.1581,20.2552,20.1336,20.188168981671883,-0.004952501402066933,0.016855577430281887,0.014073101480296878,0.26757399650951413,0.22340356015344298,26.757399650951413,22.340356015344298,-0.10047956035040784,19.485724599486296,0.221308243858509
2024-03-12,USDZAR,20.335,20.3848,20.2848,20.33691248476981,0.007367855065655959,0.01572745041925101,0.014091328950281562,0.24966553539862024,0.22369291226909918,24.966553539862023,22.36929122690992,0.14874350309792916,19.53411497432013,0.24833756931528228
2024-03-13,USDZAR,20.3848,20.3949,20.3205,20.391155417473616,0.0026672157213847303,0.015342402277144207,0.013819191074373214,0.2435530856378079,0.21937285741725013,24.35530856378079,21.937285741725013,0.054242932703804314,19.573504164825,0.20164307703036677
2024-03-14,USDZAR,19.9879,20.0261,19.9429,19.995287256423104,-0.019413718984814587,0.012387918382940922,0.014338755029396104,0.19665210781816253,0.2276206795083524,19.665210781816253,22.76206795083524,-0.3958681610505117,19.601826602539113,0.14469783987380858
2024-03-15,USDZAR,20.041,20.0992,20.0268,20.064344842549247,0.0034536931248116964,0.012194281622115622,0.014322010565697646,0.1935782195352195,0.2273548693876528,19.35782195352195,22.73548693876528,0.06905758612614221,19.628802756591032,0.1376206136239677
2024-03-18,USDZAR,19.8559,19.8879,19.8115,19.88362927111144,-0.009006801510636486,0.009343322971379901,0.013347129846687499,0.14832065400736968,0.21187911774493667,14.832065400736969,21.187911774493667,-0.1807155714378048,19.667847842689937,0.19891730832026777
2024-03-19,USDZAR,20.1477,20.1902,20.1046,20.138040234570088,0.012794996325357744,0.010896496547014248,0.013407378169113885,0.1729765201516424,0.212835530213231,17.29765201516424,21.2835530213231,0.2544109634586462,19.718738859106086,0.2587523394689262
2024-03-20,USDZAR,20.5162,20.5719,20.4494,20.50502658895229,0.018223538641670478,0.012846415638225181,0.013659304995795356,0.2039305261038896,0.21683474460514007,20.39305261038896,21.683474460514006,0.3669863543822025,19.78347283036003,0.3282865690168002
2024-03-21,USDZAR,20.4348,20.4506,20.4282,20.431457672938137,-0.003587847872081773,0.012793082795776185,0.013671016300265378,0.2030838934768962,0.2170206558000751,20.30838934768962,21.70206558000751,-0.07356891601415327,19.840024153409182,0.2858513443724897
2024-03-22,USDZAR,20.4948,20.5434,20.3928,20.45305863946291,0.001057240597834852,0.012766959258005937,0.0136713732194081,0.20266919517106455,0.21702632171581387,20.266919517106455,21.70263217158139,0.021600966524772502,19.894353684443526,0.2738380286951836
2024-03-25,USDZAR,20.2593,20.2834,20.2166,20.23934485788899,-0.010448988845197515,0.010721945465607405,0.013848445838781127,0.170205607636763,0.21983726240497287,17.0205607636763,21.983726240497287,-0.21371378157391874,19.93664432151144,0.21257607931732814
2024-03-26,USDZAR,20.1769,20.2667,20.0959,20.15386808162181,-0.004223297585339791,0.01091357123521225,0.013529014470048482,0.17324757242375768,0.21476644662925554,17.324757242375767,21.476644662925555,-0.08547677626718198,19.96412370923131,0.13783356555254755
2024-03-27,USDZAR,20.4913,20.5042,20.4583,20.4759,0.015978665587865537,0.011293956180978464,0.013713030285208256,0.17928599623757885,0.21768760713454907,17.928599623757886,21.768760713454906,0.32203191837819034,19.996253709231308,0.1609386941693991
2024-03-28,USDZAR,20.3354,20.3495,20.2912,20.34058794897449,-0.006608356703515228,0.011229937319078814,0.013776268734509425,0.1782697283107557,0.21869148639543864,17.82697283107557,21.869148639543866,-0.13531205102550814,20.025531486151387,0.14641631050400505
2024-03-29,USDZAR,20.4662,20.5261,20.4625,20.469807746683088,0.006352805436733222,0.00894465826270576,0.013678899968933716,0.14199204795347092,0.2171458051603666,14.199204795347093,21.714580516036662,0.12921979770859693,20.05162894125777,0.13032091120495082
2024-04-01,USDZAR,20.4075,20.431,20.333,20.35041254572649,-0.005832746571640235,0.009124332672334071,0.012810424874211926,0.1448442907825041,0.20335919043744388,14.484429078250411,20.33591904374439,-0.11939520095659972,20.055693015150258,0.02026804856798403
2024-04-02,USDZAR,20.6144,20.68,20.5991,20.620521629597743,0.013272904579419764,0.010537672571478297,0.01267045839578449,0.1672803661293485,0.20113729147461698,16.72803661293485,20.113729147461697,0.27010908387125454,20.07912481956276,0.11683368106403247
2024-04-03,USDZAR,20.4785,20.5144,20.4093,20.49606475908157,-0.006035583034792569,0.00983202807438129,0.012537662262107908,0.15607860700930898,0.19902921820594224,15.607860700930898,19.902921820594223,-0.12445687051617327,20.105695980904116,0.13233226836395495
2024-04-04,USDZAR,20.471,20.506,20.4461,20.4757626133818,-0.0009905387174762303,0.00957205600913381,0.012063162605457579,0.15195167841449683,0.1914967696738484,15.195167841449683,19.149676967384842,-0.020302145699769625,20.14270398077401,0.1840672409701316
2024-04-08,USDZAR,19.8856,19.9305,19.8747,19.89748295351968,-0.02824215492145765,0.013016514051732998,0.012711605400058714,0.20663075470717948,0.20179047991764645,20.66307547071795,20.179047991764644,-0.5782796598621189,20.146880593548858,0.020735114703751556
2024-04-09,USDZAR,19.9959,20.0521,19.9757,20.033219543980174,0.006821797047273259,0.01354892153088695,0.012750092388400783,0.21508246142313245,0.20240144191683618,21.508246142313244,20.24014419168362,0.13573659046049258,20.157580373022416,0.0531088642922839
2024-04-10,USDZAR,20.2339,20.2498,20.1758,20.2291,0.00977778212781999,0.013960361553560252,0.012847345894715692,0.22161386929960647,0.20394529346786597,22.161386929960646,20.394529346786598,0.1958804560198253,20.176151208111666,0.09212829489249064
2024-04-11,USDZAR,20.383,20.4399,20.3097,20.417385634191724,0.009307662436377484,0.014363072762717989,0.012601647415523727,0.2280067115572634,0.20004495102717368,22.80067115572634,20.004495102717367,0.1882856341917254,20.21031725764784,0.16933878609335373
2024-04-12,USDZAR,20.9224,20.9873,20.857,20.93621153811631,0.025410986167383687,0.016696912626415122,0.0132931649535796,0.26505527083241237,0.21102245162478658,26.505527083241237,21.10224516247866,0.5188259039245864,20.257250397029868,0.23222366469415334
2024-04-15,USDZAR,21.192,21.2342,21.1781,21.213108996860896,0.013225767147053702,0.01668276194943159,0.013258780314705685,0.2648306357993226,0.21047661240449972,26.48306357993226,21.047661240449973,0.2768974587445854,20.319187564166803,0.3057530806156006
2024-04-16,USDZAR,21.1314,21.1368,21.0861,21.113394022308658,-0.004700629906111087,0.01696303105202523,0.013122105866444399,0.2692797698731507,0.20830697280044175,26.927976987315073,20.830697280044173,-0.09971497455223854,20.367804026851797,0.23926381176149203
2024-04-17,USDZAR,21.1838,21.2666,21.1032,21.15051787955894,0.0017583083615575479,0.009420649047408075,0.011853695166047685,0.14954816740955582,0.18817157715918398,14.954816740955582,18.8171577159184,0.037123857250282555,20.39651310491312,0.14095323199041498
2024-04-18,USDZAR,21.2906,21.3253,21.2267,21.295110124287607,0.006836345358163021,0.009420141420425921,0.011747189858290718,0.14954010908103443,0.18648085781338397,14.954010908103443,18.6480857813384,0.14459224472866694,20.435624444342963,0.19175502807107225
2024-04-19,USDZAR,20.9884,21.0142,20.9797,21.00195964899809,-0.013766093416684111,0.012659833436383945,0.011679677554667993,0.20096862547303299,0.1854091332184471,20.0968625473033,18.54091332184471,-0.29315047528951865,20.452849681890765,0.08429024322067491
2024-04-22,USDZAR,21.127,21.1304,21.0686,21.11378255725681,0.005324403537936284,0.012545965575675113,0.011534266218093201,0.1991610292224819,0.18310079981212862,19.916102922248193,18.310079981212862,0.11182290825871988,20.480354149065246,0.1344774327405096
2024-04-23,USDZAR,21.1352,21.1626,21.1005,21.132552614696763,0.0008889954885655804,0.008683445924303241,0.011472573107219117,0.13784543063270266,0.18212145203825605,13.784543063270267,18.212145203825607,0.018770057439954968,20.511833603499408,0.15370561565997143
2024-04-24,USDZAR,20.808,20.8092,20.7607,20.80079116958719,-0.015699071056794578,0.008976795979774278,0.011839028527258544,0.14250221839588287,0.1879387514863523,14.250221839588287,18.79387514863523,-0.3317614451095743,20.52729622632666,0.07538391314081405
2024-04-25,USDZAR,20.5894,20.6229,20.5429,20.60515510704564,-0.009405222183451745,0.009315556116849862,0.0119784259297225,0.14787986885670776,0.19015161664832037,14.787986885670776,19.015161664832036,-0.1956360625415492,20.53442954931239,0.034750426491059194
2024-04-26,USDZAR,20.6982,20.7652,20.6456,20.65496664764312,0.002417430994268388,0.009379936144964181,0.011380312730310814,0.14890187011944675,0.18065686395926933,14.890187011944676,18.06568639592693,0.049811540597481496,20.556418862353055,0.1070850932959333
2024-04-29,USDZAR,20.5855,20.5894,20.5487,20.573862446812,-0.003926619791486119,0.008246869896634444,0.011408424887917887,0.1309150010471981,0.18110313062634395,13.091500104719811,18.110313062634393,-0.08110420083112047,20.573402782495148,0.08262100639131464
2024-04-30,USDZAR,20.7931,20.8178,20.7656,20.81731773411509,0.01183323199192543,0.009263385790936354,0.011418920070660366,0.14705169060760176,0.1812697364873486,14.705169060760175,18.12697364873486,0.24345528730308885,20.60452573126194,0.15127759416284636
2024-05-01,USDZAR,20.6986,20.7507,20.6758,20.724421078912385,-0.004462469967995264,0.008839192450993676,0.011268886934127576,0.1403178300958125,0.17888803428124003,14.03178300958125,17.888803428124003,-0.09289665520270418,20.62407175940668,0.09486279082406845
2024-05-03,USDZAR,20.8675,20.9448,20.8645,20.88500169045041,0.007748376223711162,0.00963745667207568,0.010872726207692402,0.1529898817528345,0.17259917771309105,15.298988175283451,17.259917771309105,0.16058061153802328,20.636737596123282,0.061412881337696845
2024-05-06,USDZAR,20.8034,20.8805,20.7945,20.803917120350587,-0.0038824306218225857,0.007580185791946153,0.010876835892005965,0.12033171898292831,0.17266441692905507,12.033171898292832,17.266441692905506,-0.08108457009982217,20.649152911037035,0.0601612287597586
2024-05-07,USDZAR,20.8123,20.8513,20.8102,20.820492280092463,0.0007967326367428473,0.00633934643457962,0.0108766114865879,0.10063400484349,0.17266085460348074,10.063400484349,17.266085460348073,0.016575159741876178,20.661400699058017,0.059313755260315126
2024-05-08,USDZAR,20.3617,20.3724,20.3006,20.36328938277298,-0.021959274121325145,0.010846654940994002,0.011468572688329454,0.1721853091848006,0.18205794735712327,17.21853091848006,18.205794735712328,-0.45720289731948327,20.665532183220815,0.019996147516687657
2024-05-09,USDZAR,20.5598,20.5854,20.4611,20.514537392231,0.007427484165990039,0.011344381607594396,0.011508461220859648,0.18008647506905942,0.18269115818055248,18.00864750690594,18.269115818055248,0.15124800945801908,20.677554493574455,0.05817566296890675
2024-05-10,USDZAR,19.9551,20.0095,19.9228,19.99413614822429,-0.025367437444813623,0.013237563708917339,0.012072076434848408,0.21013980922901457,0.19163827232863276,21.013980922901457,19.163827232863277,-0.5204012440067096,20.661495698515264,-0.0776629318722466
2024-05-13,USDZAR,19.9921,19.9979,19.961,19.977585401735784,-0.000827780023393232,0.013363567436942666,0.01202091682896866,0.2121400564007468,0.19082613876265342,21.214005640074678,19.08261387626534,-0.016550746488505297,20.649395613607307,-0.0585634509936539
2024-05-14,USDZAR,19.946,19.9501,19.9156,19.939754403548264,-0.0018936722044613497,0.012263933535639307,0.011952192422323168,0.19468390938436017,0.18973517262874673,19.468390938436016,18.973517262874672,-0.03783099818751978,20.63172716883615,-0.08556398018504385
2024-05-15,USDZAR,19.5668,19.6111,19.5515,19.60620701644404,-0.016727758043242003,0.012753107843075262,0.01227149232980075,0.20244931077578693,0.1948039015217364,20.24493107757869,19.48039015217364,-0.3335473871042254,20.606920317860062,-0.12023642409132451
2024-05-16,USDZAR,19.0804,19.0819,19.0209,19.06668717650956,-0.027517807982032072,0.013809655220379012,0.012861879140492352,0.21922148042800646,0.2041760015922717,21.922148042800647,20.41760015922717,-0.5395198399344778,20.55512583609046,-0.25134508684788726
2024-05-17,USDZAR,18.8092,18.8194,18.7188,18.79117408095533,-0.014449971985362353,0.013223392142266208,0.01303164102236115,0.20991484258273216,0.20687088792141067,20.991484258273214,20.68708879214107,-0.2755130955542313,20.498296146819587,-0.27647453839029223
2024-05-21,USDZAR,18.9466,19.028,18.8845,18.921841725962363,0.006953671146044282,0.013112078341416105,0.013150025123683483,0.2081477907754997,0.2087501772691073,20.814779077549968,20.87501772691073,0.13066764500703343,20.446498783905607,-0.2526910653596781
2024-05-22,USDZAR,19.4389,19.5289,19.3824,19.427482808404392,0.026722614519507637,0.017807474917198945,0.013274465518186685,0.28268490065357355,0.21072560729054474,28.268490065357355,21.072560729054473,0.505641082442029,20.430832112401763,-0.07662275908174587
2024-05-23,USDZAR,19.3477,19.3704,19.2879,19.34149163402113,-0.004426264340641306,0.017753743365535958,0.013213069527950825,0.28183193871402623,0.20975097616058092,28.183193871402622,20.975097616058093,-0.08599117438326331,20.407774515403126,-0.11285686687543262
2024-05-24,USDZAR,19.6163,19.6639,19.5913,19.61480548506209,0.014130960331943054,0.01912272544141664,0.013359581629926186,0.3035638554465377,0.2120767836759098,30.35638554465377,21.20767836759098,0.2733138510409603,20.387298031571863,-0.10033668206108626
2024-05-27,USDZAR,19.2204,19.2461,19.1655,19.224191661706183,-0.01991423385020985,0.019559470717252822,0.013648745901686679,0.31049697176340674,0.21666712418264994,31.049697176340672,21.666712418264993,-0.3906138233559062,20.34752489915568,-0.19508780592009112
2024-05-28,USDZAR,19.1738,19.1817,19.1662,19.17745123144641,-0.002431333971398053,0.016262543237311067,0.01263557413534813,0.2581598705481621,0.20058352100790688,25.81598705481621,20.05835210079069,-0.04674043025977426,20.28889955560002,-0.2881202693999163
2024-05-29,USDZAR,18.7409,18.7658,18.7118,18.765482143992045,-0.021481952032230023,0.01753882074011619,0.012702316740103812,0.2784201478061355,0.20164302701212414,27.84201478061355,20.164302701212414,-0.4119690874543629,20.20731199383772,-0.40212906342561583
2024-05-30,USDZAR,18.6805,18.7576,18.6526,18.71309931786387,-0.0027914457900005685,0.01727372746082362,0.012703468267703423,0.27421192245867915,0.20166130694606255,27.421192245867914,20.166130694606256,-0.05238282612817713,20.12730217035623,-0.39594491096038853
2024-05-31,USDZAR,18.9264,18.9675,18.8618,18.90640263672491,0.010329839839866128,0.013520196456037354,0.012930333348511704,0.21462646499646998,0.20526267845596224,21.462646499646997,20.526267845596223,0.1933033188610409,20.05249832892843,-0.3716535916968189
2024-06-03,USDZAR,19.1174,19.1218,19.087,19.088277581222844,0.009619754111480194,0.01442350514982625,0.013017866549081028,0.22896604596179806,0.20665222493697005,22.896604596179806,20.665222493697005,0.18187494449793462,19.9789372441596,-0.3668424929511582
2024-06-05,USDZAR,19.3265,19.4923,19.3243,19.32579188376147,0.012442940518230472,0.014123936581333225,0.013187512124670136,0.2242105423647331,0.20934526496115718,22.42105423647331,20.93452649611572,0.23751430253862793,19.92306498531838,-0.2796558103086877
2024-06-06,USDZAR,19.0392,19.0692,18.9675,19.05124552326276,-0.014206215308020465,0.013042879325510341,0.013260396139998146,0.20704929045315737,0.21050226283581558,20.704929045315737,21.05022628358156,-0.27454636049871084,19.854313750851915,-0.3450836230124654
2024-06-07,USDZAR,19.4336,19.4866,19.3941,19.411,0.018883514796864898,0.015046314408388935,0.013851854870014783,0.2388528364361104,0.21989137909810827,23.88528364361104,21.989137909810825,0.3597544767372405,19.79692866369535,-0.2890308266338515
2024-06-11,USDZAR,19.0271,19.076,19.0089,19.01595887705526,-0.02035140502523003,0.01475770349892707,0.014026928857005138,0.23427128028353275,0.2226705924817865,23.427128028353277,22.26705924817865,-0.3950411229447397,19.73743425394429,-0.3005234335170637
2024-06-12,USDZAR,19.2071,19.2146,19.1754,19.193631412412937,0.009343338219565567,0.014815096769662294,0.014143839505305005,0.2351823702112968,0.2245264914878872,23.51823702112968,22.45264914878872,0.1776725353576758,19.6903834641232,-0.2383835163969561
2024-06-13,USDZAR,19.0591,19.0908,19.0561,19.07840161150063,-0.006003543489836116,0.014887187472152468,0.014131250843587509,0.23632677463507046,0.22432665267842553,23.632677463507047,22.43266526784255,-0.1152298009123065,19.63783129625178,-0.26689255680152346
2024-06-14,USDZAR,19.3257,19.3581,19.3013,19.34195332718852,0.013814140254234886,0.015350837014389492,0.014439341634561386,0.24368698294055907,0.2292174423633019,24.368698294055907,22.92174423633019,0.26355171568788904,19.596767658931,-0.20910474635056353
2024-06-17,USDZAR,18.8067,18.8388,18.7851,18.823951247297988,-0.026781270284753966,0.017853752824210548,0.014882149500678307,0.2834195396524692,0.23624679931727324,28.34195396524692,23.624679931727325,-0.5180020798905325,19.53032210937043,-0.33906382275389335
2024-06-19,USDZAR,18.9296,18.9854,18.9177,18.94928138129165,0.00665801416223144,0.01752945469115249,0.014988816003063215,0.27827146638818423,0.23794007754846253,27.827146638818423,23.794007754846252,0.1253301339936641,19.471150786116407,-0.30297156863395847
2024-06-20,USDZAR,19.01,19.0655,18.9377,18.998346879946418,0.0025893065635305135,0.015466210144755927,0.014892055132760495,0.2455184746061308,0.2364040463516835,24.55184746061308,23.64040463516835,0.04906549865476606,19.40826229243294,-0.322982931898963
2024-06-21,USDZAR,18.8694,18.9073,18.8613,18.868567538702933,-0.006831085992038188,0.013672821228640131,0.014907506499869482,0.21704930814975837,0.23664932920040155,21.704930814975835,23.664932920040155,-0.12977934124348423,19.34375063971135,-0.33239272918701435
2024-06-24,USDZAR,18.7105,18.7519,18.6503,18.70237938799809,-0.008807671825853292,0.013086194842121264,0.014923132317859744,0.2077369029623341,0.2368973813710067,20.77369029623341,23.68973813710067,-0.16618815070484416,19.273146876641537,-0.3649952089687658
2024-06-25,USDZAR,19.1463,19.1819,19.1297,19.137061960803592,0.023242100044470915,0.016438674199086047,0.015269006656699946,0.2609558628863734,0.24238796628370707,26.09558628863734,24.238796628370707,0.43468257280550304,19.23227262924256,-0.21207874178822417
2024-06-26,USDZAR,19.5004,19.5254,19.4576,19.474,0.017606570950468914,0.017001364016689956,0.015594325638342593,0.26988828682226285,0.24755224501687845,26.988828682226284,24.755224501687845,0.33693803919640786,19.197588049501526,-0.1803457158167321
2024-06-27,USDZAR,19.3237,19.3266,19.3029,19.31395560238693,-0.008218362822895675,0.012875341236217043,0.01499650234702883,0.20438970573675136,0.23806209447620844,20.438970573675135,23.806209447620844,-0.16004439761307054,19.17491536464028,-0.11810173654515088
2024-06-28,USDZAR,19.3339,19.3517,19.3075,19.33096385637795,0.000880619917595693,0.012842874618052362,0.015000595494282122,0.20387431415130114,0.2381270711744791,20.387431415130113,23.81270711744791,0.017008253991019018,19.153361313128354,-0.11240754445088763
2024-07-01,USDZAR,19.2307,19.2635,19.2111,19.242519817326123,-0.004575252414154463,0.013155588155475635,0.01501416654461848,0.20883848766105279,0.23834250491979875,20.883848766105277,23.834250491979876,-0.08844403905182574,19.130120160254275,-0.12134242389166827
2024-07-02,USDZAR,19.1011,19.1389,19.0568,19.099661654981706,-0.00742408809764028,0.013222915692199655,0.014773902214667074,0.20990727917240273,0.23452842692397283,20.990727917240275,23.452842692397283,-0.1428581623444174,19.113235314872206,-0.08826314336043417
2024-07-03,USDZAR,19.1334,19.2435,19.1263,19.161590754910744,0.0032424186903272645,0.012366147142054891,0.013894523431537001,0.1963065000834562,0.22056872151364018,19.630650008345622,22.05687215136402,0.0619290999290385,19.116398767485574,0.016551110061979735
2024-07-04,USDZAR,19.0925,19.1301,19.0426,19.12002510312179,-0.002169217176204552,0.008846048061994446,0.013624514323114519,0.14042665954657313,0.21628245979799118,14.042665954657313,21.628245979799118,-0.04156565178895377,19.12736046822446,0.05734187109305289
2024-07-05,USDZAR,19.0052,19.0263,18.9804,18.99273650576943,-0.0066573446774177425,0.004381439726663957,0.013634610975083415,0.06955319940702988,0.21644273917909562,6.955319940702988,21.644273917909562,-0.12728859735236142,19.129723627551357,0.01235486376085504
2024-07-08,USDZAR,18.9876,19.0651,18.9734,19.023382196907743,0.0016135479544512332,0.004211913434497519,0.012689173114323176,0.06686205294847425,0.2014343784212766,6.686205294847425,20.14343784212766,0.03064569113831439,19.11625360716814,-0.07041408775930735
2024-07-09,USDZAR,19.1703,19.2087,19.1471,19.185390032361763,0.008516247730141036,0.005813522608917859,0.012775112647665052,0.09228681038668839,0.20279862621934588,9.228681038668839,20.279862621934587,0.16200783545401976,19.11105022044616,-0.027219699157110533
2024-07-10,USDZAR,19.5426,19.6036,19.5413,19.55290908921489,0.01915619417865355,0.009299585013870666,0.013000338950586934,0.1476263354568296,0.20637398293679668,14.76263354568296,20.637398293679666,0.36751905685312636,19.10898700725125,-0.010795917393913168
2024-07-11,USDZAR,19.736,19.737,19.6919,19.72620648740937,0.008862998206751183,0.008452671729365927,0.012535441486884345,0.13418200385981102,0.19899396449218631,13.418200385981102,19.89939644921863,0.17329739819448164,19.125720834774693,0.0875704584292869
2024-07-12,USDZAR,19.7866,19.8308,19.7126,19.78198358180208,0.0028275631418697156,0.008465647447848643,0.012523497557865294,0.13438798700493693,0.1988043604970178,13.438798700493692,19.880436049701782,0.055777094392709614,19.14587191311988,0.10536114439434474
2024-07-15,USDZAR,19.8423,19.8768,19.8185,19.83679778715627,0.002770915521566497,0.008001151392097543,0.01177520546516262,0.1270143407140101,0.18692559178505364,12.70143407140101,18.692559178505363,0.054814205354190904,19.18158243455869,0.18651812568712955
2024-07-16,USDZAR,19.624,19.643,19.5971,19.61623625080392,-0.011118807517166873,0.009200122980799457,0.01198634332127147,0.1460474246304338,0.19027730134274576,14.60474246304338,19.027730134274577,-0.22056153635235276,19.211686998990025,0.1569451557714041
2024-07-17,USDZAR,19.5671,19.6813,19.5134,19.606408132345408,-0.0005010195805583706,0.009350359092477558,0.011878263283250392,0.1484323489670833,0.18856158392898067,14.84323489670833,18.856158392898067,-0.00982811845851117,19.235020515510705,0.12145480259961872
2024-07-18,USDZAR,19.4528,19.491,19.393,19.45522198145097,-0.007711058031329099,0.010127240680687181,0.011880156614559627,0.1607649618503686,0.1885916396317428,16.07649618503686,18.85916396317428,-0.1511861508944392,19.24725199551831,0.06358963848125398
2024-07-19,USDZAR,19.6618,19.687,19.62,19.659120232822232,0.010480386785905793,0.007988596715202459,0.011818525421615126,0.12681504139687913,0.1876132747745305,12.681504139687913,18.76132747745305,0.20389825137126394,19.258362940487004,0.057727435434840046
2024-07-22,USDZAR,19.9077,19.9686,19.8975,19.905696472796684,0.012542587717774722,0.0086970948430242,0.01166808553041142,0.1380621005003062,0.18522511553819876,13.806210050030622,18.522511553819875,0.246576239974452,19.286844638804798,0.1478926241332612
2024-07-23,USDZAR,20.1908,20.2245,20.16,20.16875989863744,0.013215484632766339,0.009810716219900173,0.011420656026932693,0.1557402918077012,0.18129729393884936,15.574029180770118,18.129729393884936,0.26306342584075537,19.312103302092716,0.13096317080865116
2024-07-24,USDZAR,20.1024,20.1924,20.0554,20.13008130566955,-0.00191774770299602,0.009972644675823282,0.010685575556265698,0.15831082635504456,0.16962825322481828,15.831082635504456,16.962825322481827,-0.03867859296789078,19.34924071637986,0.19230124086546674
2024-07-25,USDZAR,20.4012,20.4387,20.3583,20.39264511378171,0.013043355569468673,0.008721044994702783,0.010794591508708417,0.13844229737152905,0.17135882781943196,13.844229737152904,17.135882781943195,0.2625638081121622,19.389207839758814,0.2065565464029806
2024-07-26,USDZAR,20.309,20.341,20.242,20.29557042157068,-0.0047602795845952395,0.00934347070279787,0.010764840073612761,0.14832299917092634,0.17088653842896964,14.832299917092634,17.088653842896964,-0.09707469221103082,19.42978013342782,0.20925194058629693
2024-07-29,USDZAR,20.2672,20.2857,20.2209,20.276976447084174,-0.0009161592456028433,0.00807098776117305,0.010546765699258569,0.1281229587042592,0.1674247150578265,12.812295870425919,16.74247150578265,-0.01859397448650668,19.460947570757675,0.1604106537275385
2024-07-30,USDZAR,20.2318,20.2628,20.2174,20.236857981053515,-0.0019785230867804815,0.008277893852627737,0.009118334884499599,0.1314074910806601,0.14474907885234484,13.14074910806601,14.474907885234483,-0.04011846603065905,19.508044461882854,0.24200718363758256
2024-07-31,USDZAR,20.232,20.264,20.216,20.23581987640046,-5.1297718945630955e-05,0.007487117986666754,0.009093949933075574,0.11885431337591307,0.14436197974914267,11.885431337591307,14.436197974914267,-0.0010381046530554272,19.550929078386485,0.21983042220057314
2024-08-01,USDZAR,20.2256,20.2494,20.2116,20.235773570174228,-2.288329631006114e-06,0.005767085311263099,0.009102741189197593,0.09154964113977414,0.1445015366136071,9.154964113977414,14.450153661360709,-4.630622623125191e-05,19.592176634727412,0.21097491671906443
2024-08-02,USDZAR,20.137,20.2066,20.1029,20.15272975853164,-0.004103812061081236,0.005974539300972897,0.00902327384311237,0.09484287113133578,0.1432400316030563,9.484287113133579,14.32400316030563,-0.08304381164258956,19.634982042055036,0.21848214277402356
2024-08-06,USDZAR,19.8134,19.9224,19.7887,19.844376836247697,-0.015300801726545243,0.005375173765937673,0.009368581966085919,0.08532823823057756,0.1487216281175274,8.532823823057756,14.87216281175274,-0.30835292228394096,19.673048623663355,0.1938712321039482
2024-08-07,USDZAR,19.4923,19.5476,19.4693,19.469505734291875,-0.018890545419954052,0.007848164843681118,0.009234542839160125,0.12458575454772207,0.14659382294274018,12.458575454772207,14.659382294274018,-0.3748711019558222,19.684130082779635,0.05632812345592875
2024-08-08,USDZAR,19.2675,19.3149,19.2076,19.257622488807733,-0.010882826116687117,0.007697645712624416,0.008885248643433876,0.12219633741772065,0.14104894948500032,12.219633741772066,14.104894948500032,-0.21188324548414172,19.676917499073223,-0.03664161777066077
2024-08-09,USDZAR,19.7776,19.7813,19.7711,19.771518987033225,0.026685355293684987,0.015087171174157695,0.010028874874608419,0.23950141748570172,0.15920345308798775,23.95014174857017,15.920345308798774,0.5138964982254919,19.692169611894766,0.077512714185346
2024-08-12,USDZAR,19.9404,20.0005,19.9232,19.95074894939244,0.009065057797368103,0.015783757492356863,0.01014101462427986,0.25055938247357235,0.16098361642628178,25.055938247357233,16.098361642628177,0.17922996235921573,19.712829114995248,0.10491227481610466
2024-08-13,USDZAR,19.6919,19.7334,19.6787,19.7029419608976,-0.012420936633678936,0.01622425242220939,0.010390566829301407,0.2575520227026201,0.1649451348679707,25.75520227026201,16.494513486797068,-0.2478069884948404,19.728176519780966,0.07785490705665143
2024-08-14,USDZAR,19.4892,19.5331,19.3705,19.46159968049744,-0.012249047927925139,0.016547524229492343,0.010558881616223393,0.2626838035503147,0.16761704927699309,26.268380355031468,16.76170492769931,-0.24134228040016126,19.740241120631488,0.06115416109757632
2024-08-15,USDZAR,19.232,19.2424,19.1937,19.21402181880305,-0.012721352086102478,0.01630308767429053,0.010824198223238,0.25880349353193083,0.1718288198421297,25.880349353193083,17.18288198421297,-0.24757786169438845,19.741988822761236,0.008853499402916576
2024-08-16,USDZAR,19.3942,19.406,19.3433,19.378116949484788,0.008540384320848027,0.015543178711579094,0.010921323223585005,0.24674031272562974,0.17337063142416112,24.674031272562974,17.337063142416113,0.1640951306817371,19.75059188430667,0.043577481593515266
2024-08-19,USDZAR,19.7499,19.8,19.6768,19.73537200624146,0.01843600478250651,0.016235565712912677,0.01130797598586032,0.25773161562488417,0.1795085537404611,25.77316156248842,17.95085537404611,0.3572550567566708,19.77534640098907,0.12533556881435537
2024-08-20,USDZAR,19.7955,19.8253,19.7913,19.797927963107625,0.0031697379125350533,0.012719574598755619,0.011312837726284953,0.20191698702504926,0.17958573147707627,20.191698702504926,17.958573147707625,0.06255595686616644,19.80116459319573,0.13055747132384443
2024-08-21,USDZAR,20.2073,20.2569,20.2006,20.2169,0.021162418495163093,0.014771602587028278,0.011812019865308282,0.234491921466931,0.18751000226976225,23.4491921466931,18.751000226976224,0.4189720368923737,19.83554825878367,0.17364466330307415
2024-08-22,USDZAR,20.0299,20.0627,20.0041,20.0196,-0.009759161889310364,0.014367595176125177,0.01152438203191175,0.22807850264447085,0.18294389322083837,22.807850264447087,18.294389322083838,-0.19729999999999848,19.85110462247651,0.07842668874025183
2024-08-23,USDZAR,20.2031,20.2291,20.1538,20.20381536724861,0.009201750646796514,0.012947694105688745,0.011532666429493065,0.20553827193233562,0.18307540395541122,20.553827193233563,18.30754039554112,0.18421536724860843,19.86702491847115,0.08019853956446887
2024-08-26,USDZAR,20.0241,20.0467,19.9665,19.99540476370868,-0.01031540824104793,0.01240606342050222,0.01170378433150084,0.19694015135966525,0.1857918164369134,19.694015135966524,18.57918164369134,-0.20841060353992802,19.874138957868038,0.03580827741487269
2024-08-27,USDZAR,20.3011,20.3722,20.2451,20.317808510101955,0.01612389197434161,0.013004331179005272,0.012045059731510852,0.20643735759822798,0.19120939545897686,20.6437357598228,19.120939545897684,0.32240374639327385,19.89017264863289,0.0806761530592226
2024-08-28,USDZAR,19.8789,19.9626,19.8698,19.88107700944436,-0.021495010174963136,0.01558250108838069,0.012539963430083043,0.24736453610549175,0.19906574811506542,24.736453610549177,19.90657481150654,-0.4367315006575936,19.899000673920906,0.044383854499230324
2024-08-29,USDZAR,19.8576,19.9236,19.8512,19.85747168748568,-0.0011873261165613602,0.015575650707182325,0.01254252169201286,0.24725578967527054,0.19910635926419454,24.725578967527053,19.910635926419452,-0.023605321958680037,19.90736945909225,0.042056308799032216
2024-08-30,USDZAR,19.7846,19.796,19.7803,19.7957,-0.0031107528923035588,0.012643449689816197,0.012466562764791777,0.20070854155926238,0.19790054867650111,20.070854155926238,19.790054867650113,-0.06177168748568107,19.918718726377218,0.05701038154883875
2024-09-02,USDZAR,19.975,19.9962,19.9628,19.97806130700109,0.009212167642522973,0.012965938323324473,0.012434198871622533,0.20582788990871007,0.19738678779979904,20.582788990871006,19.738678779979903,0.18236130700109143,19.92935009551651,0.05337376005623007
2024-09-03,USDZAR,19.9223,19.9821,19.8317,19.93717532707732,-0.002046543921128352,0.012282010685737628,0.012235166284620035,0.19497087524579784,0.1942272434317604,19.497087524579783,19.42272434317604,-0.04088597992377174,19.9303993906592,0.005265074564198002
2024-09-04,USDZAR,20.0762,20.0869,20.0329,20.066427377190383,0.006482967019782571,0.011985553060967066,0.012047076765959047,0.190264756349327,0.1912414148881915,19.026475634932698,19.12414148881915,0.12925205011306318,19.926988306610966,-0.017114980896137943
2024-09-05,USDZAR,20.2713,20.3081,20.2315,20.29505393078228,0.011393485710953222,0.011059944000030327,0.012221670454518576,0.17557116803028713,0.19401300377065137,17.557116803028713,19.401300377065137,0.22862655359189787,19.932487394114723,0.02759617970937711
2024-09-06,USDZAR,20.6255,20.6561,20.6084,20.61614303791049,0.01582105217474683,0.007430618680476909,0.012331226305524837,0.11795741469535694,0.19575214898925905,11.795741469535693,19.575214898925903,0.32108910712820915,19.93993732491902,0.03737582097502745
2024-09-09,USDZAR,20.8059,20.8185,20.7937,20.80730444092828,0.009272413499764154,0.006963577623870243,0.01239328426915889,0.11054336776832846,0.19673728862113982,11.054336776832846,19.673728862113983,0.19116140301779083,19.95699512556427,0.08554590903320225
2024-09-10,USDZAR,20.7378,20.794,20.7116,20.71678314925505,-0.004350457404524444,0.007264466767731069,0.01242649832831873,0.11531983484945775,0.19726454546454733,11.531983484945775,19.726454546454733,-0.09052129167323031,19.971655348969968,0.07345907193674339
2024-09-11,USDZAR,20.9324,20.9951,20.9306,20.946743455924228,0.01110019374206983,0.007413700988031201,0.012554777981734926,0.11768885465354641,0.1993009218318002,11.768885465354641,19.93009218318002,0.22996030666917733,19.995318198132324,0.11848216258938393
2024-09-12,USDZAR,20.2262,20.283,20.2205,20.26432793875381,-0.032578597174608315,0.016681605653880403,0.013991255098211688,0.2648122801764994,0.22210428911719626,26.48122801764994,22.210428911719625,-0.6824155171704192,19.996268466877435,0.00475245622848508
2024-09-13,USDZAR,20.2021,20.2395,20.1708,20.21841315792166,-0.0022657934164369564,0.016656695017773754,0.01399816000271763,0.2644168360876677,0.22221390107809252,26.44168360876677,22.221390107809253,-0.04591478083214895,19.995689786469015,-0.0028939419841167435
2024-09-16,USDZAR,20.0334,20.0881,19.9894,20.05644603206596,-0.008010872296980498,0.016287896184590846,0.014056349568516951,0.25856233610919105,0.22313763179811552,25.856233610919105,22.313763179811552,-0.16196712585569983,19.99248032892016,-0.016050746851592468
2024-09-17,USDZAR,20.3352,20.4332,20.3275,20.36345490816063,0.015307242150669698,0.016197350743235275,0.014023049407025309,0.2571249717881265,0.22260900812256446,25.712497178812647,22.260900812256445,0.3070088760946703,20.009782931317257,0.08654555168958744
2024-09-18,USDZAR,20.1275,20.1328,20.083,20.119488822041355,-0.011980584199467348,0.015796446163825955,0.013739705128201865,0.25076080888862246,0.2181110571394858,25.076080888862247,21.81110571394858,-0.24396608611927562,20.03144903424224,0.10827755103266501
2024-09-19,USDZAR,20.014,20.0361,19.9722,20.018827292104948,-0.005003185261154841,0.01579608461586016,0.013602858344973297,0.2507550694925954,0.21593868180263406,25.07550694925954,21.593868180263406,-0.10066152993640642,20.05682252768548,0.12666828745073744
2024-09-20,USDZAR,19.6459,19.6608,19.5753,19.63056248800156,-0.019394982455166798,0.014865572906372498,0.013244122767387132,0.2359836540405678,0.2102439310542894,23.59836540405678,21.024393105428942,-0.3882648041033896,20.05212397771776,-0.023426193063402767
2024-09-23,USDZAR,19.8392,19.8535,19.7698,19.8418719435126,0.010764309766477576,0.012272554706912003,0.013288466527136313,0.19482076623554606,0.21094786641725297,19.482076623554605,21.094786641725296,0.2113094555110422,20.048494744188428,-0.01809899805808035
2024-09-24,USDZAR,20.127,20.1743,20.0647,20.14737791836109,0.015397033894696488,0.014112272649808055,0.013369152745346984,0.22402538319198376,0.21222872042294733,22.402538319198374,21.222872042294732,0.30550597484849007,20.06330927610388,0.07389348728910061
2024-09-25,USDZAR,20.3838,20.3861,20.3082,20.357762740828555,0.010442292953453336,0.014180737608785014,0.01324496050802126,0.2251122307218354,0.21025722977457587,22.51122307218354,21.025722977457587,0.21038482246746426,20.093181378114917,0.14888920666051852
2024-09-26,USDZAR,20.0976,20.1695,20.082,20.083299382171205,-0.013482000068057554,0.013924613275825387,0.013273991666906395,0.22104638298349455,0.21071808513466828,22.104638298349457,21.071808513466827,-0.27446335865734994,20.122157296893857,0.14420772018959305
2024-09-27,USDZAR,19.9392,19.9556,19.8628,19.906959450418704,-0.008780426382979933,0.013586690831607136,0.013336518420280928,0.215682030484523,0.211710666572972,21.5682030484523,21.1710666572972,-0.1763399317525014,20.139785380258317,0.08760533527476522
2024-09-30,USDZAR,20.1264,20.1738,20.0807,20.13756981172037,0.011584409054332667,0.014289342446307514,0.013083621044731802,0.22683627906941406,0.2076960451954286,22.683627906941407,20.76960451954286,0.23061036130166457,20.15319197377428,0.06656770796129585
2024-10-01,USDZAR,20.0978,20.1131,20.0522,20.07133052729636,-0.003289338537039166,0.011493902892504931,0.013095667298163069,0.1824600518825641,0.20788727354028375,18.246005188256408,20.788727354028374,-0.0662392844240074,20.16230539258057,0.04522072145269895
2024-10-02,USDZAR,19.8084,19.8285,19.7681,19.82533462709102,-0.012256083365813408,0.01224866748752112,0.012696268061829958,0.1944415683834194,0.2015470072212846,19.44415683834194,20.15470072212846,-0.24599590020534023,20.149253213483608,-0.06473554904969925
2024-10-03,USDZAR,20.0083,20.0605,20.0012,20.0111,0.00937010024815077,0.011143448674190095,0.012699389731163736,0.1768967636371165,0.20159656218567992,17.68967636371165,20.159656218567992,0.18576537290897832,20.148969880150275,-0.0014061728756398217
2024-10-04,USDZAR,20.3014,20.3316,20.2375,20.31334782817818,0.015104008684089454,0.01203870678037364,0.012890119577277549,0.19110854548617442,0.20462430462816852,19.110854548617443,20.46243046281685,0.3022478281781815,20.152620962181263,0.018120440164959284
2024-10-07,USDZAR,20.6436,20.6813,20.6144,20.66196419472319,0.017161935565412678,0.01199664164166801,0.013087395860102904,0.1904407821108912,0.20775596853173134,19.04407821108912,20.775596853173134,0.34861636654500927,20.174839609881744,0.11025190094220427
2024-10-08,USDZAR,20.5049,20.5334,20.463,20.49815616623096,-0.007927998855697616,0.011847170096791943,0.012875155380687307,0.188067994895955,0.20438675537168258,18.806799489595498,20.43867553716826,-0.1638080284922303,20.180851198419376,0.029797453927149498
2024-10-10,USDZAR,20.3462,20.3897,20.3143,20.34651164151139,-0.007397959284230149,0.012059036612508414,0.01229355457671975,0.19143127156632023,0.19515412883400227,19.143127156632023,19.515412883400227,-0.15164452471956835,20.196365686154945,0.07687727134515487
2024-10-11,USDZAR,20.0863,20.1414,20.0815,20.111823516416703,-0.011534563232739714,0.012976875513365353,0.01249602408825665,0.2060015124180502,0.19836823268759843,20.60015124180502,19.836823268759844,-0.23468812509468862,20.204844080452645,0.04197980185867145
2024-10-14,USDZAR,20.13,20.1771,20.1082,20.15246281352816,0.002020666951372485,0.011725132452884895,0.01248000319141057,0.18613070735775716,0.19811390883458874,18.613070735775715,19.811390883458873,0.04063929711145775,20.216736174236917,0.058857636994980034
2024-10-15,USDZAR,20.3434,20.3882,20.3058,20.355372788790024,0.010068743316357986,0.011797109423075092,0.012501179541575789,0.18727330633724018,0.1984500729718679,18.72733063372402,19.84500729718679,0.20290997526186416,20.229313223629884,0.06221107741908316
2024-10-16,USDZAR,20.7934,20.7975,20.7589,20.78015513415866,0.020868315691205064,0.012966794081378063,0.013017008328052587,0.2058414746466635,0.20663860110050297,20.58414746466635,20.663860110050297,0.42478234536863724,20.257412550532596,0.13890400821856552
2024-10-17,USDZAR,20.6395,20.7049,20.6225,20.6254,-0.007447255959329935,0.011879812340333399,0.013080087596595557,0.18858617444783035,0.20763995344519431,18.858617444783036,20.763995344519433,-0.1547551341586626,20.27604497129291,0.09197828554774468
2024-10-18,USDZAR,21.0388,21.1072,20.9934,21.05169974799721,0.02066867784368842,0.013572809938950804,0.013438944351024608,0.2154616781448576,0.2133366278162846,21.54616781448576,21.33366278162846,0.42629974799720927,20.301266498533415,0.12439076395920345
2024-10-21,USDZAR,21.3302,21.3665,21.3208,21.3251081112425,0.012987472105253861,0.012917750154547863,0.013343043406446594,0.20506292644439897,0.21181424751718692,20.506292644439895,21.18142475171869,0.2734083632452915,20.32489866764448,0.1164073636133578
2024-10-22,USDZAR,21.2174,21.2929,21.1887,21.257710571214226,-0.003160478234234265,0.011211377653623067,0.013277036168311378,0.1779751027554809,0.21076641509617092,17.79751027554809,21.07664150961709,-0.06739754002827425,20.33991220532068,0.07386771231534528
2024-10-23,USDZAR,21.3459,21.373,21.2819,21.36349899919088,0.004976473248248459,0.01100231736126462,0.01326147703895289,0.17465637349988747,0.21051942157477546,17.465637349988747,21.051942157477548,0.10578842797665544,20.361469400318537,0.10598470032834317
2024-10-24,USDZAR,21.9061,21.9176,21.8391,21.888927147611533,0.024594667214417942,0.012615949756445068,0.013828732512167596,0.20027199365063725,0.21952432304657368,20.027199365063726,21.952432304657368,0.5254281484206516,20.39287552337478,0.15424291066021834
2024-10-25,USDZAR,21.9444,21.9472,21.8815,21.941954944723808,0.002422585481447914,0.012000315577272389,0.012233688719069588,0.19049910403054351,0.19420378780580674,19.04991040305435,19.420378780580673,0.05302779711227501,20.448796423573786,0.274217827372647
2024-10-28,USDZAR,22.0855,22.0947,22.0498,22.056639772611625,0.005226737005737725,0.010113028706356825,0.012204693521850858,0.16053935375206446,0.19374350331947054,16.053935375206446,19.374350331947056,0.11468482788781742,20.510070644063447,0.29964707565390825
2024-10-29,USDZAR,21.7311,21.7964,21.6759,21.75718188305242,-0.013576768385683557,0.012012502777745803,0.0124179226889469,0.19069256984032798,0.1971284114098799,19.069256984032798,19.71284114098799,-0.2994578895592035,20.56676183909633,0.27640662978063446
2024-10-30,USDZAR,21.7704,21.8048,21.7029,21.79290374022061,0.0016418420988617566,0.011474118532160042,0.012191549468139546,0.18214598489863768,0.1935348479354341,18.214598489863768,19.35348479354341,0.035721857168187654,20.61441013349833,0.23167621025990126
2024-10-31,USDZAR,21.4498,21.474,21.4434,21.45016008119727,-0.015727305691291438,0.01344229441018056,0.012361271747737372,0.21338980835670862,0.19622910559801102,21.338980835670863,19.622910559801102,-0.3427436590233377,20.65876584213686,0.21516845910838356
2024-11-01,USDZAR,21.9398,21.9742,21.9034,21.92680668384483,0.022221121000648214,0.015618409251944479,0.012804767212368928,0.24793456053045262,0.20326937784001184,24.79345605304526,20.326937784001185,0.4766466026475591,20.722365155194854,0.30785630440843814
2024-11-04,USDZAR,21.9455,22.0034,21.9367,21.9929,0.0030142700260984423,0.01269204371221467,0.01207923232799141,0.20147994775008635,0.19175186861062238,20.147994775008634,19.175186861062237,0.06609331615516822,20.801109738928133,0.3799980511082657
2024-11-05,USDZAR,22.1302,22.1641,22.1144,22.11448513441249,0.005528381178129926,0.012814117539128549,0.012013759639747146,0.20341780967571074,0.19071252190605525,20.341780967571076,19.071252190605527,0.12158513441249141,20.87686351195813,0.3641814017654399
2024-11-06,USDZAR,22.3009,22.3385,22.2439,22.28242115172593,0.007593937470970813,0.012968715335886673,0.011834707646700136,0.20587197361647377,0.18787015963393813,20.587197361647377,18.787015963393813,0.16793601731344054,20.948031619736962,0.34089463552831045
2024-11-07,USDZAR,22.119,22.1671,22.0697,22.103864836377248,-0.00801332647528974,0.012024887247886154,0.011936892831596107,0.19088916720899202,0.1894922991553975,19.088916720899203,18.94922991553975,-0.17855631534868266,21.00623502292192,0.27784664564913797
2024-11-08,USDZAR,21.7433,21.8236,21.7154,21.76196535834484,-0.015467859605698075,0.013794973414599811,0.012035484358165337,0.21898841398667174,0.1910573911194799,21.898841398667173,19.10573911194799,-0.34189947803240983,21.062190555461036,0.2663758283103057
2024-11-11,USDZAR,21.9778,22.0854,21.9489,22.00213332086232,0.011036133849252172,0.012385714697622946,0.01192416569057484,0.19661712539824727,0.18929026205513877,19.661712539824727,18.92902620551388,0.24016796251748218,21.132029684475825,0.33158530605299497
2024-11-12,USDZAR,21.7182,21.7313,21.6847,21.711156526686377,-0.013224935506596536,0.01068095102606974,0.01219490486210415,0.1695548410838442,0.19358811316332003,16.955484108384418,19.358811316332,-0.29097679417594335,21.184482574974695,0.24821510892256704
2024-11-13,USDZAR,22.0583,22.0963,22.01,22.053454182791,0.015765979840082878,0.012486530144230047,0.012373453842259149,0.19821752099846507,0.19642249035332604,19.821752099846506,19.642249035332604,0.34229765610462337,21.250553363491182,0.3118829467873674
2024-11-14,USDZAR,21.9865,22.0795,21.9571,22.02837832934102,-0.0011370487925446149,0.012288155675003442,0.012056431076186773,0.19506842392623688,0.19138990995948618,19.50684239262369,19.138990995948618,-0.0250758534499802,21.32398815356618,0.3455664839352446
2024-11-15,USDZAR,22.6445,22.6986,22.6301,22.6425,0.027878660039218017,0.01626213003297389,0.012812349306679623,0.25815331113266116,0.20338973985579067,25.815331113266115,20.338973985579067,0.614121670658978,21.411701486899513,0.4113364381074458
2024-11-18,USDZAR,22.1975,22.232,22.0733,22.18588585763122,-0.020166242348184982,0.018104192338274063,0.013383302493334122,0.2873951436885247,0.21245334070867655,28.73951436885247,21.245334070867656,-0.4566141423687782,21.474119421214613,0.29151319129536724
2024-11-19,USDZAR,22.299,22.3134,22.2682,22.28315911460929,0.0043844657636067375,0.016651653772753617,0.01311875106139389,0.2643368088039391,0.20825371692127725,26.43368088039391,20.825371692127725,0.09727325697807032,21.528159251877483,0.2516509739136641
2024-11-20,USDZAR,22.3558,22.3939,22.3022,22.363783346371843,0.003618168830904045,0.016325356810624064,0.012967613507862356,0.25915700511183515,0.20585448263883435,25.915700511183516,20.585448263883436,0.08062423176255251,21.59034682454885,0.28886618657812946
2024-11-21,USDZAR,22.6433,22.6773,22.5911,22.61122771295165,0.011064512777081204,0.014964080377627408,0.012895577726862811,0.23754741166790178,0.2047109500666957,23.75474116679018,20.47109500666957,0.24744436657980629,21.665837360263524,0.34964948144713404
2024-11-22,USDZAR,22.6791,22.7304,22.5628,22.710857969192823,0.004406229396562322,0.014319877176936838,0.012574704488791269,0.2273210028909873,0.19961724532481576,22.73210028909873,19.961724532481576,0.0996302562411735,21.752471842022725,0.39986675944543304
2024-11-25,USDZAR,22.8258,22.8378,22.754,22.810488225434003,0.0043868997101002005,0.014121621103381088,0.01256840093119502,0.22417378529176743,0.1995171794501679,22.417378529176744,19.95171794501679,0.0996302562411806,21.841072689086257,0.40731392600801275
2024-11-26,USDZAR,22.8825,22.916,22.8302,22.8556,0.0019776768528652067,0.009921552882082088,0.012525180625312276,0.15749976927339213,0.19883107836444458,15.749976927339212,19.88310783644446,0.04511177456599569,21.924413596126588,0.3815788181593005
2024-11-27,USDZAR,22.8532,22.8964,22.8309,22.84897763958909,-0.00028974782595547754,0.003480061559124294,0.012128799285591959,0.05524426459583151,0.19253871966896519,5.524426459583151,19.25387196689652,-0.006622360410908357,21.9933743463076,0.3145386300922315
2024-11-28,USDZAR,22.8677,22.9083,22.8346,22.85074373237547,7.729417106694392e-05,0.0038113817367509484,0.011977034675777525,0.06050380936185875,0.1901295311766267,6.050380936185875,19.012953117662672,0.001766092786379403,22.067552470720116,0.33727486853316613
2024-11-29,USDZAR,23.0047,23.1057,22.9601,23.01894019189701,0.007360655805842997,0.00406729276574729,0.011557965609631132,0.06456627100475651,0.18347701598952612,6.456627100475651,18.34770159895261,0.16819645952153905,22.13312715218344,0.2971543017755707
2024-12-02,USDZAR,23.0038,23.0993,22.9632,23.030870985248445,0.000518303329865466,0.0028444890573953337,0.011411429861357196,0.045154863917475516,0.18115083310084454,4.515486391747552,18.115083310084454,0.011930793351435653,22.18998591465031,0.25689439217477794
2024-12-03,USDZAR,22.9316,22.9443,22.8749,22.9032,-0.005543471861321314,0.0040441858381149,0.01146131860093941,0.06419945990028808,0.18194279228978655,6.419945990028808,18.194279228978655,-0.12767098524844656,22.2448355622765,0.24718198486992637
2024-12-04,USDZAR,23.4365,23.4826,23.4188,23.43220623410724,0.023097481317337465,0.009282558671871322,0.012055618350398303,0.14735605065682522,0.19137700833756388,14.735605065682522,19.137700833756387,0.5290062341072428,22.313792470107046,0.30999063866978815
2024-12-06,USDZAR,23.0516,23.1015,23.0008,23.0682,-0.015534441378268649,0.011879096154603992,0.01181875980218869,0.1885748053518351,0.18761699545078925,18.85748053518351,18.761699545078926,-0.3640062341072401,22.353101565186662,0.17616501153838726
2024-12-09,USDZAR,23.4008,23.4349,23.3273,23.43185373017058,0.015764287207956418,0.012999094548274491,0.01209019164127654,0.20635422866249886,0.19192584231557738,20.635422866249886,19.19258423155774,0.36365373017057934,22.40276485803489,0.2221762948796835
2024-12-10,USDZAR,22.7656,22.805,22.6773,22.776893808354423,-0.027951690436375465,0.017743786763073997,0.013269671830770892,0.2816738825499214,0.21064950986195372,28.167388254992137,21.06495098619537,-0.6549599218161575,22.426773325892984,0.1071674322800531
2024-12-11,USDZAR,22.9706,23.0075,22.9462,22.972363887077886,0.008581946263970686,0.01783773136741484,0.013035931938685363,0.28316520691053476,0.2069390041063534,28.316520691053476,20.69390041063534,0.19547007872346356,22.467279392693833,0.1806147777579925
2024-12-12,USDZAR,23.0888,23.1433,23.0006,23.087388499432777,0.005007086467909927,0.0179462204642977,0.013048148090938889,0.28488741793241895,0.207132929511399,28.488741793241896,20.7132929511399,0.11502461235489037,22.51042888466757,0.1920548154475954
2024-12-13,USDZAR,23.2597,23.261,23.1521,23.2007,0.004907939266063366,0.017794840510582,0.012617807607332235,0.2824843356663457,0.20030148611916015,28.248433566634567,20.030148611916015,0.1133115005672245,22.56878021529433,0.25921909762680606
2024-12-16,USDZAR,23.1173,23.1467,23.0851,23.102705001513343,-0.004223794906475176,0.015198352718832213,0.012120621539647191,0.24126636979123448,0.19240890197663565,24.126636979123447,19.240890197663564,-0.0979949984866586,22.607976825883277,0.17367624751996047
2024-12-17,USDZAR,23.2897,23.3067,23.2109,23.244277280832048,0.006127952519388247,0.014132543290675127,0.012144562237950204,0.22434716963988482,0.19278894878017364,22.434716963988482,19.278894878017365,0.14157227931870509,22.649689401911015,0.18450379858838684
2024-12-20,USDZAR,23.9129,23.9719,23.8869,23.900233786938674,0.028220129117438653,0.016806945528248043,0.013050086038953652,0.2668019889981205,0.20716369348240402,26.68019889981205,20.716369348240402,0.6559565061066266,22.70921435699522,0.2628069375608444
2024-12-23,USDZAR,24.0821,24.0971,24.0281,24.083286197025373,0.007659021736713623,0.009838202930293295,0.013050937507738036,0.15617662980805788,0.2071772101303197,15.617662980805788,20.71772101303197,0.1830524100866988,22.769243191838534,0.2643369070353785
2024-12-25,USDZAR,24.102,24.1522,24.0969,24.1108,0.0011424438820157867,0.0101662676926987,0.012898506867654194,0.16138449645954706,0.20475744873523027,16.138449645954704,20.475744873523027,0.02751380297462802,22.83614103062596,0.2938079154576556
2024-12-27,USDZAR,24.127,24.1528,24.1214,24.12405825409078,0.0005498886014059234,0.010445967094370966,0.012431544307028041,0.16582458681161735,0.19734464789326192,16.582458681161736,19.734464789326193,0.013258254090779076,22.914877460484156,0.3447886827840252
2024-12-30,USDZAR,23.917,23.9595,23.8735,23.909316146701148,-0.008901574732071427,0.011956414317916502,0.012548010765240435,0.18980219314355418,0.19919349560032487,18.980219314355416,19.919349560032487,-0.2147421073896325,22.97845022134545,0.27743007123177676
2024-12-31,USDZAR,24.2175,24.2388,24.1546,24.159142997971987,0.010448933367143143,0.011475672912490267,0.012242865839894377,0.1821706599214172,0.19434947008253062,18.21706599214172,19.43494700825306,0.24982685127083926,23.060049770388307,0.3551133703832532
2025-01-01,USDZAR,24.2215,24.2907,24.1785,24.2027340670998,0.0018043301093699782,0.011612306611607648,0.012029526819649689,0.1843396526528697,0.19096281812744892,18.433965265286968,19.09628181274489,0.04359106912781385,23.131692433198598,0.31067869984515717
2025-01-02,USDZAR,24.4125,24.4791,24.4015,24.405301407413702,0.00836960567150391,0.006564496313900432,0.012037244285982693,0.10420814837388445,0.1910853291074608,10.420814837388445,19.108532910746078,0.20256734031390167,23.21092320246769,0.3425204165147022
2025-01-03,USDZAR,24.2412,24.2499,24.2283,24.2369614353954,-0.006897680516544047,0.00712793020616924,0.011256945538045269,0.11315238412889499,0.1786984704951958,11.3152384128895,17.86984704951958,-0.16833997201830186,23.264071916980868,0.228981475874801
2025-01-07,USDZAR,24.921,24.9783,24.9013,24.91448387846356,0.02795409997553211,0.012465690534786886,0.011368377471404954,0.1978867024544272,0.18046739759788089,19.78867024544272,18.04673975978809,0.6775224430681597,23.355025184341947,0.3909602226370934
2025-01-08,USDZAR,24.8575,24.9089,24.8298,24.86477916374556,-0.0019950128190681093,0.012644802051424063,0.01141925527437949,0.20073000963424464,0.18127505768142466,20.073000963424466,18.127505768142466,-0.04970471471800053,23.441079185979824,0.3684603247423146
2025-01-09,USDZAR,24.9073,24.9612,24.8976,24.89800943969564,0.0013364396173094484,0.011378901375482609,0.011427577254487646,0.18063445939594672,0.1814071650201155,18.063445939594672,18.14071650201155,0.03323027595008199,23.525553389090614,0.36036823407565866
2025-01-10,USDZAR,25.0583,25.1571,25.0416,25.055514330216628,0.006326003325786811,0.011207197887020261,0.011354036533317187,0.177908751017665,0.18023974226339526,17.790875101766503,18.023974226339526,0.15750489052098615,23.607029609666117,0.346330729092581
2025-01-13,USDZAR,25.2504,25.3409,25.1899,25.30716395655737,0.010043682321749792,0.011215082272959007,0.011416211905222401,0.17803391176427127,0.18122674569380015,17.803391176427127,18.122674569380017,0.2516496263407433,23.693573142578266,0.3666006877744321
2025-01-14,USDZAR,25.4638,25.4808,25.4076,25.42202121079045,0.004538527289357441,0.011199155085899437,0.011416570368722786,0.1777810755080047,0.1812324361254568,17.77810755080047,18.123243612545682,0.11485725423307969,23.780624242090145,0.36740384824205385
2025-01-15,USDZAR,25.4705,25.5057,25.4249,25.438246600546183,0.0006382415316703582,0.010068978786209503,0.011426082824423664,0.15984008294817206,0.18138344167830905,15.984008294817206,18.138344167830905,0.016225389755732067,23.866712462108353,0.36200992514670016
2025-01-16,USDZAR,25.8937,25.9871,25.8472,25.922041131234536,0.01901839141216466,0.007092993016716732,0.011736785878114562,0.11259777344010168,0.18631569974823584,11.259777344010168,18.631569974823584,0.4837945306883533,23.969147911829868,0.4291979881357655
2025-01-17,USDZAR,25.883,26.0135,25.8123,25.847824604969453,-0.002863066449487861,0.007255688512742052,0.011785282223570797,0.11518048437158145,0.1870855553656719,11.518048437158145,18.70855553656719,-0.0742165262650829,24.069050607583,0.4167970264133958
2025-01-21,USDZAR,25.5245,25.546,25.4776,25.54225987342825,-0.011821680787885591,0.009796812120760074,0.012122505557558429,0.15551957107652664,0.192438809833788,15.551957107652663,19.2438809833788,-0.3055647315412031,24.153161263634043,0.3494556450205133
2025-01-22,USDZAR,25.5592,25.6277,25.5177,25.565578063446893,0.0009129258779057015,0.009768319203859274,0.01211932276978572,0.15506726004304855,0.1923882846442531,15.506726004304856,19.23882846442531,0.023318190018642326,24.23765149957399,0.3498102588631147
2025-01-23,USDZAR,25.1936,25.2306,25.1333,25.172459336545906,-0.015376876123253336,0.01128738581792956,0.012500918561291374,0.179181694957674,0.19844593003828997,17.9181694957674,19.844593003828997,-0.3931187269009868,24.313293477458853,0.312084600631346
2025-01-24,USDZAR,25.2847,25.2925,25.2792,25.2887,0.004617771426303596,0.011293562410019253,0.011930432651760423,0.1792797453173893,0.18938974697977765,17.92797453173893,18.938974697977766,0.1162406634540929,24.375176602988613,0.2545238290613927
2025-01-27,USDZAR,25.3711,25.4143,25.3507,25.363486398905028,0.002957304998083332,0.011372972157470617,0.011427575824848903,0.18054033597797384,0.18140714232530405,18.054033597797385,18.140714232530406,0.07478639890502947,24.451686149618777,0.3138830453469632
2025-01-28,USDZAR,25.0496,25.0975,24.9535,24.99412533213308,-0.01456270880756727,0.00857151513651966,0.011620286684656658,0.13606858446154124,0.18446633238526056,13.606858446154124,18.446633238526054,-0.3693610667719476,24.503761869684194,0.21297394276520443
2025-01-29,USDZAR,25.1624,25.231,25.1251,25.15712970987588,0.006521707624360662,0.009656374476997963,0.010144699608168849,0.15329019259588805,0.16104211373201502,15.329019259588804,16.1042113732015,0.16300437774279786,24.583103066401577,0.32379190239986144
2025-01-31,USDZAR,25.2396,25.2658,25.2075,25.25182765267133,0.003764258637116269,0.009294405833074039,0.010097339567514909,0.14754411851053212,0.1602902963941016,14.754411851053211,16.02902963941016,0.0946979427954524,24.659085191921356,0.30908272773597645
2025-02-03,USDZAR,25.0561,25.1067,25.0003,25.07395881705032,-0.0070438004752577665,0.00942222548433155,0.010261647725649657,0.14957319256989837,0.16289860754292335,14.957319256989837,16.289860754292334,-0.17786883562101252,24.72530420250861,0.2685379853789138
2025-02-04,USDZAR,25.4705,25.5166,25.4449,25.45115655633769,0.015043405871388638,0.009630928273053556,0.010497384177900066,0.15288624663120287,0.16664080770856676,15.288624663120288,16.664080770856675,0.37719773928737155,24.8003194210532,0.303394522187439
2025-02-05,USDZAR,24.733,24.8562,24.6393,24.777258445598427,-0.026478093804796154,0.014133501036141942,0.011747804237957803,0.22436237337783177,0.18649061078824208,22.436237337783176,18.649061078824207,-0.6738981107392625,24.856137869189368,0.2250714887518157
2025-02-07,USDZAR,25.1639,25.2085,25.1212,25.19053207399824,0.016679554330323088,0.015909732682355942,0.012018053478342564,0.2525591766181824,0.19078068448061522,25.255917661818238,19.078068448061522,0.4132736283998142,24.921013028961575,0.2610025745497069
2025-02-10,USDZAR,24.6727,24.6932,24.5901,24.64070742296285,-0.021826639049157714,0.017141080892385824,0.011833213515207186,0.272106223464564,0.18784644103179987,27.210622346456397,18.784644103179986,-0.5498246510353901,24.945695483495715,0.09904274158301085
2025-02-11,USDZAR,25.0476,25.1146,24.9635,25.048611175125416,0.016554060123388892,0.01834058491316922,0.012111770298606269,0.2911477594782535,0.19226839288110423,29.11477594782535,19.226839288110423,0.40790375216256436,24.977872982765714,0.12899018706968857
2025-02-12,USDZAR,25.1371,25.1503,25.1241,25.13566808887301,0.00347551858819406,0.018329789810188058,0.01211766915866606,0.29097639253106056,0.1923620343815261,29.097639253106056,19.23620343815261,0.08705691374759539,25.012035252394817,0.13677013111834668
2025-02-13,USDZAR,25.0981,25.1051,24.9919,25.100258769527045,-0.0014087279964378752,0.018117716422199483,0.012128011271022936,0.28760983186518446,0.1925262103254904,28.760983186518445,19.25262103254904,-0.03540931934596614,25.044575269576026,0.13009743850449507
2025-02-14,USDZAR,25.0155,25.0231,24.908,24.99069336362199,-0.004365110611452061,0.016930024465087037,0.012023039498837963,0.26875580654915776,0.1908598351021914,26.875580654915776,19.08598351021914,-0.10956540590505526,25.080621176806723,0.14392700551997262
2025-02-17,USDZAR,24.7508,24.8167,24.7216,24.78995354967256,-0.008032582811073108,0.013699887553173227,0.012024593090581204,0.2174789727314732,0.19088449760654064,21.74789727314732,19.088449760654065,-0.2007398139494292,25.101648195196738,0.08383770976716498
2025-02-18,USDZAR,25.0141,25.0343,24.9723,25.011090142711907,0.008920411754554047,0.012391345478986873,0.012112313862676019,0.19670651128130284,0.19227702169320537,19.670651128130284,19.227702169320537,0.22113659303934696,25.128593397717147,0.10734435568084955
2025-02-19,USDZAR,25.2685,25.3641,25.2238,25.25814870921789,0.009877960740466651,0.008750100165327452,0.012146327314157346,0.13890353390616958,0.1928169684963087,13.890353390616959,19.28169684963087,0.2470585665059808,25.157021641110614,0.11313105729209294
2025-02-20,USDZAR,25.3058,25.3374,25.2901,25.309566626316965,0.0020356961902086024,0.006622848525325293,0.012049649902355703,0.1051344610131695,0.19128226216216151,10.513446101316951,19.128226216216152,0.051417917099076504,25.192775147474666,0.14212138016220788
2025-02-21,USDZAR,25.1263,25.2858,25.1026,25.189776104488192,-0.004733013551651011,0.006934241491460717,0.011009410399850669,0.11007767110362404,0.1747689719967183,11.007767110362405,17.47689719967183,-0.11979052182877226,25.201951555008822,0.03642475860812233
2025-02-24,USDZAR,24.6599,24.6809,24.556,24.62022181988901,-0.022610533822795764,0.01116122313179888,0.011781963646913208,0.17717892440424796,0.1870328745944158,17.717892440424794,18.70328745944158,-0.5695542845991817,25.193799643546935,-0.03234635002012931
2025-02-25,USDZAR,24.3963,24.4516,24.3643,24.381854865416685,-0.009681754949899202,0.011469966026412174,0.011901542534842787,0.18208006591347795,0.1889311305915078,18.208006591347793,18.893113059150778,-0.23836695447232614,25.17659449107097,-0.06829121736059429
2025-02-27,USDZAR,24.0338,24.0377,23.9879,24.00946170419484,-0.015273372894613058,0.012250919904230141,0.012117636065430534,0.1944773243901851,0.19236150904269841,19.447732439018512,19.23615090426984,-0.3723931612218436,25.14172607020358,-0.13849538260528593
2025-02-28,USDZAR,23.9417,24.0812,23.9185,24.01828307663754,0.00036741233732695555,0.011058408798990097,0.011931272085137936,0.17554679746929752,0.1894030725715323,17.554679746929754,18.94030725715323,0.008821372442699982,25.098763374206253,-0.17088204635338222
2025-03-03,USDZAR,23.6992,23.7257,23.5459,23.63971086170404,-0.015761835004007296,0.009106063842727434,0.01214073415723879,0.14455428210320384,0.19272817988280713,14.455428210320385,19.272817988280714,-0.37857221493350224,25.039353029236704,-0.23670626350701385
2025-03-04,USDZAR,23.726,23.7692,23.6699,23.74584319189169,0.004489578185137066,0.009649761918730414,0.012193652471616608,0.15318522148765293,0.19356823208067375,15.318522148765293,19.356823208067375,0.106132330187652,24.982939582281556,-0.2252991396753612
2025-03-05,USDZAR,23.7933,23.845,23.7808,23.788949069159152,0.0018153020265112563,0.01042213999967962,0.011547823755250448,0.16544634340950642,0.18331601904238018,16.544634340950644,18.331601904238017,0.04310587726746107,24.91183651354571,-0.2846064951711136
2025-03-06,USDZAR,23.9911,24.0175,23.9761,23.993090111486904,0.008581339248500353,0.00983232644806346,0.011732995849725609,0.1560833435446737,0.1862555349127616,15.60833435446737,18.625553491276158,0.20414104232775188,24.850012030429625,-0.2481731247813368
2025-03-07,USDZAR,24.4434,24.4704,24.3564,24.41566639820481,0.017612416106235207,0.012170015876686684,0.012142535362938443,0.19319301276852408,0.19275677313685524,19.319301276852407,19.275677313685524,0.4225762867179057,24.81245891458884,-0.15111910527366712
2025-03-10,USDZAR,24.3174,24.3752,24.2913,24.33730960552561,-0.0032092833921157915,0.01031646626667928,0.012138420197386144,0.16376882490372197,0.19269144690892379,16.376882490372196,19.26914469089238,-0.07835679267919815,24.77151663265813,-0.1650069510307106
2025-03-11,USDZAR,23.9209,24.0294,23.9056,23.945100750141204,-0.01611553872394178,0.012414889666333239,0.012168108704323383,0.19708026366854042,0.1931627373458403,19.708026366854043,19.31627373458403,-0.392208855384407,24.730604679777976,-0.16515723880312638
2025-03-12,USDZAR,24.4416,24.5234,24.4112,24.461365197320976,0.021560337230016824,0.012713476081805218,0.012840879511853108,0.20182017606974684,0.20384264282224682,20.182017606974682,20.38426428222468,0.5162644471797719,24.703026853022013,-0.11151294969553582
2025-03-13,USDZAR,24.0529,24.1163,23.9932,24.064548705962515,-0.016222172726562345,0.01503916749018841,0.013110231971783095,0.23873938262691574,0.20811848056623622,23.873938262691574,20.81184805662362,-0.39681649135846087,24.659728929923926,-0.175273756352623
2025-03-14,USDZAR,23.9902,24.0377,23.897,23.94009569704593,-0.0051716327797058925,0.015283588028208804,0.012902179498178899,0.24261943838042715,0.20481574993738502,24.261943838042715,20.4815749937385,-0.12445300891658562,24.624594608754357,-0.1424765100598191
2025-03-17,USDZAR,23.7472,23.7932,23.6598,23.7590218084732,-0.007563624258823398,0.01516747510973495,0.012861900528864831,0.24077620294272475,0.20417634112215888,24.077620294272474,20.417634112215886,-0.18107388857272966,24.57799101204093,-0.1892563002716785
2025-03-18,USDZAR,23.7014,23.754,23.6826,23.71077494022893,-0.002030675700085638,0.012701662115943323,0.012818521885002576,0.20163263517573896,0.2034877264989343,20.163263517573895,20.34877264989343,-0.04824686824427005,24.526622588292852,-0.20900171915153587
2025-03-19,USDZAR,23.8896,23.9445,23.8679,23.90991637336071,0.008398773706628448,0.013566774006801506,0.012919374212129598,0.21536586069247257,0.20508870755925568,21.536586069247257,20.508870755925567,0.19914143313177846,24.4878211735032,-0.15820121441495472
2025-03-20,USDZAR,24.0955,24.1626,24.0773,24.11848771759218,0.008723215128592088,0.012611248039225835,0.012689751963830005,0.200197356203655,0.2014435673723262,20.019735620365502,20.14435673723262,0.20857134423147272,24.443398878878345,-0.18140566410588255
2025-03-21,USDZAR,24.51,24.5855,24.4314,24.51919017570787,0.01661391306153126,0.011349112241461628,0.012220025269941277,0.1801615715535978,0.19398688727513738,18.016157155359778,19.39868872751374,0.4007024581156884,24.43479660321533,-0.03519263301163811
2025-03-24,USDZAR,24.7578,24.7987,24.6676,24.77615261421738,0.010480054058396027,0.009098212380097061,0.011973323187734818,0.14442964399791533,0.19007061313049675,14.442964399791533,19.007061313049675,0.25696243850951106,24.420983954555968,-0.056528600927840955
2025-03-25,USDZAR,24.6563,24.7459,24.5888,24.6911942157011,-0.0034290391990695612,0.008818360002890657,0.011294356687674367,0.13998712523452503,0.17929235408427352,13.998712523452502,17.929235408427353,-0.08495839851628162,24.422666847647243,0.006891176434198343
2025-03-26,USDZAR,24.8464,24.9428,24.749,24.871395755157227,0.007298210766230939,0.007054922228202897,0.0109514418892318,0.11199341840835922,0.17384875041889628,11.199341840835922,17.38487504188963,0.18020153945612805,24.416759666981637,-0.02418728758187827
2025-03-27,USDZAR,25.3568,25.3938,25.3051,25.3895736643847,0.020834291502117352,0.0076705304735017925,0.011591069654345037,0.12176589634096958,0.18400252640774625,12.176589634096958,18.400252640774625,0.5181779092274716,24.425223186165354,0.0346627451764725
2025-03-28,USDZAR,25.5737,25.6258,25.5562,25.573886799497192,0.007259402522817426,0.0077182894958708085,0.01165230378997483,0.12252404731725751,0.18497458817549284,12.25240473172575,18.497458817549283,0.18431313511249314,24.441010787164362,0.06463646566778891
2025-03-31,USDZAR,25.3071,25.3737,25.2843,25.3570684259564,-0.00847811579212343,0.010360685456748278,0.011737703617384479,0.16447078278431757,0.18633026840749545,16.447078278431757,18.633026840749544,-0.21681837354079292,24.453223289242178,0.04996725456309914
2025-04-01,USDZAR,25.7739,25.792,25.6997,25.76236923495549,0.015983740793324985,0.010267834961874263,0.011949119312889382,0.16299682687304204,0.18968638852886582,16.299682687304205,18.96863885288658,0.4053008089990904,24.485637145418274,0.1325545339879719
2025-04-02,USDZAR,26.0534,26.0823,26.0522,26.07836607508513,0.01226582994940073,0.010386283091921718,0.012037466408732926,0.16487713264523926,0.19108885519680666,16.487713264523926,19.108885519680666,0.3159968401296389,24.521213009830714,0.1452927861389064
2025-04-03,USDZAR,25.9566,25.9661,25.9008,25.946901349850155,-0.005041141184093267,0.010679900461780254,0.011985935770711397,0.1695381638927666,0.19027083167817394,16.95381638927666,19.027083167817395,-0.13146472523497366,24.544171431185124,0.09362677672268838
2025-04-04,USDZAR,26.2569,26.2578,26.2164,26.2484300787818,0.011620991842765438,0.010813346369639853,0.012142157503663072,0.17165655200682103,0.192750774806816,17.165655200682103,19.2750774806816,0.30152872893164684,24.575466879600622,0.1275066404390124
2025-04-07,USDZAR,25.7328,25.7935,25.6821,25.72275287340065,-0.020026996045225842,0.013327224317453106,0.012711316196737594,0.2115631272645207,0.20178588895725033,21.15631272645207,20.17858889572503,-0.5256772053811503,24.5932327718977,0.07229116901059651
2025-04-09,USDZAR,26.7939,26.8437,26.7713,26.785851448261205,0.04132911357088376,0.020095765698792987,0.013954432708152468,0.3190103906665703,0.22151975179654199,31.901039066657027,22.151975179654197,1.063098574860554,24.665420426176773,0.29352649547382814
2025-04-10,USDZAR,26.0957,26.1157,26.0879,26.095112741068625,-0.025787446351175025,0.02312654315809042,0.014743002725700562,0.3671224912854574,0.23403791274330657,36.712249128545736,23.403791274330658,-0.6907387071925797,24.72252902203184,0.23153303235188272
2025-04-11,USDZAR,25.8112,25.8177,25.7255,25.77752976010269,-0.012170209192701398,0.02321101920097533,0.014625357139629376,0.3684635068927552,0.23217034696177377,36.84635068927552,23.21703469617738,-0.31758298096593407,24.78146462389543,0.23838824017992088
2025-04-14,USDZAR,26.2462,26.2767,26.2145,26.2357323733182,0.017775272397306807,0.023770550259364042,0.014881965444497184,0.377345787080635,0.23624387751597817,37.7345787080635,23.624387751597816,0.4582026132155086,24.855379600451453,0.29826718346885883
2025-04-15,USDZAR,26.241,26.2705,26.2233,26.2511069791386,0.0005860177867966776,0.023622947981089507,0.014462609952690731,0.37500267355306915,0.2295868154624838,37.50026735530692,22.95868154624838,0.015374605820401399,24.942426137699275,0.35021206132068716
2025-04-16,USDZAR,26.3506,26.4996,26.3059,26.332123882682325,0.00308622808204273,0.02325521687147593,0.01446190094272527,0.369165123160793,0.22957556027820974,36.9165123160793,22.957556027820974,0.08101690354372337,25.028635494058964,0.34563340343780613
2025-04-17,USDZAR,25.9721,26.0269,25.8854,26.01334533430526,-0.012106070509060318,0.022250465164907036,0.014740241569925835,0.35321518429109877,0.23399408075424036,35.32151842910988,23.399408075424034,-0.31877854837706465,25.1027820362305,0.2962468416991326
2025-04-18,USDZAR,26.2009,26.2012,26.1715,26.19106803657181,0.006831981814817922,0.014516511373602728,0.014721211000310451,0.23044247399276077,0.2336919798271791,23.044247399276077,23.36919798271791,0.17772270226654996,25.176047967066662,0.29186378916257194
2025-04-21,USDZAR,25.9638,25.9771,25.9373,25.9396,-0.00960128988327913,0.01121667876858371,0.014629844566842834,0.17805925534662426,0.23224158266037365,17.805925534662425,23.224158266037364,-0.2514680365718114,25.226845753793167,0.20177029688279724
2025-04-22,USDZAR,26.0162,26.0319,25.9583,26.02935474637531,0.0034601438100554383,0.010073403173490243,0.01459665569647311,0.15991031791886412,0.23171472567661294,15.991031791886412,23.171472567661294,0.08975474637531278,25.283247258488164,0.22357731618711796
2025-04-23,USDZAR,26.3585,26.3681,26.3185,26.343611317276824,0.012073160244023162,0.008663535401588063,0.014270951600951617,0.13752936088323667,0.22654433345014235,13.752936088323667,22.654433345014237,0.31425657090151304,25.36319761072601,0.31621868591664715
2025-04-24,USDZAR,26.2012,26.2979,26.1619,26.2465,-0.003686332754732624,0.00881537345514218,0.013895559438657392,0.1399397152587985,0.22058516761682245,13.99397152587985,22.058516761682245,-0.09711131727682343,25.422702104148645,0.23460958801766463
2025-04-28,USDZAR,26.6677,26.6967,26.6338,26.67523470014984,0.01633492847236151,0.01078792249337165,0.013656805283477184,0.17125296048300737,0.21679506290228154,17.125296048300736,21.679506290228154,0.42873470014983894,25.50972497062156,0.34230376502233373
2025-04-29,USDZAR,26.5963,26.6276,26.5798,26.59665551032595,-0.002945773137787988,0.00925187167121522,0.013613886417015452,0.1468689096235141,0.21611374701901834,14.68689096235141,21.611374701901834,-0.07857918982389123,25.598276964397556,0.3471303351093802
2025-04-30,USDZAR,26.6829,26.7365,26.56,26.724478657743564,0.004805985751403563,0.009150801177821294,0.013450360621664523,0.14526446528107254,0.21351785549436272,14.526446528107254,21.351785549436272,0.12782314741761525,25.697125526039905,0.3861531843718513
2025-05-01,USDZAR,26.4391,26.5568,26.4236,26.4638717905264,-0.009751616506900485,0.009185195922068224,0.013642530437712781,0.14581046491918281,0.21656845675090305,14.581046491918281,21.656845675090306,-0.2606068672171631,25.78889542104982,0.3571212465647955
2025-05-02,USDZAR,26.5149,26.5434,26.5107,26.5424,0.0029673741656242036,0.009182063094306622,0.013614830190758872,0.14576073282023724,0.21612872896273233,14.576073282023724,21.612872896273235,0.07852820947359973,25.876644875271133,0.3402606152324461
2025-05-05,USDZAR,26.7395,26.7978,26.7077,26.749737854392706,0.007811571462742917,0.008589066169947653,0.013603960555441398,0.13634719847975715,0.21595617885138033,13.634719847975715,21.595617885138033,0.2073378543927049,25.964353213164483,0.33894787487371847
2025-05-06,USDZAR,27.8208,27.8559,27.8136,27.84908796012516,0.04109760296405773,0.016496214719657783,0.01507030904237017,0.26186929033282547,0.2392337394419966,26.186929033282546,23.92337394419966,1.099350105732455,26.075349805978387,0.42749608242744763
2025-05-07,USDZAR,28.7525,28.765,28.7092,28.749905677605955,0.032346399234711054,0.01870668229098462,0.015883242400620785,0.2969593751822479,0.25213865643239486,29.69593751822479,25.213865643239487,0.9008177174807948,26.207808241424676,0.5079833499143316
2025-05-08,USDZAR,28.7945,28.7972,28.7437,28.77699688719729,0.0009423060338049627,0.018279749148550614,0.015822314862765547,0.2901820216542577,0.25117146175343225,29.018202165425773,25.117146175343226,0.027091209591333154,26.344001663807884,0.5196673492441795
2025-05-12,USDZAR,28.9246,28.9375,28.8502,28.85763655384914,0.0028022266175984356,0.018416490407079857,0.015823412579042,0.2923527218384399,0.25118888745909784,29.235272183843993,25.118888745909786,0.08063966665185163,26.476876357097616,0.5043831039241109
2025-05-13,USDZAR,27.7316,27.7598,27.7294,27.755396184080706,-0.03819579499213743,0.025556796137021418,0.01739038609162573,0.4057015613168093,0.27606382081102915,40.57015613168093,27.606382081102915,-1.1022403697684346,26.555737107754144,0.2978476372851535
2025-05-14,USDZAR,27.5849,27.6263,27.5515,27.61068733440972,-0.0052137194767907236,0.025961683801866746,0.017437041284061316,0.4121289537373998,0.2768044490303557,41.212895373739975,27.68044490303557,-0.14470884967098385,26.623630458917898,0.2556635912167149
2025-05-15,USDZAR,27.9079,28.025,27.8492,27.93601227978924,0.011782573227508308,0.026052582489920647,0.017381286361669503,0.4135719256759557,0.2759193670762571,41.35719256759557,27.59193670762571,0.32532494537951706,26.70959525404566,0.3228890787843941
2025-05-16,USDZAR,27.811,27.8733,27.7069,27.73077463011165,-0.007346705307187729,0.021341460218736383,0.01731970468086916,0.33878517812252756,0.2749417881999667,33.87851781225276,27.494178819996666,-0.2052376496775885,26.775208767217528,0.24565521322128525
2025-05-19,USDZAR,27.0662,27.0793,27.0289,27.045222493011547,-0.02472170886837366,0.017249951783408744,0.017914310192434463,0.27383449528052795,0.28438085807070745,27.383449528052793,28.438085807070745,-0.6855521371001032,26.807437314481742,0.12036711849534587
2025-05-20,USDZAR,27.385,27.454,27.3669,27.41075154333421,0.013515475807866384,0.018973336743154556,0.018005492452008786,0.3011923833808268,0.285828331567595,30.11923833808268,28.582833156759502,0.3655290503226638,26.856232320931213,0.1820204067887854
2025-05-21,USDZAR,27.3058,27.3553,27.2827,27.307917436524,-0.003751597494422443,0.01857998612801616,0.01794049677545792,0.294948135946564,0.2847965571889071,29.4948135946564,28.47965571889071,-0.1028341068102101,26.891548566189282,0.13150111615076732
2025-05-22,USDZAR,27.0445,27.0799,27.0181,27.05947966542135,-0.009097646192908426,0.013054752879985821,0.017596482468604353,0.20723777728708037,0.2793354993686103,20.723777728708036,27.93354993686103,-0.24843777110265108,26.936106125923306,0.16569354354716292
2025-05-23,USDZAR,26.9705,26.9887,26.9643,26.974545431102147,-0.0031387977658616784,0.0130341579122677,0.01595127619759872,0.20691084231003107,0.2532186594777013,20.691084231003106,25.321865947770128,-0.08493423431920277,26.94239592535134,0.02335081172695208
2025-05-26,USDZAR,27.2761,27.3887,27.1904,27.25173071750496,0.010275809359264088,0.01275393366047494,0.015256841363137005,0.20246242022059432,0.24219484823534526,20.246242022059434,24.219484823534525,0.2771852864028119,26.980949857899216,0.1430976393290928
2025-05-27,USDZAR,27.5531,27.6234,27.5122,27.5538,0.011084407285039344,0.013687699473216129,0.015125435022358715,0.21728549296031807,0.2401088372449671,21.728549296031808,24.010883724496708,0.30206928249504017,27.040158865895798,0.21944745573605484
2025-05-28,USDZAR,27.1792,27.3381,27.1531,27.165672225596328,-0.014086179561572987,0.010900650885588725,0.01512242098381285,0.17304246823202257,0.24006099086636115,17.304246823202256,24.006099086636116,-0.38812777440367086,27.071156860971733,0.11463688223751767
2025-05-29,USDZAR,26.7833,26.837,26.6664,26.752933165274165,-0.015193405003733673,0.010667380361553557,0.015418619736769881,0.16933941346322995,0.2447630003001917,16.933941346322996,24.47630003001917,-0.41273906032216345,27.087884400509587,0.06179100370096169
2025-05-30,USDZAR,27.161,27.1848,27.0818,27.14624324245112,0.014701568412972321,0.012663739969050685,0.015623880959455343,0.20103063975658148,0.24802142119437642,20.10306397565815,24.802142119437644,0.393310077176956,27.115021712501875,0.10018247121497126
2025-06-02,USDZAR,27.1287,27.1682,27.0584,27.12806692167279,-0.00066957039381077,0.01213046756551625,0.015428003284436323,0.1925652027917467,0.24491195950143727,19.25652027917467,24.491195950143727,-0.018176320778330535,27.152179098747464,0.13703616629765492
2025-06-03,USDZAR,27.2137,27.3445,27.1928,27.19469136419912,0.0024559229641645253,0.012040513299386022,0.01539664891466502,0.19113722308644726,0.2444142243118571,19.113722308644725,24.44142243118571,0.06662444252632937,27.185633209668374,0.12320967241430392
2025-06-04,USDZAR,27.7588,27.7596,27.686,27.721780217916844,0.019382049483805508,0.013575563847230458,0.015592652114917257,0.21550539508350627,0.24752567865609837,21.550539508350628,24.752567865609837,0.527088853717725,27.245039216932266,0.2185198586537318
2025-06-05,USDZAR,27.4027,27.4663,27.3225,27.36053245425465,-0.0130311892245909,0.014091519096969525,0.015840336205724875,0.22369593075419303,0.251457541704003,22.369593075419303,25.1457541704003,-0.36124776366219535,27.289411807194913,0.16286484269425472
2025-06-09,USDZAR,26.5911,26.6731,26.5689,26.624,-0.02691952196055003,0.016685930021796358,0.016550853599496484,0.2648809273889984,0.26273665566063553,26.488092738899837,26.273665566063553,-0.7365324542546503,27.298758096619018,0.03424877564286444
2025-06-10,USDZAR,26.7261,26.7497,26.6575,26.6614,0.0014047475961538325,0.015778163802124847,0.016532696533579038,0.2504705853939821,0.2624484211748985,25.047058539398208,26.244842117489853,0.037400000000001654,27.31258809661902,0.05066164530656003
2025-06-11,USDZAR,26.6136,26.6632,26.5887,26.59044592655122,-0.0026613033617433057,0.01430796382465383,0.016273182775897347,0.22713188428645564,0.2583287679871447,22.713188428645566,25.832876798714473,-0.07095407344878168,27.309761804165728,-0.010347948144984187
2025-06-12,USDZAR,26.0118,26.0134,25.8472,25.98282841464138,-0.022850971119033336,0.016086954181425518,0.016795755273353603,0.2553724806992554,0.26662434920877187,25.53724806992554,26.66243492087719,-0.6076175119098401,27.289300900976244,-0.07492157323160109
2025-06-13,USDZAR,26.4126,26.4245,26.386,26.40222516103276,0.016141304545391533,0.01800731748669354,0.017048142265258845,0.2858573030950546,0.2706308684971455,28.585730309505458,27.06308684971455,0.41939674639138147,27.27855911775255,-0.039362617835725366
2025-06-16,USDZAR,26.1734,26.2215,26.1019,26.20530275242812,-0.007458553489471664,0.014741118859553958,0.017009233497949715,0.2340080072953431,0.27001321096442527,23.40080072953431,27.001321096442528,-0.19692240860463883,27.269940149815945,-0.03159612609815454
2025-06-17,USDZAR,26.1501,26.1555,26.0782,26.133917294582947,-0.002724084454187814,0.01465895733660381,0.01700457124249944,0.23270373355295657,0.26993919995360477,23.270373355295657,26.99391999536048,-0.07138545784517447,27.25632405963537,-0.04993076664550067
2025-06-18,USDZAR,25.3383,25.3406,25.303,25.309204530529463,-0.031557181219993735,0.015799340667505046,0.017848961870229364,0.2508067577100455,0.28334348561580736,25.08067577100455,28.334348561580736,-0.8247127640534835,27.208306282173265,-0.17617114236331277
2025-06-20,USDZAR,26.2989,26.3714,26.2253,26.319247868436925,0.03990814237915252,0.023886637929896863,0.017751695619708185,0.37918862171969886,0.2817994317567749,37.918862171969884,28.17994317567749,1.0100433379074616,27.157311612450325,-0.18742316847686347
2025-06-23,USDZAR,26.5057,26.5921,26.4559,26.5184,0.007566786579866758,0.024122587421680587,0.016654046980546063,0.38293420378308973,0.2643747997998662,38.29342037830897,26.437479979986623,0.19915213156307487,27.08292808986346,-0.2738986967795509
2025-06-25,USDZAR,26.9278,26.9974,26.907,26.92379594441047,0.015287345556687981,0.022382138120398,0.016961034816385813,0.35530542765883055,0.2692480806147896,35.530542765883055,26.92480806147896,0.405395944410472,27.021154725103898,-0.22808968274994346
2025-06-26,USDZAR,26.531,26.5678,26.498,26.550164816032964,-0.013877357009722702,0.0228320432635568,0.017068616889886454,0.36244745039303317,0.2709558930868578,36.24474503930332,27.09558930868578,-0.37363112837750734,26.944239000510027,-0.28465002838096165
2025-06-27,USDZAR,26.5296,26.5702,26.5171,26.530419929428803,-0.0007436822611450733,0.022555807698223854,0.015691961983683354,0.3580623467381793,0.2491021739490357,35.80623467381793,24.91021739490357,-0.01974488660416185,26.9034064586883,-0.15154460966946282
2025-06-30,USDZAR,26.2518,26.2943,26.2329,26.24745730603686,-0.01066559157919944,0.023026649866297735,0.01576921563403714,0.36553673443909507,0.250328537629284,36.55367344390951,25.032853762928397,-0.282962623391942,26.857965457742534,-0.16890426502510492
2025-07-01,USDZAR,26.0598,26.0855,26.0191,26.069308495259808,-0.006787278809520347,0.018717352593450864,0.015590612066629438,0.29712876098268504,0.24749329389350558,29.712876098268502,24.749329389350557,-0.1781488107770528,26.79574199825822,-0.23167599787934368
2025-07-02,USDZAR,25.9148,25.9953,25.8034,25.91824007042684,-0.005794876563773643,0.01037055282123391,0.015575463678558303,0.16462742233946526,0.24725282068790724,16.462742233946525,24.725282068790726,-0.15106842483296745,26.73532417960206,-0.22547544553939147
2025-07-03,USDZAR,26.3137,26.3735,26.2567,26.29734442423596,0.014626932723016406,0.01172708841919267,0.015261328726168063,0.1861617573602963,0.24226608291508112,18.616175736029632,24.22660829150811,0.3791043538091188,26.710394910642876,-0.09324468553930654
2025-07-04,USDZAR,26.2713,26.3279,26.2506,26.30643779045593,0.0003457902848773564,0.009360497367185135,0.015022233114938494,0.14859328908868033,0.23847055775379858,14.859328908868033,23.847055775379857,0.0090933662199717,26.6735844522136,-0.1378132317115588
2025-07-07,USDZAR,26.319,26.3686,26.2707,26.30734171214891,3.436123507793987e-05,0.008129087277317532,0.015016489485212926,0.12904525993032806,0.23837938045853843,12.904525993032806,23.837938045853843,0.0009039216929807026,26.640231928067763,-0.12503952817285446
2025-07-08,USDZAR,26.3758,26.4525,26.3677,26.424742812387954,0.004462674394229094,0.008419688623016636,0.014972558046324948,0.1336584132786113,0.23768199048632951,13.36584132786113,23.76819904863295,0.11740110023904293,26.619074032966648,-0.07942083671885758
2025-07-09,USDZAR,26.1411,26.191,26.1001,26.13192925854849,-0.011081037038596753,0.00850400276769201,0.015087260355519124,0.13499685883150828,0.23950283319592527,13.499685883150828,23.95028331959253,-0.2928135538394656,26.59098682721486,-0.10551533729912244
2025-07-10,USDZAR,26.0787,26.0877,26.0048,26.05593197217224,-0.002908215678388504,0.008152678000773683,0.01494037118120107,0.1294197510554065,0.23717103984272617,12.941975105540651,23.717103984272615,-0.07599728637624992,26.551126869037102,-0.14990025919972005
2025-07-11,USDZAR,26.6831,26.7391,26.621,26.67971617485389,0.023940199235546578,0.0116526794516457,0.015484860538826183,0.18498055161964216,0.2458145404335103,18.498055161964217,24.58145404335103,0.6237842026816516,26.521990741532232,-0.10973593568582851
2025-07-14,USDZAR,26.8949,26.9161,26.7888,26.9119,0.008702634751599936,0.010964211249246465,0.015377247555344748,0.17405145772489783,0.24410623728070882,17.40514577248978,24.41062372807088,0.2321838251461088,26.513531667345685,-0.03189456730071649
2025-07-16,USDZAR,26.3908,26.446,26.3482,26.4054,-0.018820670409744333,0.013853832330018176,0.01551287562420909,0.2199227703024876,0.24625926612679877,21.99227703024876,24.625926612679876,-0.5064999999999991,26.501947228503216,-0.04369255287380858
2025-07-17,USDZAR,27.2228,27.2319,27.1476,27.218374613336405,0.030788195343997904,0.017917976785776824,0.016307673520115806,0.2844390634355636,0.2588762915775582,28.443906343556357,25.88762915775582,0.8129746133364044,26.504351607532726,0.00907246176584664
2025-07-21,USDZAR,26.9365,26.9427,26.8985,26.916638733807712,-0.011085742033282497,0.01893243134058393,0.016437557866181736,0.30054303024594164,0.2609381416509024,30.054303024594166,26.09381416509024,-0.3017358795286924,26.497304001270553,-0.026590374163959485
2025-07-22,USDZAR,27.058,27.0768,27.0218,27.04003848082984,0.004584515482876306,0.017918118584405073,0.016453694103716308,0.28444131441900317,0.2611942964805789,28.444131441900318,26.11942964805789,0.12339974702212686,26.49214890515825,-0.019455172164140055
2025-07-23,USDZAR,27.5508,27.5585,27.4579,27.517862729709822,0.017670989973580742,0.01808630273368318,0.01638680664379491,0.2871111550197202,0.26013249097189395,28.711115501972017,26.013249097189394,0.4778242488799833,26.485351655551348,-0.02565760003552242
2025-07-24,USDZAR,27.4011,27.4105,27.3407,27.408673730301054,-0.003967931684275783,0.017023552379413345,0.01622323406433173,0.27024051616085754,0.2575358567724804,27.024051616085753,25.753585677248044,-0.1091889994087687,26.48695636475289,0.006058855560642229
2025-07-25,USDZAR,27.2402,27.2899,27.1703,27.24371189999564,-0.006018599510820066,0.017250931932739518,0.015449427507972452,0.2738500546687896,0.24525205850649281,27.385005466878958,24.525205850649282,-0.16496183030541545,26.507613428086078,0.0779895698423072
2025-07-28,USDZAR,27.482,27.4948,27.4723,27.47501799624554,0.008490256287357889,0.014687083473557133,0.01551172814101434,0.2331502221352732,0.24624105039579716,23.31502221352732,24.624105039579717,0.23130609624990228,26.534734027960933,0.10231249202585779
2025-07-29,USDZAR,27.4158,27.4515,27.3485,27.364271318177924,-0.00403081366799285,0.009932494969730187,0.015525244027484892,0.15767346952983657,0.24645560844189515,15.767346952983658,24.645560844189514,-0.11074667806761695,26.560528207681823,0.09720911351027706
2025-07-30,USDZAR,27.5795,27.6837,27.5114,27.6061,0.008837387957830733,0.00873983329688452,0.014907122538033437,0.1387405524223091,0.23664323399521486,13.87405524223091,23.664323399521486,0.24182868182207784,26.614637260527108,0.20371979209974356
2025-07-31,USDZAR,27.6204,27.7007,27.5189,27.63155677686923,0.0009221431810080283,0.008784232079341363,0.014670911487418217,0.1394453612436783,0.23289349981409588,13.94453612436783,23.289349981409586,0.02545677686922687,26.655614981054992,0.15396685713489067
2025-08-01,USDZAR,27.1224,27.1355,27.0703,27.133406051516754,-0.018028326430361785,0.009283325311495474,0.015019274056540698,0.1473682206835695,0.23842358415798567,14.73682206835695,23.842358415798568,-0.49815072535247396,26.68655175769128,0.11606101250440926
2025-08-04,USDZAR,27.6525,27.71,27.5898,27.65017638928945,0.01904553880156179,0.012104548913314798,0.015342112971907348,0.19215375694348857,0.24354849305954956,19.215375694348857,24.354849305954957,0.5167703377726944,26.73709372751483,0.18939115957152808
2025-08-05,USDZAR,28.2144,28.2312,28.2084,28.23069230391296,0.020995016684536516,0.013591032170144011,0.01434697903400401,0.2157509470972773,0.22775123153419383,21.57509470972773,22.775123153419383,0.5805159146235113,26.83447665329428,0.3642240505715044
2025-08-06,USDZAR,27.4273,27.4434,27.3433,27.41039848771693,-0.029056808361810238,0.018564265927749502,0.013870223224946946,0.29469858550376976,0.2201829676929715,29.469858550376976,22.018296769297148,-0.8202938161960311,26.870848340603615,0.1355408856273277
2025-08-07,USDZAR,27.1538,27.1792,27.1071,27.16931679969265,-0.008795263889808558,0.018814298305402294,0.01394281915155135,0.29866772644967055,0.2213353923009208,29.866772644967053,22.13353923009208,-0.24108168802428054,26.892545567260033,0.08074634035142303
2025-08-08,USDZAR,26.8326,26.9168,26.7875,26.843861372143795,-0.011978785846854079,0.018669022537073476,0.013861234055143827,0.29636154512253926,0.2200402690462196,29.636154512253928,22.00402690462196,-0.32545542754885304,26.88988108151781,-0.009907897099437069
2025-08-11,USDZAR,26.4046,26.4243,26.3307,26.396731780161502,-0.01665667937200288,0.019098673062409446,0.013966031338457637,0.30318203576678265,0.22170387434456074,30.318203576678265,22.170387434456075,-0.44712959198229285,26.88476664698876,-0.019019922451668503
2025-08-12,USDZAR,26.029,26.09,25.9501,26.046235781676305,-0.013278007345917442,0.018694832423863248,0.014171950791130183,0.29677126437341406,0.22497274431585326,29.677126437341407,22.497274431585325,-0.3504959984851972,26.868627175397016,-0.060032031535417474
2025-08-13,USDZAR,26.1957,26.2002,26.1804,26.1901669581576,0.005525987620159434,0.016254366089286224,0.014080145228924652,0.2580300623475171,0.22351537619644343,25.803006234751706,22.351537619644343,0.1439311764812956,26.866717497134367,-0.007107464963440613
2025-08-14,USDZAR,26.3393,26.4279,26.339,26.363112548078085,0.006603455037029304,0.012513448519223445,0.014069060402497627,0.19864483695404817,0.2233394100321301,19.864483695404818,22.33394100321301,0.17294558992048437,26.876510965561646,0.03645204676874236
2025-08-15,USDZAR,26.35,26.3544,26.2994,26.34716329918864,-0.0006049835299363204,0.00939647669192278,0.014021207238839652,0.14916444316225538,0.22257976460921003,14.916444316225538,22.257976460921004,-0.015949248889445045,26.890808406520375,0.0531967894830121
2025-08-18,USDZAR,26.4426,26.4781,26.3787,26.45795124612123,0.004204928844692812,0.009928809858786426,0.013789966069591432,0.15761497020717133,0.21890892484894653,15.761497020717133,21.890892484894653,0.11078794693258942,26.89616196724988,0.01990851538775651
2025-08-19,USDZAR,26.6312,26.6837,26.6239,26.672508078763137,0.008109351727426883,0.010053133579627517,0.013863606798680811,0.15958854809164177,0.22007793518216237,15.958854809164178,22.007793518216236,0.2145568326419074,26.908364310193456,0.04536834273392021
2025-08-20,USDZAR,27.2332,27.3718,27.1793,27.265001875020285,0.022213651393694578,0.01060071931987992,0.01441536818702377,0.1682812022328002,0.22883687568178157,16.828120223280017,22.883687568178157,0.5924937962571484,26.940286315622497,0.11863227753665662
2025-08-21,USDZAR,26.8776,26.9064,26.8316,26.86173462978537,-0.014790655327421076,0.011034394984850825,0.014695245298176958,0.1751655899878417,0.2332797870844047,17.51655899878417,23.32797870844047,-0.40326724523491464,26.95485270953575,0.054069187471128544
2025-08-22,USDZAR,26.6574,26.6995,26.5856,26.6425,-0.008161596144363514,0.011986899341198117,0.014624369733453909,0.1902861278854452,0.232154672374674,19.028612788544518,23.2154672374674,-0.21923462978537245,26.971871734250797,0.06313900097485448
2025-08-25,USDZAR,26.4848,26.5227,26.4402,26.501440560955576,-0.005294527129376836,0.012152227360527627,0.014651408894668781,0.19291062882882576,0.23258390575208,19.291062882882574,23.258390575207997,-0.14105943904442242,26.986722020543578,0.05505841952349044
2025-08-26,USDZAR,26.3895,26.4491,26.3447,26.38165797144689,-0.004519852014579162,0.012317212669969057,0.01399952741438823,0.19552968942139212,0.22223560806541404,19.552968942139213,22.223560806541403,-0.11978258950868437,26.97678674709668,-0.03681541403708355
2025-08-27,USDZAR,26.6349,26.6997,26.6081,26.665065990110264,0.010742615910270148,0.012900961700931282,0.014049527209790032,0.20479641800539808,0.2230293302108377,20.47964180053981,22.30293302108377,0.28340801866337273,26.96855894676702,-0.030499556551322193
2025-08-28,USDZAR,26.3345,26.3791,26.288,26.356663292219007,-0.011565795412081137,0.013278841589169947,0.013777989102731847,0.2107950752637924,0.21871879639431857,21.079507526379242,21.871879639431857,-0.30840269789125685,26.96693438984099,-0.00602389222662536
2025-08-29,USDZAR,26.8421,26.8898,26.8003,26.871527738303325,0.019534507853894878,0.012492551031440402,0.013045403480753608,0.1983130996198485,0.2070893601754226,19.83130996198485,20.70893601754226,0.5148644460843173,26.955372827339882,-0.04287310650135101
2025-09-01,USDZAR,26.8551,26.9001,26.8057,26.87490396598161,0.00012564330957154368,0.011148624972898953,0.012886728189726394,0.17697893483168906,0.20457046801980977,17.697893483168905,20.457046801980976,0.0033762276782844935,26.953981668412347,-0.0051609708255462294
2025-09-02,USDZAR,26.3575,26.4406,26.2992,26.368621738108963,-0.018838475795615928,0.013040762658463675,0.013303987535896327,0.20701568940547455,0.2111942547929081,20.701568940547453,21.11942547929081,-0.5062822278726458,26.93160111032165,-0.08303247500135447
2025-09-03,USDZAR,25.9588,26.0031,25.8953,25.97296113853961,-0.015004978398151514,0.014004657344490936,0.013079365681219647,0.22231704318118345,0.20762849339388056,22.231704318118346,20.762849339388055,-0.3956605995693536,26.880104390615976,-0.1912129898802739
2025-09-04,USDZAR,25.8712,25.8912,25.8483,25.86816936399814,-0.004034648724976386,0.013995863594817345,0.013079745395157834,0.222177446732815,0.2076345211657793,22.2177446732815,20.76345211657793,-0.10479177454147148,26.82875424507255,-0.19103402575085804
2025-09-05,USDZAR,26.155,26.1816,26.0975,26.154013898088053,0.011050048809705837,0.014045544969187782,0.013261841905004642,0.22296611410107145,0.21052521364378418,22.296611410107143,21.052521364378418,0.2858445340899145,26.792430978342296,-0.13538931550250988
2025-09-08,USDZAR,25.9703,26.0496,25.8796,25.96642465181361,-0.007172484002088697,0.01367539595082003,0.013172163136931724,0.21709018059725693,0.20910160733456268,21.709018059725693,20.91016073345627,-0.18758924627444173,26.742144533527895,-0.1876889963999484
2025-09-09,USDZAR,26.1235,26.1921,26.0555,26.141664917879755,0.006748725264103861,0.010880461713878069,0.013255878755327086,0.1727219750668859,0.21043055157731935,17.27219750668859,21.043055157731935,0.17524026606614385,26.70139098685129,-0.15239445970950394
2025-09-10,USDZAR,25.4749,25.489,25.4642,25.4664212663621,-0.02583017009967936,0.013416897880304195,0.013828012513267695,0.2129866509434073,0.2195128934183734,21.29866509434073,21.95128934183734,-0.6752436515176541,26.630068362396695,-0.2671120185825382
2025-09-11,USDZAR,25.3321,25.373,25.2688,25.27655282888152,-0.007455638760337835,0.012482672794195395,0.013839166290994815,0.19815628746499658,0.21968995415064252,19.81562874649966,21.968995415064253,-0.18986843748058035,26.551568230797105,-0.29478006038631266
2025-09-15,USDZAR,26.178,26.1942,26.1269,26.1562,0.03480091518307726,0.018973100445459797,0.015143776954023557,0.30118863227121256,0.24040000638346537,30.118863227121256,24.040000638346537,0.8796471711184779,26.518994695746542,-0.12268026795035913
2025-09-16,USDZAR,26.1153,26.1161,26.0335,26.106827289312445,-0.0018876102296033759,0.01889234583164419,0.014657448892073375,0.29990669251894964,0.23267978773839218,29.990669251894964,23.267978773839218,-0.04937271068755322,26.46754972574731,-0.19399291183342937
2025-09-17,USDZAR,25.9632,26.0815,25.9294,25.99460501704489,-0.004298579487423848,0.018480667418441593,0.0140138221983353,0.2933715003101431,0.2224625307256301,29.337150031014307,22.24625307256301,-0.11222227226755521,26.39301348285171,-0.28161368796104647
2025-09-18,USDZAR,26.5294,26.57,26.5137,26.536634344790976,0.020851608531488486,0.01983749163243122,0.013730692442978617,0.3149104169684265,0.21796798519701205,31.491041696842647,21.796798519701206,0.5420293277460857,26.363888011420844,-0.11035295931550726
2025-09-19,USDZAR,26.174,26.2075,26.166,26.18545487595356,-0.013233760705089193,0.020674502429971302,0.013841179225111928,0.3281975514582278,0.21972190848911916,32.81975514582278,21.972190848911914,-0.35117946883741524,26.331092613962873,-0.12439514780128169
2025-09-22,USDZAR,26.4691,26.4795,26.3851,26.467771105667985,0.010781413996885814,0.01727879309578039,0.0138501639227705,0.2742923369206486,0.21986453614277726,27.42923369206486,21.986453614277725,0.28231622971442505,26.318556271747013,-0.04761041404416355
2025-09-23,USDZAR,26.5554,26.5623,26.49,26.5227,0.00207531242856529,0.016428435868489764,0.013509008183172135,0.26079333442678404,0.21444885667085975,26.079333442678404,21.444885667085973,0.05492889433201498,26.3227552124083,0.015954297104792126
2025-09-24,USDZAR,27.0555,27.0751,26.9904,27.047646885475544,0.019792362220872883,0.01276922135995366,0.01371505103369115,0.20270510492622823,0.21771968552223678,20.270510492622822,21.77196855222368,0.5249468854755435,26.356135582534936,0.12681183963181297
2025-09-25,USDZAR,26.987,27.0406,26.9311,26.96334443058251,-0.0031168129061276417,0.012885540158208062,0.013715056648276732,0.2045516086041265,0.21771977465101977,20.45516086041265,21.771977465101976,-0.08430245489303445,26.381908164949103,0.0977858925238051
2025-09-26,USDZAR,27.0724,27.1019,26.9941,27.02023483874836,0.002109916605943285,0.012357040627036828,0.013676921332007229,0.19616193863916662,0.21711439527291237,19.61619386391666,21.711439527291237,0.056890408165852335,26.403812241304777,0.08302688425234628
2025-09-29,USDZAR,27.2214,27.2379,27.2002,27.22546328654276,0.007595361365997144,0.010509297565613362,0.013727430201934742,0.1668299268755368,0.217916198725899,16.68299268755368,21.7916198725899,0.20522844779439708,26.433088907549916,0.11088045157108262
2025-09-30,USDZAR,27.5879,27.654,27.5353,27.58907488259657,0.013355570563735375,0.007824772188968945,0.013897470944237567,0.12421440766647801,0.22061551182719158,12.421440766647802,22.061551182719157,0.3636115960538113,26.470793028765762,0.14263986077343027
2025-10-01,USDZAR,27.5362,27.5845,27.505,27.545220036881897,-0.0015895728980146462,0.008343471752519155,0.013850895104892562,0.1324485079683476,0.2198761432991257,13.24485079683476,21.98761432991257,-0.04385484571467302,26.49988342736972,0.10989621116506143
2025-10-02,USDZAR,28.2016,28.2926,28.074,28.216853532031408,0.024382941731822205,0.01064934937855273,0.013969717363929886,0.1690531804817446,0.22176238818491564,16.90531804817446,22.176238818491566,0.6716334951495107,26.531611815936756,0.11973029486713749
2025-10-03,USDZAR,28.2738,28.3023,28.0412,28.24113879881219,0.0008606653025013955,0.009802046680683577,0.013638793460567237,0.15560266713920937,0.2165091340778096,15.560266713920937,21.650913407780962,0.024285266780783132,26.57759195490432,0.17330322517361552
2025-10-06,USDZAR,28.7748,28.859,28.7274,28.7397671300659,0.017656098601614545,0.009644510561308446,0.013804681881231996,0.15310185877294868,0.21914253111659493,15.310185877294868,21.914253111659495,0.498628331253709,26.647500859239848,0.2630370142417071
2025-10-07,USDZAR,28.4312,28.4384,28.3915,28.402357328416457,-0.011740171732166349,0.012374723011104906,0.013981153406298416,0.19644263778415177,0.22194392972945523,19.644263778415176,22.194392972945522,-0.3374098016494429,26.710864751488543,0.23778549659647652
2025-10-08,USDZAR,28.7938,28.8388,28.7485,28.787221719206343,0.013550438308331136,0.01260755425575789,0.014061514201370104,0.2001387192089364,0.22321961780296987,20.01387192089364,22.321961780296988,0.3848643907898861,26.791050209747194,0.30019791199078494
2025-10-09,USDZAR,28.7927,28.8572,28.775,28.821639278267863,0.001195584603378208,0.0125953068228503,0.013988277243386608,0.1999442972389018,0.22205701713735057,19.994429723890182,22.205701713735056,0.03441755906152011,26.862935986019114,0.26832011328083993
2025-10-10,USDZAR,28.0835,28.1648,27.989,28.1128,-0.024593995900932142,0.017174900509166625,0.014633469737199594,0.27264309323718905,0.23229913045571904,27.264309323718905,23.229913045571905,-0.7088392782678632,26.921473876278476,0.21791322545616776
2025-10-13,USDZAR,28.4509,28.4979,28.4097,28.474557318441985,0.012868064313835248,0.015232065924575731,0.014410960871837932,0.2418015503410111,0.22876691172219435,24.180155034101112,22.876691172219434,0.36175731844198467,26.974908195616432,0.19848214694158095
2025-10-14,USDZAR,28.4315,28.5129,28.363,28.38145478990164,-0.0032696743095650405,0.015336062921920527,0.014439764533906625,0.24345245149344175,0.22922415568228457,24.345245149344173,22.92241556822846,-0.09310252854034573,27.02512655641377,0.1861669386719056
2025-10-15,USDZAR,28.167,28.1901,28.114,28.142375469167053,-0.008423786677054124,0.013634806666967342,0.014043228095457628,0.2164458456914464,0.22292933487081668,21.64458456914464,22.29293348708167,-0.23907932073458582,27.08425168078237,0.21877834409091967
2025-10-17,USDZAR,27.7421,27.7581,27.7138,27.74829848101892,-0.014002975284722718,0.013903058813226418,0.014001861844062997,0.22070421649741145,0.22227266598764966,22.070421649741146,22.227266598764967,-0.3940769881481323,27.14342959219835,0.21849564873881455
2025-10-20,USDZAR,27.5187,27.5652,27.4585,27.51272609426352,-0.008489615567474962,0.0118042229315309,0.014094687013466285,0.1873862297831795,0.2237462198695409,18.738622978317952,22.37462198695409,-0.2355723867554005,27.19824814987386,0.20195884786522456
2025-10-21,USDZAR,27.3498,27.3729,27.3398,27.35401829419254,-0.0057685232472863834,0.011342999873802674,0.01406302056544148,0.18006454072511346,0.2232435305912706,18.006454072511346,22.324353059127063,-0.15870780007098162,27.238248296410674,0.1470688344205051
2025-10-22,USDZAR,26.9097,27.0319,26.8838,26.9052,-0.01640776464230942,0.009553666283526606,0.014359443656642592,0.15165975057068456,0.22794910128432155,15.165975057068456,22.794910128432157,-0.44881829419253805,27.269540808016888,0.11488444949059318
2025-10-24,USDZAR,25.9722,25.9871,25.9496,25.954999750956446,-0.03531660233127998,0.010792300475376104,0.015789960308097036,0.171322458792776,0.2506578491208335,17.1322458792776,25.06578491208335,-0.9502002490435544,27.26331863578611,-0.022817297418331606
2025-10-27,USDZAR,26.1687,26.2642,26.1448,26.15474242278337,0.007695730061394679,0.013021945917143358,0.015077792706470711,0.2067169828973654,0.23935253892663005,20.67169828973654,23.935253892663006,0.1997426718269253,27.28626267433349,0.08415717416463409
2025-10-28,USDZAR,26.2677,26.3269,26.2299,26.26803076328421,0.004331464583728906,0.01435348096648683,0.015003267394498495,0.22785444651253908,0.23816948627548212,22.785444651253908,23.81694862754821,0.11328834050083714,27.319311938813577,0.12112052454575917
2025-10-29,USDZAR,26.3896,26.4211,26.3858,26.412115199946346,0.005485163237418211,0.01524400023627629,0.013645514643099271,0.24199100166598156,0.2166158295427858,24.199100166598157,21.66158295427858,0.144084436662137,27.327842445478456,0.031225188555206174
2025-10-30,USDZAR,26.436,26.4641,26.267,26.359,-0.0020110165181489448,0.015329554540995338,0.013646251280900504,0.2433491341492474,0.21662752330535615,24.33491341492474,21.662752330535614,-0.05311519994634395,27.336248202501377,0.0307589486425508
2025-10-31,USDZAR,26.1159,26.17,26.0545,26.115040178588487,-0.009255276050362915,0.015377398655781433,0.013734955575661584,0.2441086359257796,0.2180356603303233,24.41086359257796,21.80356603303233,-0.24395982141151507,27.34026270788616,0.0146856487219571
2025-11-03,USDZAR,26.2146,26.2898,26.1566,26.17083292926774,0.002136422165070817,0.014977586944313871,0.013180593973148509,0.23776182176701394,0.20923544271040626,23.776182176701393,20.923544271040626,0.05579275067925238,27.32806932736872,-0.04459862236043666
2025-11-04,USDZAR,25.7938,25.8321,25.715,25.758134927912213,-0.015769387335547558,0.008594764656046536,0.013273674210861756,0.13643765914216038,0.21071304567619042,13.643765914216038,21.07130456761904,-0.41269800135552615,27.313825329100677,-0.05212222677500877
2025-11-05,USDZAR,25.2474,25.3114,25.2162,25.251852465916087,-0.019655245358913942,0.010047644016708907,0.013545024571817554,0.1595014039819073,0.21502059911573035,15.95014039819073,21.502059911573035,-0.5062824619961255,27.273294707775612,-0.14838866704577347
2025-11-06,USDZAR,24.9695,25.0294,24.8869,24.938298943424662,-0.012417050310057354,0.009441472328584862,0.013671791805975346,0.1498787267504007,0.2170329665715684,14.98787267504007,21.70329665715684,-0.313553522491425,27.220481339223102,-0.193644989057562
2025-11-07,USDZAR,24.8034,24.805,24.7826,24.80058752423877,-0.0055220855078489395,0.007703087112873993,0.013049985602532973,0.12228271696878672,0.20716209910365388,12.228271696878672,20.71620991036539,-0.1377114191858908,27.14557936051521,-0.2751677230628635
2025-11-10,USDZAR,24.9009,24.9434,24.8777,24.9141,0.0045770075265469945,0.008984812514848336,0.013119047756612857,0.14262947694497716,0.20825842681186468,14.262947694497715,20.82584268118647,0.11351247576122958,27.077271212829128,-0.25163635956667596
2025-11-11,USDZAR,25.064,25.0679,24.999,25.014613368446938,0.004034396925714168,0.010016843892675436,0.013147282830833835,0.15901246717065223,0.20870664471969363,15.901246717065224,20.870664471969363,0.10051336844693637,27.010417163819078,-0.2469009837977154
2025-11-12,USDZAR,25.2606,25.3716,25.2187,25.23977185845842,0.009001078157597764,0.011219997670178656,0.013186888493211832,0.178111941276101,0.2093353651186666,17.8111941276101,20.93353651186666,0.2251584900114807,26.9442274495496,-0.2450525434984363
2025-11-13,USDZAR,25.198,25.2712,25.1814,25.186511660904188,-0.002110169531361339,0.010197875881303857,0.012846123131235036,0.16188626089820188,0.20392588269937356,16.188626089820186,20.392588269937356,-0.053260197554230615,26.864142008826516,-0.2972267097768433
2025-11-14,USDZAR,24.5636,24.6444,24.4783,24.52583083465261,-0.02623153357426311,0.012097223066338394,0.013525824850400837,0.19203746272803368,0.2147158129870682,19.203746272803368,21.47158129870682,-0.6606808262515784,26.763495702085542,-0.3746492506922605
2025-11-18,USDZAR,24.8788,24.8879,24.8472,24.85384297110757,0.01337414983681251,0.013031817923842873,0.012868973062702528,0.20687369614537388,0.2042886141162007,20.68736961453739,20.42886141162007,0.3280121364549622,26.651395350054752,-0.4188554188833238
2025-11-19,USDZAR,24.7048,24.7739,24.6191,24.6560251800062,-0.007959243620044298,0.013222290611556248,0.01285151213720093,0.20989735632481182,0.20401143051697115,20.98973563248118,20.401143051697115,-0.19781779110137165,26.531891562761214,-0.448395987241601
2025-11-20,USDZAR,24.4988,24.6122,24.4835,24.56325287167554,-0.003762662783370674,0.013035745520039384,0.012158208869375846,0.2069360448020914,0.19300558233808968,20.693604480209142,19.300558233808967,-0.09277230833065886,26.392674420814874,-0.5247162329795496
2025-11-21,USDZAR,23.9456,23.9952,23.8756,23.931494703925388,-0.025719645970776472,0.015396218637635855,0.012676403328900456,0.2444073938757729,0.20123166436213155,24.44073938757729,20.123166436213154,-0.6317581677501529,26.24364566666517,-0.564659540649548
2025-11-24,USDZAR,24.0271,24.0899,23.9621,24.045609957984205,0.004768413150562534,0.014770045935248343,0.012314811712952475,0.2344672103860052,0.19549157541034554,23.446721038600522,19.549157541034553,0.11411525405881662,26.0855919412911,-0.6022552178214791
2025-11-25,USDZAR,24.37,24.4398,24.3509,24.38115611966919,0.01395457059610039,0.016738189994262808,0.012780102252807356,0.2657105287330142,0.20287783374542756,26.571052873301422,20.287783374542755,0.3355461616849844,25.937575836004477,-0.5674247516397224
2025-11-26,USDZAR,25.0923,25.0994,25.0636,25.08729143641148,0.02896233932781489,0.017769231698802773,0.013724045617035422,0.2820778083823075,0.2178624701062903,28.20778083823075,21.78624701062903,0.7061353167422908,25.836725550551524,-0.3888192408211144
2025-11-27,USDZAR,25.4281,25.4881,25.3087,25.471232305772887,0.015304197758238658,0.017964168417568566,0.013832219619113994,0.28517233285780286,0.2195796791532252,28.517233285780286,21.95796791532252,0.3839408693614068,25.736614716795888,-0.3874749281202905
2025-11-28,USDZAR,25.1984,25.2157,25.1804,25.20968028985167,-0.01026852618598828,0.018232095090805804,0.013885104854295631,0.28942553693972245,0.22041920623513186,28.942553693972243,22.041920623513185,-0.26155201592121813,25.630888900127555,-0.41079923615336966
2025-12-01,USDZAR,25.09,25.1343,25.0673,25.10425119976655,-0.004182087550216096,0.018259918151573903,0.01385848355523209,0.2898672143367526,0.21999660621373424,28.98672143367526,21.999660621373422,-0.10542909008511714,25.529618091147537,-0.3951123559336023
2025-12-02,USDZAR,25.0297,25.0526,24.9987,25.0076532732669,-0.0038478712522024283,0.013801660632966933,0.013721684862515866,0.21909457028724486,0.217824994290099,21.909457028724486,21.7824994290099,-0.09659792649965127,25.438263250889136,-0.35783864816245625
2025-12-03,USDZAR,24.7107,24.7937,24.6267,24.684075359957927,-0.012939155456656803,0.015646674804175843,0.01380275064921108,0.2483832622616972,0.21911187375868707,24.83832622616972,21.911187375868707,-0.32357791330897356,25.343974893078954,-0.3706556413865525
2025-12-04,USDZAR,24.1794,24.2544,24.078,24.23192507067249,-0.018317489421495914,0.016880613775086636,0.014061061780526412,0.26797143616206276,0.22321243584472777,26.797143616206277,22.32124358447278,-0.4521502892854379,25.23990511896162,-0.41062925036969844
2025-12-05,USDZAR,24.2407,24.3538,24.1415,24.20130930060732,-0.0012634477028085067,0.010772835707208888,0.0138683846214513,0.17101346517738814,0.2201537807673167,17.101346517738815,22.015378076731672,-0.030615770065168135,25.14977542898186,-0.35709203166555126
2025-12-08,USDZAR,24.5423,24.5883,24.5147,24.54998334235304,0.014407238774348796,0.010491724115427108,0.012860934045645128,0.16655095700231554,0.20416099867668497,16.655095700231552,20.416099867668496,0.3486740417457206,25.102941548695078,-0.1862198746825139
2025-12-09,USDZAR,24.7003,24.7492,24.6845,24.69860711901224,0.006053925763884305,0.01098036936062597,0.01282268748309086,0.17430795979109773,0.20355385331855497,17.430795979109774,20.355385331855498,0.1486237766591998,25.05440370523604,-0.1933552024764973
2025-12-11,USDZAR,24.4325,24.4693,24.4098,24.432600642977363,-0.010770100303758245,0.011386416622270404,0.012868883646449355,0.1807537602401974,0.2042871946771863,18.07537602401974,20.428719467718633,-0.26600647603487815,24.993222701225815,-0.24419261671527748
2025-12-12,USDZAR,24.0061,24.0499,23.9511,23.985715672471592,-0.018290519991543297,0.012634343861660095,0.013100917542061195,0.20056399101856837,0.207970618578345,20.056399101856837,20.7970618578345,-0.4468849705057707,24.912342716976656,-0.3236076644297259
2025-12-15,USDZAR,24.085,24.149,24.0316,24.096159895686203,0.004604583191210265,0.012738936032631055,0.013175761479377126,0.2022243402594094,0.20915872925001816,20.22243402594094,20.915872925001818,0.11044422321461056,24.836914713499528,-0.30277362644712813
2025-12-16,USDZAR,23.8038,23.8453,23.7934,23.835786125749262,-0.01080561263969504,0.011528603573571381,0.013204542611765522,0.18301090811712245,0.2096156155625213,18.301090811712246,20.961561556252132,-0.2603737699369404,24.760939578404887,-0.3058960260202803
2025-12-17,USDZAR,24.2319,24.3175,24.206,24.245345250114287,0.017182530595145185,0.013706135763738638,0.013681718640301977,0.21757815999924465,0.21719055018117484,21.757815999924464,21.719055018117484,0.40955912436502473,24.69675665576644,-0.259210368149454
2025-12-18,USDZAR,24.2348,24.3001,24.1383,24.25941357222868,0.0005802483721830676,0.012261153431247595,0.013456797235701388,0.19463977659532458,0.21362003357452386,19.463977659532457,21.362003357452387,0.014068322114393794,24.64679927724365,-0.20228315490617987
2025-12-19,USDZAR,24.7606,24.788,24.6851,24.76172232546862,0.020705725294817734,0.014783637396154218,0.01363772627293807,0.2346829681390712,0.21649219299939548,23.46829681390712,21.64921929993955,0.5023087532399408,24.630461605895405,-0.06628719276879913
2025-12-22,USDZAR,24.826,24.8581,24.7355,24.80096596068749,0.0015848507911948584,0.013932729724386276,0.013456450510257529,0.2211752276100215,0.21361452947873782,22.11752276100215,21.361452947873783,0.03924363521886676,24.625883839804164,-0.018585790897829302
2025-12-23,USDZAR,25.2532,25.3054,25.2395,25.24696595569576,0.017983170321480113,0.011578192172013368,0.013809325332836884,0.1837981027131729,0.21921624362562392,18.37981027131729,21.92162436256239,0.4459999950082718,24.640763120852736,0.060421307699498605
2025-12-24,USDZAR,25.5543,25.5837,25.543,25.566415747325127,0.012652997282522893,0.011653120839726902,0.013965604550023021,0.18498755843820933,0.22169709928819814,18.498755843820934,22.169709928819813,0.31944979162936704,24.662506979096904,0.08824344496769498
2025-12-25,USDZAR,25.6885,25.7548,25.6382,25.67597494359367,0.00428527789547517,0.008422585592640175,0.013967586322234665,0.13370440124568886,0.22172855894676124,13.370440124568885,22.172855894676125,0.10955919626854183,24.68455236493513,0.08938825990767452
2025-12-26,USDZAR,25.598,25.659,25.5753,25.62191182006017,-0.002105591848109656,0.00908170784946253,0.013894229951752926,0.14416764269652643,0.22056406266649925,14.416764269652644,22.056406266649926,-0.05406312353349918,24.69729036365519,0.051603118143450644
2025-12-29,USDZAR,25.6673,25.7084,25.6644,25.668434931714184,0.001815754889047394,0.0089251443808307,0.01388636490487925,0.14168227468214153,0.22043920891803356,14.168227468214154,22.043920891803356,0.04652311165401457,24.713354472682187,0.06504401410221128
2025-12-30,USDZAR,25.3531,25.3732,25.2452,25.2914,-0.014688660711773549,0.01050118058789363,0.013259456947178342,0.16670107384887362,0.21048735361200957,16.670107384887363,21.048735361200958,-0.377034931714185,24.73887344486043,0.10325984765222618
2025-12-31,USDZAR,25.1345,25.201,25.1133,25.13520431706397,-0.006175841706510088,0.011078571251330752,0.01311555534353965,0.17586686647758493,0.20820298647306137,17.586686647758494,20.82029864730614,-0.1561956829360298,24.74825215639231,0.03791082707458315
